storm_id,time,lat,lon,vmax,category
200302I,2003111018,8.5,66.4,15.0,Depression
200302I,2003111021,8.4,66.1,15.0,Depression
200302I,2003111100,8.3,65.7,15.0,Depression
200302I,2003111103,8.2,65.4,15.0,Depression
200302I,2003111106,8.0,65.1,15.0,Depression
200302I,2003111109,7.8,64.7,15.0,Depression
200302I,2003111112,7.6,64.2,15.0,Depression
200302I,2003111115,7.3,63.6,15.0,Depression
200302I,2003111118,7.1,63.0,15.0,Depression
200302I,2003111121,6.8,62.3,18.0,Depression
200302I,2003111200,6.5,61.6,20.0,Depression
200302I,2003111203,6.3,61.1,23.0,Depression
200302I,2003111206,6.2,60.6,25.0,Depression
200302I,2003111209,6.2,60.3,28.0,Depression
200302I,2003111212,6.1,60.0,30.0,Depression
200302I,2003111215,6.2,59.7,38.0,Cyclonic Storm
200302I,2003111218,6.2,59.4,45.0,Cyclonic Storm
200302I,2003111221,6.2,59.1,50.0,Severe Cyclonic Storm
200302I,2003111300,6.2,58.8,55.0,Severe Cyclonic Storm
200302I,2003111303,6.2,58.5,58.0,Severe Cyclonic Storm
200302I,2003111306,6.2,58.2,60.0,Severe Cyclonic Storm
200302I,2003111309,6.2,57.9,63.0,Severe Cyclonic Storm
200302I,2003111312,6.1,57.6,65.0,Very Severe Cyclonic Storm
200302I,2003111315,6.1,57.3,68.0,Very Severe Cyclonic Storm
200302I,2003111318,6.1,57.0,70.0,Very Severe Cyclonic Storm
200302I,2003111321,6.0,56.6,73.0,Very Severe Cyclonic Storm
200302I,2003111400,5.9,56.2,75.0,Very Severe Cyclonic Storm
200302I,2003111403,5.8,56.0,78.0,Very Severe Cyclonic Storm
200302I,2003111406,5.7,55.7,80.0,Very Severe Cyclonic Storm
200302I,2003111409,5.8,55.5,73.0,Very Severe Cyclonic Storm
200302I,2003111412,5.8,55.2,65.0,Very Severe Cyclonic Storm
200302I,2003111415,5.8,55.0,58.0,Severe Cyclonic Storm
200302I,2003111418,5.9,54.8,50.0,Severe Cyclonic Storm
200302I,2003111421,6.0,54.7,45.0,Cyclonic Storm
200302I,2003111500,6.0,54.6,40.0,Cyclonic Storm
200302I,2003111503,6.0,54.5,35.0,Cyclonic Storm
200302I,2003111506,6.0,54.4,30.0,Depression
200302I,2003111509,6.0,54.2,30.0,Depression
200302I,2003111512,6.0,54.1,30.0,Depression
200302I,2003111515,6.0,54.0,30.0,Depression
200302I,2003111518,6.0,53.8,30.0,Depression
200302I,2003111521,6.0,53.6,30.0,Depression
200302I,2003111600,5.9,53.5,30.0,Depression
200302I,2003111603,5.8,53.4,30.0,Depression
200302I,2003111606,5.8,53.2,30.0,Depression
200302I,2003111609,5.7,53.0,30.0,Depression
200302I,2003111612,5.6,52.8,30.0,Depression
200302I,2003111615,5.3,52.5,30.0,Depression
200302I,2003111618,5.0,52.3,30.0,Depression
200302I,2003111621,4.7,52.0,30.0,Depression
200302I,2003111700,4.4,51.7,30.0,Depression
200302I,2003111703,4.1,51.6,30.0,Depression
200302I,2003111706,3.7,51.5,30.0,Depression
200302I,2003111709,3.5,51.5,30.0,Depression
200302I,2003111712,3.2,51.5,30.0,Depression
200302I,2003111715,3.0,51.5,30.0,Depression
200302I,2003111718,2.7,51.6,30.0,Depression
200302I,2003111721,2.6,51.7,28.0,Depression
200302I,2003111800,2.5,51.8,25.0,Depression
200302I,2003111803,2.5,51.9,25.0,Depression
200302I,2003111806,2.4,52.0,25.0,Depression
200303I,2003121112,5.0,90.7,25.0,Depression
200303I,2003121115,5.3,90.2,25.0,Depression
200303I,2003121118,5.6,89.8,25.0,Depression
200303I,2003121121,6.0,89.4,25.0,Depression
200303I,2003121200,6.4,89.0,25.0,Depression
200303I,2003121203,6.8,89.0,25.0,Depression
200303I,2003121206,7.3,88.9,25.0,Depression
200303I,2003121209,7.5,88.8,25.0,Depression
200303I,2003121212,7.7,88.7,25.0,Depression
200303I,2003121215,7.8,88.6,28.0,Depression
200303I,2003121218,7.9,88.4,30.0,Depression
200303I,2003121221,8.0,88.2,30.0,Depression
200303I,2003121300,8.1,88.1,30.0,Depression
200303I,2003121303,8.2,87.8,30.0,Depression
200303I,2003121306,8.4,87.5,30.0,Depression
200303I,2003121309,8.7,87.1,33.0,Depression
200303I,2003121312,8.9,86.7,35.0,Cyclonic Storm
200303I,2003121315,9.1,86.4,35.0,Cyclonic Storm
200303I,2003121318,9.3,86.1,35.0,Cyclonic Storm
200303I,2003121321,9.7,85.8,35.0,Cyclonic Storm
200303I,2003121400,10.0,85.5,35.0,Cyclonic Storm
200303I,2003121403,10.4,85.1,40.0,Cyclonic Storm
200303I,2003121406,10.8,84.7,45.0,Cyclonic Storm
200303I,2003121409,11.1,84.3,45.0,Cyclonic Storm
200303I,2003121412,11.4,84.0,45.0,Cyclonic Storm
200303I,2003121415,11.9,83.6,45.0,Cyclonic Storm
200303I,2003121418,12.4,83.2,45.0,Cyclonic Storm
200303I,2003121421,12.9,82.8,48.0,Severe Cyclonic Storm
200303I,2003121500,13.5,82.3,50.0,Severe Cyclonic Storm
200303I,2003121503,14.1,81.8,53.0,Severe Cyclonic Storm
200303I,2003121506,14.7,81.4,55.0,Severe Cyclonic Storm
200303I,2003121509,15.1,81.2,55.0,Severe Cyclonic Storm
200303I,2003121512,15.6,81.1,55.0,Severe Cyclonic Storm
200303I,2003121515,16.1,81.1,53.0,Severe Cyclonic Storm
200303I,2003121518,16.6,81.1,50.0,Severe Cyclonic Storm
200303I,2003121521,17.1,81.2,43.0,Cyclonic Storm
200303I,2003121600,17.7,81.3,35.0,Cyclonic Storm
200303I,2003121603,18.0,81.4,33.0,Depression
200303I,2003121606,18.4,81.6,30.0,Depression
200401I,2004050406,11.2,73.9,25.0,Depression
200401I,2004050409,11.3,73.8,28.0,Depression
200401I,2004050412,11.4,73.6,30.0,Depression
200401I,2004050415,11.5,73.4,30.0,Depression
200401I,2004050418,11.6,73.3,30.0,Depression
200401I,2004050421,11.6,73.1,30.0,Depression
200401I,2004050500,11.6,72.9,30.0,Depression
200401I,2004050503,11.5,72.8,33.0,Depression
200401I,2004050506,11.4,72.7,35.0,Cyclonic Storm
200401I,2004050509,11.2,72.6,35.0,Cyclonic Storm
200401I,2004050512,11.1,72.5,35.0,Cyclonic Storm
200401I,2004050515,10.9,72.8,35.0,Cyclonic Storm
200401I,2004050518,10.8,73.2,35.0,Cyclonic Storm
200401I,2004050521,10.9,73.2,35.0,Cyclonic Storm
200401I,2004050600,11.1,73.3,35.0,Cyclonic Storm
200401I,2004050603,11.2,73.3,38.0,Cyclonic Storm
200401I,2004050606,11.3,73.3,40.0,Cyclonic Storm
200401I,2004050609,11.4,73.3,40.0,Cyclonic Storm
200401I,2004050612,11.5,73.3,40.0,Cyclonic Storm
200401I,2004050615,11.7,73.2,40.0,Cyclonic Storm
200401I,2004050618,11.9,73.1,40.0,Cyclonic Storm
200401I,2004050621,12.1,72.9,43.0,Cyclonic Storm
200401I,2004050700,12.2,72.8,45.0,Cyclonic Storm
200401I,2004050703,12.3,72.7,45.0,Cyclonic Storm
200401I,2004050706,12.5,72.5,45.0,Cyclonic Storm
200401I,2004050709,12.6,72.7,40.0,Cyclonic Storm
200401I,2004050712,12.7,72.9,35.0,Cyclonic Storm
200401I,2004050715,12.6,73.0,35.0,Cyclonic Storm
200401I,2004050718,12.4,73.1,35.0,Cyclonic Storm
200401I,2004050721,12.6,73.3,35.0,Cyclonic Storm
200401I,2004050800,12.7,73.5,35.0,Cyclonic Storm
200401I,2004050803,12.9,73.5,40.0,Cyclonic Storm
200401I,2004050806,13.2,73.5,45.0,Cyclonic Storm
200401I,2004050809,13.4,73.3,45.0,Cyclonic Storm
200401I,2004050812,13.7,73.2,45.0,Cyclonic Storm
200401I,2004050815,13.9,73.1,45.0,Cyclonic Storm
200401I,2004050818,14.1,72.9,45.0,Cyclonic Storm
200401I,2004050821,14.3,72.7,43.0,Cyclonic Storm
200401I,2004050900,14.5,72.5,40.0,Cyclonic Storm
200401I,2004050903,14.8,72.2,38.0,Cyclonic Storm
200401I,2004050906,15.2,71.8,35.0,Cyclonic Storm
200401I,2004050909,15.8,71.1,33.0,Depression
200401I,2004050912,16.4,70.4,30.0,Depression
200403I,2004093012,17.1,68.2,20.0,Depression
200403I,2004093015,17.5,67.8,23.0,Depression
200403I,2004093018,17.8,67.3,25.0,Depression
200403I,2004093021,18.1,67.2,28.0,Depression
200403I,2004100100,18.5,67.0,30.0,Depression
200403I,2004100103,18.9,66.8,30.0,Depression
200403I,2004100106,19.2,66.6,30.0,Depression
200403I,2004100109,19.5,66.5,30.0,Depression
200403I,2004100112,19.9,66.4,30.0,Depression
200403I,2004100115,20.2,66.5,33.0,Depression
200403I,2004100118,20.5,66.6,35.0,Cyclonic Storm
200403I,2004100121,20.8,66.8,35.0,Cyclonic Storm
200403I,2004100200,21.0,66.9,35.0,Cyclonic Storm
200403I,2004100203,21.2,67.1,35.0,Cyclonic Storm
200403I,2004100206,21.5,67.2,35.0,Cyclonic Storm
200403I,2004100209,21.8,67.4,35.0,Cyclonic Storm
200403I,2004100212,22.1,67.6,35.0,Cyclonic Storm
200403I,2004100215,22.4,67.8,33.0,Depression
200403I,2004100218,22.6,68.1,30.0,Depression
200403I,2004100221,22.8,68.3,28.0,Depression
200403I,2004100300,22.9,68.5,25.0,Depression
200403I,2004100303,23.1,68.4,28.0,Depression
200403I,2004100306,23.3,68.3,30.0,Depression
200403I,2004100309,23.4,68.1,30.0,Depression
200403I,2004100312,23.4,67.9,30.0,Depression
200403I,2004100315,23.2,67.7,30.0,Depression
200403I,2004100318,23.1,67.5,30.0,Depression
200403I,2004100321,22.8,67.5,28.0,Depression
200403I,2004100400,22.5,67.4,25.0,Depression
200403I,2004100403,22.2,67.3,25.0,Depression
200403I,2004100406,21.9,67.3,25.0,Depression
200403I,2004100409,21.6,67.2,25.0,Depression
200403I,2004100412,21.3,67.2,25.0,Depression
200403I,2004100415,21.1,67.2,25.0,Depression
200403I,2004100418,20.8,67.2,25.0,Depression
200403I,2004100421,20.6,67.5,25.0,Depression
200403I,2004100500,20.4,67.7,25.0,Depression
200403I,2004100503,20.1,67.8,25.0,Depression
200403I,2004100506,19.9,67.8,25.0,Depression
200403I,2004100509,19.6,67.8,25.0,Depression
200403I,2004100512,19.4,67.8,25.0,Depression
200403I,2004100515,19.2,67.8,23.0,Depression
200403I,2004100518,19.1,67.9,20.0,Depression
200403I,2004100521,19.0,68.0,20.0,Depression
200403I,2004100600,18.8,68.0,20.0,Depression
200403I,2004100603,18.7,68.0,20.0,Depression
200403I,2004100606,18.6,68.0,20.0,Depression
200403I,2004100609,18.5,68.0,20.0,Depression
200403I,2004100612,18.4,68.1,20.0,Depression
200403I,2004100615,18.3,68.2,23.0,Depression
200403I,2004100618,18.2,68.2,25.0,Depression
200403I,2004100621,18.1,68.2,25.0,Depression
200403I,2004100700,18.0,68.3,25.0,Depression
200403I,2004100703,17.9,68.4,25.0,Depression
200403I,2004100706,17.9,68.5,25.0,Depression
200403I,2004100709,18.0,68.7,25.0,Depression
200403I,2004100712,18.1,68.8,25.0,Depression
200403I,2004100715,18.2,68.7,25.0,Depression
200403I,2004100718,18.3,68.6,25.0,Depression
200403I,2004100721,18.5,68.6,25.0,Depression
200403I,2004100800,18.6,68.6,25.0,Depression
200403I,2004100803,18.8,68.6,25.0,Depression
200403I,2004100806,18.9,68.6,25.0,Depression
200403I,2004100809,19.0,68.7,25.0,Depression
200403I,2004100812,19.1,68.8,25.0,Depression
200403I,2004100815,19.2,68.8,25.0,Depression
200403I,2004100818,19.4,68.9,25.0,Depression
200403I,2004100821,19.5,69.0,25.0,Depression
200403I,2004100900,19.6,69.1,25.0,Depression
200403I,2004100903,19.8,69.2,25.0,Depression
200403I,2004100906,19.9,69.3,25.0,Depression
200403I,2004100909,20.1,69.4,25.0,Depression
200403I,2004100912,20.4,69.6,25.0,Depression
200403I,2004100915,20.6,69.9,25.0,Depression
200403I,2004100918,20.9,70.2,25.0,Depression
200403I,2004100921,20.9,70.5,25.0,Depression
200403I,2004101000,21.0,70.7,25.0,Depression
200404I,2004110118,10.0,67.1,20.0,Depression
200404I,2004110121,10.2,66.7,20.0,Depression
200404I,2004110200,10.4,66.3,20.0,Depression
200404I,2004110203,10.9,66.3,23.0,Depression
200404I,2004110206,11.3,66.4,25.0,Depression
200404I,2004110209,11.7,66.5,25.0,Depression
200404I,2004110212,12.1,66.6,25.0,Depression
200404I,2004110215,12.4,66.8,25.0,Depression
200404I,2004110218,12.7,67.0,25.0,Depression
200404I,2004110221,13.0,67.1,25.0,Depression
200404I,2004110300,13.3,67.2,25.0,Depression
200404I,2004110303,13.6,67.1,25.0,Depression
200404I,2004110306,13.8,66.9,25.0,Depression
200404I,2004110309,14.1,66.8,25.0,Depression
200404I,2004110312,14.3,66.7,25.0,Depression
200404I,2004110315,14.6,66.7,25.0,Depression
200404I,2004110318,14.8,66.6,25.0,Depression
200404I,2004110321,14.8,66.4,28.0,Depression
200404I,2004110400,14.8,66.3,30.0,Depression
200404I,2004110403,14.8,66.2,33.0,Depression
200404I,2004110406,14.7,66.0,35.0,Cyclonic Storm
200404I,2004110409,14.6,65.9,35.0,Cyclonic Storm
200404I,2004110412,14.5,65.8,35.0,Cyclonic Storm
200404I,2004110415,14.3,65.8,35.0,Cyclonic Storm
200404I,2004110418,14.2,65.7,35.0,Cyclonic Storm
200404I,2004110421,14.1,65.6,35.0,Cyclonic Storm
200404I,2004110500,14.0,65.4,35.0,Cyclonic Storm
200404I,2004110503,13.9,65.1,38.0,Cyclonic Storm
200404I,2004110506,13.9,64.8,40.0,Cyclonic Storm
200404I,2004110509,14.1,64.5,40.0,Cyclonic Storm
200404I,2004110512,14.2,64.2,40.0,Cyclonic Storm
200404I,2004110515,14.2,63.8,40.0,Cyclonic Storm
200404I,2004110518,14.3,63.4,40.0,Cyclonic Storm
200404I,2004110521,14.4,63.0,38.0,Cyclonic Storm
200404I,2004110600,14.5,62.5,35.0,Cyclonic Storm
200404I,2004110603,14.6,62.0,35.0,Cyclonic Storm
200404I,2004110606,14.7,61.6,35.0,Cyclonic Storm
200404I,2004110609,14.8,61.1,35.0,Cyclonic Storm
200404I,2004110612,14.9,60.6,35.0,Cyclonic Storm
200404I,2004110615,14.9,60.0,35.0,Cyclonic Storm
200404I,2004110618,15.0,59.5,35.0,Cyclonic Storm
200404I,2004110621,15.0,59.0,35.0,Cyclonic Storm
200404I,2004110700,15.0,58.4,35.0,Cyclonic Storm
200404I,2004110703,14.6,58.0,35.0,Cyclonic Storm
200404I,2004110706,14.2,57.6,35.0,Cyclonic Storm
200404I,2004110709,13.8,57.2,30.0,Depression
200404I,2004110712,13.4,56.8,25.0,Depression
200404I,2004110715,13.1,56.3,25.0,Depression
200404I,2004110718,12.8,55.9,25.0,Depression
200404I,2004110721,12.6,55.4,25.0,Depression
200404I,2004110800,12.4,54.9,25.0,Depression
200404I,2004110803,12.3,54.3,25.0,Depression
200404I,2004110806,12.2,53.8,25.0,Depression
200404I,2004110809,12.1,53.2,25.0,Depression
200404I,2004110812,11.9,52.7,25.0,Depression
200405I,2004112706,1.5,71.5,20.0,Depression
200405I,2004112709,1.4,71.1,20.0,Depression
200405I,2004112712,1.2,70.7,20.0,Depression
200405I,2004112715,1.1,70.3,25.0,Depression
200405I,2004112718,0.9,69.9,30.0,Depression
200405I,2004112721,0.8,69.5,33.0,Depression
200405I,2004112800,0.7,69.0,35.0,Cyclonic Storm
200405I,2004112803,0.8,68.7,38.0,Cyclonic Storm
200405I,2004112806,0.8,68.3,40.0,Cyclonic Storm
200405I,2004112809,1.0,67.9,43.0,Cyclonic Storm
200405I,2004112812,1.1,67.5,45.0,Cyclonic Storm
200405I,2004112815,1.3,67.1,48.0,Severe Cyclonic Storm
200405I,2004112818,1.5,66.7,50.0,Severe Cyclonic Storm
200405I,2004112821,1.8,66.3,55.0,Severe Cyclonic Storm
200405I,2004112900,2.0,65.9,60.0,Severe Cyclonic Storm
200405I,2004112903,2.4,65.5,63.0,Severe Cyclonic Storm
200405I,2004112906,2.7,65.0,65.0,Very Severe Cyclonic Storm
200405I,2004112909,3.1,64.7,65.0,Very Severe Cyclonic Storm
200405I,2004112912,3.5,64.3,65.0,Very Severe Cyclonic Storm
200405I,2004112915,3.9,64.0,60.0,Severe Cyclonic Storm
200405I,2004112918,4.3,63.6,55.0,Severe Cyclonic Storm
200405I,2004112921,4.7,63.2,58.0,Severe Cyclonic Storm
200405I,2004113000,5.1,62.9,60.0,Severe Cyclonic Storm
200405I,2004113003,5.4,62.3,63.0,Severe Cyclonic Storm
200405I,2004113006,5.7,61.8,65.0,Very Severe Cyclonic Storm
200405I,2004113009,5.9,61.3,65.0,Very Severe Cyclonic Storm
200405I,2004113012,6.1,60.8,65.0,Very Severe Cyclonic Storm
200405I,2004113015,6.3,60.3,65.0,Very Severe Cyclonic Storm
200405I,2004113018,6.5,59.9,65.0,Very Severe Cyclonic Storm
200405I,2004113021,6.8,59.6,63.0,Severe Cyclonic Storm
200405I,2004120100,7.0,59.4,60.0,Severe Cyclonic Storm
200405I,2004120103,7.2,59.1,58.0,Severe Cyclonic Storm
200405I,2004120106,7.5,58.9,55.0,Severe Cyclonic Storm
200405I,2004120109,7.7,58.5,53.0,Severe Cyclonic Storm
200405I,2004120112,7.8,58.2,50.0,Severe Cyclonic Storm
200405I,2004120115,7.8,57.8,48.0,Severe Cyclonic Storm
200405I,2004120118,7.8,57.4,45.0,Cyclonic Storm
200405I,2004120121,7.8,57.0,45.0,Cyclonic Storm
200405I,2004120200,7.9,56.5,45.0,Cyclonic Storm
200405I,2004120203,8.1,56.0,45.0,Cyclonic Storm
200405I,2004120206,8.2,55.6,45.0,Cyclonic Storm
200405I,2004120209,8.2,55.3,43.0,Cyclonic Storm
200405I,2004120212,8.2,55.0,40.0,Cyclonic Storm
200405I,2004120215,8.2,54.7,40.0,Cyclonic Storm
200405I,2004120218,8.2,54.4,40.0,Cyclonic Storm
200405I,2004120221,8.2,54.1,40.0,Cyclonic Storm
200405I,2004120300,8.3,53.9,40.0,Cyclonic Storm
200405I,2004120303,8.3,53.6,40.0,Cyclonic Storm
200405I,2004120306,8.3,53.4,40.0,Cyclonic Storm
200405I,2004120309,8.2,53.1,38.0,Cyclonic Storm
200405I,2004120312,8.2,52.9,35.0,Cyclonic Storm
200405I,2004120315,8.1,52.5,33.0,Depression
200405I,2004120318,7.9,52.1,30.0,Depression
200405I,2004120321,7.7,51.7,30.0,Depression
200405I,2004120400,7.5,51.3,30.0,Depression
200405I,2004120403,7.2,50.8,30.0,Depression
200405I,2004120406,6.9,50.3,30.0,Depression
200405I,2004120409,6.5,49.8,28.0,Depression
200405I,2004120412,6.1,49.2,25.0,Depression
200405I,2004120415,5.3,48.5,25.0,Depression
200405I,2004120418,4.6,47.9,25.0,Depression
200405I,2004120421,4.0,47.1,25.0,Depression
200405I,2004120500,3.4,46.4,25.0,Depression
200405I,2004120503,2.6,46.5,23.0,Depression
200405I,2004120506,1.9,46.5,20.0,Depression
200501I,2005010712,3.6,84.6,15.0,Depression
200501I,2005010715,3.7,84.5,18.0,Depression
200501I,2005010718,3.7,84.4,20.0,Depression
200501I,2005010721,3.8,84.3,20.0,Depression
200501I,2005010800,3.8,84.2,20.0,Depression
200501I,2005010803,3.8,84.1,23.0,Depression
200501I,2005010806,3.9,83.9,25.0,Depression
200501I,2005010809,4.0,83.8,28.0,Depression
200501I,2005010812,4.2,83.7,30.0,Depression
200501I,2005010815,4.5,83.6,30.0,Depression
200501I,2005010818,4.7,83.5,30.0,Depression
200501I,2005010821,5.0,83.5,28.0,Depression
200501I,2005010900,5.2,83.4,25.0,Depression
200501I,2005010903,5.3,83.3,25.0,Depression
200501I,2005010906,5.5,83.3,25.0,Depression
200501I,2005010909,5.7,83.2,25.0,Depression
200501I,2005010912,5.8,83.2,25.0,Depression
200501I,2005010915,5.9,83.2,25.0,Depression
200501I,2005010918,6.1,83.2,25.0,Depression
200501I,2005010921,6.2,83.2,25.0,Depression
200501I,2005011000,6.4,83.2,25.0,Depression
200501I,2005011003,6.6,83.2,23.0,Depression
200501I,2005011006,6.7,83.1,20.0,Depression
200501I,2005011009,6.8,83.0,20.0,Depression
200501I,2005011012,7.0,83.0,20.0,Depression
200504I,2005102506,12.4,87.0,20.0,Depression
200504I,2005102509,12.4,86.7,20.0,Depression
200504I,2005102512,12.4,86.4,20.0,Depression
200504I,2005102515,12.3,86.1,20.0,Depression
200504I,2005102518,12.2,85.8,20.0,Depression
200504I,2005102521,12.0,85.5,20.0,Depression
200504I,2005102600,11.8,85.2,20.0,Depression
200504I,2005102603,11.7,84.8,20.0,Depression
200504I,2005102606,11.5,84.5,20.0,Depression
200504I,2005102609,11.6,84.0,23.0,Depression
200504I,2005102612,11.7,83.6,25.0,Depression
200504I,2005102615,11.9,83.2,28.0,Depression
200504I,2005102618,12.2,82.8,30.0,Depression
200504I,2005102621,12.4,82.4,33.0,Depression
200504I,2005102700,12.7,82.0,35.0,Cyclonic Storm
200504I,2005102703,13.1,81.9,35.0,Cyclonic Storm
200504I,2005102706,13.4,81.8,35.0,Cyclonic Storm
200504I,2005102709,13.7,81.9,35.0,Cyclonic Storm
200504I,2005102712,13.9,82.0,35.0,Cyclonic Storm
200504I,2005102715,14.2,81.9,35.0,Cyclonic Storm
200504I,2005102718,14.4,81.8,35.0,Cyclonic Storm
200504I,2005102721,14.6,81.6,33.0,Depression
200504I,2005102800,14.8,81.4,30.0,Depression
200504I,2005102803,15.0,81.1,30.0,Depression
200504I,2005102806,15.2,80.8,30.0,Depression
200504I,2005102809,15.3,80.4,30.0,Depression
200504I,2005102812,15.5,80.1,30.0,Depression
200504I,2005102815,15.7,79.8,30.0,Depression
200504I,2005102818,15.8,79.5,30.0,Depression
200504I,2005102821,16.0,79.3,23.0,Depression
200504I,2005102900,16.1,79.1,15.0,Depression
200506I,2005120412,9.1,92.4,20.0,Depression
200506I,2005120415,9.3,92.2,20.0,Depression
200506I,2005120418,9.6,92.0,20.0,Depression
200506I,2005120421,9.8,91.8,20.0,Depression
200506I,2005120500,9.9,91.5,20.0,Depression
200506I,2005120503,10.1,91.2,23.0,Depression
200506I,2005120506,10.2,91.0,25.0,Depression
200506I,2005120509,10.3,90.7,28.0,Depression
200506I,2005120512,10.4,90.4,30.0,Depression
200506I,2005120515,10.7,90.2,30.0,Depression
200506I,2005120518,10.9,90.0,30.0,Depression
200506I,2005120521,11.2,89.8,33.0,Depression
200506I,2005120600,11.4,89.5,35.0,Cyclonic Storm
200506I,2005120603,11.6,89.2,35.0,Cyclonic Storm
200506I,2005120606,11.7,88.9,35.0,Cyclonic Storm
200506I,2005120609,11.6,88.6,40.0,Cyclonic Storm
200506I,2005120612,11.6,88.3,45.0,Cyclonic Storm
200506I,2005120615,11.5,88.0,48.0,Severe Cyclonic Storm
200506I,2005120618,11.4,87.7,50.0,Severe Cyclonic Storm
200506I,2005120621,11.3,87.4,53.0,Severe Cyclonic Storm
200506I,2005120700,11.2,87.1,55.0,Severe Cyclonic Storm
200506I,2005120703,11.0,86.9,55.0,Severe Cyclonic Storm
200506I,2005120706,10.8,86.8,55.0,Severe Cyclonic Storm
200506I,2005120709,10.7,86.7,55.0,Severe Cyclonic Storm
200506I,2005120712,10.5,86.6,55.0,Severe Cyclonic Storm
200506I,2005120715,10.4,86.4,55.0,Severe Cyclonic Storm
200506I,2005120718,10.3,86.3,55.0,Severe Cyclonic Storm
200506I,2005120721,10.4,86.1,55.0,Severe Cyclonic Storm
200506I,2005120800,10.4,85.9,55.0,Severe Cyclonic Storm
200506I,2005120803,10.5,85.7,55.0,Severe Cyclonic Storm
200506I,2005120806,10.6,85.4,55.0,Severe Cyclonic Storm
200506I,2005120809,10.6,85.1,55.0,Severe Cyclonic Storm
200506I,2005120812,10.6,84.7,55.0,Severe Cyclonic Storm
200506I,2005120815,10.4,84.4,55.0,Severe Cyclonic Storm
200506I,2005120818,10.3,84.1,55.0,Severe Cyclonic Storm
200506I,2005120821,10.3,83.7,58.0,Severe Cyclonic Storm
200506I,2005120900,10.3,83.3,60.0,Severe Cyclonic Storm
200506I,2005120903,10.3,82.9,60.0,Severe Cyclonic Storm
200506I,2005120906,10.3,82.5,60.0,Severe Cyclonic Storm
200506I,2005120909,10.3,82.1,60.0,Severe Cyclonic Storm
200506I,2005120912,10.3,81.7,60.0,Severe Cyclonic Storm
200506I,2005120915,10.3,81.3,60.0,Severe Cyclonic Storm
200506I,2005120918,10.3,80.9,60.0,Severe Cyclonic Storm
200506I,2005120921,10.4,80.7,58.0,Severe Cyclonic Storm
200506I,2005121000,10.6,80.4,55.0,Severe Cyclonic Storm
200506I,2005121003,10.4,80.2,50.0,Severe Cyclonic Storm
200506I,2005121006,10.3,80.0,45.0,Cyclonic Storm
200506I,2005121009,10.2,79.8,45.0,Cyclonic Storm
200506I,2005121012,10.1,79.5,45.0,Cyclonic Storm
200506I,2005121015,10.1,79.1,38.0,Cyclonic Storm
200506I,2005121018,10.2,78.7,30.0,Depression
200506I,2005121021,10.1,78.2,30.0,Depression
200506I,2005121100,10.0,77.8,30.0,Depression
200506I,2005121103,9.7,77.5,28.0,Depression
200506I,2005121106,9.4,77.2,25.0,Depression
200506I,2005121109,9.1,76.9,25.0,Depression
200506I,2005121112,8.7,76.6,25.0,Depression
200506I,2005121115,8.3,76.4,25.0,Depression
200506I,2005121118,8.0,76.2,25.0,Depression
200506I,2005121121,7.9,76.0,25.0,Depression
200506I,2005121200,7.8,75.7,25.0,Depression
200506I,2005121203,7.6,75.4,25.0,Depression
200506I,2005121206,7.4,75.1,25.0,Depression
200506I,2005121209,7.2,74.8,25.0,Depression
200506I,2005121212,7.1,74.5,25.0,Depression
200506I,2005121215,6.9,74.3,20.0,Depression
200506I,2005121218,6.8,74.2,15.0,Depression
200507I,2005121500,7.3,88.9,15.0,Depression
200507I,2005121503,7.7,88.3,20.0,Depression
200507I,2005121506,8.0,87.8,25.0,Depression
200507I,2005121509,8.2,87.2,25.0,Depression
200507I,2005121512,8.4,86.7,25.0,Depression
200507I,2005121515,8.2,86.2,25.0,Depression
200507I,2005121518,8.1,85.7,25.0,Depression
200507I,2005121521,7.9,85.5,25.0,Depression
200507I,2005121600,7.7,85.3,25.0,Depression
200507I,2005121603,7.7,85.1,25.0,Depression
200507I,2005121606,7.6,84.9,25.0,Depression
200507I,2005121609,7.7,84.7,28.0,Depression
200507I,2005121612,7.7,84.5,30.0,Depression
200507I,2005121615,7.8,84.3,33.0,Depression
200507I,2005121618,7.8,84.2,35.0,Cyclonic Storm
200507I,2005121621,7.9,84.1,35.0,Cyclonic Storm
200507I,2005121700,8.0,84.0,35.0,Cyclonic Storm
200507I,2005121703,8.2,83.9,35.0,Cyclonic Storm
200507I,2005121706,8.5,83.8,35.0,Cyclonic Storm
200507I,2005121709,8.8,83.6,35.0,Cyclonic Storm
200507I,2005121712,9.1,83.4,35.0,Cyclonic Storm
200507I,2005121715,9.4,83.2,38.0,Cyclonic Storm
200507I,2005121718,9.7,83.1,40.0,Cyclonic Storm
200507I,2005121721,10.1,83.0,43.0,Cyclonic Storm
200507I,2005121800,10.4,83.0,45.0,Cyclonic Storm
200507I,2005121803,10.6,83.0,45.0,Cyclonic Storm
200507I,2005121806,10.8,83.0,45.0,Cyclonic Storm
200507I,2005121809,10.9,83.0,45.0,Cyclonic Storm
200507I,2005121812,11.0,83.0,45.0,Cyclonic Storm
200507I,2005121815,11.1,83.0,45.0,Cyclonic Storm
200507I,2005121818,11.1,83.0,45.0,Cyclonic Storm
200507I,2005121821,11.1,83.0,45.0,Cyclonic Storm
200507I,2005121900,11.2,83.0,45.0,Cyclonic Storm
200507I,2005121903,11.2,83.1,45.0,Cyclonic Storm
200507I,2005121906,11.3,83.2,45.0,Cyclonic Storm
200507I,2005121909,11.2,83.3,45.0,Cyclonic Storm
200507I,2005121912,11.1,83.4,45.0,Cyclonic Storm
200507I,2005121915,11.1,83.6,45.0,Cyclonic Storm
200507I,2005121918,11.1,83.7,45.0,Cyclonic Storm
200507I,2005121921,11.1,83.8,43.0,Cyclonic Storm
200507I,2005122000,11.2,83.9,40.0,Cyclonic Storm
200507I,2005122003,11.3,84.0,40.0,Cyclonic Storm
200507I,2005122006,11.4,84.1,40.0,Cyclonic Storm
200507I,2005122009,11.6,84.2,38.0,Cyclonic Storm
200507I,2005122012,11.7,84.3,35.0,Cyclonic Storm
200507I,2005122015,11.8,84.4,35.0,Cyclonic Storm
200507I,2005122018,11.8,84.5,35.0,Cyclonic Storm
200507I,2005122021,11.7,84.6,35.0,Cyclonic Storm
200507I,2005122100,11.6,84.7,35.0,Cyclonic Storm
200507I,2005122103,11.5,84.6,33.0,Depression
200507I,2005122106,11.4,84.4,30.0,Depression
200507I,2005122109,11.6,84.6,30.0,Depression
200507I,2005122112,11.7,84.7,30.0,Depression
200507I,2005122115,11.9,84.8,30.0,Depression
200507I,2005122118,12.1,84.9,30.0,Depression
200507I,2005122121,12.3,85.0,30.0,Depression
200507I,2005122200,12.5,85.0,30.0,Depression
200507I,2005122203,12.7,85.1,30.0,Depression
200507I,2005122206,12.9,85.2,30.0,Depression
200507I,2005122209,13.1,85.5,28.0,Depression
200507I,2005122212,13.3,85.8,25.0,Depression
200507I,2005122215,13.5,86.3,25.0,Depression
200507I,2005122218,13.7,86.8,25.0,Depression
200507I,2005122221,13.9,87.4,25.0,Depression
200507I,2005122300,14.1,88.0,25.0,Depression
200507I,2005122303,14.2,88.5,25.0,Depression
200507I,2005122306,14.4,89.1,25.0,Depression
200507I,2005122309,14.5,89.5,25.0,Depression
200507I,2005122312,14.6,90.0,25.0,Depression
200507I,2005122315,14.9,90.3,23.0,Depression
200507I,2005122318,15.3,90.7,20.0,Depression
200507I,2005122321,15.8,91.0,20.0,Depression
200507I,2005122400,16.2,91.3,20.0,Depression
200601I,2006011206,3.0,80.5,15.0,Depression
200601I,2006011209,3.1,80.2,18.0,Depression
200601I,2006011212,3.2,80.0,20.0,Depression
200601I,2006011215,3.4,79.8,23.0,Depression
200601I,2006011218,3.5,79.5,25.0,Depression
200601I,2006011221,3.6,79.2,25.0,Depression
200601I,2006011300,3.8,78.9,25.0,Depression
200601I,2006011303,4.0,78.5,28.0,Depression
200601I,2006011306,4.3,78.1,30.0,Depression
200601I,2006011309,4.6,77.6,33.0,Depression
200601I,2006011312,4.9,77.1,35.0,Cyclonic Storm
200601I,2006011315,5.4,76.6,38.0,Cyclonic Storm
200601I,2006011318,5.9,76.1,40.0,Cyclonic Storm
200601I,2006011321,6.2,75.7,43.0,Cyclonic Storm
200601I,2006011400,6.4,75.2,45.0,Cyclonic Storm
200601I,2006011403,6.6,74.8,45.0,Cyclonic Storm
200601I,2006011406,6.7,74.4,45.0,Cyclonic Storm
200601I,2006011409,6.8,74.0,45.0,Cyclonic Storm
200601I,2006011412,6.8,73.6,45.0,Cyclonic Storm
200601I,2006011415,6.9,73.2,43.0,Cyclonic Storm
200601I,2006011418,7.0,72.8,40.0,Cyclonic Storm
200601I,2006011421,7.0,72.3,38.0,Cyclonic Storm
200601I,2006011500,7.1,71.9,35.0,Cyclonic Storm
200601I,2006011503,7.0,71.5,33.0,Depression
200601I,2006011506,6.9,71.0,30.0,Depression
200601I,2006011509,6.8,70.5,30.0,Depression
200601I,2006011512,6.8,70.1,30.0,Depression
200601I,2006011515,6.8,69.7,30.0,Depression
200601I,2006011518,6.9,69.3,30.0,Depression
200601I,2006011521,7.1,68.9,30.0,Depression
200601I,2006011600,7.3,68.6,30.0,Depression
200601I,2006011603,7.6,68.3,30.0,Depression
200601I,2006011606,7.9,68.0,30.0,Depression
200601I,2006011609,8.2,67.7,30.0,Depression
200601I,2006011612,8.4,67.3,30.0,Depression
200601I,2006011615,8.4,66.7,30.0,Depression
200601I,2006011618,8.5,66.1,30.0,Depression
200601I,2006011621,8.8,65.4,30.0,Depression
200601I,2006011700,9.2,64.8,30.0,Depression
200601I,2006011703,9.5,64.1,30.0,Depression
200601I,2006011706,9.8,63.4,30.0,Depression
200601I,2006011709,9.9,62.8,30.0,Depression
200601I,2006011712,9.9,62.1,30.0,Depression
200601I,2006011715,9.8,61.5,30.0,Depression
200601I,2006011718,9.6,61.0,30.0,Depression
200601I,2006011721,9.4,60.5,30.0,Depression
200601I,2006011800,9.3,59.9,30.0,Depression
200601I,2006011803,9.3,59.3,30.0,Depression
200601I,2006011806,9.3,58.8,30.0,Depression
200601I,2006011809,9.4,58.1,28.0,Depression
200601I,2006011812,9.4,57.5,25.0,Depression
200601I,2006011815,9.4,56.9,25.0,Depression
200601I,2006011818,9.3,56.2,25.0,Depression
200601I,2006011821,9.2,55.5,25.0,Depression
200601I,2006011900,9.2,54.9,25.0,Depression
200601I,2006011903,9.1,54.2,25.0,Depression
200601I,2006011906,8.9,53.6,25.0,Depression
200602I,2006042412,8.6,89.7,25.0,Depression
200602I,2006042415,8.8,89.6,28.0,Depression
200602I,2006042418,9.0,89.5,30.0,Depression
200602I,2006042421,9.2,89.6,33.0,Depression
200602I,2006042500,9.3,89.7,35.0,Cyclonic Storm
200602I,2006042503,9.5,89.7,35.0,Cyclonic Storm
200602I,2006042506,9.7,89.6,35.0,Cyclonic Storm
200602I,2006042509,9.8,89.6,40.0,Cyclonic Storm
200602I,2006042512,10.0,89.6,45.0,Cyclonic Storm
200602I,2006042515,10.2,89.7,45.0,Cyclonic Storm
200602I,2006042518,10.3,89.8,45.0,Cyclonic Storm
200602I,2006042521,10.3,90.0,45.0,Cyclonic Storm
200602I,2006042600,10.3,90.3,45.0,Cyclonic Storm
200602I,2006042603,10.7,90.4,45.0,Cyclonic Storm
200602I,2006042606,11.1,90.6,45.0,Cyclonic Storm
200602I,2006042609,11.5,90.6,45.0,Cyclonic Storm
200602I,2006042612,11.9,90.6,45.0,Cyclonic Storm
200602I,2006042615,12.1,90.4,45.0,Cyclonic Storm
200602I,2006042618,12.2,90.3,45.0,Cyclonic Storm
200602I,2006042621,12.1,90.0,50.0,Severe Cyclonic Storm
200602I,2006042700,12.1,89.8,55.0,Severe Cyclonic Storm
200602I,2006042703,12.3,89.8,60.0,Severe Cyclonic Storm
200602I,2006042706,12.6,89.9,65.0,Very Severe Cyclonic Storm
200602I,2006042709,12.8,90.2,68.0,Very Severe Cyclonic Storm
200602I,2006042712,12.9,90.5,70.0,Very Severe Cyclonic Storm
200602I,2006042715,13.2,90.8,75.0,Very Severe Cyclonic Storm
200602I,2006042718,13.5,91.0,80.0,Very Severe Cyclonic Storm
200602I,2006042721,13.8,91.3,85.0,Very Severe Cyclonic Storm
200602I,2006042800,14.2,91.7,90.0,Extremely Severe/Super Cyclone
200602I,2006042803,14.6,92.0,103.0,Extremely Severe/Super Cyclone
200602I,2006042806,14.9,92.2,115.0,Extremely Severe/Super Cyclone
200602I,2006042809,15.2,92.5,118.0,Extremely Severe/Super Cyclone
200602I,2006042812,15.6,92.8,120.0,Extremely Severe/Super Cyclone
200602I,2006042815,15.9,93.1,120.0,Extremely Severe/Super Cyclone
200602I,2006042818,16.3,93.4,120.0,Extremely Severe/Super Cyclone
200602I,2006042821,16.6,93.7,113.0,Extremely Severe/Super Cyclone
200602I,2006042900,16.9,93.9,105.0,Extremely Severe/Super Cyclone
200602I,2006042903,17.2,94.2,98.0,Extremely Severe/Super Cyclone
200602I,2006042906,17.6,94.4,90.0,Extremely Severe/Super Cyclone
200602I,2006042909,18.0,94.9,78.0,Very Severe Cyclonic Storm
200602I,2006042912,18.4,95.4,65.0,Very Severe Cyclonic Storm
200603I,2006070100,20.4,88.3,15.0,Depression
200603I,2006070103,20.5,88.4,15.0,Depression
200603I,2006070106,20.7,88.6,15.0,Depression
200603I,2006070109,20.7,88.8,18.0,Depression
200603I,2006070112,20.7,88.9,20.0,Depression
200603I,2006070115,20.6,88.8,23.0,Depression
200603I,2006070118,20.5,88.8,25.0,Depression
200603I,2006070121,20.5,88.5,25.0,Depression
200603I,2006070200,20.5,88.3,25.0,Depression
200603I,2006070203,20.4,87.9,28.0,Depression
200603I,2006070206,20.4,87.6,30.0,Depression
200603I,2006070209,20.4,87.2,33.0,Depression
200603I,2006070212,20.3,86.8,35.0,Cyclonic Storm
200603I,2006070215,20.3,86.3,33.0,Depression
200603I,2006070218,20.3,85.9,30.0,Depression
200603I,2006070221,20.3,85.6,28.0,Depression
200603I,2006070300,20.3,85.2,25.0,Depression
200603I,2006070303,20.3,84.9,25.0,Depression
200603I,2006070306,20.3,84.6,25.0,Depression
200603I,2006070309,20.4,84.4,25.0,Depression
200603I,2006070312,20.4,84.3,25.0,Depression
200605I,2006092806,18.0,88.5,30.0,Depression
200605I,2006092809,18.1,88.0,30.0,Depression
200605I,2006092812,18.3,87.6,30.0,Depression
200605I,2006092815,18.4,87.2,33.0,Depression
200605I,2006092818,18.5,86.8,35.0,Cyclonic Storm
200605I,2006092821,18.6,86.4,35.0,Cyclonic Storm
200605I,2006092900,18.7,86.1,35.0,Cyclonic Storm
200605I,2006092903,18.8,85.8,33.0,Depression
200605I,2006092906,18.9,85.4,30.0,Depression
200605I,2006092909,19.0,85.0,30.0,Depression
200605I,2006092912,19.2,84.5,30.0,Depression
200605I,2006092915,19.3,84.0,28.0,Depression
200605I,2006092918,19.4,83.4,25.0,Depression
200605I,2006092921,19.3,82.8,25.0,Depression
200605I,2006093000,19.2,82.1,25.0,Depression
200606I,2006102712,8.6,78.4,15.0,Depression
200606I,2006102715,9.1,78.8,15.0,Depression
200606I,2006102718,9.5,79.1,15.0,Depression
200606I,2006102721,9.9,79.4,15.0,Depression
200606I,2006102800,10.3,79.7,15.0,Depression
200606I,2006102803,10.8,79.8,18.0,Depression
200606I,2006102806,11.2,79.9,20.0,Depression
200606I,2006102809,11.7,80.1,20.0,Depression
200606I,2006102812,12.2,80.2,20.0,Depression
200606I,2006102815,12.6,80.3,23.0,Depression
200606I,2006102818,13.1,80.4,25.0,Depression
200606I,2006102821,13.6,80.5,28.0,Depression
200606I,2006102900,14.2,80.5,30.0,Depression
200606I,2006102903,14.5,80.5,35.0,Cyclonic Storm
200606I,2006102906,14.8,80.5,40.0,Cyclonic Storm
200606I,2006102909,15.0,80.5,45.0,Cyclonic Storm
200606I,2006102912,15.2,80.5,50.0,Severe Cyclonic Storm
200606I,2006102915,15.3,80.5,53.0,Severe Cyclonic Storm
200606I,2006102918,15.5,80.4,55.0,Severe Cyclonic Storm
200606I,2006102921,15.6,80.3,53.0,Severe Cyclonic Storm
200606I,2006103000,15.7,80.3,50.0,Severe Cyclonic Storm
200606I,2006103003,15.8,80.2,45.0,Cyclonic Storm
200606I,2006103006,15.9,80.1,40.0,Cyclonic Storm
200606I,2006103009,15.9,80.0,35.0,Cyclonic Storm
200606I,2006103012,16.0,79.9,30.0,Depression
200701I,2007051306,14.9,91.3,25.0,Depression
200701I,2007051309,15.2,91.2,28.0,Depression
200701I,2007051312,15.6,91.2,30.0,Depression
200701I,2007051315,15.9,91.2,33.0,Depression
200701I,2007051318,16.3,91.3,35.0,Cyclonic Storm
200701I,2007051321,16.8,91.5,43.0,Cyclonic Storm
200701I,2007051400,17.3,91.7,50.0,Severe Cyclonic Storm
200701I,2007051403,17.9,91.7,53.0,Severe Cyclonic Storm
200701I,2007051406,18.5,91.7,55.0,Severe Cyclonic Storm
200701I,2007051409,19.1,91.8,58.0,Severe Cyclonic Storm
200701I,2007051412,19.8,91.9,60.0,Severe Cyclonic Storm
200701I,2007051415,20.5,92.0,63.0,Severe Cyclonic Storm
200701I,2007051418,21.2,92.1,65.0,Very Severe Cyclonic Storm
200701I,2007051421,22.1,92.2,55.0,Severe Cyclonic Storm
200701I,2007051500,23.0,92.4,45.0,Cyclonic Storm
200702I,2007053112,14.0,71.7,15.0,Depression
200702I,2007053115,14.1,71.6,15.0,Depression
200702I,2007053118,14.2,71.5,15.0,Depression
200702I,2007053121,14.3,71.2,15.0,Depression
200702I,2007060100,14.4,70.9,15.0,Depression
200702I,2007060103,14.6,70.5,23.0,Depression
200702I,2007060106,14.7,70.0,30.0,Depression
200702I,2007060109,14.8,69.4,30.0,Depression
200702I,2007060112,15.0,68.8,30.0,Depression
200702I,2007060115,15.1,68.5,30.0,Depression
200702I,2007060118,15.1,68.3,30.0,Depression
200702I,2007060121,15.1,68.0,35.0,Cyclonic Storm
200702I,2007060200,15.1,67.8,40.0,Cyclonic Storm
200702I,2007060203,15.1,67.5,43.0,Cyclonic Storm
200702I,2007060206,15.1,67.3,45.0,Cyclonic Storm
200702I,2007060209,15.2,67.2,50.0,Severe Cyclonic Storm
200702I,2007060212,15.4,67.1,55.0,Severe Cyclonic Storm
200702I,2007060215,15.5,67.2,55.0,Severe Cyclonic Storm
200702I,2007060218,15.6,67.2,55.0,Severe Cyclonic Storm
200702I,2007060221,15.8,67.3,58.0,Severe Cyclonic Storm
200702I,2007060300,16.0,67.5,60.0,Severe Cyclonic Storm
200702I,2007060303,16.4,67.5,63.0,Severe Cyclonic Storm
200702I,2007060306,16.9,67.6,65.0,Very Severe Cyclonic Storm
200702I,2007060309,17.2,67.2,68.0,Very Severe Cyclonic Storm
200702I,2007060312,17.5,66.8,70.0,Very Severe Cyclonic Storm
200702I,2007060315,17.8,66.4,83.0,Very Severe Cyclonic Storm
200702I,2007060318,18.0,66.1,95.0,Extremely Severe/Super Cyclone
200702I,2007060321,18.3,65.8,108.0,Extremely Severe/Super Cyclone
200702I,2007060400,18.6,65.5,120.0,Extremely Severe/Super Cyclone
200702I,2007060403,18.9,65.2,128.0,Extremely Severe/Super Cyclone
200702I,2007060406,19.2,64.9,135.0,Extremely Severe/Super Cyclone
200702I,2007060409,19.5,64.5,140.0,Extremely Severe/Super Cyclone
200702I,2007060412,19.9,64.1,145.0,Extremely Severe/Super Cyclone
200702I,2007060415,20.2,63.7,143.0,Extremely Severe/Super Cyclone
200702I,2007060418,20.5,63.3,140.0,Extremely Severe/Super Cyclone
200702I,2007060421,20.6,62.9,138.0,Extremely Severe/Super Cyclone
200702I,2007060500,20.8,62.5,135.0,Extremely Severe/Super Cyclone
200702I,2007060503,21.0,62.1,130.0,Extremely Severe/Super Cyclone
200702I,2007060506,21.2,61.7,125.0,Extremely Severe/Super Cyclone
200702I,2007060509,21.4,61.4,120.0,Extremely Severe/Super Cyclone
200702I,2007060512,21.6,61.1,115.0,Extremely Severe/Super Cyclone
200702I,2007060515,21.8,60.9,113.0,Extremely Severe/Super Cyclone
200702I,2007060518,22.0,60.6,110.0,Extremely Severe/Super Cyclone
200702I,2007060521,22.3,60.3,100.0,Extremely Severe/Super Cyclone
200702I,2007060600,22.6,60.0,90.0,Extremely Severe/Super Cyclone
200702I,2007060603,22.9,59.8,90.0,Extremely Severe/Super Cyclone
200702I,2007060606,23.1,59.5,90.0,Extremely Severe/Super Cyclone
200702I,2007060609,23.5,59.4,83.0,Very Severe Cyclonic Storm
200702I,2007060612,23.8,59.2,75.0,Very Severe Cyclonic Storm
200702I,2007060615,24.1,59.0,70.0,Very Severe Cyclonic Storm
200702I,2007060618,24.5,58.9,65.0,Very Severe Cyclonic Storm
200702I,2007060621,24.6,58.6,60.0,Severe Cyclonic Storm
200702I,2007060700,24.8,58.4,55.0,Severe Cyclonic Storm
200702I,2007060703,24.9,58.3,50.0,Severe Cyclonic Storm
200702I,2007060706,24.9,58.3,45.0,Cyclonic Storm
200702I,2007060709,25.0,58.2,40.0,Cyclonic Storm
200702I,2007060712,25.1,58.2,35.0,Cyclonic Storm
200702I,2007060715,25.3,58.2,30.0,Depression
200702I,2007060718,25.5,58.1,25.0,Depression
200702I,2007060721,25.7,58.0,20.0,Depression
200702I,2007060800,25.9,57.8,15.0,Depression
200703I,2007062100,15.4,87.1,30.0,Depression
200703I,2007062103,15.6,86.2,30.0,Depression
200703I,2007062106,15.7,85.3,30.0,Depression
200703I,2007062109,15.8,84.7,30.0,Depression
200703I,2007062112,15.9,84.1,30.0,Depression
200703I,2007062115,15.9,83.5,30.0,Depression
200703I,2007062118,15.8,82.9,30.0,Depression
200703I,2007062121,15.8,82.3,30.0,Depression
200703I,2007062200,15.7,81.7,30.0,Depression
200703I,2007062203,15.5,81.0,30.0,Depression
200703I,2007062206,15.3,80.2,30.0,Depression
200703I,2007062209,15.8,79.6,28.0,Depression
200703I,2007062212,16.3,79.0,25.0,Depression
200703I,2007062215,16.6,78.5,20.0,Depression
200703I,2007062218,17.0,78.1,15.0,Depression
200703I,2007062221,17.5,77.8,18.0,Depression
200703I,2007062300,18.0,77.5,20.0,Depression
200703I,2007062303,18.6,77.0,20.0,Depression
200703I,2007062306,19.3,76.6,20.0,Depression
200703I,2007062309,19.7,76.0,20.0,Depression
200703I,2007062312,20.1,75.4,20.0,Depression
200703I,2007062315,20.5,74.8,20.0,Depression
200703I,2007062318,20.8,74.2,20.0,Depression
200703I,2007062321,21.1,73.6,20.0,Depression
200703I,2007062400,21.3,72.9,20.0,Depression
200703I,2007062403,21.4,72.2,23.0,Depression
200703I,2007062406,21.5,71.6,25.0,Depression
200703I,2007062409,21.7,71.0,23.0,Depression
200703I,2007062412,21.9,70.4,20.0,Depression
200703I,2007062415,22.0,69.8,20.0,Depression
200703I,2007062418,22.1,69.2,20.0,Depression
200703I,2007062421,22.2,68.6,25.0,Depression
200703I,2007062500,22.3,68.0,30.0,Depression
200703I,2007062503,22.6,67.7,33.0,Depression
200703I,2007062506,22.9,67.3,35.0,Cyclonic Storm
200703I,2007062509,23.2,66.9,35.0,Cyclonic Storm
200703I,2007062512,23.6,66.6,35.0,Cyclonic Storm
200703I,2007062515,24.0,66.3,40.0,Cyclonic Storm
200703I,2007062518,24.4,66.0,45.0,Cyclonic Storm
200703I,2007062521,24.7,65.7,48.0,Severe Cyclonic Storm
200703I,2007062600,25.0,65.4,50.0,Severe Cyclonic Storm
200703I,2007062603,25.4,64.8,50.0,Severe Cyclonic Storm
200703I,2007062606,25.7,64.2,50.0,Severe Cyclonic Storm
200703I,2007062609,25.9,63.7,45.0,Cyclonic Storm
200703I,2007062612,26.2,63.1,40.0,Cyclonic Storm
200703I,2007062615,26.2,62.9,35.0,Cyclonic Storm
200703I,2007062618,26.3,62.6,30.0,Depression
200703I,2007062621,26.8,62.8,28.0,Depression
200703I,2007062700,27.2,62.9,25.0,Depression
200703I,2007062703,27.5,63.2,23.0,Depression
200703I,2007062706,27.8,63.6,20.0,Depression
200703I,2007062709,28.1,63.6,20.0,Depression
200703I,2007062712,28.5,63.6,20.0,Depression
200704I,2007062706,17.6,88.7,25.0,Depression
200704I,2007062709,17.4,88.3,25.0,Depression
200704I,2007062712,17.2,88.0,25.0,Depression
200704I,2007062715,17.1,87.8,25.0,Depression
200704I,2007062718,17.0,87.5,25.0,Depression
200704I,2007062721,17.1,87.2,28.0,Depression
200704I,2007062800,17.1,86.9,30.0,Depression
200704I,2007062803,17.4,86.8,30.0,Depression
200704I,2007062806,17.6,86.6,30.0,Depression
200704I,2007062809,18.0,86.5,33.0,Depression
200704I,2007062812,18.3,86.4,35.0,Cyclonic Storm
200704I,2007062815,18.6,86.3,40.0,Cyclonic Storm
200704I,2007062818,19.0,86.2,45.0,Cyclonic Storm
200704I,2007062821,19.4,85.9,45.0,Cyclonic Storm
200704I,2007062900,19.7,85.6,45.0,Cyclonic Storm
200704I,2007062903,20.0,85.2,43.0,Cyclonic Storm
200704I,2007062906,20.4,84.7,40.0,Cyclonic Storm
200704I,2007062909,20.8,84.2,38.0,Cyclonic Storm
200704I,2007062912,21.2,83.7,35.0,Cyclonic Storm
200704I,2007062915,21.5,83.1,33.0,Depression
200704I,2007062918,21.8,82.5,30.0,Depression
200704I,2007062921,22.1,82.0,25.0,Depression
200704I,2007063000,22.4,81.5,20.0,Depression
200704I,2007063003,22.6,81.0,20.0,Depression
200704I,2007063006,22.9,80.4,20.0,Depression
200705I,2007102712,11.2,67.7,25.0,Depression
200705I,2007102715,11.2,67.5,28.0,Depression
200705I,2007102718,11.2,67.2,30.0,Depression
200705I,2007102721,11.2,67.0,35.0,Cyclonic Storm
200705I,2007102800,11.3,66.8,40.0,Cyclonic Storm
200705I,2007102803,11.4,66.7,40.0,Cyclonic Storm
200705I,2007102806,11.4,66.6,40.0,Cyclonic Storm
200705I,2007102809,11.4,66.5,40.0,Cyclonic Storm
200705I,2007102812,11.5,66.5,40.0,Cyclonic Storm
200705I,2007102815,11.4,66.4,40.0,Cyclonic Storm
200705I,2007102818,11.3,66.3,40.0,Cyclonic Storm
200705I,2007102821,11.2,66.4,40.0,Cyclonic Storm
200705I,2007102900,11.1,66.5,40.0,Cyclonic Storm
200705I,2007102903,11.1,66.7,40.0,Cyclonic Storm
200705I,2007102906,11.1,66.8,40.0,Cyclonic Storm
200705I,2007102909,11.1,66.8,38.0,Cyclonic Storm
200705I,2007102912,11.2,66.7,35.0,Cyclonic Storm
200705I,2007102915,11.2,66.6,35.0,Cyclonic Storm
200705I,2007102918,11.3,66.5,35.0,Cyclonic Storm
200705I,2007102921,11.2,66.3,33.0,Depression
200705I,2007103000,11.2,66.2,30.0,Depression
200705I,2007103003,11.1,66.0,28.0,Depression
200705I,2007103006,11.1,65.7,25.0,Depression
200706I,2007111012,9.7,93.0,20.0,Depression
200706I,2007111015,9.8,92.8,23.0,Depression
200706I,2007111018,9.8,92.7,25.0,Depression
200706I,2007111021,9.9,92.6,28.0,Depression
200706I,2007111100,10.0,92.5,30.0,Depression
200706I,2007111103,10.1,92.3,33.0,Depression
200706I,2007111106,10.1,92.2,35.0,Cyclonic Storm
200706I,2007111109,10.1,92.1,40.0,Cyclonic Storm
200706I,2007111112,10.2,91.9,45.0,Cyclonic Storm
200706I,2007111115,10.2,91.7,48.0,Severe Cyclonic Storm
200706I,2007111118,10.3,91.4,50.0,Severe Cyclonic Storm
200706I,2007111121,10.4,91.1,55.0,Severe Cyclonic Storm
200706I,2007111200,10.4,90.8,60.0,Severe Cyclonic Storm
200706I,2007111203,10.6,90.6,65.0,Very Severe Cyclonic Storm
200706I,2007111206,10.7,90.4,70.0,Very Severe Cyclonic Storm
200706I,2007111209,10.9,90.3,75.0,Very Severe Cyclonic Storm
200706I,2007111212,11.1,90.2,80.0,Very Severe Cyclonic Storm
200706I,2007111215,11.3,90.1,93.0,Extremely Severe/Super Cyclone
200706I,2007111218,11.6,90.0,105.0,Extremely Severe/Super Cyclone
200706I,2007111221,11.8,90.0,108.0,Extremely Severe/Super Cyclone
200706I,2007111300,12.0,89.9,110.0,Extremely Severe/Super Cyclone
200706I,2007111303,12.2,89.8,113.0,Extremely Severe/Super Cyclone
200706I,2007111306,12.5,89.8,115.0,Extremely Severe/Super Cyclone
200706I,2007111309,12.8,89.7,115.0,Extremely Severe/Super Cyclone
200706I,2007111312,13.0,89.6,115.0,Extremely Severe/Super Cyclone
200706I,2007111315,13.3,89.5,115.0,Extremely Severe/Super Cyclone
200706I,2007111318,13.7,89.5,115.0,Extremely Severe/Super Cyclone
200706I,2007111321,14.0,89.5,115.0,Extremely Severe/Super Cyclone
200706I,2007111400,14.3,89.4,115.0,Extremely Severe/Super Cyclone
200706I,2007111403,14.7,89.3,118.0,Extremely Severe/Super Cyclone
200706I,2007111406,15.0,89.3,120.0,Extremely Severe/Super Cyclone
200706I,2007111409,15.4,89.2,125.0,Extremely Severe/Super Cyclone
200706I,2007111412,15.8,89.2,130.0,Extremely Severe/Super Cyclone
200706I,2007111415,16.2,89.2,135.0,Extremely Severe/Super Cyclone
200706I,2007111418,16.6,89.2,140.0,Extremely Severe/Super Cyclone
200706I,2007111421,17.2,89.2,140.0,Extremely Severe/Super Cyclone
200706I,2007111500,17.8,89.2,140.0,Extremely Severe/Super Cyclone
200706I,2007111503,18.6,89.2,140.0,Extremely Severe/Super Cyclone
200706I,2007111506,19.4,89.2,140.0,Extremely Severe/Super Cyclone
200706I,2007111509,20.2,89.3,135.0,Extremely Severe/Super Cyclone
200706I,2007111512,21.0,89.4,130.0,Extremely Severe/Super Cyclone
200706I,2007111515,21.8,89.8,115.0,Extremely Severe/Super Cyclone
200706I,2007111518,22.6,90.2,100.0,Extremely Severe/Super Cyclone
200706I,2007111521,23.5,90.6,80.0,Very Severe Cyclonic Storm
200706I,2007111600,24.3,91.0,60.0,Severe Cyclonic Storm
200801I,2008042518,10.8,89.5,20.0,Depression
200801I,2008042521,10.8,89.1,20.0,Depression
200801I,2008042600,10.7,88.7,20.0,Depression
200801I,2008042603,10.9,88.6,20.0,Depression
200801I,2008042606,11.2,88.5,20.0,Depression
200801I,2008042609,11.3,88.2,20.0,Depression
200801I,2008042612,11.5,87.9,20.0,Depression
200801I,2008042615,11.5,87.6,23.0,Depression
200801I,2008042618,11.5,87.2,25.0,Depression
200801I,2008042621,11.6,87.0,25.0,Depression
200801I,2008042700,11.6,86.7,25.0,Depression
200801I,2008042703,11.6,86.5,28.0,Depression
200801I,2008042706,11.7,86.3,30.0,Depression
200801I,2008042709,11.9,86.1,33.0,Depression
200801I,2008042712,12.2,85.9,35.0,Cyclonic Storm
200801I,2008042715,12.3,85.8,40.0,Cyclonic Storm
200801I,2008042718,12.5,85.7,45.0,Cyclonic Storm
200801I,2008042721,12.7,85.7,50.0,Severe Cyclonic Storm
200801I,2008042800,12.8,85.6,55.0,Severe Cyclonic Storm
200801I,2008042803,12.9,85.6,60.0,Severe Cyclonic Storm
200801I,2008042806,13.1,85.6,65.0,Very Severe Cyclonic Storm
200801I,2008042809,13.0,85.4,68.0,Very Severe Cyclonic Storm
200801I,2008042812,12.9,85.3,70.0,Very Severe Cyclonic Storm
200801I,2008042815,13.1,85.3,73.0,Very Severe Cyclonic Storm
200801I,2008042818,13.2,85.3,75.0,Very Severe Cyclonic Storm
200801I,2008042821,13.2,85.4,75.0,Very Severe Cyclonic Storm
200801I,2008042900,13.3,85.6,75.0,Very Severe Cyclonic Storm
200801I,2008042903,13.2,85.7,75.0,Very Severe Cyclonic Storm
200801I,2008042906,13.1,85.8,75.0,Very Severe Cyclonic Storm
200801I,2008042909,13.3,86.0,73.0,Very Severe Cyclonic Storm
200801I,2008042912,13.5,86.2,70.0,Very Severe Cyclonic Storm
200801I,2008042915,13.8,86.4,70.0,Very Severe Cyclonic Storm
200801I,2008042918,14.0,86.6,70.0,Very Severe Cyclonic Storm
200801I,2008042921,14.2,86.7,70.0,Very Severe Cyclonic Storm
200801I,2008043000,14.4,86.7,70.0,Very Severe Cyclonic Storm
200801I,2008043003,14.6,86.8,65.0,Very Severe Cyclonic Storm
200801I,2008043006,14.7,87.0,60.0,Severe Cyclonic Storm
200801I,2008043009,14.8,87.2,63.0,Severe Cyclonic Storm
200801I,2008043012,15.0,87.5,65.0,Very Severe Cyclonic Storm
200801I,2008043015,15.2,87.8,65.0,Very Severe Cyclonic Storm
200801I,2008043018,15.3,88.2,65.0,Very Severe Cyclonic Storm
200801I,2008043021,15.4,88.6,65.0,Very Severe Cyclonic Storm
200801I,2008050100,15.6,89.0,65.0,Very Severe Cyclonic Storm
200801I,2008050103,15.8,89.4,68.0,Very Severe Cyclonic Storm
200801I,2008050106,15.9,89.8,70.0,Very Severe Cyclonic Storm
200801I,2008050109,15.9,90.2,85.0,Very Severe Cyclonic Storm
200801I,2008050112,15.9,90.7,100.0,Extremely Severe/Super Cyclone
200801I,2008050115,15.9,91.2,100.0,Extremely Severe/Super Cyclone
200801I,2008050118,15.8,91.7,100.0,Extremely Severe/Super Cyclone
200801I,2008050121,15.8,92.2,105.0,Extremely Severe/Super Cyclone
200801I,2008050200,15.8,92.7,110.0,Extremely Severe/Super Cyclone
200801I,2008050203,15.9,93.2,113.0,Extremely Severe/Super Cyclone
200801I,2008050206,15.9,93.6,115.0,Extremely Severe/Super Cyclone
200801I,2008050209,15.9,94.2,115.0,Extremely Severe/Super Cyclone
200801I,2008050212,16.0,94.7,115.0,Extremely Severe/Super Cyclone
200801I,2008050215,16.2,95.2,100.0,Extremely Severe/Super Cyclone
200801I,2008050218,16.4,95.6,85.0,Very Severe Cyclonic Storm
200801I,2008050221,16.6,96.0,78.0,Very Severe Cyclonic Storm
200801I,2008050300,16.8,96.4,70.0,Very Severe Cyclonic Storm
200801I,2008050303,17.1,96.8,60.0,Severe Cyclonic Storm
200801I,2008050306,17.4,97.1,50.0,Severe Cyclonic Storm
200801I,2008050309,17.9,97.3,45.0,Cyclonic Storm
200801I,2008050312,18.3,97.6,40.0,Cyclonic Storm
200801I,2008050315,18.9,97.7,35.0,Cyclonic Storm
200801I,2008050318,19.4,97.8,30.0,Depression
200801I,2008050321,20.1,98.2,28.0,Depression
200801I,2008050400,20.8,98.5,25.0,Depression
200803I,2008102006,9.9,56.5,25.0,Depression
200803I,2008102009,10.1,56.2,25.0,Depression
200803I,2008102012,10.2,55.9,25.0,Depression
200803I,2008102015,10.3,55.6,28.0,Depression
200803I,2008102018,10.5,55.3,30.0,Depression
200803I,2008102021,10.6,55.0,30.0,Depression
200803I,2008102100,10.7,54.7,30.0,Depression
200803I,2008102103,10.8,54.5,30.0,Depression
200803I,2008102106,10.9,54.3,30.0,Depression
200803I,2008102109,11.3,54.3,30.0,Depression
200803I,2008102112,11.7,54.4,30.0,Depression
200803I,2008102115,12.2,54.3,30.0,Depression
200803I,2008102118,12.8,54.2,30.0,Depression
200803I,2008102121,13.1,53.9,30.0,Depression
200803I,2008102200,13.3,53.5,30.0,Depression
200803I,2008102203,13.4,53.2,30.0,Depression
200803I,2008102206,13.5,53.0,30.0,Depression
200803I,2008102209,13.6,52.8,30.0,Depression
200803I,2008102212,13.7,52.6,30.0,Depression
200803I,2008102215,13.7,52.3,30.0,Depression
200803I,2008102218,13.7,52.0,30.0,Depression
200803I,2008102221,13.7,51.7,28.0,Depression
200803I,2008102300,13.7,51.4,25.0,Depression
200803I,2008102303,13.8,51.1,25.0,Depression
200803I,2008102306,13.8,50.8,25.0,Depression
200803I,2008102309,13.9,50.5,25.0,Depression
200803I,2008102312,14.1,50.2,25.0,Depression
200803I,2008102315,14.6,49.9,25.0,Depression
200803I,2008102318,15.0,49.5,25.0,Depression
200804I,2008102412,16.0,85.5,20.0,Depression
200804I,2008102415,16.1,85.8,23.0,Depression
200804I,2008102418,16.1,86.0,25.0,Depression
200804I,2008102421,16.2,86.2,25.0,Depression
200804I,2008102500,16.4,86.5,25.0,Depression
200804I,2008102503,16.5,86.8,28.0,Depression
200804I,2008102506,16.7,87.1,30.0,Depression
200804I,2008102509,16.9,87.3,30.0,Depression
200804I,2008102512,17.2,87.5,30.0,Depression
200804I,2008102515,17.4,87.7,30.0,Depression
200804I,2008102518,17.7,87.8,30.0,Depression
200804I,2008102521,17.9,87.9,33.0,Depression
200804I,2008102600,18.2,88.1,35.0,Cyclonic Storm
200804I,2008102603,18.4,88.2,35.0,Cyclonic Storm
200804I,2008102606,18.7,88.4,35.0,Cyclonic Storm
200804I,2008102609,19.2,88.6,35.0,Cyclonic Storm
200804I,2008102612,19.8,88.8,35.0,Cyclonic Storm
200804I,2008102615,20.4,89.2,40.0,Cyclonic Storm
200804I,2008102618,21.0,89.6,45.0,Cyclonic Storm
200804I,2008102621,22.2,90.0,40.0,Cyclonic Storm
200804I,2008102700,23.4,90.4,35.0,Cyclonic Storm
200804I,2008102703,24.2,90.5,30.0,Depression
200804I,2008102706,25.0,90.6,25.0,Depression
200805I,2008111200,10.9,89.2,20.0,Depression
200805I,2008111203,11.2,88.9,20.0,Depression
200805I,2008111206,11.4,88.6,20.0,Depression
200805I,2008111209,11.4,88.2,20.0,Depression
200805I,2008111212,11.5,87.8,20.0,Depression
200805I,2008111215,11.6,87.3,20.0,Depression
200805I,2008111218,11.6,86.9,20.0,Depression
200805I,2008111221,11.6,86.5,20.0,Depression
200805I,2008111300,11.6,86.0,20.0,Depression
200805I,2008111303,11.6,85.8,20.0,Depression
200805I,2008111306,11.7,85.6,20.0,Depression
200805I,2008111309,11.8,85.5,23.0,Depression
200805I,2008111312,11.9,85.4,25.0,Depression
200805I,2008111315,12.2,85.3,28.0,Depression
200805I,2008111318,12.4,85.3,30.0,Depression
200805I,2008111321,12.7,85.2,33.0,Depression
200805I,2008111400,13.0,85.2,35.0,Cyclonic Storm
200805I,2008111403,13.3,85.0,38.0,Cyclonic Storm
200805I,2008111406,13.6,84.8,40.0,Cyclonic Storm
200805I,2008111409,13.8,84.4,43.0,Cyclonic Storm
200805I,2008111412,14.0,84.1,45.0,Cyclonic Storm
200805I,2008111415,14.2,83.8,45.0,Cyclonic Storm
200805I,2008111418,14.4,83.5,45.0,Cyclonic Storm
200805I,2008111421,14.4,83.2,45.0,Cyclonic Storm
200805I,2008111500,14.3,82.9,45.0,Cyclonic Storm
200805I,2008111503,14.2,82.7,43.0,Cyclonic Storm
200805I,2008111506,14.2,82.4,40.0,Cyclonic Storm
200805I,2008111509,14.3,82.0,40.0,Cyclonic Storm
200805I,2008111512,14.4,81.6,40.0,Cyclonic Storm
200805I,2008111515,14.4,81.2,40.0,Cyclonic Storm
200805I,2008111518,14.5,80.7,40.0,Cyclonic Storm
200805I,2008111521,14.7,80.2,38.0,Cyclonic Storm
200805I,2008111600,14.8,79.8,35.0,Cyclonic Storm
200805I,2008111603,15.1,79.3,30.0,Depression
200805I,2008111606,15.4,78.8,25.0,Depression
200806I,2008112412,8.9,81.3,15.0,Depression
200806I,2008112415,8.9,81.2,18.0,Depression
200806I,2008112418,9.0,81.1,20.0,Depression
200806I,2008112421,9.1,81.0,23.0,Depression
200806I,2008112500,9.1,80.9,25.0,Depression
200806I,2008112503,9.2,80.8,28.0,Depression
200806I,2008112506,9.3,80.7,30.0,Depression
200806I,2008112509,9.4,80.6,30.0,Depression
200806I,2008112512,9.6,80.5,30.0,Depression
200806I,2008112515,9.8,80.5,33.0,Depression
200806I,2008112518,9.9,80.5,35.0,Cyclonic Storm
200806I,2008112521,10.1,80.6,40.0,Cyclonic Storm
200806I,2008112600,10.2,80.7,45.0,Cyclonic Storm
200806I,2008112603,10.4,80.7,48.0,Severe Cyclonic Storm
200806I,2008112606,10.6,80.7,50.0,Severe Cyclonic Storm
200806I,2008112609,10.8,80.7,50.0,Severe Cyclonic Storm
200806I,2008112612,10.9,80.6,50.0,Severe Cyclonic Storm
200806I,2008112615,11.0,80.4,50.0,Severe Cyclonic Storm
200806I,2008112618,11.1,80.3,50.0,Severe Cyclonic Storm
200806I,2008112621,11.2,80.2,50.0,Severe Cyclonic Storm
200806I,2008112700,11.3,80.0,50.0,Severe Cyclonic Storm
200806I,2008112703,11.4,79.8,50.0,Severe Cyclonic Storm
200806I,2008112706,11.6,79.5,50.0,Severe Cyclonic Storm
200806I,2008112709,11.6,79.0,45.0,Cyclonic Storm
200806I,2008112712,11.7,78.6,40.0,Cyclonic Storm
200806I,2008112715,11.9,78.2,35.0,Cyclonic Storm
200806I,2008112718,12.1,77.7,30.0,Depression
200806I,2008112721,12.3,77.1,25.0,Depression
200806I,2008112800,12.5,76.4,20.0,Depression
200807I,2008120306,5.9,91.3,20.0,Depression
200807I,2008120309,6.0,91.2,23.0,Depression
200807I,2008120312,6.0,91.1,25.0,Depression
200807I,2008120315,6.1,90.9,28.0,Depression
200807I,2008120318,6.2,90.8,30.0,Depression
200807I,2008120321,6.3,90.7,30.0,Depression
200807I,2008120400,6.4,90.5,30.0,Depression
200807I,2008120403,6.6,90.3,30.0,Depression
200807I,2008120406,6.7,90.2,30.0,Depression
200807I,2008120409,6.9,90.0,30.0,Depression
200807I,2008120412,7.1,89.7,30.0,Depression
200807I,2008120415,7.3,89.5,30.0,Depression
200807I,2008120418,7.5,89.2,30.0,Depression
200807I,2008120421,7.7,89.0,30.0,Depression
200807I,2008120500,7.8,88.7,30.0,Depression
200807I,2008120503,8.0,88.4,33.0,Depression
200807I,2008120506,8.2,88.1,35.0,Cyclonic Storm
200807I,2008120509,8.4,87.8,35.0,Cyclonic Storm
200807I,2008120512,8.6,87.4,35.0,Cyclonic Storm
200807I,2008120515,8.6,86.9,35.0,Cyclonic Storm
200807I,2008120518,8.6,86.4,35.0,Cyclonic Storm
200807I,2008120521,8.4,86.0,35.0,Cyclonic Storm
200807I,2008120600,8.3,85.6,35.0,Cyclonic Storm
200807I,2008120603,8.2,85.2,35.0,Cyclonic Storm
200807I,2008120606,8.1,84.8,35.0,Cyclonic Storm
200807I,2008120609,8.0,84.4,35.0,Cyclonic Storm
200807I,2008120612,7.9,84.1,35.0,Cyclonic Storm
200807I,2008120615,7.8,83.8,33.0,Depression
200807I,2008120618,7.8,83.6,30.0,Depression
200807I,2008120621,7.8,83.4,28.0,Depression
200807I,2008120700,7.8,83.2,25.0,Depression
200807I,2008120703,7.8,83.0,25.0,Depression
200807I,2008120706,7.8,82.8,25.0,Depression
200807I,2008120709,7.8,82.4,25.0,Depression
200807I,2008120712,7.8,82.0,25.0,Depression
200807I,2008120715,7.7,81.5,25.0,Depression
200807I,2008120718,7.5,81.0,25.0,Depression
200807I,2008120721,7.2,80.5,25.0,Depression
200807I,2008120800,7.0,79.9,25.0,Depression
200807I,2008120803,6.8,79.5,25.0,Depression
200807I,2008120806,6.7,79.1,25.0,Depression
200807I,2008120809,6.6,78.9,25.0,Depression
200807I,2008120812,6.4,78.7,25.0,Depression
200807I,2008120815,6.5,78.4,25.0,Depression
200807I,2008120818,6.6,78.1,25.0,Depression
200807I,2008120821,6.7,77.7,23.0,Depression
200807I,2008120900,6.7,77.3,20.0,Depression
200807I,2008120903,6.7,76.9,18.0,Depression
200807I,2008120906,6.7,76.5,15.0,Depression
200807I,2008120909,6.7,75.9,15.0,Depression
200807I,2008120912,6.7,75.3,15.0,Depression
200807I,2008120915,6.9,74.6,15.0,Depression
200807I,2008120918,7.1,73.9,15.0,Depression
200903I,2009090400,19.5,88.4,20.0,Depression
200903I,2009090403,19.6,88.2,20.0,Depression
200903I,2009090406,19.6,88.0,20.0,Depression
200903I,2009090409,19.8,87.9,20.0,Depression
200903I,2009090412,19.9,87.8,20.0,Depression
200903I,2009090415,20.1,87.8,23.0,Depression
200903I,2009090418,20.4,87.9,25.0,Depression
200903I,2009090421,20.6,88.1,28.0,Depression
200903I,2009090500,20.9,88.2,30.0,Depression
200903I,2009090503,21.2,88.2,33.0,Depression
200903I,2009090506,21.6,88.2,35.0,Cyclonic Storm
200903I,2009090509,21.9,87.9,38.0,Cyclonic Storm
200903I,2009090512,22.2,87.6,40.0,Cyclonic Storm
200903I,2009090515,22.4,87.4,38.0,Cyclonic Storm
200903I,2009090518,22.6,87.2,35.0,Cyclonic Storm
200903I,2009090521,22.9,86.9,33.0,Depression
200903I,2009090600,23.1,86.6,30.0,Depression
200903I,2009090603,23.2,86.3,30.0,Depression
200903I,2009090606,23.4,86.1,30.0,Depression
200903I,2009090609,23.5,85.8,28.0,Depression
200903I,2009090612,23.7,85.5,25.0,Depression
200903I,2009090615,23.8,85.2,25.0,Depression
200903I,2009090618,23.9,84.9,25.0,Depression
200903I,2009090621,23.9,84.6,20.0,Depression
200903I,2009090700,24.0,84.3,15.0,Depression
200904I,2009110912,12.3,71.2,30.0,Depression
200904I,2009110915,12.6,71.2,33.0,Depression
200904I,2009110918,12.8,71.1,35.0,Cyclonic Storm
200904I,2009110921,13.1,71.1,35.0,Cyclonic Storm
200904I,2009111000,13.4,71.1,35.0,Cyclonic Storm
200904I,2009111003,13.8,71.2,35.0,Cyclonic Storm
200904I,2009111006,14.2,71.3,35.0,Cyclonic Storm
200904I,2009111009,14.6,71.4,40.0,Cyclonic Storm
200904I,2009111012,14.9,71.6,45.0,Cyclonic Storm
200904I,2009111015,15.2,71.8,48.0,Severe Cyclonic Storm
200904I,2009111018,15.6,72.0,50.0,Severe Cyclonic Storm
200904I,2009111021,16.1,72.3,50.0,Severe Cyclonic Storm
200904I,2009111100,16.5,72.7,50.0,Severe Cyclonic Storm
200904I,2009111103,17.2,72.9,48.0,Severe Cyclonic Storm
200904I,2009111106,18.0,73.1,45.0,Cyclonic Storm
200904I,2009111109,18.7,73.4,40.0,Cyclonic Storm
200904I,2009111112,19.4,73.8,35.0,Cyclonic Storm
200905I,2009121100,8.0,84.8,25.0,Depression
200905I,2009121103,8.3,84.8,28.0,Depression
200905I,2009121106,8.7,84.9,30.0,Depression
200905I,2009121109,8.9,85.1,35.0,Cyclonic Storm
200905I,2009121112,9.1,85.2,40.0,Cyclonic Storm
200905I,2009121115,9.3,85.2,43.0,Cyclonic Storm
200905I,2009121118,9.6,85.1,45.0,Cyclonic Storm
200905I,2009121121,9.7,84.9,45.0,Cyclonic Storm
200905I,2009121200,9.8,84.7,45.0,Cyclonic Storm
200905I,2009121203,9.9,84.5,45.0,Cyclonic Storm
200905I,2009121206,9.9,84.3,45.0,Cyclonic Storm
200905I,2009121209,9.8,84.0,45.0,Cyclonic Storm
200905I,2009121212,9.7,83.8,45.0,Cyclonic Storm
200905I,2009121215,9.5,83.7,45.0,Cyclonic Storm
200905I,2009121218,9.3,83.5,45.0,Cyclonic Storm
200905I,2009121221,9.2,83.4,43.0,Cyclonic Storm
200905I,2009121300,9.1,83.3,40.0,Cyclonic Storm
200905I,2009121303,9.1,83.2,38.0,Cyclonic Storm
200905I,2009121306,9.0,83.0,35.0,Cyclonic Storm
200905I,2009121309,8.9,82.8,35.0,Cyclonic Storm
200905I,2009121312,8.9,82.6,35.0,Cyclonic Storm
200905I,2009121315,8.9,82.3,35.0,Cyclonic Storm
200905I,2009121318,8.9,82.1,35.0,Cyclonic Storm
200905I,2009121321,8.9,81.8,33.0,Depression
200905I,2009121400,8.9,81.6,30.0,Depression
200905I,2009121403,8.7,81.5,30.0,Depression
200905I,2009121406,8.5,81.5,30.0,Depression
200905I,2009121409,8.5,81.4,28.0,Depression
200905I,2009121412,8.5,81.3,25.0,Depression
200905I,2009121415,8.5,81.2,20.0,Depression
200905I,2009121418,8.5,81.1,15.0,Depression
201001I,2010051700,10.5,89.7,20.0,Depression
201001I,2010051703,10.7,89.2,23.0,Depression
201001I,2010051706,10.9,88.8,25.0,Depression
201001I,2010051709,11.2,88.3,28.0,Depression
201001I,2010051712,11.4,87.9,30.0,Depression
201001I,2010051715,11.6,87.4,33.0,Depression
201001I,2010051718,11.7,86.9,35.0,Cyclonic Storm
201001I,2010051721,11.9,86.5,38.0,Cyclonic Storm
201001I,2010051800,12.1,86.0,40.0,Cyclonic Storm
201001I,2010051803,12.3,85.3,43.0,Cyclonic Storm
201001I,2010051806,12.5,84.7,45.0,Cyclonic Storm
201001I,2010051809,12.8,84.1,50.0,Severe Cyclonic Storm
201001I,2010051812,13.1,83.4,55.0,Severe Cyclonic Storm
201001I,2010051815,13.1,83.0,58.0,Severe Cyclonic Storm
201001I,2010051818,13.2,82.6,60.0,Severe Cyclonic Storm
201001I,2010051821,13.3,82.2,63.0,Severe Cyclonic Storm
201001I,2010051900,13.4,81.9,65.0,Very Severe Cyclonic Storm
201001I,2010051903,13.6,81.7,65.0,Very Severe Cyclonic Storm
201001I,2010051906,13.7,81.5,65.0,Very Severe Cyclonic Storm
201001I,2010051909,13.8,81.5,63.0,Severe Cyclonic Storm
201001I,2010051912,14.0,81.4,60.0,Severe Cyclonic Storm
201001I,2010051915,14.3,81.3,58.0,Severe Cyclonic Storm
201001I,2010051918,14.6,81.2,55.0,Severe Cyclonic Storm
201001I,2010051921,14.8,81.1,55.0,Severe Cyclonic Storm
201001I,2010052000,15.1,80.9,55.0,Severe Cyclonic Storm
201001I,2010052003,15.2,80.8,55.0,Severe Cyclonic Storm
201001I,2010052006,15.4,80.6,55.0,Severe Cyclonic Storm
201001I,2010052009,15.6,80.5,55.0,Severe Cyclonic Storm
201001I,2010052012,15.7,80.5,55.0,Severe Cyclonic Storm
201001I,2010052015,15.8,80.5,55.0,Severe Cyclonic Storm
201001I,2010052018,16.0,80.6,55.0,Severe Cyclonic Storm
201001I,2010052021,16.2,80.7,53.0,Severe Cyclonic Storm
201001I,2010052100,16.4,80.8,50.0,Severe Cyclonic Storm
201001I,2010052103,16.5,80.9,45.0,Cyclonic Storm
201001I,2010052106,16.7,81.1,40.0,Cyclonic Storm
201001I,2010052109,16.8,81.3,35.0,Cyclonic Storm
201001I,2010052112,16.9,81.5,30.0,Depression
201001I,2010052115,17.0,81.7,28.0,Depression
201001I,2010052118,17.1,81.9,25.0,Depression
201002I,2010051518,9.4,57.0,15.0,Depression
201002I,2010051521,9.6,57.0,15.0,Depression
201002I,2010051600,9.8,57.0,15.0,Depression
201002I,2010051603,9.9,56.9,15.0,Depression
201002I,2010051606,10.0,56.8,15.0,Depression
201002I,2010051609,10.1,56.5,15.0,Depression
201002I,2010051612,10.1,56.1,15.0,Depression
201002I,2010051615,10.0,56.0,15.0,Depression
201002I,2010051618,9.9,56.0,15.0,Depression
201002I,2010051621,9.8,56.3,15.0,Depression
201002I,2010051700,9.6,56.6,15.0,Depression
201002I,2010051703,9.6,57.0,15.0,Depression
201002I,2010051706,9.7,57.3,15.0,Depression
201002I,2010051709,9.5,57.5,15.0,Depression
201002I,2010051712,9.3,57.6,15.0,Depression
201002I,2010051715,9.1,57.5,15.0,Depression
201002I,2010051718,8.9,57.3,15.0,Depression
201002I,2010051721,9.1,57.0,15.0,Depression
201002I,2010051800,9.2,56.7,15.0,Depression
201002I,2010051803,9.4,56.6,15.0,Depression
201002I,2010051806,9.6,56.5,15.0,Depression
201002I,2010051809,9.9,56.3,15.0,Depression
201002I,2010051812,10.2,56.1,15.0,Depression
201002I,2010051815,10.4,55.8,18.0,Depression
201002I,2010051818,10.6,55.4,20.0,Depression
201002I,2010051821,10.8,55.0,23.0,Depression
201002I,2010051900,10.9,54.5,25.0,Depression
201002I,2010051903,11.0,54.2,28.0,Depression
201002I,2010051906,11.1,54.0,30.0,Depression
201002I,2010051909,11.2,53.8,33.0,Depression
201002I,2010051912,11.3,53.5,35.0,Cyclonic Storm
201002I,2010051915,11.4,53.3,35.0,Cyclonic Storm
201002I,2010051918,11.4,53.1,35.0,Cyclonic Storm
201002I,2010051921,11.6,53.0,38.0,Cyclonic Storm
201002I,2010052000,11.7,52.9,40.0,Cyclonic Storm
201002I,2010052003,11.8,52.8,40.0,Cyclonic Storm
201002I,2010052006,12.0,52.7,40.0,Cyclonic Storm
201002I,2010052009,12.1,52.6,43.0,Cyclonic Storm
201002I,2010052012,12.2,52.5,45.0,Cyclonic Storm
201002I,2010052015,12.3,52.4,45.0,Cyclonic Storm
201002I,2010052018,12.4,52.3,45.0,Cyclonic Storm
201002I,2010052021,12.5,52.2,45.0,Cyclonic Storm
201002I,2010052100,12.6,52.1,45.0,Cyclonic Storm
201002I,2010052103,12.6,52.0,50.0,Severe Cyclonic Storm
201002I,2010052106,12.7,51.8,55.0,Severe Cyclonic Storm
201002I,2010052109,12.8,51.8,55.0,Severe Cyclonic Storm
201002I,2010052112,12.8,51.9,55.0,Severe Cyclonic Storm
201002I,2010052115,12.7,51.8,53.0,Severe Cyclonic Storm
201002I,2010052118,12.6,51.8,50.0,Severe Cyclonic Storm
201002I,2010052121,12.6,51.6,48.0,Severe Cyclonic Storm
201002I,2010052200,12.6,51.5,45.0,Cyclonic Storm
201002I,2010052203,12.6,51.4,43.0,Cyclonic Storm
201002I,2010052206,12.6,51.3,40.0,Cyclonic Storm
201002I,2010052209,12.6,51.2,38.0,Cyclonic Storm
201002I,2010052212,12.6,51.1,35.0,Cyclonic Storm
201002I,2010052215,12.6,50.9,33.0,Depression
201002I,2010052218,12.6,50.7,30.0,Depression
201003I,2010053018,14.5,64.7,20.0,Depression
201003I,2010053021,14.5,64.6,23.0,Depression
201003I,2010053100,14.5,64.4,25.0,Depression
201003I,2010053103,14.6,64.3,28.0,Depression
201003I,2010053106,14.7,64.2,30.0,Depression
201003I,2010053109,14.8,64.1,30.0,Depression
201003I,2010053112,15.0,64.0,30.0,Depression
201003I,2010053115,15.2,63.9,33.0,Depression
201003I,2010053118,15.4,63.7,35.0,Cyclonic Storm
201003I,2010053121,15.6,63.5,40.0,Cyclonic Storm
201003I,2010060100,15.8,63.2,45.0,Cyclonic Storm
201003I,2010060103,16.1,63.0,50.0,Severe Cyclonic Storm
201003I,2010060106,16.3,62.7,55.0,Severe Cyclonic Storm
201003I,2010060109,16.6,62.5,58.0,Severe Cyclonic Storm
201003I,2010060112,16.8,62.3,60.0,Severe Cyclonic Storm
201003I,2010060115,17.0,62.0,68.0,Very Severe Cyclonic Storm
201003I,2010060118,17.1,61.6,75.0,Very Severe Cyclonic Storm
201003I,2010060121,17.2,61.3,83.0,Very Severe Cyclonic Storm
201003I,2010060200,17.4,61.0,90.0,Extremely Severe/Super Cyclone
201003I,2010060203,17.6,60.8,103.0,Extremely Severe/Super Cyclone
201003I,2010060206,17.8,60.5,115.0,Extremely Severe/Super Cyclone
201003I,2010060209,18.0,60.2,120.0,Extremely Severe/Super Cyclone
201003I,2010060212,18.2,60.0,125.0,Extremely Severe/Super Cyclone
201003I,2010060215,18.3,59.9,123.0,Extremely Severe/Super Cyclone
201003I,2010060218,18.4,59.7,120.0,Extremely Severe/Super Cyclone
201003I,2010060221,18.4,59.7,120.0,Extremely Severe/Super Cyclone
201003I,2010060300,18.5,59.6,120.0,Extremely Severe/Super Cyclone
201003I,2010060303,18.8,59.6,118.0,Extremely Severe/Super Cyclone
201003I,2010060306,19.1,59.6,115.0,Extremely Severe/Super Cyclone
201003I,2010060309,19.6,59.5,113.0,Extremely Severe/Super Cyclone
201003I,2010060312,20.0,59.5,110.0,Extremely Severe/Super Cyclone
201003I,2010060315,20.4,59.4,108.0,Extremely Severe/Super Cyclone
201003I,2010060318,20.8,59.2,105.0,Extremely Severe/Super Cyclone
201003I,2010060321,21.1,59.2,98.0,Extremely Severe/Super Cyclone
201003I,2010060400,21.5,59.1,90.0,Extremely Severe/Super Cyclone
201003I,2010060403,21.9,59.2,83.0,Very Severe Cyclonic Storm
201003I,2010060406,22.3,59.2,75.0,Very Severe Cyclonic Storm
201003I,2010060409,22.6,59.3,70.0,Very Severe Cyclonic Storm
201003I,2010060412,23.0,59.4,65.0,Very Severe Cyclonic Storm
201003I,2010060415,23.3,59.5,60.0,Severe Cyclonic Storm
201003I,2010060418,23.6,59.7,55.0,Severe Cyclonic Storm
201003I,2010060421,23.8,60.0,50.0,Severe Cyclonic Storm
201003I,2010060500,23.9,60.3,45.0,Cyclonic Storm
201003I,2010060503,23.9,60.6,43.0,Cyclonic Storm
201003I,2010060506,23.8,61.0,40.0,Cyclonic Storm
201003I,2010060509,23.6,61.3,40.0,Cyclonic Storm
201003I,2010060512,23.5,61.6,40.0,Cyclonic Storm
201003I,2010060515,23.4,62.0,38.0,Cyclonic Storm
201003I,2010060518,23.2,62.4,35.0,Cyclonic Storm
201003I,2010060521,23.0,63.2,35.0,Cyclonic Storm
201003I,2010060600,22.9,64.1,35.0,Cyclonic Storm
201003I,2010060603,23.1,64.9,35.0,Cyclonic Storm
201003I,2010060606,23.4,65.8,35.0,Cyclonic Storm
201003I,2010060609,24.0,66.5,33.0,Depression
201003I,2010060612,24.6,67.3,30.0,Depression
201003I,2010060615,24.9,67.8,30.0,Depression
201003I,2010060618,25.2,68.3,30.0,Depression
201003I,2010060621,25.7,69.2,28.0,Depression
201003I,2010060700,26.2,70.1,25.0,Depression
201003I,2010060703,26.9,71.7,28.0,Depression
201003I,2010060706,27.6,73.3,30.0,Depression
201005I,2010110100,6.0,103.5,20.0,Depression
201005I,2010110103,6.2,103.0,20.0,Depression
201005I,2010110106,6.5,102.6,20.0,Depression
201005I,2010110109,6.8,102.2,20.0,Depression
201005I,2010110112,7.1,101.7,20.0,Depression
201005I,2010110115,7.3,101.2,20.0,Depression
201005I,2010110118,7.6,100.7,20.0,Depression
201005I,2010110121,7.7,99.8,20.0,Depression
201005I,2010110200,7.7,98.9,20.0,Depression
201005I,2010110203,8.1,98.4,20.0,Depression
201005I,2010110206,8.4,97.9,20.0,Depression
201005I,2010110209,8.4,97.4,20.0,Depression
201005I,2010110212,8.3,96.9,20.0,Depression
201005I,2010110215,8.3,96.4,23.0,Depression
201005I,2010110218,8.3,95.9,25.0,Depression
201005I,2010110221,8.3,95.4,25.0,Depression
201005I,2010110300,8.3,94.9,25.0,Depression
201005I,2010110303,8.3,94.5,25.0,Depression
201005I,2010110306,8.3,94.0,25.0,Depression
201005I,2010110309,8.3,93.6,25.0,Depression
201005I,2010110312,8.3,93.2,25.0,Depression
201005I,2010110315,8.4,92.8,28.0,Depression
201005I,2010110318,8.4,92.3,30.0,Depression
201005I,2010110321,8.4,91.9,30.0,Depression
201005I,2010110400,8.5,91.5,30.0,Depression
201005I,2010110403,8.6,91.2,30.0,Depression
201005I,2010110406,8.7,90.8,30.0,Depression
201005I,2010110409,8.8,90.4,33.0,Depression
201005I,2010110412,8.8,90.0,35.0,Cyclonic Storm
201005I,2010110415,8.9,89.7,35.0,Cyclonic Storm
201005I,2010110418,9.0,89.3,35.0,Cyclonic Storm
201005I,2010110421,9.1,88.9,40.0,Cyclonic Storm
201005I,2010110500,9.2,88.6,45.0,Cyclonic Storm
201005I,2010110503,9.3,88.2,45.0,Cyclonic Storm
201005I,2010110506,9.4,87.9,45.0,Cyclonic Storm
201005I,2010110509,9.6,87.5,45.0,Cyclonic Storm
201005I,2010110512,9.7,87.1,45.0,Cyclonic Storm
201005I,2010110515,9.9,86.8,50.0,Severe Cyclonic Storm
201005I,2010110518,10.1,86.5,55.0,Severe Cyclonic Storm
201005I,2010110521,10.2,86.2,55.0,Severe Cyclonic Storm
201005I,2010110600,10.4,86.0,55.0,Severe Cyclonic Storm
201005I,2010110603,10.6,85.8,55.0,Severe Cyclonic Storm
201005I,2010110606,10.7,85.5,55.0,Severe Cyclonic Storm
201005I,2010110609,10.9,85.1,55.0,Severe Cyclonic Storm
201005I,2010110612,11.2,84.7,55.0,Severe Cyclonic Storm
201005I,2010110615,11.4,84.3,55.0,Severe Cyclonic Storm
201005I,2010110618,11.6,83.9,55.0,Severe Cyclonic Storm
201005I,2010110621,11.8,83.4,50.0,Severe Cyclonic Storm
201005I,2010110700,12.1,82.9,45.0,Cyclonic Storm
201005I,2010110703,12.3,82.3,45.0,Cyclonic Storm
201005I,2010110706,12.5,81.8,45.0,Cyclonic Storm
201005I,2010110709,12.7,81.5,43.0,Cyclonic Storm
201005I,2010110712,12.9,81.2,40.0,Cyclonic Storm
201005I,2010110715,13.1,80.6,38.0,Cyclonic Storm
201005I,2010110718,13.3,80.0,35.0,Cyclonic Storm
201005I,2010110721,14.0,79.3,33.0,Depression
201005I,2010110800,14.7,78.6,30.0,Depression
201101I,2011060912,18.3,70.3,25.0,Depression
201101I,2011060915,18.5,70.4,25.0,Depression
201101I,2011060918,18.6,70.6,25.0,Depression
201101I,2011060921,18.8,70.7,25.0,Depression
201101I,2011061000,19.0,70.7,25.0,Depression
201101I,2011061003,19.1,70.9,25.0,Depression
201101I,2011061006,19.1,71.1,25.0,Depression
201101I,2011061009,19.1,71.4,28.0,Depression
201101I,2011061012,19.0,71.7,30.0,Depression
201101I,2011061015,19.1,71.8,30.0,Depression
201101I,2011061018,19.1,71.9,30.0,Depression
201101I,2011061021,19.1,72.0,30.0,Depression
201101I,2011061100,19.2,72.1,30.0,Depression
201101I,2011061103,19.4,72.0,33.0,Depression
201101I,2011061106,19.5,72.0,35.0,Cyclonic Storm
201101I,2011061109,19.8,71.8,35.0,Cyclonic Storm
201101I,2011061112,20.0,71.7,35.0,Cyclonic Storm
201101I,2011061115,20.1,71.5,35.0,Cyclonic Storm
201101I,2011061118,20.3,71.3,35.0,Cyclonic Storm
201101I,2011061121,20.4,71.1,33.0,Depression
201101I,2011061200,20.5,70.9,30.0,Depression
201101I,2011061203,20.4,70.6,25.0,Depression
201101I,2011061206,20.4,70.3,20.0,Depression
201101I,2011061209,20.6,70.2,23.0,Depression
201101I,2011061212,20.9,70.1,25.0,Depression
201102I,2011101706,15.5,89.2,15.0,Depression
201102I,2011101709,15.7,89.0,15.0,Depression
201102I,2011101712,15.9,88.8,15.0,Depression
201102I,2011101715,16.2,88.7,15.0,Depression
201102I,2011101718,16.6,88.6,15.0,Depression
201102I,2011101721,17.0,88.6,15.0,Depression
201102I,2011101800,17.4,88.6,15.0,Depression
201102I,2011101803,17.9,88.5,18.0,Depression
201102I,2011101806,18.3,88.4,20.0,Depression
201102I,2011101809,18.8,88.8,23.0,Depression
201102I,2011101812,19.2,89.2,25.0,Depression
201102I,2011101815,19.4,89.7,28.0,Depression
201102I,2011101818,19.7,90.1,30.0,Depression
201102I,2011101821,19.9,90.5,33.0,Depression
201102I,2011101900,20.2,90.9,35.0,Cyclonic Storm
201102I,2011101903,20.4,91.2,35.0,Cyclonic Storm
201102I,2011101906,20.6,91.5,35.0,Cyclonic Storm
201102I,2011101909,21.0,91.8,33.0,Depression
201102I,2011101912,21.4,92.1,30.0,Depression
201102I,2011101915,21.5,92.6,28.0,Depression
201102I,2011101918,21.7,93.1,25.0,Depression
201103I,2011110106,15.8,56.3,20.0,Depression
201103I,2011110109,15.9,56.0,25.0,Depression
201103I,2011110112,15.9,55.8,30.0,Depression
201103I,2011110115,15.9,55.6,30.0,Depression
201103I,2011110118,16.0,55.4,30.0,Depression
201103I,2011110121,16.1,55.3,33.0,Depression
201103I,2011110200,16.2,55.2,35.0,Cyclonic Storm
201103I,2011110203,16.4,55.1,38.0,Cyclonic Storm
201103I,2011110206,16.5,55.0,40.0,Cyclonic Storm
201103I,2011110209,16.7,55.0,40.0,Cyclonic Storm
201103I,2011110212,16.9,55.0,40.0,Cyclonic Storm
201103I,2011110215,16.9,54.9,43.0,Cyclonic Storm
201103I,2011110218,16.9,54.8,45.0,Cyclonic Storm
201103I,2011110221,16.9,54.8,48.0,Severe Cyclonic Storm
201103I,2011110300,16.8,54.9,50.0,Severe Cyclonic Storm
201103I,2011110303,17.0,55.0,53.0,Severe Cyclonic Storm
201103I,2011110306,17.1,55.0,55.0,Severe Cyclonic Storm
201103I,2011110309,17.1,55.1,53.0,Severe Cyclonic Storm
201103I,2011110312,17.2,55.3,50.0,Severe Cyclonic Storm
201103I,2011110315,17.1,55.4,48.0,Severe Cyclonic Storm
201103I,2011110318,17.1,55.5,45.0,Cyclonic Storm
201103I,2011110321,16.9,55.2,43.0,Cyclonic Storm
201103I,2011110400,16.6,54.9,40.0,Cyclonic Storm
201103I,2011110403,16.5,54.6,35.0,Cyclonic Storm
201103I,2011110406,16.3,54.3,30.0,Depression
201103I,2011110409,16.1,54.1,30.0,Depression
201103I,2011110412,16.0,53.9,30.0,Depression
201103I,2011110415,15.9,53.7,30.0,Depression
201103I,2011110418,15.9,53.5,30.0,Depression
201103I,2011110421,15.9,53.2,28.0,Depression
201103I,2011110500,16.0,53.0,25.0,Depression
201103I,2011110503,16.3,52.8,25.0,Depression
201103I,2011110506,16.6,52.6,25.0,Depression
201104I,2011110718,13.2,59.9,25.0,Depression
201104I,2011110721,13.4,59.8,28.0,Depression
201104I,2011110800,13.7,59.6,30.0,Depression
201104I,2011110803,13.8,59.4,30.0,Depression
201104I,2011110806,13.8,59.1,30.0,Depression
201104I,2011110809,14.1,59.0,33.0,Depression
201104I,2011110812,14.3,59.0,35.0,Cyclonic Storm
201104I,2011110815,14.6,59.0,35.0,Cyclonic Storm
201104I,2011110818,14.8,58.9,35.0,Cyclonic Storm
201104I,2011110821,15.0,58.8,35.0,Cyclonic Storm
201104I,2011110900,15.2,58.7,35.0,Cyclonic Storm
201104I,2011110903,15.3,58.6,33.0,Depression
201104I,2011110906,15.5,58.5,30.0,Depression
201104I,2011110909,15.7,58.5,30.0,Depression
201104I,2011110912,15.8,58.5,30.0,Depression
201104I,2011110915,15.9,58.5,28.0,Depression
201104I,2011110918,16.0,58.6,25.0,Depression
201104I,2011110921,16.1,58.5,25.0,Depression
201104I,2011111000,16.3,58.5,25.0,Depression
201104I,2011111003,16.1,58.4,25.0,Depression
201104I,2011111006,15.9,58.3,25.0,Depression
201104I,2011111009,15.4,58.5,25.0,Depression
201104I,2011111012,14.9,58.8,25.0,Depression
201104I,2011111015,14.7,58.7,25.0,Depression
201104I,2011111018,14.5,58.6,25.0,Depression
201104I,2011111021,14.3,58.0,25.0,Depression
201104I,2011111100,14.1,57.5,25.0,Depression
201104I,2011111103,13.9,57.1,20.0,Depression
201104I,2011111106,13.7,56.8,15.0,Depression
201104I,2011111109,13.6,56.5,15.0,Depression
201104I,2011111112,13.5,56.3,15.0,Depression
201105I,2011112518,6.8,77.2,30.0,Depression
201105I,2011112521,7.2,76.8,30.0,Depression
201105I,2011112600,7.6,76.4,30.0,Depression
201105I,2011112603,8.0,76.1,30.0,Depression
201105I,2011112606,8.3,75.7,30.0,Depression
201105I,2011112609,8.6,75.2,30.0,Depression
201105I,2011112612,8.9,74.8,30.0,Depression
201105I,2011112615,9.2,74.4,30.0,Depression
201105I,2011112618,9.6,74.0,30.0,Depression
201105I,2011112621,10.0,73.6,30.0,Depression
201105I,2011112700,10.4,73.2,30.0,Depression
201105I,2011112703,10.9,72.8,30.0,Depression
201105I,2011112706,11.3,72.3,30.0,Depression
201105I,2011112709,11.8,71.8,30.0,Depression
201105I,2011112712,12.2,71.4,30.0,Depression
201105I,2011112715,12.6,70.9,30.0,Depression
201105I,2011112718,13.0,70.4,30.0,Depression
201105I,2011112721,13.4,70.0,30.0,Depression
201105I,2011112800,13.8,69.5,30.0,Depression
201105I,2011112803,14.2,69.1,33.0,Depression
201105I,2011112806,14.6,68.7,35.0,Cyclonic Storm
201105I,2011112809,14.8,68.4,35.0,Cyclonic Storm
201105I,2011112812,15.1,68.1,35.0,Cyclonic Storm
201105I,2011112815,15.3,67.8,35.0,Cyclonic Storm
201105I,2011112818,15.5,67.6,35.0,Cyclonic Storm
201105I,2011112821,15.6,67.3,33.0,Depression
201105I,2011112900,15.6,67.1,30.0,Depression
201105I,2011112903,15.6,66.8,30.0,Depression
201105I,2011112906,15.7,66.6,30.0,Depression
201105I,2011112909,16.1,66.3,30.0,Depression
201105I,2011112912,16.5,66.1,30.0,Depression
201105I,2011112915,16.7,65.7,28.0,Depression
201105I,2011112918,16.9,65.3,25.0,Depression
201105I,2011112921,17.0,64.9,25.0,Depression
201105I,2011113000,17.1,64.5,25.0,Depression
201105I,2011113003,17.5,64.2,25.0,Depression
201105I,2011113006,17.8,63.9,25.0,Depression
201105I,2011113009,18.3,63.6,25.0,Depression
201105I,2011113012,18.8,63.3,25.0,Depression
201105I,2011113015,18.9,63.1,25.0,Depression
201105I,2011113018,18.9,62.9,25.0,Depression
201105I,2011113021,19.0,62.8,25.0,Depression
201105I,2011120100,19.1,62.6,25.0,Depression
201105I,2011120103,19.2,62.5,23.0,Depression
201105I,2011120106,19.4,62.3,20.0,Depression
201201I,2012102300,11.5,64.6,20.0,Depression
201201I,2012102303,11.5,64.0,20.0,Depression
201201I,2012102306,11.5,63.5,20.0,Depression
201201I,2012102309,11.4,62.8,23.0,Depression
201201I,2012102312,11.3,62.1,25.0,Depression
201201I,2012102315,11.1,61.4,28.0,Depression
201201I,2012102318,10.9,60.6,30.0,Depression
201201I,2012102321,10.8,59.9,30.0,Depression
201201I,2012102400,10.6,59.1,30.0,Depression
201201I,2012102403,10.6,58.4,30.0,Depression
201201I,2012102406,10.5,57.6,30.0,Depression
201201I,2012102409,10.5,57.0,33.0,Depression
201201I,2012102412,10.5,56.3,35.0,Cyclonic Storm
201201I,2012102415,10.4,55.6,35.0,Cyclonic Storm
201201I,2012102418,10.4,55.0,35.0,Cyclonic Storm
201201I,2012102421,10.3,54.4,35.0,Cyclonic Storm
201201I,2012102500,10.2,53.7,35.0,Cyclonic Storm
201201I,2012102503,10.1,53.1,35.0,Cyclonic Storm
201201I,2012102506,9.9,52.5,35.0,Cyclonic Storm
201201I,2012102509,9.8,51.9,35.0,Cyclonic Storm
201201I,2012102512,9.6,51.3,35.0,Cyclonic Storm
201201I,2012102515,9.6,50.7,33.0,Depression
201201I,2012102518,9.5,50.1,30.0,Depression
201201I,2012102521,9.3,48.9,28.0,Depression
201201I,2012102600,9.2,47.7,25.0,Depression
201202I,2012102712,10.7,86.8,20.0,Depression
201202I,2012102715,10.4,86.6,20.0,Depression
201202I,2012102718,10.2,86.4,20.0,Depression
201202I,2012102721,10.1,86.2,23.0,Depression
201202I,2012102800,10.0,85.9,25.0,Depression
201202I,2012102803,9.9,85.7,25.0,Depression
201202I,2012102806,9.8,85.4,25.0,Depression
201202I,2012102809,9.7,85.2,25.0,Depression
201202I,2012102812,9.6,84.9,25.0,Depression
201202I,2012102815,9.6,84.6,28.0,Depression
201202I,2012102818,9.5,84.2,30.0,Depression
201202I,2012102821,9.6,83.8,30.0,Depression
201202I,2012102900,9.7,83.4,30.0,Depression
201202I,2012102903,9.4,83.1,30.0,Depression
201202I,2012102906,9.1,82.8,30.0,Depression
201202I,2012102909,8.8,82.6,33.0,Depression
201202I,2012102912,8.6,82.4,35.0,Cyclonic Storm
201202I,2012102915,8.5,82.7,38.0,Cyclonic Storm
201202I,2012102918,8.4,83.0,40.0,Cyclonic Storm
201202I,2012102921,8.5,83.2,40.0,Cyclonic Storm
201202I,2012103000,8.6,83.5,40.0,Cyclonic Storm
201202I,2012103003,8.8,83.4,43.0,Cyclonic Storm
201202I,2012103006,9.1,83.3,45.0,Cyclonic Storm
201202I,2012103009,9.5,83.2,45.0,Cyclonic Storm
201202I,2012103012,9.9,83.2,45.0,Cyclonic Storm
201202I,2012103015,10.4,83.1,48.0,Severe Cyclonic Storm
201202I,2012103018,10.8,83.0,50.0,Severe Cyclonic Storm
201202I,2012103021,11.1,82.5,50.0,Severe Cyclonic Storm
201202I,2012103100,11.3,82.0,50.0,Severe Cyclonic Storm
201202I,2012103103,11.6,81.5,50.0,Severe Cyclonic Storm
201202I,2012103106,11.9,81.0,50.0,Severe Cyclonic Storm
201202I,2012103109,12.3,80.4,50.0,Severe Cyclonic Storm
201202I,2012103112,12.7,79.8,50.0,Severe Cyclonic Storm
201202I,2012103115,13.1,78.9,48.0,Severe Cyclonic Storm
201202I,2012103118,13.4,78.0,45.0,Cyclonic Storm
201202I,2012103121,14.0,77.2,40.0,Cyclonic Storm
201202I,2012110100,14.6,76.5,35.0,Cyclonic Storm
201203I,2012111606,14.6,89.9,20.0,Depression
201203I,2012111609,14.8,89.8,20.0,Depression
201203I,2012111612,14.9,89.6,20.0,Depression
201203I,2012111615,15.0,89.4,20.0,Depression
201203I,2012111618,15.1,89.3,20.0,Depression
201203I,2012111621,15.2,89.2,23.0,Depression
201203I,2012111700,15.4,89.1,25.0,Depression
201203I,2012111703,15.6,89.1,28.0,Depression
201203I,2012111706,15.8,89.1,30.0,Depression
201203I,2012111709,16.0,89.0,30.0,Depression
201203I,2012111712,16.2,89.0,30.0,Depression
201203I,2012111715,16.2,88.8,33.0,Depression
201203I,2012111718,16.3,88.7,35.0,Cyclonic Storm
201203I,2012111721,16.2,88.6,35.0,Cyclonic Storm
201203I,2012111800,16.1,88.4,35.0,Cyclonic Storm
201203I,2012111803,16.1,88.2,35.0,Cyclonic Storm
201203I,2012111806,16.0,88.0,35.0,Cyclonic Storm
201203I,2012111809,15.8,87.8,35.0,Cyclonic Storm
201203I,2012111812,15.7,87.6,35.0,Cyclonic Storm
201203I,2012111815,15.6,87.4,35.0,Cyclonic Storm
201203I,2012111818,15.4,87.2,35.0,Cyclonic Storm
201203I,2012111821,15.3,87.0,33.0,Depression
201203I,2012111900,15.2,86.8,30.0,Depression
201203I,2012111903,15.1,86.6,30.0,Depression
201203I,2012111906,15.1,86.4,30.0,Depression
201203I,2012111909,15.1,86.2,28.0,Depression
201203I,2012111912,15.1,86.0,25.0,Depression
201203I,2012111915,15.1,85.8,25.0,Depression
201203I,2012111918,15.1,85.5,25.0,Depression
201203I,2012111921,15.1,85.2,25.0,Depression
201203I,2012112000,15.2,85.0,25.0,Depression
201203I,2012112003,15.2,84.8,25.0,Depression
201203I,2012112006,15.2,84.5,25.0,Depression
201203I,2012112009,15.0,84.2,25.0,Depression
201203I,2012112012,14.8,84.0,25.0,Depression
201203I,2012112015,14.7,83.8,25.0,Depression
201203I,2012112018,14.5,83.6,25.0,Depression
201203I,2012112021,14.2,83.4,25.0,Depression
201203I,2012112100,14.0,83.3,25.0,Depression
201203I,2012112103,13.8,83.1,25.0,Depression
201203I,2012112106,13.5,82.9,25.0,Depression
201203I,2012112109,13.3,82.7,25.0,Depression
201203I,2012112112,13.1,82.5,25.0,Depression
201203I,2012112115,13.1,82.3,25.0,Depression
201203I,2012112118,13.1,82.1,25.0,Depression
201203I,2012112121,13.0,81.8,25.0,Depression
201203I,2012112200,12.9,81.6,25.0,Depression
201203I,2012112203,12.9,81.4,25.0,Depression
201203I,2012112206,12.9,81.2,25.0,Depression
201203I,2012112209,12.9,81.0,25.0,Depression
201203I,2012112212,12.9,80.7,25.0,Depression
201203I,2012112215,12.9,80.5,25.0,Depression
201203I,2012112218,12.8,80.2,25.0,Depression
201203I,2012112221,12.8,79.8,25.0,Depression
201203I,2012112300,12.7,79.5,25.0,Depression
201203I,2012112303,12.6,79.2,23.0,Depression
201203I,2012112306,12.6,78.9,20.0,Depression
201204I,2012122212,8.8,62.6,25.0,Depression
201204I,2012122215,8.7,62.0,28.0,Depression
201204I,2012122218,8.5,61.3,30.0,Depression
201204I,2012122221,8.4,60.5,33.0,Depression
201204I,2012122300,8.4,59.8,35.0,Cyclonic Storm
201204I,2012122303,8.4,59.1,35.0,Cyclonic Storm
201204I,2012122306,8.3,58.4,35.0,Cyclonic Storm
201204I,2012122309,8.4,57.8,35.0,Cyclonic Storm
201204I,2012122312,8.5,57.2,35.0,Cyclonic Storm
201204I,2012122315,8.4,56.5,35.0,Cyclonic Storm
201204I,2012122318,8.4,55.9,35.0,Cyclonic Storm
201204I,2012122321,8.4,55.2,35.0,Cyclonic Storm
201204I,2012122400,8.3,54.5,35.0,Cyclonic Storm
201204I,2012122403,8.0,53.8,35.0,Cyclonic Storm
201204I,2012122406,7.7,53.1,35.0,Cyclonic Storm
201204I,2012122409,7.5,52.5,33.0,Depression
201204I,2012122412,7.2,51.9,30.0,Depression
201204I,2012122415,7.0,51.3,28.0,Depression
201204I,2012122418,6.7,50.7,25.0,Depression
201204I,2012122421,6.5,50.2,23.0,Depression
201204I,2012122500,6.2,49.6,20.0,Depression
201301I,2013051000,4.5,93.5,25.0,Depression
201301I,2013051003,4.7,93.2,30.0,Depression
201301I,2013051006,4.9,93.0,35.0,Cyclonic Storm
201301I,2013051009,5.2,92.8,35.0,Cyclonic Storm
201301I,2013051012,5.4,92.5,35.0,Cyclonic Storm
201301I,2013051015,5.8,92.2,35.0,Cyclonic Storm
201301I,2013051018,6.2,91.8,35.0,Cyclonic Storm
201301I,2013051021,6.7,91.3,38.0,Cyclonic Storm
201301I,2013051100,7.1,90.9,40.0,Cyclonic Storm
201301I,2013051103,7.5,90.3,43.0,Cyclonic Storm
201301I,2013051106,8.0,89.8,45.0,Cyclonic Storm
201301I,2013051109,8.3,89.3,45.0,Cyclonic Storm
201301I,2013051112,8.6,88.9,45.0,Cyclonic Storm
201301I,2013051115,8.8,88.6,45.0,Cyclonic Storm
201301I,2013051118,9.1,88.3,45.0,Cyclonic Storm
201301I,2013051121,9.3,88.0,45.0,Cyclonic Storm
201301I,2013051200,9.5,87.8,45.0,Cyclonic Storm
201301I,2013051203,9.7,87.6,45.0,Cyclonic Storm
201301I,2013051206,9.9,87.4,45.0,Cyclonic Storm
201301I,2013051209,10.1,87.2,45.0,Cyclonic Storm
201301I,2013051212,10.3,87.0,45.0,Cyclonic Storm
201301I,2013051215,10.6,86.8,45.0,Cyclonic Storm
201301I,2013051218,10.8,86.7,45.0,Cyclonic Storm
201301I,2013051221,11.1,86.6,45.0,Cyclonic Storm
201301I,2013051300,11.4,86.5,45.0,Cyclonic Storm
201301I,2013051303,11.7,86.3,45.0,Cyclonic Storm
201301I,2013051306,11.9,86.2,45.0,Cyclonic Storm
201301I,2013051309,12.1,85.9,45.0,Cyclonic Storm
201301I,2013051312,12.3,85.6,45.0,Cyclonic Storm
201301I,2013051315,12.7,85.5,45.0,Cyclonic Storm
201301I,2013051318,13.1,85.4,45.0,Cyclonic Storm
201301I,2013051321,13.4,85.4,45.0,Cyclonic Storm
201301I,2013051400,13.7,85.4,45.0,Cyclonic Storm
201301I,2013051403,13.9,85.6,45.0,Cyclonic Storm
201301I,2013051406,14.2,85.8,45.0,Cyclonic Storm
201301I,2013051409,14.4,86.0,45.0,Cyclonic Storm
201301I,2013051412,14.7,86.2,45.0,Cyclonic Storm
201301I,2013051415,15.1,86.5,45.0,Cyclonic Storm
201301I,2013051418,15.6,86.7,45.0,Cyclonic Storm
201301I,2013051421,16.1,87.0,45.0,Cyclonic Storm
201301I,2013051500,16.5,87.2,45.0,Cyclonic Storm
201301I,2013051503,17.0,87.4,45.0,Cyclonic Storm
201301I,2013051506,17.5,87.6,45.0,Cyclonic Storm
201301I,2013051509,18.0,88.0,45.0,Cyclonic Storm
201301I,2013051512,18.5,88.4,45.0,Cyclonic Storm
201301I,2013051515,19.1,88.7,45.0,Cyclonic Storm
201301I,2013051518,19.7,89.0,45.0,Cyclonic Storm
201301I,2013051521,20.2,89.5,45.0,Cyclonic Storm
201301I,2013051600,20.7,89.9,45.0,Cyclonic Storm
201301I,2013051603,21.5,90.5,43.0,Cyclonic Storm
201301I,2013051606,22.4,91.1,40.0,Cyclonic Storm
201301I,2013051609,23.4,91.8,38.0,Cyclonic Storm
201301I,2013051612,24.3,92.6,35.0,Cyclonic Storm
201302I,2013100718,12.1,96.4,25.0,Depression
201302I,2013100721,12.2,96.0,25.0,Depression
201302I,2013100800,12.3,95.6,25.0,Depression
201302I,2013100803,12.4,95.3,25.0,Depression
201302I,2013100806,12.6,95.1,25.0,Depression
201302I,2013100809,12.6,94.8,28.0,Depression
201302I,2013100812,12.7,94.5,30.0,Depression
201302I,2013100815,12.8,94.2,30.0,Depression
201302I,2013100818,12.9,93.9,30.0,Depression
201302I,2013100821,13.1,93.7,33.0,Depression
201302I,2013100900,13.2,93.4,35.0,Cyclonic Storm
201302I,2013100903,13.3,93.1,38.0,Cyclonic Storm
201302I,2013100906,13.4,92.8,40.0,Cyclonic Storm
201302I,2013100909,13.6,92.5,43.0,Cyclonic Storm
201302I,2013100912,13.7,92.3,45.0,Cyclonic Storm
201302I,2013100915,13.8,92.0,50.0,Severe Cyclonic Storm
201302I,2013100918,14.0,91.8,55.0,Severe Cyclonic Storm
201302I,2013100921,14.2,91.5,60.0,Severe Cyclonic Storm
201302I,2013101000,14.5,91.3,65.0,Very Severe Cyclonic Storm
201302I,2013101003,14.8,91.0,78.0,Very Severe Cyclonic Storm
201302I,2013101006,15.0,90.8,90.0,Extremely Severe/Super Cyclone
201302I,2013101009,15.2,90.5,100.0,Extremely Severe/Super Cyclone
201302I,2013101012,15.4,90.2,110.0,Extremely Severe/Super Cyclone
201302I,2013101015,15.5,89.8,120.0,Extremely Severe/Super Cyclone
201302I,2013101018,15.6,89.4,130.0,Extremely Severe/Super Cyclone
201302I,2013101021,15.6,89.1,133.0,Extremely Severe/Super Cyclone
201302I,2013101100,15.7,88.7,135.0,Extremely Severe/Super Cyclone
201302I,2013101103,15.9,88.5,135.0,Extremely Severe/Super Cyclone
201302I,2013101106,16.1,88.3,135.0,Extremely Severe/Super Cyclone
201302I,2013101109,16.4,88.0,138.0,Extremely Severe/Super Cyclone
201302I,2013101112,16.7,87.7,140.0,Extremely Severe/Super Cyclone
201302I,2013101115,16.8,87.3,140.0,Extremely Severe/Super Cyclone
201302I,2013101118,16.8,87.0,140.0,Extremely Severe/Super Cyclone
201302I,2013101121,17.1,86.7,140.0,Extremely Severe/Super Cyclone
201302I,2013101200,17.4,86.4,140.0,Extremely Severe/Super Cyclone
201302I,2013101203,17.7,86.1,138.0,Extremely Severe/Super Cyclone
201302I,2013101206,18.0,85.8,135.0,Extremely Severe/Super Cyclone
201302I,2013101209,18.4,85.5,130.0,Extremely Severe/Super Cyclone
201302I,2013101212,18.7,85.2,125.0,Extremely Severe/Super Cyclone
201302I,2013101215,19.1,85.1,113.0,Extremely Severe/Super Cyclone
201302I,2013101218,19.5,84.9,100.0,Extremely Severe/Super Cyclone
201302I,2013101221,19.9,84.7,88.0,Very Severe Cyclonic Storm
201302I,2013101300,20.3,84.5,75.0,Very Severe Cyclonic Storm
201302I,2013101303,20.9,84.3,63.0,Severe Cyclonic Storm
201302I,2013101306,21.5,84.1,50.0,Severe Cyclonic Storm
201302I,2013101309,22.3,84.1,45.0,Cyclonic Storm
201302I,2013101312,23.1,84.1,40.0,Cyclonic Storm
201303I,2013110606,6.2,65.9,20.0,Depression
201303I,2013110609,6.5,65.4,23.0,Depression
201303I,2013110612,6.7,64.9,25.0,Depression
201303I,2013110615,7.1,64.2,23.0,Depression
201303I,2013110618,7.5,63.6,20.0,Depression
201303I,2013110621,7.6,62.9,20.0,Depression
201303I,2013110700,7.7,62.1,20.0,Depression
201303I,2013110703,7.8,61.2,20.0,Depression
201303I,2013110706,8.0,60.4,20.0,Depression
201303I,2013110709,8.2,59.7,20.0,Depression
201303I,2013110712,8.3,59.0,20.0,Depression
201303I,2013110715,8.2,58.5,23.0,Depression
201303I,2013110718,8.2,57.9,25.0,Depression
201303I,2013110721,8.1,57.5,23.0,Depression
201303I,2013110800,8.1,57.0,20.0,Depression
201303I,2013110803,8.0,56.5,23.0,Depression
201303I,2013110806,7.9,56.1,25.0,Depression
201303I,2013110809,8.0,55.5,30.0,Depression
201303I,2013110812,8.1,55.0,35.0,Cyclonic Storm
201303I,2013110815,8.1,54.5,38.0,Cyclonic Storm
201303I,2013110818,8.0,54.0,40.0,Cyclonic Storm
201303I,2013110821,8.0,53.6,43.0,Cyclonic Storm
201303I,2013110900,8.0,53.2,45.0,Cyclonic Storm
201303I,2013110903,8.0,53.0,40.0,Cyclonic Storm
201303I,2013110906,8.0,52.9,35.0,Cyclonic Storm
201303I,2013110909,8.0,52.8,35.0,Cyclonic Storm
201303I,2013110912,8.0,52.6,35.0,Cyclonic Storm
201303I,2013110915,8.0,52.5,35.0,Cyclonic Storm
201303I,2013110918,8.0,52.3,35.0,Cyclonic Storm
201303I,2013110921,8.0,52.1,35.0,Cyclonic Storm
201303I,2013111000,8.0,52.0,35.0,Cyclonic Storm
201303I,2013111003,8.0,51.8,38.0,Cyclonic Storm
201303I,2013111006,8.0,51.6,40.0,Cyclonic Storm
201303I,2013111009,8.1,51.5,38.0,Cyclonic Storm
201303I,2013111012,8.2,51.3,35.0,Cyclonic Storm
201303I,2013111015,8.2,51.0,35.0,Cyclonic Storm
201303I,2013111018,8.3,50.7,35.0,Cyclonic Storm
201303I,2013111021,8.4,50.4,35.0,Cyclonic Storm
201303I,2013111100,8.6,50.1,35.0,Cyclonic Storm
201303I,2013111103,8.8,49.7,35.0,Cyclonic Storm
201303I,2013111106,9.0,49.2,35.0,Cyclonic Storm
201303I,2013111109,9.2,48.6,33.0,Depression
201303I,2013111112,9.4,48.0,30.0,Depression
201303I,2013111115,9.4,47.5,28.0,Depression
201303I,2013111118,9.5,46.9,25.0,Depression
201303I,2013111121,9.7,46.5,25.0,Depression
201303I,2013111200,9.8,46.0,25.0,Depression
201304I,2013111806,14.0,88.9,25.0,Depression
201304I,2013111809,14.3,88.3,25.0,Depression
201304I,2013111812,14.7,87.8,25.0,Depression
201304I,2013111815,14.8,87.3,25.0,Depression
201304I,2013111818,14.8,86.9,25.0,Depression
201304I,2013111821,14.8,86.5,30.0,Depression
201304I,2013111900,14.8,86.1,35.0,Cyclonic Storm
201304I,2013111903,14.9,85.8,35.0,Cyclonic Storm
201304I,2013111906,15.0,85.6,35.0,Cyclonic Storm
201304I,2013111909,15.0,85.3,38.0,Cyclonic Storm
201304I,2013111912,15.0,85.1,40.0,Cyclonic Storm
201304I,2013111915,14.9,84.8,40.0,Cyclonic Storm
201304I,2013111918,14.9,84.5,40.0,Cyclonic Storm
201304I,2013111921,15.0,84.3,45.0,Cyclonic Storm
201304I,2013112000,15.1,84.2,50.0,Severe Cyclonic Storm
201304I,2013112003,15.2,84.2,50.0,Severe Cyclonic Storm
201304I,2013112006,15.3,84.1,50.0,Severe Cyclonic Storm
201304I,2013112009,15.4,84.0,53.0,Severe Cyclonic Storm
201304I,2013112012,15.5,84.0,55.0,Severe Cyclonic Storm
201304I,2013112015,15.6,83.9,58.0,Severe Cyclonic Storm
201304I,2013112018,15.6,83.8,60.0,Severe Cyclonic Storm
201304I,2013112021,15.6,83.7,63.0,Severe Cyclonic Storm
201304I,2013112100,15.7,83.6,65.0,Very Severe Cyclonic Storm
201304I,2013112103,15.8,83.4,68.0,Very Severe Cyclonic Storm
201304I,2013112106,15.9,83.3,70.0,Very Severe Cyclonic Storm
201304I,2013112109,16.0,83.2,68.0,Very Severe Cyclonic Storm
201304I,2013112112,16.1,83.0,65.0,Very Severe Cyclonic Storm
201304I,2013112115,16.1,82.8,65.0,Very Severe Cyclonic Storm
201304I,2013112118,16.1,82.5,65.0,Very Severe Cyclonic Storm
201304I,2013112121,16.1,82.2,63.0,Severe Cyclonic Storm
201304I,2013112200,16.1,82.0,60.0,Severe Cyclonic Storm
201304I,2013112203,16.1,81.8,58.0,Severe Cyclonic Storm
201304I,2013112206,16.2,81.5,55.0,Severe Cyclonic Storm
201304I,2013112209,16.0,81.2,43.0,Cyclonic Storm
201304I,2013112212,15.8,80.9,30.0,Depression
201304I,2013112215,16.0,80.5,28.0,Depression
201304I,2013112218,16.1,80.1,25.0,Depression
201304I,2013112221,16.3,79.8,23.0,Depression
201304I,2013112300,16.5,79.4,20.0,Depression
201304I,2013112303,16.9,79.1,20.0,Depression
201304I,2013112306,17.2,78.8,20.0,Depression
201305I,2013112000,6.8,103.1,15.0,Depression
201305I,2013112003,6.8,102.8,18.0,Depression
201305I,2013112006,6.9,102.6,20.0,Depression
201305I,2013112009,6.7,102.4,20.0,Depression
201305I,2013112012,6.5,102.3,20.0,Depression
201305I,2013112015,6.4,102.2,18.0,Depression
201305I,2013112018,6.3,102.0,15.0,Depression
201305I,2013112021,6.3,101.8,15.0,Depression
201305I,2013112100,6.3,101.7,15.0,Depression
201305I,2013112103,6.3,101.5,15.0,Depression
201305I,2013112106,6.4,101.2,15.0,Depression
201305I,2013112109,6.6,100.9,15.0,Depression
201305I,2013112112,6.7,100.6,15.0,Depression
201305I,2013112115,6.7,100.2,15.0,Depression
201305I,2013112118,6.7,99.9,15.0,Depression
201305I,2013112121,6.7,99.7,18.0,Depression
201305I,2013112200,6.6,99.4,20.0,Depression
201305I,2013112203,6.4,99.2,20.0,Depression
201305I,2013112206,6.3,99.0,20.0,Depression
201305I,2013112209,6.3,98.8,20.0,Depression
201305I,2013112212,6.3,98.5,20.0,Depression
201305I,2013112215,6.5,98.4,23.0,Depression
201305I,2013112218,6.8,98.3,25.0,Depression
201305I,2013112221,7.0,98.0,25.0,Depression
201305I,2013112300,7.3,97.8,25.0,Depression
201305I,2013112303,7.7,97.5,25.0,Depression
201305I,2013112306,8.0,97.2,25.0,Depression
201305I,2013112309,8.3,96.9,30.0,Depression
201305I,2013112312,8.7,96.6,35.0,Cyclonic Storm
201305I,2013112315,9.1,96.3,35.0,Cyclonic Storm
201305I,2013112318,9.4,96.1,35.0,Cyclonic Storm
201305I,2013112321,9.7,95.8,38.0,Cyclonic Storm
201305I,2013112400,10.0,95.4,40.0,Cyclonic Storm
201305I,2013112403,10.3,95.0,43.0,Cyclonic Storm
201305I,2013112406,10.6,94.6,45.0,Cyclonic Storm
201305I,2013112409,10.8,94.2,48.0,Severe Cyclonic Storm
201305I,2013112412,11.0,93.9,50.0,Severe Cyclonic Storm
201305I,2013112415,11.2,93.6,53.0,Severe Cyclonic Storm
201305I,2013112418,11.4,93.3,55.0,Severe Cyclonic Storm
201305I,2013112421,11.6,93.0,58.0,Severe Cyclonic Storm
201305I,2013112500,11.7,92.7,60.0,Severe Cyclonic Storm
201305I,2013112503,11.8,92.5,63.0,Severe Cyclonic Storm
201305I,2013112506,11.9,92.2,65.0,Very Severe Cyclonic Storm
201305I,2013112509,12.0,92.0,68.0,Very Severe Cyclonic Storm
201305I,2013112512,12.1,91.7,70.0,Very Severe Cyclonic Storm
201305I,2013112515,12.2,91.5,73.0,Very Severe Cyclonic Storm
201305I,2013112518,12.3,91.2,75.0,Very Severe Cyclonic Storm
201305I,2013112521,12.4,90.8,75.0,Very Severe Cyclonic Storm
201305I,2013112600,12.5,90.5,75.0,Very Severe Cyclonic Storm
201305I,2013112603,12.6,90.1,75.0,Very Severe Cyclonic Storm
201305I,2013112606,12.7,89.7,75.0,Very Severe Cyclonic Storm
201305I,2013112609,12.8,89.3,75.0,Very Severe Cyclonic Storm
201305I,2013112612,12.9,88.9,75.0,Very Severe Cyclonic Storm
201305I,2013112615,13.1,88.5,73.0,Very Severe Cyclonic Storm
201305I,2013112618,13.2,88.1,70.0,Very Severe Cyclonic Storm
201305I,2013112621,13.4,87.5,70.0,Very Severe Cyclonic Storm
201305I,2013112700,13.6,87.0,70.0,Very Severe Cyclonic Storm
201305I,2013112703,13.8,86.5,68.0,Very Severe Cyclonic Storm
201305I,2013112706,13.9,85.9,65.0,Very Severe Cyclonic Storm
201305I,2013112709,13.9,85.6,65.0,Very Severe Cyclonic Storm
201305I,2013112712,13.9,85.2,65.0,Very Severe Cyclonic Storm
201305I,2013112715,14.0,84.7,58.0,Severe Cyclonic Storm
201305I,2013112718,14.1,84.2,50.0,Severe Cyclonic Storm
201305I,2013112721,14.3,83.6,45.0,Cyclonic Storm
201305I,2013112800,14.6,83.0,40.0,Cyclonic Storm
201305I,2013112803,14.8,82.5,38.0,Cyclonic Storm
201305I,2013112806,15.0,82.0,35.0,Cyclonic Storm
201305I,2013112809,15.2,81.5,35.0,Cyclonic Storm
201305I,2013112812,15.4,81.1,35.0,Cyclonic Storm
201305I,2013112815,15.4,80.5,30.0,Depression
201305I,2013112818,15.4,80.0,25.0,Depression
201305I,2013112821,15.8,79.4,23.0,Depression
201305I,2013112900,16.1,78.8,20.0,Depression
201306I,2013120506,9.1,84.1,20.0,Depression
201306I,2013120509,9.1,84.0,23.0,Depression
201306I,2013120512,9.2,83.9,25.0,Depression
201306I,2013120515,9.3,83.8,25.0,Depression
201306I,2013120518,9.4,83.8,25.0,Depression
201306I,2013120521,9.5,83.8,28.0,Depression
201306I,2013120600,9.6,83.7,30.0,Depression
201306I,2013120603,9.6,83.7,33.0,Depression
201306I,2013120606,9.7,83.7,35.0,Cyclonic Storm
201306I,2013120609,9.8,83.8,38.0,Cyclonic Storm
201306I,2013120612,9.8,83.8,40.0,Cyclonic Storm
201306I,2013120615,9.9,83.8,43.0,Cyclonic Storm
201306I,2013120618,10.0,83.9,45.0,Cyclonic Storm
201306I,2013120621,10.1,84.0,48.0,Severe Cyclonic Storm
201306I,2013120700,10.2,84.1,50.0,Severe Cyclonic Storm
201306I,2013120703,10.3,84.2,53.0,Severe Cyclonic Storm
201306I,2013120706,10.4,84.3,55.0,Severe Cyclonic Storm
201306I,2013120709,10.6,84.3,55.0,Severe Cyclonic Storm
201306I,2013120712,10.8,84.4,55.0,Severe Cyclonic Storm
201306I,2013120715,11.1,84.5,58.0,Severe Cyclonic Storm
201306I,2013120718,11.3,84.5,60.0,Severe Cyclonic Storm
201306I,2013120721,11.6,84.5,63.0,Severe Cyclonic Storm
201306I,2013120800,11.9,84.5,65.0,Very Severe Cyclonic Storm
201306I,2013120803,12.2,84.6,65.0,Very Severe Cyclonic Storm
201306I,2013120806,12.4,84.7,65.0,Very Severe Cyclonic Storm
201306I,2013120809,12.7,84.7,65.0,Very Severe Cyclonic Storm
201306I,2013120812,12.9,84.7,65.0,Very Severe Cyclonic Storm
201306I,2013120815,13.2,84.7,65.0,Very Severe Cyclonic Storm
201306I,2013120818,13.4,84.6,65.0,Very Severe Cyclonic Storm
201306I,2013120821,13.7,84.6,63.0,Severe Cyclonic Storm
201306I,2013120900,13.9,84.6,60.0,Severe Cyclonic Storm
201306I,2013120903,14.1,84.7,60.0,Severe Cyclonic Storm
201306I,2013120906,14.3,84.7,60.0,Severe Cyclonic Storm
201306I,2013120909,14.4,84.8,63.0,Severe Cyclonic Storm
201306I,2013120912,14.6,84.9,65.0,Very Severe Cyclonic Storm
201306I,2013120915,14.7,85.0,65.0,Very Severe Cyclonic Storm
201306I,2013120918,14.8,85.0,65.0,Very Severe Cyclonic Storm
201306I,2013120921,14.9,85.0,68.0,Very Severe Cyclonic Storm
201306I,2013121000,15.0,85.1,70.0,Very Severe Cyclonic Storm
201306I,2013121003,15.2,85.2,78.0,Very Severe Cyclonic Storm
201306I,2013121006,15.4,85.3,85.0,Very Severe Cyclonic Storm
201306I,2013121009,15.3,85.1,83.0,Very Severe Cyclonic Storm
201306I,2013121012,15.2,84.9,80.0,Very Severe Cyclonic Storm
201306I,2013121015,15.1,84.7,73.0,Very Severe Cyclonic Storm
201306I,2013121018,14.9,84.4,65.0,Very Severe Cyclonic Storm
201306I,2013121021,14.7,84.2,58.0,Severe Cyclonic Storm
201306I,2013121100,14.5,84.0,50.0,Severe Cyclonic Storm
201306I,2013121103,14.2,83.8,48.0,Severe Cyclonic Storm
201306I,2013121106,13.9,83.7,45.0,Cyclonic Storm
201306I,2013121109,13.7,83.5,45.0,Cyclonic Storm
201306I,2013121112,13.4,83.2,45.0,Cyclonic Storm
201306I,2013121115,13.1,83.0,38.0,Cyclonic Storm
201306I,2013121118,12.8,82.7,30.0,Depression
201306I,2013121121,12.4,82.3,30.0,Depression
201306I,2013121200,12.1,81.9,30.0,Depression
201306I,2013121203,11.7,81.6,30.0,Depression
201306I,2013121206,11.3,81.2,30.0,Depression
201306I,2013121209,10.8,80.9,28.0,Depression
201306I,2013121212,10.3,80.6,25.0,Depression
201306I,2013121215,10.2,79.7,25.0,Depression
201306I,2013121218,10.1,78.8,25.0,Depression
201401I,2014010300,7.7,85.1,20.0,Depression
201401I,2014010303,7.8,84.9,23.0,Depression
201401I,2014010306,7.9,84.8,25.0,Depression
201401I,2014010309,8.1,84.7,25.0,Depression
201401I,2014010312,8.2,84.6,25.0,Depression
201401I,2014010315,8.3,84.4,25.0,Depression
201401I,2014010318,8.5,84.3,25.0,Depression
201401I,2014010321,8.7,84.0,28.0,Depression
201401I,2014010400,8.8,83.8,30.0,Depression
201401I,2014010403,8.9,83.5,33.0,Depression
201401I,2014010406,9.0,83.3,35.0,Cyclonic Storm
201401I,2014010409,9.1,83.0,35.0,Cyclonic Storm
201401I,2014010412,9.1,82.8,35.0,Cyclonic Storm
201401I,2014010415,9.1,82.6,38.0,Cyclonic Storm
201401I,2014010418,9.2,82.4,40.0,Cyclonic Storm
201401I,2014010421,9.2,82.3,40.0,Cyclonic Storm
201401I,2014010500,9.3,82.2,40.0,Cyclonic Storm
201401I,2014010503,9.3,82.1,40.0,Cyclonic Storm
201401I,2014010506,9.3,81.9,40.0,Cyclonic Storm
201401I,2014010509,9.3,81.8,38.0,Cyclonic Storm
201401I,2014010512,9.3,81.7,35.0,Cyclonic Storm
201401I,2014010515,9.3,81.6,35.0,Cyclonic Storm
201401I,2014010518,9.3,81.5,35.0,Cyclonic Storm
201401I,2014010521,9.3,81.4,35.0,Cyclonic Storm
201401I,2014010600,9.3,81.3,35.0,Cyclonic Storm
201401I,2014010603,9.2,81.2,33.0,Depression
201401I,2014010606,9.1,81.0,30.0,Depression
201401I,2014010609,8.9,80.8,28.0,Depression
201401I,2014010612,8.8,80.7,25.0,Depression
201401I,2014010615,8.6,80.5,25.0,Depression
201401I,2014010618,8.4,80.3,25.0,Depression
201401I,2014010621,8.2,80.1,25.0,Depression
201401I,2014010700,7.9,79.9,25.0,Depression
201401I,2014010703,7.8,79.8,25.0,Depression
201401I,2014010706,7.6,79.6,25.0,Depression
201401I,2014010709,7.5,79.4,25.0,Depression
201401I,2014010712,7.4,79.2,25.0,Depression
201401I,2014010715,7.5,79.1,25.0,Depression
201401I,2014010718,7.5,78.9,25.0,Depression
201401I,2014010721,7.6,78.7,25.0,Depression
201401I,2014010800,7.7,78.5,25.0,Depression
201401I,2014010803,7.8,78.2,25.0,Depression
201401I,2014010806,7.8,78.0,25.0,Depression
201401I,2014010809,7.9,77.5,23.0,Depression
201401I,2014010812,8.0,77.1,20.0,Depression
201403I,2014100612,10.7,95.9,20.0,Depression
201403I,2014100615,10.8,95.8,23.0,Depression
201403I,2014100618,10.8,95.6,25.0,Depression
201403I,2014100621,10.9,95.4,25.0,Depression
201403I,2014100700,11.0,95.2,25.0,Depression
201403I,2014100703,11.1,95.0,25.0,Depression
201403I,2014100706,11.2,94.7,25.0,Depression
201403I,2014100709,11.3,94.5,28.0,Depression
201403I,2014100712,11.4,94.2,30.0,Depression
201403I,2014100715,11.6,93.8,30.0,Depression
201403I,2014100718,11.8,93.5,30.0,Depression
201403I,2014100721,12.0,93.1,33.0,Depression
201403I,2014100800,12.2,92.7,35.0,Cyclonic Storm
201403I,2014100803,12.4,92.2,38.0,Cyclonic Storm
201403I,2014100806,12.6,91.7,40.0,Cyclonic Storm
201403I,2014100809,12.8,91.2,43.0,Cyclonic Storm
201403I,2014100812,13.0,90.7,45.0,Cyclonic Storm
201403I,2014100815,13.2,90.3,48.0,Severe Cyclonic Storm
201403I,2014100818,13.3,90.0,50.0,Severe Cyclonic Storm
201403I,2014100821,13.4,89.7,53.0,Severe Cyclonic Storm
201403I,2014100900,13.5,89.4,55.0,Severe Cyclonic Storm
201403I,2014100903,13.6,89.2,58.0,Severe Cyclonic Storm
201403I,2014100906,13.7,88.9,60.0,Severe Cyclonic Storm
201403I,2014100909,13.8,88.7,60.0,Severe Cyclonic Storm
201403I,2014100912,14.0,88.5,60.0,Severe Cyclonic Storm
201403I,2014100915,14.2,88.3,60.0,Severe Cyclonic Storm
201403I,2014100918,14.3,88.1,60.0,Severe Cyclonic Storm
201403I,2014100921,14.5,87.9,63.0,Severe Cyclonic Storm
201403I,2014101000,14.7,87.7,65.0,Very Severe Cyclonic Storm
201403I,2014101003,14.8,87.5,65.0,Very Severe Cyclonic Storm
201403I,2014101006,15.0,87.3,65.0,Very Severe Cyclonic Storm
201403I,2014101009,15.2,87.1,70.0,Very Severe Cyclonic Storm
201403I,2014101012,15.4,86.9,75.0,Very Severe Cyclonic Storm
201403I,2014101015,15.6,86.6,80.0,Very Severe Cyclonic Storm
201403I,2014101018,15.7,86.2,85.0,Very Severe Cyclonic Storm
201403I,2014101021,15.8,86.0,90.0,Extremely Severe/Super Cyclone
201403I,2014101100,15.8,85.7,95.0,Extremely Severe/Super Cyclone
201403I,2014101103,16.0,85.5,100.0,Extremely Severe/Super Cyclone
201403I,2014101106,16.1,85.2,105.0,Extremely Severe/Super Cyclone
201403I,2014101109,16.1,85.1,110.0,Extremely Severe/Super Cyclone
201403I,2014101112,16.2,84.9,115.0,Extremely Severe/Super Cyclone
201403I,2014101115,16.4,84.8,115.0,Extremely Severe/Super Cyclone
201403I,2014101118,16.7,84.6,115.0,Extremely Severe/Super Cyclone
201403I,2014101121,16.9,84.3,115.0,Extremely Severe/Super Cyclone
201403I,2014101200,17.1,84.1,115.0,Extremely Severe/Super Cyclone
201403I,2014101203,17.4,83.8,115.0,Extremely Severe/Super Cyclone
201403I,2014101206,17.6,83.4,115.0,Extremely Severe/Super Cyclone
201403I,2014101209,17.8,83.2,110.0,Extremely Severe/Super Cyclone
201403I,2014101212,18.0,82.9,105.0,Extremely Severe/Super Cyclone
201403I,2014101215,18.4,82.6,93.0,Extremely Severe/Super Cyclone
201403I,2014101218,18.8,82.2,80.0,Very Severe Cyclonic Storm
201403I,2014101221,19.4,81.9,68.0,Very Severe Cyclonic Storm
201403I,2014101300,19.9,81.6,55.0,Severe Cyclonic Storm
201403I,2014101303,20.4,81.4,48.0,Severe Cyclonic Storm
201403I,2014101306,21.0,81.3,40.0,Cyclonic Storm
201403I,2014101309,21.5,81.2,35.0,Cyclonic Storm
201403I,2014101312,22.0,81.2,30.0,Depression
201501I,2015060612,13.8,68.6,25.0,Depression
201501I,2015060615,14.2,68.6,25.0,Depression
201501I,2015060618,14.5,68.6,25.0,Depression
201501I,2015060621,14.8,68.6,28.0,Depression
201501I,2015060700,15.2,68.6,30.0,Depression
201501I,2015060703,15.4,68.5,35.0,Cyclonic Storm
201501I,2015060706,15.7,68.5,40.0,Cyclonic Storm
201501I,2015060709,16.0,68.5,40.0,Cyclonic Storm
201501I,2015060712,16.4,68.5,40.0,Cyclonic Storm
201501I,2015060715,16.8,68.5,40.0,Cyclonic Storm
201501I,2015060718,17.2,68.5,40.0,Cyclonic Storm
201501I,2015060721,17.5,68.0,40.0,Cyclonic Storm
201501I,2015060800,17.9,67.6,40.0,Cyclonic Storm
201501I,2015060803,18.0,67.2,43.0,Cyclonic Storm
201501I,2015060806,18.1,66.8,45.0,Cyclonic Storm
201501I,2015060809,18.5,66.5,45.0,Cyclonic Storm
201501I,2015060812,18.8,66.3,45.0,Cyclonic Storm
201501I,2015060815,19.1,66.0,48.0,Severe Cyclonic Storm
201501I,2015060818,19.4,65.7,50.0,Severe Cyclonic Storm
201501I,2015060821,19.8,65.4,50.0,Severe Cyclonic Storm
201501I,2015060900,20.2,65.1,50.0,Severe Cyclonic Storm
201501I,2015060903,20.4,64.6,50.0,Severe Cyclonic Storm
201501I,2015060906,20.6,64.1,50.0,Severe Cyclonic Storm
201501I,2015060909,20.8,63.8,50.0,Severe Cyclonic Storm
201501I,2015060912,20.9,63.5,50.0,Severe Cyclonic Storm
201501I,2015060915,20.9,63.1,53.0,Severe Cyclonic Storm
201501I,2015060918,21.0,62.7,55.0,Severe Cyclonic Storm
201501I,2015060921,21.0,62.3,55.0,Severe Cyclonic Storm
201501I,2015061000,21.0,61.9,55.0,Severe Cyclonic Storm
201501I,2015061003,20.9,61.8,55.0,Severe Cyclonic Storm
201501I,2015061006,20.9,61.6,55.0,Severe Cyclonic Storm
201501I,2015061009,20.9,61.5,53.0,Severe Cyclonic Storm
201501I,2015061012,20.8,61.4,50.0,Severe Cyclonic Storm
201501I,2015061015,20.7,61.4,48.0,Severe Cyclonic Storm
201501I,2015061018,20.6,61.4,45.0,Cyclonic Storm
201501I,2015061021,20.7,61.2,45.0,Cyclonic Storm
201501I,2015061100,20.8,61.0,45.0,Cyclonic Storm
201501I,2015061103,20.8,60.8,45.0,Cyclonic Storm
201501I,2015061106,20.8,60.6,45.0,Cyclonic Storm
201501I,2015061109,20.8,60.5,43.0,Cyclonic Storm
201501I,2015061112,20.8,60.3,40.0,Cyclonic Storm
201501I,2015061115,20.8,60.2,38.0,Cyclonic Storm
201501I,2015061118,20.8,60.1,35.0,Cyclonic Storm
201501I,2015061121,20.8,60.0,35.0,Cyclonic Storm
201501I,2015061200,20.8,60.0,35.0,Cyclonic Storm
201501I,2015061203,20.8,59.9,33.0,Depression
201501I,2015061206,20.7,59.8,30.0,Depression
201502I,2015072812,21.0,90.8,30.0,Depression
201502I,2015072815,21.0,90.9,30.0,Depression
201502I,2015072818,21.0,91.1,30.0,Depression
201502I,2015072821,20.9,91.2,33.0,Depression
201502I,2015072900,20.9,91.2,35.0,Cyclonic Storm
201502I,2015072903,20.9,91.2,35.0,Cyclonic Storm
201502I,2015072906,21.0,91.2,35.0,Cyclonic Storm
201502I,2015072909,21.1,91.2,38.0,Cyclonic Storm
201502I,2015072912,21.2,91.2,40.0,Cyclonic Storm
201502I,2015072915,21.3,91.2,40.0,Cyclonic Storm
201502I,2015072918,21.4,91.3,40.0,Cyclonic Storm
201502I,2015072921,21.5,91.4,43.0,Cyclonic Storm
201502I,2015073000,21.6,91.5,45.0,Cyclonic Storm
201502I,2015073003,21.8,91.5,45.0,Cyclonic Storm
201502I,2015073006,21.9,91.6,45.0,Cyclonic Storm
201502I,2015073009,22.0,91.5,43.0,Cyclonic Storm
201502I,2015073012,22.1,91.5,40.0,Cyclonic Storm
201502I,2015073015,22.4,91.5,38.0,Cyclonic Storm
201502I,2015073018,22.6,91.4,35.0,Cyclonic Storm
201502I,2015073021,22.8,91.2,33.0,Depression
201502I,2015073100,23.0,90.9,30.0,Depression
201503I,2015100706,12.5,71.4,30.0,Depression
201503I,2015100709,12.6,71.5,30.0,Depression
201503I,2015100712,12.6,71.6,30.0,Depression
201503I,2015100715,12.7,71.7,30.0,Depression
201503I,2015100718,12.8,71.7,30.0,Depression
201503I,2015100721,12.9,71.6,30.0,Depression
201503I,2015100800,12.9,71.5,30.0,Depression
201503I,2015100803,12.9,71.4,30.0,Depression
201503I,2015100806,12.9,71.3,30.0,Depression
201503I,2015100809,13.1,71.2,30.0,Depression
201503I,2015100812,13.2,71.1,30.0,Depression
201503I,2015100815,13.3,71.0,30.0,Depression
201503I,2015100818,13.4,70.9,30.0,Depression
201503I,2015100821,13.5,70.8,30.0,Depression
201503I,2015100900,13.6,70.7,30.0,Depression
201503I,2015100903,13.8,70.6,33.0,Depression
201503I,2015100906,13.9,70.5,35.0,Cyclonic Storm
201503I,2015100909,14.1,70.3,33.0,Depression
201503I,2015100912,14.3,70.2,30.0,Depression
201503I,2015100915,14.5,70.1,30.0,Depression
201503I,2015100918,14.7,69.9,30.0,Depression
201503I,2015100921,14.8,69.8,30.0,Depression
201503I,2015101000,14.9,69.6,30.0,Depression
201503I,2015101003,15.0,69.5,30.0,Depression
201503I,2015101006,15.1,69.4,30.0,Depression
201503I,2015101009,15.2,69.5,28.0,Depression
201503I,2015101012,15.3,69.5,25.0,Depression
201503I,2015101015,15.4,69.5,25.0,Depression
201503I,2015101018,15.5,69.6,25.0,Depression
201503I,2015101021,15.6,69.5,25.0,Depression
201503I,2015101100,15.7,69.5,25.0,Depression
201503I,2015101103,15.8,69.4,23.0,Depression
201503I,2015101106,15.9,69.3,20.0,Depression
201504I,2015102718,11.1,64.9,25.0,Depression
201504I,2015102721,11.3,64.8,28.0,Depression
201504I,2015102800,11.6,64.7,30.0,Depression
201504I,2015102803,11.8,64.7,33.0,Depression
201504I,2015102806,12.1,64.7,35.0,Cyclonic Storm
201504I,2015102809,12.4,64.8,40.0,Cyclonic Storm
201504I,2015102812,12.8,64.9,45.0,Cyclonic Storm
201504I,2015102815,12.9,64.8,45.0,Cyclonic Storm
201504I,2015102818,13.1,64.6,45.0,Cyclonic Storm
201504I,2015102821,13.2,64.4,48.0,Severe Cyclonic Storm
201504I,2015102900,13.4,64.2,50.0,Severe Cyclonic Storm
201504I,2015102903,13.6,64.0,53.0,Severe Cyclonic Storm
201504I,2015102906,13.8,63.7,55.0,Severe Cyclonic Storm
201504I,2015102909,14.0,63.4,60.0,Severe Cyclonic Storm
201504I,2015102912,14.2,63.1,65.0,Very Severe Cyclonic Storm
201504I,2015102915,14.2,62.8,73.0,Very Severe Cyclonic Storm
201504I,2015102918,14.2,62.4,80.0,Very Severe Cyclonic Storm
201504I,2015102921,14.2,62.1,90.0,Extremely Severe/Super Cyclone
201504I,2015103000,14.2,61.8,100.0,Extremely Severe/Super Cyclone
201504I,2015103003,14.1,61.5,115.0,Extremely Severe/Super Cyclone
201504I,2015103006,14.1,61.1,130.0,Extremely Severe/Super Cyclone
201504I,2015103009,14.1,60.9,128.0,Extremely Severe/Super Cyclone
201504I,2015103012,14.0,60.6,125.0,Extremely Severe/Super Cyclone
201504I,2015103015,13.9,60.4,123.0,Extremely Severe/Super Cyclone
201504I,2015103018,13.9,60.1,120.0,Extremely Severe/Super Cyclone
201504I,2015103021,13.9,59.8,118.0,Extremely Severe/Super Cyclone
201504I,2015103100,13.8,59.5,115.0,Extremely Severe/Super Cyclone
201504I,2015103103,13.8,59.1,113.0,Extremely Severe/Super Cyclone
201504I,2015103106,13.8,58.7,110.0,Extremely Severe/Super Cyclone
201504I,2015103109,13.8,58.3,110.0,Extremely Severe/Super Cyclone
201504I,2015103112,13.8,57.9,110.0,Extremely Severe/Super Cyclone
201504I,2015103115,13.8,57.5,110.0,Extremely Severe/Super Cyclone
201504I,2015103118,13.7,57.2,110.0,Extremely Severe/Super Cyclone
201504I,2015103121,13.6,56.8,113.0,Extremely Severe/Super Cyclone
201504I,2015110100,13.6,56.4,115.0,Extremely Severe/Super Cyclone
201504I,2015110103,13.6,56.0,115.0,Extremely Severe/Super Cyclone
201504I,2015110106,13.5,55.7,115.0,Extremely Severe/Super Cyclone
201504I,2015110109,13.5,55.2,118.0,Extremely Severe/Super Cyclone
201504I,2015110112,13.5,54.7,120.0,Extremely Severe/Super Cyclone
201504I,2015110115,13.4,54.2,120.0,Extremely Severe/Super Cyclone
201504I,2015110118,13.4,53.6,120.0,Extremely Severe/Super Cyclone
201504I,2015110121,13.3,53.1,115.0,Extremely Severe/Super Cyclone
201504I,2015110200,13.2,52.6,110.0,Extremely Severe/Super Cyclone
201504I,2015110203,13.2,52.1,108.0,Extremely Severe/Super Cyclone
201504I,2015110206,13.3,51.6,105.0,Extremely Severe/Super Cyclone
201504I,2015110209,13.4,51.1,103.0,Extremely Severe/Super Cyclone
201504I,2015110212,13.4,50.6,100.0,Extremely Severe/Super Cyclone
201504I,2015110215,13.6,50.1,95.0,Extremely Severe/Super Cyclone
201504I,2015110218,13.7,49.6,90.0,Extremely Severe/Super Cyclone
201504I,2015110221,13.8,49.2,83.0,Very Severe Cyclonic Storm
201504I,2015110300,14.0,48.9,75.0,Very Severe Cyclonic Storm
201504I,2015110303,13.9,48.4,63.0,Severe Cyclonic Storm
201504I,2015110306,13.9,47.9,50.0,Severe Cyclonic Storm
201504I,2015110309,13.9,47.8,45.0,Cyclonic Storm
201504I,2015110312,14.0,47.6,40.0,Cyclonic Storm
201504I,2015110315,14.2,47.5,35.0,Cyclonic Storm
201504I,2015110318,14.3,47.4,30.0,Depression
201601I,2016051706,10.5,81.2,25.0,Depression
201601I,2016051709,10.9,81.3,28.0,Depression
201601I,2016051712,11.3,81.5,30.0,Depression
201601I,2016051715,11.9,81.5,33.0,Depression
201601I,2016051718,12.4,81.6,35.0,Cyclonic Storm
201601I,2016051721,12.8,81.6,38.0,Cyclonic Storm
201601I,2016051800,13.2,81.6,40.0,Cyclonic Storm
201601I,2016051803,13.6,81.6,43.0,Cyclonic Storm
201601I,2016051806,13.9,81.6,45.0,Cyclonic Storm
201601I,2016051809,14.2,81.6,45.0,Cyclonic Storm
201601I,2016051812,14.4,81.6,45.0,Cyclonic Storm
201601I,2016051815,14.7,81.6,45.0,Cyclonic Storm
201601I,2016051818,14.9,81.6,45.0,Cyclonic Storm
201601I,2016051821,15.0,81.7,45.0,Cyclonic Storm
201601I,2016051900,15.1,81.8,45.0,Cyclonic Storm
201601I,2016051903,15.1,82.1,48.0,Severe Cyclonic Storm
201601I,2016051906,15.2,82.4,50.0,Severe Cyclonic Storm
201601I,2016051909,15.4,82.8,50.0,Severe Cyclonic Storm
201601I,2016051912,15.6,83.1,50.0,Severe Cyclonic Storm
201601I,2016051915,16.1,83.4,48.0,Severe Cyclonic Storm
201601I,2016051918,16.6,83.7,45.0,Cyclonic Storm
201601I,2016051921,17.1,84.2,45.0,Cyclonic Storm
201601I,2016052000,17.6,84.6,45.0,Cyclonic Storm
201601I,2016052003,18.1,85.2,48.0,Severe Cyclonic Storm
201601I,2016052006,18.7,85.7,50.0,Severe Cyclonic Storm
201601I,2016052009,18.9,86.3,53.0,Severe Cyclonic Storm
201601I,2016052012,19.1,86.9,55.0,Severe Cyclonic Storm
201601I,2016052015,19.6,87.6,55.0,Severe Cyclonic Storm
201601I,2016052018,20.0,88.2,55.0,Severe Cyclonic Storm
201601I,2016052021,20.4,89.0,58.0,Severe Cyclonic Storm
201601I,2016052100,20.7,89.8,60.0,Severe Cyclonic Storm
201601I,2016052103,21.4,90.4,58.0,Severe Cyclonic Storm
201601I,2016052106,22.0,91.0,55.0,Severe Cyclonic Storm
201601I,2016052109,22.9,91.5,48.0,Severe Cyclonic Storm
201601I,2016052112,23.8,92.0,40.0,Cyclonic Storm
201602I,2016062612,21.8,67.1,25.0,Depression
201602I,2016062615,21.9,66.8,28.0,Depression
201602I,2016062618,21.9,66.5,30.0,Depression
201602I,2016062621,21.9,66.0,33.0,Depression
201602I,2016062700,22.0,65.6,35.0,Cyclonic Storm
201602I,2016062703,21.9,65.2,38.0,Cyclonic Storm
201602I,2016062706,21.9,64.7,40.0,Cyclonic Storm
201602I,2016062709,21.8,64.5,40.0,Cyclonic Storm
201602I,2016062712,21.6,64.2,40.0,Cyclonic Storm
201602I,2016062715,21.5,64.0,35.0,Cyclonic Storm
201602I,2016062718,21.4,63.9,30.0,Depression
201602I,2016062721,21.3,63.8,28.0,Depression
201602I,2016062800,21.2,63.7,25.0,Depression
201602I,2016062803,21.0,63.5,23.0,Depression
201602I,2016062806,20.9,63.4,20.0,Depression
201603I,2016102206,14.6,91.5,25.0,Depression
201603I,2016102209,14.8,91.8,25.0,Depression
201603I,2016102212,14.9,92.1,25.0,Depression
201603I,2016102215,15.1,92.2,25.0,Depression
201603I,2016102218,15.3,92.4,25.0,Depression
201603I,2016102221,15.4,92.5,25.0,Depression
201603I,2016102300,15.5,92.5,25.0,Depression
201603I,2016102303,15.6,92.5,28.0,Depression
201603I,2016102306,15.7,92.6,30.0,Depression
201603I,2016102309,15.8,92.7,30.0,Depression
201603I,2016102312,15.8,92.8,30.0,Depression
201603I,2016102315,15.9,92.9,30.0,Depression
201603I,2016102318,16.0,93.0,30.0,Depression
201603I,2016102321,16.1,93.0,30.0,Depression
201603I,2016102400,16.1,93.0,30.0,Depression
201603I,2016102403,16.3,93.0,30.0,Depression
201603I,2016102406,16.5,93.0,30.0,Depression
201603I,2016102409,16.6,92.7,30.0,Depression
201603I,2016102412,16.7,92.3,30.0,Depression
201603I,2016102415,16.6,92.2,30.0,Depression
201603I,2016102418,16.6,92.0,30.0,Depression
201603I,2016102421,16.6,91.8,33.0,Depression
201603I,2016102500,16.6,91.7,35.0,Cyclonic Storm
201603I,2016102503,16.6,91.5,38.0,Cyclonic Storm
201603I,2016102506,16.6,91.3,40.0,Cyclonic Storm
201603I,2016102509,16.6,90.9,38.0,Cyclonic Storm
201603I,2016102512,16.6,90.6,35.0,Cyclonic Storm
201603I,2016102515,16.6,90.2,35.0,Cyclonic Storm
201603I,2016102518,16.5,89.8,35.0,Cyclonic Storm
201603I,2016102521,16.3,89.4,35.0,Cyclonic Storm
201603I,2016102600,16.1,89.0,35.0,Cyclonic Storm
201603I,2016102603,16.1,88.4,33.0,Depression
201603I,2016102606,16.1,87.8,30.0,Depression
201603I,2016102609,16.1,87.3,30.0,Depression
201603I,2016102612,16.0,86.9,30.0,Depression
201603I,2016102615,15.9,86.5,28.0,Depression
201603I,2016102618,15.9,86.1,25.0,Depression
201603I,2016102621,15.9,85.7,25.0,Depression
201603I,2016102700,15.8,85.2,25.0,Depression
201603I,2016102703,15.8,84.7,25.0,Depression
201603I,2016102706,15.8,84.2,25.0,Depression
201603I,2016102709,15.7,83.9,25.0,Depression
201603I,2016102712,15.6,83.6,25.0,Depression
201603I,2016102715,15.4,83.3,25.0,Depression
201603I,2016102718,15.3,83.0,25.0,Depression
201603I,2016102721,15.2,82.8,25.0,Depression
201603I,2016102800,15.1,82.6,25.0,Depression
201603I,2016102803,15.0,82.3,25.0,Depression
201603I,2016102806,14.9,82.1,25.0,Depression
201603I,2016102809,14.8,81.9,25.0,Depression
201603I,2016102812,14.6,81.7,25.0,Depression
201603I,2016102815,14.4,81.5,23.0,Depression
201603I,2016102818,14.3,81.3,20.0,Depression
201603I,2016102821,14.2,81.2,20.0,Depression
201603I,2016102900,14.2,81.2,20.0,Depression
201603I,2016102903,14.1,81.1,20.0,Depression
201603I,2016102906,14.0,81.0,20.0,Depression
201604I,2016112918,7.8,86.9,35.0,Cyclonic Storm
201604I,2016112921,8.2,86.5,38.0,Cyclonic Storm
201604I,2016113000,8.5,86.0,40.0,Cyclonic Storm
201604I,2016113003,8.9,85.3,43.0,Cyclonic Storm
201604I,2016113006,9.4,84.7,45.0,Cyclonic Storm
201604I,2016113009,9.6,84.2,45.0,Cyclonic Storm
201604I,2016113012,9.8,83.8,45.0,Cyclonic Storm
201604I,2016113015,10.0,83.3,45.0,Cyclonic Storm
201604I,2016113018,10.2,82.9,45.0,Cyclonic Storm
201604I,2016113021,10.2,82.5,43.0,Cyclonic Storm
201604I,2016120100,10.3,82.1,40.0,Cyclonic Storm
201604I,2016120103,10.4,81.7,40.0,Cyclonic Storm
201604I,2016120106,10.4,81.3,40.0,Cyclonic Storm
201604I,2016120109,10.6,80.9,38.0,Cyclonic Storm
201604I,2016120112,10.8,80.5,35.0,Cyclonic Storm
201604I,2016120115,10.8,80.3,30.0,Depression
201604I,2016120118,10.8,80.1,25.0,Depression
201604I,2016120121,10.9,79.8,23.0,Depression
201604I,2016120200,10.9,79.6,20.0,Depression
201604I,2016120203,10.9,79.2,20.0,Depression
201604I,2016120206,11.0,78.9,20.0,Depression
201605I,2016120612,8.3,91.4,30.0,Depression
201605I,2016120615,8.5,91.5,30.0,Depression
201605I,2016120618,8.7,91.5,30.0,Depression
201605I,2016120621,9.1,91.5,30.0,Depression
201605I,2016120700,9.4,91.5,30.0,Depression
201605I,2016120703,9.7,91.7,30.0,Depression
201605I,2016120706,10.0,91.8,30.0,Depression
201605I,2016120709,10.2,91.9,30.0,Depression
201605I,2016120712,10.5,92.0,30.0,Depression
201605I,2016120715,10.7,92.0,35.0,Cyclonic Storm
201605I,2016120718,10.8,92.0,40.0,Cyclonic Storm
201605I,2016120721,10.9,92.0,43.0,Cyclonic Storm
201605I,2016120800,11.0,92.0,45.0,Cyclonic Storm
201605I,2016120803,11.1,92.0,45.0,Cyclonic Storm
201605I,2016120806,11.2,92.0,45.0,Cyclonic Storm
201605I,2016120809,11.2,91.9,45.0,Cyclonic Storm
201605I,2016120812,11.2,91.8,45.0,Cyclonic Storm
201605I,2016120815,11.2,91.7,45.0,Cyclonic Storm
201605I,2016120818,11.3,91.5,45.0,Cyclonic Storm
201605I,2016120821,11.4,91.2,45.0,Cyclonic Storm
201605I,2016120900,11.5,91.0,45.0,Cyclonic Storm
201605I,2016120903,11.7,90.8,45.0,Cyclonic Storm
201605I,2016120906,11.8,90.6,45.0,Cyclonic Storm
201605I,2016120909,11.9,90.3,48.0,Severe Cyclonic Storm
201605I,2016120912,12.1,90.0,50.0,Severe Cyclonic Storm
201605I,2016120915,12.2,89.5,53.0,Severe Cyclonic Storm
201605I,2016120918,12.4,89.1,55.0,Severe Cyclonic Storm
201605I,2016120921,12.5,88.6,55.0,Severe Cyclonic Storm
201605I,2016121000,12.6,88.1,55.0,Severe Cyclonic Storm
201605I,2016121003,12.7,87.6,58.0,Severe Cyclonic Storm
201605I,2016121006,12.8,87.1,60.0,Severe Cyclonic Storm
201605I,2016121009,12.8,86.7,63.0,Severe Cyclonic Storm
201605I,2016121012,12.8,86.3,65.0,Very Severe Cyclonic Storm
201605I,2016121015,12.8,85.8,68.0,Very Severe Cyclonic Storm
201605I,2016121018,12.8,85.4,70.0,Very Severe Cyclonic Storm
201605I,2016121021,12.8,85.2,73.0,Very Severe Cyclonic Storm
201605I,2016121100,12.8,84.9,75.0,Very Severe Cyclonic Storm
201605I,2016121103,12.9,84.4,75.0,Very Severe Cyclonic Storm
201605I,2016121106,13.0,83.9,75.0,Very Severe Cyclonic Storm
201605I,2016121109,13.1,83.6,75.0,Very Severe Cyclonic Storm
201605I,2016121112,13.1,83.3,75.0,Very Severe Cyclonic Storm
201605I,2016121115,13.1,82.8,78.0,Very Severe Cyclonic Storm
201605I,2016121118,13.1,82.4,80.0,Very Severe Cyclonic Storm
201605I,2016121121,13.1,82.1,80.0,Very Severe Cyclonic Storm
201605I,2016121200,13.2,81.8,80.0,Very Severe Cyclonic Storm
201605I,2016121203,13.2,81.3,80.0,Very Severe Cyclonic Storm
201605I,2016121206,13.2,80.9,80.0,Very Severe Cyclonic Storm
201605I,2016121209,13.2,80.3,73.0,Very Severe Cyclonic Storm
201605I,2016121212,13.2,79.8,65.0,Very Severe Cyclonic Storm
201605I,2016121215,13.2,79.3,58.0,Severe Cyclonic Storm
201605I,2016121218,13.2,78.8,50.0,Severe Cyclonic Storm
201605I,2016121221,13.1,78.3,40.0,Cyclonic Storm
201605I,2016121300,13.1,77.8,30.0,Depression
201605I,2016121303,13.1,77.4,28.0,Depression
201605I,2016121306,13.0,77.0,25.0,Depression
201605I,2016121309,13.1,76.5,25.0,Depression
201605I,2016121312,13.1,76.0,25.0,Depression
201605I,2016121315,13.1,75.5,23.0,Depression
201605I,2016121318,13.2,75.1,20.0,Depression
201605I,2016121321,13.2,74.5,20.0,Depression
201605I,2016121400,13.2,74.0,20.0,Depression
201605I,2016121403,13.1,73.6,20.0,Depression
201605I,2016121406,13.1,73.2,20.0,Depression
201605I,2016121409,13.0,72.9,23.0,Depression
201605I,2016121412,12.9,72.6,25.0,Depression
201605I,2016121415,12.8,72.2,25.0,Depression
201605I,2016121418,12.6,71.8,25.0,Depression
201605I,2016121421,12.4,71.4,25.0,Depression
201605I,2016121500,12.2,71.0,25.0,Depression
201605I,2016121503,12.0,70.6,25.0,Depression
201605I,2016121506,11.8,70.2,25.0,Depression
201605I,2016121509,11.6,69.8,25.0,Depression
201605I,2016121512,11.4,69.5,25.0,Depression
201605I,2016121515,11.2,69.0,25.0,Depression
201605I,2016121518,11.1,68.5,25.0,Depression
201605I,2016121521,11.1,68.0,28.0,Depression
201605I,2016121600,11.2,67.5,30.0,Depression
201605I,2016121603,11.2,67.0,30.0,Depression
201605I,2016121606,11.2,66.4,30.0,Depression
201605I,2016121609,11.2,65.9,30.0,Depression
201605I,2016121612,11.2,65.4,30.0,Depression
201605I,2016121615,11.1,64.8,30.0,Depression
201605I,2016121618,11.1,64.2,30.0,Depression
201605I,2016121621,10.9,63.2,30.0,Depression
201605I,2016121700,10.8,62.3,30.0,Depression
201605I,2016121703,10.7,61.6,30.0,Depression
201605I,2016121706,10.6,61.0,30.0,Depression
201605I,2016121709,10.5,60.4,30.0,Depression
201605I,2016121712,10.4,59.8,30.0,Depression
201605I,2016121715,10.1,59.1,33.0,Depression
201605I,2016121718,9.8,58.4,35.0,Cyclonic Storm
201605I,2016121721,9.6,57.6,35.0,Cyclonic Storm
201605I,2016121800,9.4,56.8,35.0,Cyclonic Storm
201605I,2016121803,9.4,56.1,35.0,Cyclonic Storm
201605I,2016121806,9.3,55.4,35.0,Cyclonic Storm
201605I,2016121809,9.3,54.5,35.0,Cyclonic Storm
201605I,2016121812,9.3,53.7,35.0,Cyclonic Storm
201605I,2016121815,9.2,52.9,35.0,Cyclonic Storm
201605I,2016121818,9.2,52.1,35.0,Cyclonic Storm
201605I,2016121821,9.1,51.5,30.0,Depression
201605I,2016121900,8.9,51.0,25.0,Depression
200503I,2005100112,17.9,85.8,20.0,Depression
200503I,2005100115,18.1,85.8,23.0,Depression
200503I,2005100118,18.4,85.8,25.0,Depression
200503I,2005100121,18.7,85.9,28.0,Depression
200503I,2005100200,19.0,86.0,30.0,Depression
200503I,2005100203,19.4,86.3,33.0,Depression
200503I,2005100206,19.7,86.6,35.0,Cyclonic Storm
200503I,2005100209,19.9,86.8,38.0,Cyclonic Storm
200503I,2005100212,20.2,87.1,40.0,Cyclonic Storm
200503I,2005100215,20.4,87.3,40.0,Cyclonic Storm
200503I,2005100218,20.7,87.6,40.0,Cyclonic Storm
200503I,2005100221,21.0,87.8,40.0,Cyclonic Storm
200503I,2005100300,21.4,87.9,40.0,Cyclonic Storm
200503I,2005100303,21.8,88.0,38.0,Cyclonic Storm
200503I,2005100306,22.2,88.1,35.0,Cyclonic Storm
200505I,2005112612,9.7,95.5,15.0,Depression
200505I,2005112615,9.8,95.2,18.0,Depression
200505I,2005112618,10.0,94.9,20.0,Depression
200505I,2005112621,10.3,94.8,23.0,Depression
200505I,2005112700,10.7,94.6,25.0,Depression
200505I,2005112703,10.8,94.2,25.0,Depression
200505I,2005112706,10.9,93.7,25.0,Depression
200505I,2005112709,10.9,93.2,28.0,Depression
200505I,2005112712,11.0,92.6,30.0,Depression
200505I,2005112715,10.9,91.9,30.0,Depression
200505I,2005112718,10.8,91.2,30.0,Depression
200505I,2005112721,10.6,90.6,33.0,Depression
200505I,2005112800,10.3,89.9,35.0,Cyclonic Storm
200505I,2005112803,10.4,89.5,35.0,Cyclonic Storm
200505I,2005112806,10.5,89.0,35.0,Cyclonic Storm
200505I,2005112809,10.6,88.5,35.0,Cyclonic Storm
200505I,2005112812,10.7,88.1,35.0,Cyclonic Storm
200505I,2005112815,10.9,87.7,40.0,Cyclonic Storm
200505I,2005112818,11.1,87.3,45.0,Cyclonic Storm
200505I,2005112821,11.3,86.9,45.0,Cyclonic Storm
200505I,2005112900,11.6,86.5,45.0,Cyclonic Storm
200505I,2005112903,11.9,86.2,45.0,Cyclonic Storm
200505I,2005112906,12.3,85.9,45.0,Cyclonic Storm
200505I,2005112909,12.4,85.6,45.0,Cyclonic Storm
200505I,2005112912,12.6,85.2,45.0,Cyclonic Storm
200505I,2005112915,12.5,85.0,45.0,Cyclonic Storm
200505I,2005112918,12.4,84.7,45.0,Cyclonic Storm
200505I,2005112921,12.5,84.5,43.0,Cyclonic Storm
200505I,2005113000,12.6,84.3,40.0,Cyclonic Storm
200505I,2005113003,12.8,84.2,40.0,Cyclonic Storm
200505I,2005113006,12.9,84.2,40.0,Cyclonic Storm
200505I,2005113009,12.8,84.3,40.0,Cyclonic Storm
200505I,2005113012,12.7,84.4,40.0,Cyclonic Storm
200505I,2005113015,12.7,84.2,43.0,Cyclonic Storm
200505I,2005113018,12.7,84.0,45.0,Cyclonic Storm
200505I,2005113021,12.8,84.0,45.0,Cyclonic Storm
200505I,2005120100,13.0,83.9,45.0,Cyclonic Storm
200505I,2005120103,12.9,83.8,45.0,Cyclonic Storm
200505I,2005120106,12.9,83.6,45.0,Cyclonic Storm
200505I,2005120109,12.9,83.4,40.0,Cyclonic Storm
200505I,2005120112,12.8,83.3,35.0,Cyclonic Storm
200505I,2005120115,12.7,83.2,35.0,Cyclonic Storm
200505I,2005120118,12.6,83.0,35.0,Cyclonic Storm
200505I,2005120121,12.5,82.8,35.0,Cyclonic Storm
200505I,2005120200,12.4,82.6,35.0,Cyclonic Storm
200505I,2005120203,12.2,82.4,33.0,Depression
200505I,2005120206,12.1,82.2,30.0,Depression
200505I,2005120209,12.2,81.8,30.0,Depression
200505I,2005120212,12.3,81.4,30.0,Depression
200505I,2005120215,12.4,81.2,30.0,Depression
200505I,2005120218,12.6,80.9,30.0,Depression
200505I,2005120221,12.7,80.7,30.0,Depression
200505I,2005120300,12.8,80.4,30.0,Depression
200505I,2005120303,12.7,80.2,28.0,Depression
200505I,2005120306,12.6,80.0,25.0,Depression
200505I,2005120309,12.6,79.8,23.0,Depression
200505I,2005120312,12.5,79.7,20.0,Depression
200505I,2005120315,12.5,79.5,20.0,Depression
200505I,2005120400,12.5,79.3,20.0,Depression
200802I,2008091512,19.6,88.5,25.0,Depression
200802I,2008091515,19.7,88.3,28.0,Depression
200802I,2008091518,19.8,88.1,30.0,Depression
200802I,2008091521,20.0,87.9,30.0,Depression
200802I,2008091600,20.1,87.8,30.0,Depression
200802I,2008091603,20.3,87.7,33.0,Depression
200802I,2008091606,20.5,87.6,35.0,Cyclonic Storm
200802I,2008091609,20.8,87.4,38.0,Cyclonic Storm
200802I,2008091612,21.0,87.3,40.0,Cyclonic Storm
200802I,2008091615,21.1,87.0,43.0,Cyclonic Storm
200802I,2008091618,21.2,86.7,45.0,Cyclonic Storm
200802I,2008091621,21.2,86.4,45.0,Cyclonic Storm
200802I,2008091700,21.3,86.1,45.0,Cyclonic Storm
200802I,2008091703,21.5,85.8,43.0,Cyclonic Storm
200802I,2008091706,21.6,85.4,40.0,Cyclonic Storm
200802I,2008091709,21.8,85.1,35.0,Cyclonic Storm
200802I,2008091712,21.9,84.7,30.0,Depression
200802I,2008091715,21.9,84.3,30.0,Depression
200802I,2008091718,22.0,83.9,30.0,Depression
200802I,2008091721,22.1,83.6,30.0,Depression
200802I,2008091800,22.1,83.3,30.0,Depression
200802I,2008091803,22.2,83.0,28.0,Depression
200802I,2008091806,22.4,82.7,25.0,Depression
200802I,2008091809,22.6,82.5,25.0,Depression
200802I,2008091812,22.8,82.2,25.0,Depression
200901I,2009041406,12.7,88.1,30.0,Depression
200901I,2009041409,12.5,88.0,30.0,Depression
200901I,2009041412,12.3,87.9,30.0,Depression
200901I,2009041415,12.4,87.6,30.0,Depression
200901I,2009041418,12.5,87.3,30.0,Depression
200901I,2009041421,13.0,87.3,30.0,Depression
200901I,2009041500,13.5,87.4,30.0,Depression
200901I,2009041503,14.2,87.1,33.0,Depression
200901I,2009041506,14.9,86.7,35.0,Cyclonic Storm
200901I,2009041509,15.4,86.4,38.0,Cyclonic Storm
200901I,2009041512,15.8,86.1,40.0,Cyclonic Storm
200901I,2009041515,16.1,86.0,40.0,Cyclonic Storm
200901I,2009041518,16.3,85.9,40.0,Cyclonic Storm
200901I,2009041521,16.6,85.9,43.0,Cyclonic Storm
200901I,2009041600,16.8,85.9,45.0,Cyclonic Storm
200901I,2009041603,17.2,86.1,45.0,Cyclonic Storm
200901I,2009041606,17.6,86.2,45.0,Cyclonic Storm
200901I,2009041609,18.0,86.4,48.0,Severe Cyclonic Storm
200901I,2009041612,18.4,86.6,50.0,Severe Cyclonic Storm
200901I,2009041615,18.8,86.9,50.0,Severe Cyclonic Storm
200901I,2009041618,19.1,87.2,50.0,Severe Cyclonic Storm
200901I,2009041621,19.6,87.7,50.0,Severe Cyclonic Storm
200901I,2009041700,20.0,88.1,50.0,Severe Cyclonic Storm
200901I,2009041703,20.4,88.7,50.0,Severe Cyclonic Storm
200901I,2009041706,20.8,89.3,50.0,Severe Cyclonic Storm
200901I,2009041709,21.1,89.9,48.0,Severe Cyclonic Storm
200901I,2009041712,21.4,90.6,45.0,Cyclonic Storm
200901I,2009041715,21.6,91.2,45.0,Cyclonic Storm
200901I,2009041718,21.9,91.8,45.0,Cyclonic Storm
200901I,2009041721,22.1,92.4,43.0,Cyclonic Storm
200901I,2009041800,22.4,93.1,40.0,Cyclonic Storm
201106I,2011122518,9.6,88.5,30.0,Depression
201106I,2011122521,9.8,88.5,30.0,Depression
201106I,2011122600,10.1,88.5,30.0,Depression
201106I,2011122603,10.3,88.5,35.0,Cyclonic Storm
201106I,2011122606,10.6,88.4,40.0,Cyclonic Storm
201106I,2011122609,10.9,88.3,45.0,Cyclonic Storm
201106I,2011122612,11.2,88.2,50.0,Severe Cyclonic Storm
201106I,2011122615,11.4,88.0,50.0,Severe Cyclonic Storm
201106I,2011122618,11.6,87.8,50.0,Severe Cyclonic Storm
201106I,2011122621,11.8,87.7,50.0,Severe Cyclonic Storm
201106I,2011122700,11.9,87.5,50.0,Severe Cyclonic Storm
201106I,2011122703,12.0,87.3,50.0,Severe Cyclonic Storm
201106I,2011122706,12.1,87.2,50.0,Severe Cyclonic Storm
201106I,2011122709,12.2,86.9,53.0,Severe Cyclonic Storm
201106I,2011122712,12.3,86.6,55.0,Severe Cyclonic Storm
201106I,2011122715,12.2,86.2,58.0,Severe Cyclonic Storm
201106I,2011122718,12.1,85.9,60.0,Severe Cyclonic Storm
201106I,2011122721,12.0,85.6,63.0,Severe Cyclonic Storm
201106I,2011122800,11.9,85.3,65.0,Very Severe Cyclonic Storm
201106I,2011122803,11.9,85.0,68.0,Very Severe Cyclonic Storm
201106I,2011122806,12.0,84.7,70.0,Very Severe Cyclonic Storm
201106I,2011122809,12.1,84.5,73.0,Very Severe Cyclonic Storm
201106I,2011122812,12.2,84.2,75.0,Very Severe Cyclonic Storm
201106I,2011122815,12.1,83.8,75.0,Very Severe Cyclonic Storm
201106I,2011122818,12.0,83.5,75.0,Very Severe Cyclonic Storm
201106I,2011122821,11.9,83.2,80.0,Very Severe Cyclonic Storm
201106I,2011122900,11.9,82.8,85.0,Very Severe Cyclonic Storm
201106I,2011122903,11.9,82.4,88.0,Very Severe Cyclonic Storm
201106I,2011122906,11.9,82.1,90.0,Extremely Severe/Super Cyclone
201106I,2011122909,11.9,81.7,85.0,Very Severe Cyclonic Storm
201106I,2011122912,11.9,81.3,80.0,Very Severe Cyclonic Storm
201106I,2011122915,11.9,80.9,78.0,Very Severe Cyclonic Storm
201106I,2011122918,11.8,80.6,75.0,Very Severe Cyclonic Storm
201106I,2011122921,11.8,80.2,70.0,Very Severe Cyclonic Storm
201106I,2011123000,11.7,79.9,65.0,Very Severe Cyclonic Storm
201106I,2011123003,11.6,79.6,58.0,Severe Cyclonic Storm
201106I,2011123006,11.6,79.2,50.0,Severe Cyclonic Storm
201106I,2011123009,12.1,78.7,45.0,Cyclonic Storm
201106I,2011123012,12.7,78.2,40.0,Cyclonic Storm
201404I,2014102318,11.1,61.8,15.0,Depression
201404I,2014102321,11.2,61.7,18.0,Depression
201404I,2014102400,11.3,61.6,20.0,Depression
201404I,2014102403,11.4,61.5,20.0,Depression
201404I,2014102406,11.6,61.5,20.0,Depression
201404I,2014102409,11.7,61.6,20.0,Depression
201404I,2014102412,11.8,61.7,20.0,Depression
201404I,2014102415,11.9,61.9,23.0,Depression
201404I,2014102418,12.0,62.0,25.0,Depression
201404I,2014102421,12.2,62.1,28.0,Depression
201404I,2014102500,12.3,62.3,30.0,Depression
201404I,2014102503,12.6,62.3,30.0,Depression
201404I,2014102506,12.9,62.4,30.0,Depression
201404I,2014102509,13.2,62.6,33.0,Depression
201404I,2014102512,13.5,62.8,35.0,Cyclonic Storm
201404I,2014102515,13.7,62.9,35.0,Cyclonic Storm
201404I,2014102518,13.9,63.0,35.0,Cyclonic Storm
201404I,2014102521,14.0,63.0,38.0,Cyclonic Storm
201404I,2014102600,14.1,63.0,40.0,Cyclonic Storm
201404I,2014102603,14.1,63.0,43.0,Cyclonic Storm
201404I,2014102606,14.2,63.0,45.0,Cyclonic Storm
201404I,2014102609,14.2,63.0,50.0,Severe Cyclonic Storm
201404I,2014102612,14.3,63.0,55.0,Severe Cyclonic Storm
201404I,2014102615,14.4,63.0,55.0,Severe Cyclonic Storm
201404I,2014102618,14.5,62.9,55.0,Severe Cyclonic Storm
201404I,2014102621,14.6,62.8,60.0,Severe Cyclonic Storm
201404I,2014102700,14.7,62.8,65.0,Very Severe Cyclonic Storm
201404I,2014102703,14.8,62.6,68.0,Very Severe Cyclonic Storm
201404I,2014102706,14.8,62.5,70.0,Very Severe Cyclonic Storm
201404I,2014102709,14.9,62.4,75.0,Very Severe Cyclonic Storm
201404I,2014102712,15.0,62.3,80.0,Very Severe Cyclonic Storm
201404I,2014102715,15.1,62.2,85.0,Very Severe Cyclonic Storm
201404I,2014102718,15.1,62.1,90.0,Extremely Severe/Super Cyclone
201404I,2014102721,15.3,61.9,93.0,Extremely Severe/Super Cyclone
201404I,2014102800,15.5,61.7,95.0,Extremely Severe/Super Cyclone
201404I,2014102803,15.8,61.7,98.0,Extremely Severe/Super Cyclone
201404I,2014102806,16.0,61.7,100.0,Extremely Severe/Super Cyclone
201404I,2014102809,16.4,61.8,108.0,Extremely Severe/Super Cyclone
201404I,2014102812,16.8,61.8,115.0,Extremely Severe/Super Cyclone
201404I,2014102815,17.2,61.7,115.0,Extremely Severe/Super Cyclone
201404I,2014102818,17.7,61.6,115.0,Extremely Severe/Super Cyclone
201404I,2014102821,17.9,61.6,110.0,Extremely Severe/Super Cyclone
201404I,2014102900,18.0,61.6,105.0,Extremely Severe/Super Cyclone
201404I,2014102903,18.2,61.7,100.0,Extremely Severe/Super Cyclone
201404I,2014102906,18.5,61.8,95.0,Extremely Severe/Super Cyclone
201404I,2014102909,18.6,62.0,88.0,Very Severe Cyclonic Storm
201404I,2014102912,18.8,62.2,80.0,Very Severe Cyclonic Storm
201404I,2014102915,19.0,62.5,75.0,Very Severe Cyclonic Storm
201404I,2014102918,19.1,62.9,70.0,Very Severe Cyclonic Storm
201404I,2014102921,19.4,63.2,65.0,Very Severe Cyclonic Storm
201404I,2014103000,19.6,63.5,60.0,Severe Cyclonic Storm
201404I,2014103003,19.8,63.8,55.0,Severe Cyclonic Storm
201404I,2014103006,19.9,64.0,50.0,Severe Cyclonic Storm
201404I,2014103009,19.9,64.2,48.0,Severe Cyclonic Storm
201404I,2014103012,20.0,64.5,45.0,Cyclonic Storm
201404I,2014103015,20.2,64.7,40.0,Cyclonic Storm
201404I,2014103018,20.4,64.8,35.0,Cyclonic Storm
201404I,2014103021,20.5,64.9,33.0,Depression
201404I,2014103100,20.7,65.0,30.0,Depression
201404I,2014103103,20.9,65.0,28.0,Depression
201404I,2014103106,21.0,65.1,25.0,Depression
201404I,2014103109,21.2,65.0,25.0,Depression
201404I,2014103112,21.4,65.0,25.0,Depression
201404I,2014103115,21.5,64.8,23.0,Depression
201404I,2014103118,21.7,64.7,20.0,Depression
201404I,2014103121,21.7,64.5,20.0,Depression
201404I,2014110100,21.7,64.2,20.0,Depression
201404I,2014110103,21.7,64.0,20.0,Depression
201404I,2014110106,21.7,63.8,20.0,Depression
201404I,2014110109,21.7,63.5,18.0,Depression
201404I,2014110112,21.7,63.3,15.0,Depression
201505I,2015110418,14.0,66.4,25.0,Depression
201505I,2015110421,14.1,66.1,28.0,Depression
201505I,2015110500,14.1,65.8,30.0,Depression
201505I,2015110503,14.1,65.3,33.0,Depression
201505I,2015110506,14.0,64.8,35.0,Cyclonic Storm
201505I,2015110509,13.9,64.3,35.0,Cyclonic Storm
201505I,2015110512,13.9,63.9,35.0,Cyclonic Storm
201505I,2015110515,13.8,63.5,38.0,Cyclonic Storm
201505I,2015110518,13.7,63.2,40.0,Cyclonic Storm
201505I,2015110521,13.6,62.9,40.0,Cyclonic Storm
201505I,2015110600,13.5,62.5,40.0,Cyclonic Storm
201505I,2015110603,13.4,62.2,43.0,Cyclonic Storm
201505I,2015110606,13.3,61.9,45.0,Cyclonic Storm
201505I,2015110609,13.2,61.6,45.0,Cyclonic Storm
201505I,2015110612,13.1,61.3,45.0,Cyclonic Storm
201505I,2015110615,13.0,61.0,45.0,Cyclonic Storm
201505I,2015110618,12.9,60.7,45.0,Cyclonic Storm
201505I,2015110621,12.9,60.4,50.0,Severe Cyclonic Storm
201505I,2015110700,12.8,60.0,55.0,Severe Cyclonic Storm
201505I,2015110703,12.8,59.6,60.0,Severe Cyclonic Storm
201505I,2015110706,12.7,59.3,65.0,Very Severe Cyclonic Storm
201505I,2015110709,12.8,58.8,73.0,Very Severe Cyclonic Storm
201505I,2015110712,12.8,58.3,80.0,Very Severe Cyclonic Storm
201505I,2015110715,12.8,57.8,85.0,Very Severe Cyclonic Storm
201505I,2015110718,12.8,57.3,90.0,Extremely Severe/Super Cyclone
201505I,2015110721,12.8,56.7,98.0,Extremely Severe/Super Cyclone
201505I,2015110800,12.7,56.1,105.0,Extremely Severe/Super Cyclone
201505I,2015110803,12.6,55.5,108.0,Extremely Severe/Super Cyclone
201505I,2015110806,12.6,54.9,110.0,Extremely Severe/Super Cyclone
201505I,2015110809,12.6,54.2,103.0,Extremely Severe/Super Cyclone
201505I,2015110812,12.6,53.5,95.0,Extremely Severe/Super Cyclone
201505I,2015110815,12.5,52.8,88.0,Very Severe Cyclonic Storm
201505I,2015110818,12.4,52.1,80.0,Very Severe Cyclonic Storm
201505I,2015110821,12.3,51.5,75.0,Very Severe Cyclonic Storm
201505I,2015110900,12.2,50.8,70.0,Very Severe Cyclonic Storm
201505I,2015110903,12.2,50.1,65.0,Very Severe Cyclonic Storm
201505I,2015110906,12.2,49.5,60.0,Severe Cyclonic Storm
201505I,2015110909,12.3,49.0,55.0,Severe Cyclonic Storm
201505I,2015110912,12.4,48.6,50.0,Severe Cyclonic Storm
201505I,2015110915,12.5,48.4,45.0,Cyclonic Storm
201505I,2015110918,12.6,48.1,40.0,Cyclonic Storm
201505I,2015110921,12.7,47.9,35.0,Cyclonic Storm
201505I,2015111000,12.8,47.6,30.0,Depression
201505I,2015111003,13.0,47.4,28.0,Depression
201505I,2015111006,13.2,47.1,25.0,Depression
201505I,2015111009,13.4,46.9,23.0,Depression
201505I,2015111012,13.7,46.7,20.0,Depression
200301I,2003050818,4.8,91.2,20.0,Depression
200301I,2003050821,4.7,91.2,20.0,Depression
200301I,2003050900,4.5,91.1,20.0,Depression
200301I,2003050903,4.3,91.0,23.0,Depression
200301I,2003050906,4.2,91.0,25.0,Depression
200301I,2003050909,4.3,90.8,25.0,Depression
200301I,2003050912,4.4,90.7,25.0,Depression
200301I,2003050915,4.8,90.6,25.0,Depression
200301I,2003050918,5.1,90.4,25.0,Depression
200301I,2003050921,5.5,90.3,25.0,Depression
200301I,2003051000,6.0,90.2,25.0,Depression
200301I,2003051003,6.5,90.1,25.0,Depression
200301I,2003051006,6.9,89.9,25.0,Depression
200301I,2003051009,7.3,89.7,28.0,Depression
200301I,2003051012,7.8,89.5,30.0,Depression
200301I,2003051015,8.2,89.1,33.0,Depression
200301I,2003051018,8.7,88.7,35.0,Cyclonic Storm
200301I,2003051021,9.1,88.3,40.0,Cyclonic Storm
200301I,2003051100,9.6,88.0,45.0,Cyclonic Storm
200301I,2003051103,10.0,87.7,50.0,Severe Cyclonic Storm
200301I,2003051106,10.4,87.4,55.0,Severe Cyclonic Storm
200301I,2003051109,10.5,87.1,58.0,Severe Cyclonic Storm
200301I,2003051112,10.6,86.8,60.0,Severe Cyclonic Storm
200301I,2003051115,10.6,86.5,60.0,Severe Cyclonic Storm
200301I,2003051118,10.7,86.3,60.0,Severe Cyclonic Storm
200301I,2003051121,10.6,86.3,60.0,Severe Cyclonic Storm
200301I,2003051200,10.4,86.4,60.0,Severe Cyclonic Storm
200301I,2003051203,10.7,86.4,58.0,Severe Cyclonic Storm
200301I,2003051206,10.9,86.4,55.0,Severe Cyclonic Storm
200301I,2003051209,11.1,86.6,55.0,Severe Cyclonic Storm
200301I,2003051212,11.3,86.7,55.0,Severe Cyclonic Storm
200301I,2003051215,11.6,86.8,55.0,Severe Cyclonic Storm
200301I,2003051218,11.8,86.8,55.0,Severe Cyclonic Storm
200301I,2003051221,12.1,86.6,55.0,Severe Cyclonic Storm
200301I,2003051300,12.3,86.4,55.0,Severe Cyclonic Storm
200301I,2003051303,12.4,86.2,55.0,Severe Cyclonic Storm
200301I,2003051306,12.6,86.1,55.0,Severe Cyclonic Storm
200301I,2003051309,12.8,86.0,53.0,Severe Cyclonic Storm
200301I,2003051312,12.9,86.0,50.0,Severe Cyclonic Storm
200301I,2003051315,13.1,86.0,53.0,Severe Cyclonic Storm
200301I,2003051318,13.2,85.9,55.0,Severe Cyclonic Storm
200301I,2003051321,13.4,85.9,50.0,Severe Cyclonic Storm
200301I,2003051400,13.7,85.9,45.0,Cyclonic Storm
200301I,2003051403,13.9,86.0,45.0,Cyclonic Storm
200301I,2003051406,14.2,86.0,45.0,Cyclonic Storm
200301I,2003051409,14.3,86.2,43.0,Cyclonic Storm
200301I,2003051412,14.5,86.4,40.0,Cyclonic Storm
200301I,2003051415,14.6,86.6,38.0,Cyclonic Storm
200301I,2003051418,14.7,86.7,35.0,Cyclonic Storm
200301I,2003051421,14.8,86.5,35.0,Cyclonic Storm
200301I,2003051500,14.8,86.3,35.0,Cyclonic Storm
200301I,2003051503,14.6,86.2,35.0,Cyclonic Storm
200301I,2003051506,14.4,86.2,35.0,Cyclonic Storm
200301I,2003051509,14.4,86.3,35.0,Cyclonic Storm
200301I,2003051512,14.3,86.5,35.0,Cyclonic Storm
200301I,2003051515,14.4,86.7,35.0,Cyclonic Storm
200301I,2003051518,14.4,86.8,35.0,Cyclonic Storm
200301I,2003051521,14.4,86.9,38.0,Cyclonic Storm
200301I,2003051600,14.5,87.1,40.0,Cyclonic Storm
200301I,2003051603,14.3,87.1,43.0,Cyclonic Storm
200301I,2003051606,14.2,87.1,45.0,Cyclonic Storm
200301I,2003051609,14.1,86.9,45.0,Cyclonic Storm
200301I,2003051612,14.1,86.8,45.0,Cyclonic Storm
200301I,2003051615,13.9,86.8,43.0,Cyclonic Storm
200301I,2003051618,13.7,86.8,40.0,Cyclonic Storm
200301I,2003051621,13.5,87.1,40.0,Cyclonic Storm
200301I,2003051700,13.3,87.4,40.0,Cyclonic Storm
200301I,2003051703,13.2,87.8,40.0,Cyclonic Storm
200301I,2003051706,13.1,88.3,40.0,Cyclonic Storm
200301I,2003051709,13.2,88.8,40.0,Cyclonic Storm
200301I,2003051712,13.3,89.3,40.0,Cyclonic Storm
200301I,2003051715,13.5,89.8,35.0,Cyclonic Storm
200301I,2003051718,13.7,90.2,30.0,Depression
200301I,2003051721,14.0,90.6,30.0,Depression
200301I,2003051800,14.3,91.0,30.0,Depression
200301I,2003051803,14.8,91.2,30.0,Depression
200301I,2003051806,15.2,91.5,30.0,Depression
200301I,2003051809,15.6,91.9,30.0,Depression
200301I,2003051812,15.9,92.3,30.0,Depression
200301I,2003051815,16.3,92.7,30.0,Depression
200301I,2003051818,16.7,93.0,30.0,Depression
200301I,2003051821,17.1,93.1,33.0,Depression
200301I,2003051900,17.5,93.2,35.0,Cyclonic Storm
200301I,2003051903,17.9,93.2,40.0,Cyclonic Storm
200301I,2003051906,18.3,93.3,45.0,Cyclonic Storm
200301I,2003051909,18.6,93.5,45.0,Cyclonic Storm
200301I,2003051912,19.0,93.7,45.0,Cyclonic Storm
200301I,2003051915,19.4,93.9,43.0,Cyclonic Storm
200301I,2003051918,19.9,94.1,40.0,Cyclonic Storm
200402I,2004051500,14.9,90.4,15.0,Depression
200402I,2004051503,14.9,90.8,15.0,Depression
200402I,2004051506,14.9,91.3,15.0,Depression
200402I,2004051509,15.2,91.7,18.0,Depression
200402I,2004051512,15.4,92.1,20.0,Depression
200402I,2004051515,15.8,92.0,23.0,Depression
200402I,2004051518,16.1,92.0,25.0,Depression
200402I,2004051521,16.5,92.1,25.0,Depression
200402I,2004051600,16.8,92.2,25.0,Depression
200402I,2004051603,17.1,92.0,25.0,Depression
200402I,2004051606,17.5,91.8,25.0,Depression
200402I,2004051609,17.8,91.4,25.0,Depression
200402I,2004051612,18.0,91.1,25.0,Depression
200402I,2004051615,18.1,90.7,28.0,Depression
200402I,2004051618,18.1,90.3,30.0,Depression
200402I,2004051621,18.1,90.0,33.0,Depression
200402I,2004051700,18.0,89.8,35.0,Cyclonic Storm
200402I,2004051703,18.1,89.5,35.0,Cyclonic Storm
200402I,2004051706,18.2,89.3,35.0,Cyclonic Storm
200402I,2004051709,18.3,89.0,35.0,Cyclonic Storm
200402I,2004051712,18.4,88.8,35.0,Cyclonic Storm
200402I,2004051715,18.5,88.5,35.0,Cyclonic Storm
200402I,2004051718,18.6,88.2,35.0,Cyclonic Storm
200402I,2004051721,18.2,88.4,35.0,Cyclonic Storm
200402I,2004051800,17.9,88.6,35.0,Cyclonic Storm
200402I,2004051803,18.3,88.9,38.0,Cyclonic Storm
200402I,2004051806,18.7,89.2,40.0,Cyclonic Storm
200402I,2004051809,18.8,89.7,43.0,Cyclonic Storm
200402I,2004051812,18.8,90.2,45.0,Cyclonic Storm
200402I,2004051815,19.1,90.6,50.0,Severe Cyclonic Storm
200402I,2004051818,19.5,91.0,55.0,Severe Cyclonic Storm
200402I,2004051821,19.6,91.5,60.0,Severe Cyclonic Storm
200402I,2004051900,19.8,92.0,65.0,Very Severe Cyclonic Storm
200402I,2004051903,20.0,92.5,65.0,Very Severe Cyclonic Storm
200402I,2004051906,20.1,93.1,65.0,Very Severe Cyclonic Storm
200402I,2004051909,20.5,93.9,60.0,Severe Cyclonic Storm
200402I,2004051912,20.9,94.7,55.0,Severe Cyclonic Storm
200402I,2004051915,21.4,95.5,43.0,Cyclonic Storm
200402I,2004051918,21.8,96.3,30.0,Depression
200502I,2005011200,4.4,89.9,20.0,Depression
200502I,2005011203,4.6,89.8,20.0,Depression
200502I,2005011206,4.7,89.7,20.0,Depression
200502I,2005011209,4.8,89.6,20.0,Depression
200502I,2005011212,5.0,89.4,20.0,Depression
200502I,2005011215,5.2,89.2,20.0,Depression
200502I,2005011218,5.3,88.9,20.0,Depression
200502I,2005011221,5.2,88.5,23.0,Depression
200502I,2005011300,5.2,88.1,25.0,Depression
200502I,2005011303,5.3,87.8,28.0,Depression
200502I,2005011306,5.4,87.5,30.0,Depression
200502I,2005011309,5.5,87.3,30.0,Depression
200502I,2005011312,5.6,87.2,30.0,Depression
200502I,2005011315,5.8,87.2,30.0,Depression
200502I,2005011318,5.9,87.3,30.0,Depression
200502I,2005011321,5.8,87.4,30.0,Depression
200502I,2005011400,5.8,87.6,30.0,Depression
200502I,2005011403,5.6,87.6,30.0,Depression
200502I,2005011406,5.4,87.6,30.0,Depression
200502I,2005011409,5.2,87.5,33.0,Depression
200502I,2005011412,5.1,87.4,35.0,Cyclonic Storm
200502I,2005011415,5.1,87.2,35.0,Cyclonic Storm
200502I,2005011418,5.1,87.1,35.0,Cyclonic Storm
200502I,2005011421,5.0,87.0,35.0,Cyclonic Storm
200502I,2005011500,5.0,86.9,35.0,Cyclonic Storm
200502I,2005011503,5.0,86.8,35.0,Cyclonic Storm
200502I,2005011506,5.0,86.6,35.0,Cyclonic Storm
200502I,2005011509,4.9,86.5,35.0,Cyclonic Storm
200502I,2005011512,4.8,86.4,35.0,Cyclonic Storm
200502I,2005011515,4.7,86.4,35.0,Cyclonic Storm
200502I,2005011518,4.5,86.4,35.0,Cyclonic Storm
200502I,2005011521,4.3,86.4,35.0,Cyclonic Storm
200502I,2005011600,4.2,86.4,35.0,Cyclonic Storm
200502I,2005011603,4.3,86.3,35.0,Cyclonic Storm
200502I,2005011606,4.5,86.3,35.0,Cyclonic Storm
200502I,2005011609,4.5,86.1,35.0,Cyclonic Storm
200502I,2005011612,4.6,85.9,35.0,Cyclonic Storm
200502I,2005011615,4.8,85.8,33.0,Depression
200502I,2005011618,4.9,85.6,30.0,Depression
200502I,2005011621,4.8,85.4,28.0,Depression
200502I,2005011700,4.7,85.2,25.0,Depression
200502I,2005011703,4.5,85.2,23.0,Depression
200502I,2005011706,4.3,85.1,20.0,Depression
200604I,2006091912,19.4,68.4,20.0,Depression
200604I,2006091915,19.4,68.3,23.0,Depression
200604I,2006091918,19.3,68.2,25.0,Depression
200604I,2006091921,19.3,68.0,25.0,Depression
200604I,2006092000,19.3,67.8,25.0,Depression
200604I,2006092003,19.4,67.6,25.0,Depression
200604I,2006092006,19.4,67.4,25.0,Depression
200604I,2006092009,19.4,67.2,25.0,Depression
200604I,2006092012,19.5,67.1,25.0,Depression
200604I,2006092015,19.6,66.9,28.0,Depression
200604I,2006092018,19.6,66.8,30.0,Depression
200604I,2006092021,19.6,66.7,30.0,Depression
200604I,2006092100,19.6,66.6,30.0,Depression
200604I,2006092103,19.6,66.5,30.0,Depression
200604I,2006092106,19.6,66.4,30.0,Depression
200604I,2006092109,19.6,66.3,33.0,Depression
200604I,2006092112,19.7,66.3,35.0,Cyclonic Storm
200604I,2006092115,19.8,66.3,38.0,Cyclonic Storm
200604I,2006092118,19.9,66.3,40.0,Cyclonic Storm
200604I,2006092121,19.9,66.3,43.0,Cyclonic Storm
200604I,2006092200,20.0,66.4,45.0,Cyclonic Storm
200604I,2006092203,20.1,66.5,45.0,Cyclonic Storm
200604I,2006092206,20.2,66.5,45.0,Cyclonic Storm
200604I,2006092209,20.2,66.5,48.0,Severe Cyclonic Storm
200604I,2006092212,20.3,66.6,50.0,Severe Cyclonic Storm
200604I,2006092215,20.4,66.7,50.0,Severe Cyclonic Storm
200604I,2006092218,20.4,66.8,50.0,Severe Cyclonic Storm
200604I,2006092221,20.4,66.8,50.0,Severe Cyclonic Storm
200604I,2006092300,20.4,66.9,50.0,Severe Cyclonic Storm
200604I,2006092303,20.4,67.0,53.0,Severe Cyclonic Storm
200604I,2006092306,20.5,67.1,55.0,Severe Cyclonic Storm
200604I,2006092309,20.4,67.2,50.0,Severe Cyclonic Storm
200604I,2006092312,20.3,67.2,45.0,Cyclonic Storm
200604I,2006092315,20.2,67.2,40.0,Cyclonic Storm
200604I,2006092318,20.2,67.1,35.0,Cyclonic Storm
200604I,2006092321,20.1,67.0,33.0,Depression
200604I,2006092400,20.0,67.0,30.0,Depression
200604I,2006092403,19.9,67.0,30.0,Depression
200604I,2006092406,19.8,66.9,30.0,Depression
200604I,2006092409,19.7,66.9,30.0,Depression
200604I,2006092412,19.6,66.9,30.0,Depression
200604I,2006092415,19.6,66.8,30.0,Depression
200604I,2006092418,19.5,66.8,30.0,Depression
200604I,2006092421,19.5,66.7,30.0,Depression
200604I,2006092500,19.5,66.6,30.0,Depression
200604I,2006092503,19.6,66.5,30.0,Depression
200604I,2006092506,19.7,66.5,30.0,Depression
200604I,2006092509,19.8,66.4,30.0,Depression
200604I,2006092512,19.8,66.3,30.0,Depression
200604I,2006092515,19.9,66.2,28.0,Depression
200604I,2006092518,19.9,66.2,25.0,Depression
200604I,2006092521,19.9,66.2,25.0,Depression
200604I,2006092600,20.0,66.1,25.0,Depression
200604I,2006092603,20.1,65.9,25.0,Depression
200604I,2006092606,20.2,65.8,25.0,Depression
200604I,2006092609,20.2,65.6,25.0,Depression
200604I,2006092612,20.3,65.4,25.0,Depression
200902I,2009052300,16.7,88.8,25.0,Depression
200902I,2009052303,16.9,88.9,28.0,Depression
200902I,2009052306,17.0,89.0,30.0,Depression
200902I,2009052309,17.1,88.9,30.0,Depression
200902I,2009052312,17.2,88.8,30.0,Depression
200902I,2009052315,17.4,88.8,30.0,Depression
200902I,2009052318,17.5,88.7,30.0,Depression
200902I,2009052321,17.6,88.6,33.0,Depression
200902I,2009052400,17.7,88.5,35.0,Cyclonic Storm
200902I,2009052403,17.9,88.4,35.0,Cyclonic Storm
200902I,2009052406,18.0,88.3,35.0,Cyclonic Storm
200902I,2009052409,18.2,88.2,40.0,Cyclonic Storm
200902I,2009052412,18.5,88.1,45.0,Cyclonic Storm
200902I,2009052415,18.8,88.1,48.0,Severe Cyclonic Storm
200902I,2009052418,19.1,88.1,50.0,Severe Cyclonic Storm
200902I,2009052421,19.6,88.1,53.0,Severe Cyclonic Storm
200902I,2009052500,20.0,88.1,55.0,Severe Cyclonic Storm
200902I,2009052503,20.8,88.2,60.0,Severe Cyclonic Storm
200902I,2009052506,21.6,88.3,65.0,Very Severe Cyclonic Storm
200902I,2009052509,22.2,88.3,60.0,Severe Cyclonic Storm
200902I,2009052512,22.9,88.4,55.0,Severe Cyclonic Storm
200902I,2009052515,23.5,88.5,48.0,Severe Cyclonic Storm
200902I,2009052518,24.2,88.5,40.0,Cyclonic Storm
200902I,2009052521,24.9,88.6,35.0,Cyclonic Storm
200902I,2009052600,25.7,88.7,30.0,Depression
200902I,2009052603,26.2,88.8,23.0,Depression
200902I,2009052606,26.8,89.0,15.0,Depression
201004I,2010101918,16.9,92.3,20.0,Depression
201004I,2010101921,16.9,92.2,23.0,Depression
201004I,2010102000,17.0,92.1,25.0,Depression
201004I,2010102003,17.0,91.9,28.0,Depression
201004I,2010102006,17.0,91.8,30.0,Depression
201004I,2010102009,16.9,91.7,30.0,Depression
201004I,2010102012,16.8,91.5,30.0,Depression
201004I,2010102015,17.0,91.5,33.0,Depression
201004I,2010102018,17.1,91.6,35.0,Cyclonic Storm
201004I,2010102021,17.2,91.5,43.0,Cyclonic Storm
201004I,2010102100,17.3,91.5,50.0,Severe Cyclonic Storm
201004I,2010102103,17.4,91.7,53.0,Severe Cyclonic Storm
201004I,2010102106,17.5,91.8,55.0,Severe Cyclonic Storm
201004I,2010102109,17.6,92.0,60.0,Severe Cyclonic Storm
201004I,2010102112,17.8,92.2,65.0,Very Severe Cyclonic Storm
201004I,2010102115,18.0,92.3,68.0,Very Severe Cyclonic Storm
201004I,2010102118,18.1,92.4,70.0,Very Severe Cyclonic Storm
201004I,2010102121,18.3,92.5,80.0,Very Severe Cyclonic Storm
201004I,2010102200,18.5,92.6,90.0,Extremely Severe/Super Cyclone
201004I,2010102203,18.8,92.8,108.0,Extremely Severe/Super Cyclone
201004I,2010102206,19.0,93.0,125.0,Extremely Severe/Super Cyclone
201004I,2010102209,19.4,93.2,130.0,Extremely Severe/Super Cyclone
201004I,2010102212,19.8,93.3,135.0,Extremely Severe/Super Cyclone
201004I,2010102215,20.1,93.5,108.0,Extremely Severe/Super Cyclone
201004I,2010102218,20.5,93.8,80.0,Very Severe Cyclonic Storm
201004I,2010102221,20.9,94.4,68.0,Very Severe Cyclonic Storm
201004I,2010102300,21.3,95.0,55.0,Severe Cyclonic Storm
201004I,2010102303,21.7,95.2,48.0,Severe Cyclonic Storm
201004I,2010102306,22.1,95.5,40.0,Cyclonic Storm
201004I,2010102309,22.4,95.8,38.0,Cyclonic Storm
201004I,2010102312,22.7,96.2,35.0,Cyclonic Storm
201004I,2010102315,22.9,96.8,35.0,Cyclonic Storm
201004I,2010102318,23.0,97.4,35.0,Cyclonic Storm
201004I,2010102321,23.4,98.6,33.0,Depression
201004I,2010102400,23.7,99.8,30.0,Depression
201402I,2014060812,12.8,68.0,20.0,Depression
201402I,2014060815,12.9,67.9,23.0,Depression
201402I,2014060818,13.0,67.8,25.0,Depression
201402I,2014060821,13.1,67.7,25.0,Depression
201402I,2014060900,13.2,67.6,25.0,Depression
201402I,2014060903,13.3,67.7,28.0,Depression
201402I,2014060906,13.4,67.7,30.0,Depression
201402I,2014060909,13.6,68.1,30.0,Depression
201402I,2014060912,13.8,68.5,30.0,Depression
201402I,2014060915,14.2,68.8,30.0,Depression
201402I,2014060918,14.5,69.2,30.0,Depression
201402I,2014060921,14.8,69.1,33.0,Depression
201402I,2014061000,15.1,69.0,35.0,Cyclonic Storm
201402I,2014061003,15.4,68.8,38.0,Cyclonic Storm
201402I,2014061006,15.7,68.6,40.0,Cyclonic Storm
201402I,2014061009,15.9,68.3,43.0,Cyclonic Storm
201402I,2014061012,16.1,68.1,45.0,Cyclonic Storm
201402I,2014061015,16.2,67.8,48.0,Severe Cyclonic Storm
201402I,2014061018,16.4,67.6,50.0,Severe Cyclonic Storm
201402I,2014061021,16.5,67.4,53.0,Severe Cyclonic Storm
201402I,2014061100,16.6,67.2,55.0,Severe Cyclonic Storm
201402I,2014061103,16.8,67.0,55.0,Severe Cyclonic Storm
201402I,2014061106,17.0,66.7,55.0,Severe Cyclonic Storm
201402I,2014061109,17.2,66.5,55.0,Severe Cyclonic Storm
201402I,2014061112,17.5,66.2,55.0,Severe Cyclonic Storm
201402I,2014061115,17.6,66.0,55.0,Severe Cyclonic Storm
201402I,2014061118,17.7,65.7,55.0,Severe Cyclonic Storm
201402I,2014061121,17.9,65.5,55.0,Severe Cyclonic Storm
201402I,2014061200,18.0,65.2,55.0,Severe Cyclonic Storm
201402I,2014061203,18.1,64.9,50.0,Severe Cyclonic Storm
201402I,2014061206,18.2,64.6,45.0,Cyclonic Storm
201402I,2014061209,18.4,64.4,43.0,Cyclonic Storm
201402I,2014061212,18.6,64.2,40.0,Cyclonic Storm
201402I,2014061215,19.0,64.2,38.0,Cyclonic Storm
201402I,2014061218,19.3,64.1,35.0,Cyclonic Storm
201402I,2014061221,19.9,64.3,30.0,Depression
201402I,2014061300,20.4,64.6,25.0,Depression
201402I,2014061303,20.8,64.3,23.0,Depression
201402I,2014061306,21.2,64.0,20.0,Depression
201402I,2014061309,21.3,64.0,20.0,Depression
201402I,2014061312,21.4,64.0,20.0,Depression
201402I,2014061315,21.4,64.1,20.0,Depression
201402I,2014061318,21.5,64.2,20.0,Depression
201402I,2014061321,21.6,64.3,20.0,Depression
201402I,2014061400,21.6,64.5,20.0,Depression
201402I,2014061403,21.6,64.7,18.0,Depression
201402I,2014061406,21.7,64.8,15.0,Depression
201402I,2014061409,21.7,65.0,15.0,Depression
201402I,2014061412,21.7,65.2,15.0,Depression
201405I,2014110506,13.0,87.6,20.0,Depression
201405I,2014110509,13.2,87.5,23.0,Depression
201405I,2014110512,13.3,87.4,25.0,Depression
201405I,2014110515,13.4,87.3,28.0,Depression
201405I,2014110518,13.5,87.2,30.0,Depression
201405I,2014110521,13.7,87.1,33.0,Depression
201405I,2014110600,13.8,87.0,35.0,Cyclonic Storm
201405I,2014110603,13.6,87.4,33.0,Depression
201405I,2014110606,13.4,87.8,30.0,Depression
201405I,2014110609,13.4,88.0,28.0,Depression
201405I,2014110612,13.3,88.2,25.0,Depression
201405I,2014110615,13.4,88.2,25.0,Depression
201405I,2014110618,13.4,88.3,25.0,Depression
201405I,2014110621,13.6,88.2,25.0,Depression
201405I,2014110700,13.8,88.2,25.0,Depression
201405I,2014110703,14.0,88.0,25.0,Depression
201405I,2014110706,14.2,87.7,25.0,Depression
201405I,2014110709,14.2,87.5,25.0,Depression
201405I,2014110712,14.2,87.2,25.0,Depression
201405I,2014110715,14.2,87.0,25.0,Depression
201405I,2014110718,14.3,86.7,25.0,Depression
201405I,2014110721,14.4,86.2,23.0,Depression
201405I,2014110800,14.5,85.8,20.0,Depression
201405I,2014110803,14.4,85.4,20.0,Depression
201405I,2014110806,14.3,85.1,20.0,Depression
201405I,2014110809,14.2,84.7,20.0,Depression
201405I,2014110812,14.0,84.2,20.0,Depression
201405I,2014110815,14.1,83.8,20.0,Depression
201405I,2014110818,14.1,83.3,20.0,Depression
201405I,2014110821,14.3,83.0,20.0,Depression
201405I,2014110900,14.5,82.7,20.0,Depression
201405I,2014110903,14.7,82.5,20.0,Depression
201405I,2014110906,14.9,82.2,20.0,Depression
