storm_id,time,lat,lon,vmax,category,name,season
193244I,1932091609,72.2,30.2,50.0,Severe Cyclonic Storm,UNNAMED,1932
193244I,1932091612,72.0,32.0,50.0,Severe Cyclonic Storm,UNNAMED,1932
193244I,1932091615,71.8,33.7,48.0,Severe Cyclonic Storm,UNNAMED,1932
193244I,1932091618,71.5,35.0,45.0,Cyclonic Storm,UNNAMED,1932
193244I,1932091621,71.2,36.1,43.0,Cyclonic Storm,UNNAMED,1932
193244I,1932091700,71.0,37.0,40.0,Cyclonic Storm,UNNAMED,1932
193244I,1932091703,70.7,37.8,38.0,Cyclonic Storm,UNNAMED,1932
193244I,1932091706,70.5,38.5,35.0,Cyclonic Storm,UNNAMED,1932
193244I,1932091709,70.2,39.2,35.0,Cyclonic Storm,UNNAMED,1932
193244I,1932091712,70.0,40.0,35.0,Cyclonic Storm,UNNAMED,1932
193244I,1932091715,69.8,40.8,33.0,Depression,UNNAMED,1932
193244I,1932091718,69.5,41.5,30.0,Depression,UNNAMED,1932
195171I,1951101106,80.8,35.0,50.0,Severe Cyclonic Storm,HOW,1951
195171I,1951101109,80.9,41.2,50.0,Severe Cyclonic Storm,HOW,1951
195171I,1951101112,81.0,48.0,50.0,Severe Cyclonic Storm,HOW,1951
195171I,1951101115,81.0,55.3,50.0,Severe Cyclonic Storm,HOW,1951
195171I,1951101118,81.0,63.0,50.0,Severe Cyclonic Storm,HOW,1951
195444I,1954083112,25.0,99.6,30.0,Depression,IDA,1954
196187I,1961091818,69.5,33.0,30.0,Depression,DEBBIE,1961
196296I,1962120118,10.4,99.4,20.0,Depression,LUCY,1962
196659I,1966090721,65.2,32.7,50.0,Severe Cyclonic Storm,FAITH,1966
196659I,1966090800,65.7,35.0,50.0,Severe Cyclonic Storm,FAITH,1966
196659I,1966090803,66.2,37.4,50.0,Severe Cyclonic Storm,FAITH,1966
196659I,1966090806,66.8,39.5,50.0,Severe Cyclonic Storm,FAITH,1966
196659I,1966090809,67.4,41.1,50.0,Severe Cyclonic Storm,FAITH,1966
196659I,1966090812,68.0,42.5,50.0,Severe Cyclonic Storm,FAITH,1966
196659I,1966090815,68.7,44.2,50.0,Severe Cyclonic Storm,FAITH,1966
196659I,1966090818,69.5,46.0,50.0,Severe Cyclonic Storm,FAITH,1966
196659I,1966090821,70.3,47.8,50.0,Severe Cyclonic Storm,FAITH,1966
196659I,1966090900,71.0,49.5,50.0,Severe Cyclonic Storm,FAITH,1966
196659I,1966090903,71.7,50.9,50.0,Severe Cyclonic Storm,FAITH,1966
196659I,1966090906,72.5,52.0,50.0,Severe Cyclonic Storm,FAITH,1966
196659I,1966090909,73.3,52.9,50.0,Severe Cyclonic Storm,FAITH,1966
196659I,1966090912,74.0,53.5,50.0,Severe Cyclonic Storm,FAITH,1966
196659I,1966090915,74.5,53.9,50.0,Severe Cyclonic Storm,FAITH,1966
196659I,1966090918,75.0,54.2,50.0,Severe Cyclonic Storm,FAITH,1966
196659I,1966090921,75.5,54.4,48.0,Severe Cyclonic Storm,FAITH,1966
196659I,1966091000,76.0,54.6,45.0,Cyclonic Storm,FAITH,1966
196659I,1966091003,76.5,54.7,45.0,Cyclonic Storm,FAITH,1966
196659I,1966091006,77.0,54.8,45.0,Cyclonic Storm,FAITH,1966
196659I,1966091009,77.5,54.9,45.0,Cyclonic Storm,FAITH,1966
196659I,1966091012,78.0,55.0,45.0,Cyclonic Storm,FAITH,1966
196659I,1966091015,78.5,55.0,45.0,Cyclonic Storm,FAITH,1966
196659I,1966091018,79.0,55.0,45.0,Cyclonic Storm,FAITH,1966
196659I,1966091021,79.5,55.0,45.0,Cyclonic Storm,FAITH,1966
196659I,1966091100,80.0,55.0,45.0,Cyclonic Storm,FAITH,1966
196659I,1966091103,80.5,55.0,45.0,Cyclonic Storm,FAITH,1966
196659I,1966091106,81.0,55.0,45.0,Cyclonic Storm,FAITH,1966
196659I,1966091109,81.5,55.0,43.0,Cyclonic Storm,FAITH,1966
196659I,1966091112,82.0,55.0,40.0,Cyclonic Storm,FAITH,1966
196659I,1966091115,82.3,55.1,40.0,Cyclonic Storm,FAITH,1966
196659I,1966091118,82.5,55.2,40.0,Cyclonic Storm,FAITH,1966
196659I,1966091121,82.6,55.3,38.0,Cyclonic Storm,FAITH,1966
196659I,1966091200,82.7,55.5,35.0,Cyclonic Storm,FAITH,1966
196659I,1966091203,82.8,55.8,35.0,Cyclonic Storm,FAITH,1966
196659I,1966091206,82.9,56.2,35.0,Cyclonic Storm,FAITH,1966
196659I,1966091209,83.0,56.6,35.0,Cyclonic Storm,FAITH,1966
196659I,1966091212,83.0,57.0,35.0,Cyclonic Storm,FAITH,1966
196659I,1966091215,83.0,57.4,33.0,Depression,FAITH,1966
196659I,1966091218,83.0,57.8,30.0,Depression,FAITH,1966
196659I,1966091221,83.0,58.2,30.0,Depression,FAITH,1966
196659I,1966091300,83.0,58.6,30.0,Depression,FAITH,1966
196659I,1966091303,83.0,59.0,30.0,Depression,FAITH,1966
196659I,1966091306,83.0,59.3,30.0,Depression,FAITH,1966
196659I,1966091309,83.0,59.6,30.0,Depression,FAITH,1966
196659I,1966091312,83.0,60.0,30.0,Depression,FAITH,1966
196659I,1966091315,83.0,60.5,28.0,Depression,FAITH,1966
196659I,1966091318,83.0,61.0,25.0,Depression,FAITH,1966
1972111I,1972111600,10.0,89.6,45.0,Cyclonic Storm,UNNAMED,1972
1972111I,1972111603,10.1,89.5,45.0,Cyclonic Storm,UNNAMED,1972
1972111I,1972111606,10.2,89.3,45.0,Cyclonic Storm,UNNAMED,1972
1972111I,1972111609,10.3,89.1,48.0,Severe Cyclonic Storm,UNNAMED,1972
1972111I,1972111612,10.5,88.9,50.0,Severe Cyclonic Storm,UNNAMED,1972
1972111I,1972111615,10.6,88.7,53.0,Severe Cyclonic Storm,UNNAMED,1972
1972111I,1972111618,10.7,88.6,55.0,Severe Cyclonic Storm,UNNAMED,1972
1972111I,1972111621,10.8,88.5,58.0,Severe Cyclonic Storm,UNNAMED,1972
1972111I,1972111700,10.9,88.5,60.0,Severe Cyclonic Storm,UNNAMED,1972
1972111I,1972111703,11.0,88.4,60.0,Severe Cyclonic Storm,UNNAMED,1972
1972111I,1972111706,11.1,88.2,60.0,Severe Cyclonic Storm,UNNAMED,1972
1972111I,1972111709,11.3,88.0,60.0,Severe Cyclonic Storm,UNNAMED,1972
1972111I,1972111712,11.5,87.8,60.0,Severe Cyclonic Storm,UNNAMED,1972
1972111I,1972111715,11.6,87.7,60.0,Severe Cyclonic Storm,UNNAMED,1972
1972111I,1972111718,11.7,87.6,60.0,Severe Cyclonic Storm,UNNAMED,1972
1972111I,1972111721,11.9,87.5,63.0,Severe Cyclonic Storm,UNNAMED,1972
1972111I,1972111800,12.0,87.5,65.0,Very Severe Cyclonic Storm,UNNAMED,1972
1972111I,1972111803,12.1,87.4,65.0,Very Severe Cyclonic Storm,UNNAMED,1972
1972111I,1972111806,12.2,87.3,65.0,Very Severe Cyclonic Storm,UNNAMED,1972
1972111I,1972111809,12.3,87.3,65.0,Very Severe Cyclonic Storm,UNNAMED,1972
1972111I,1972111812,12.4,87.3,65.0,Very Severe Cyclonic Storm,UNNAMED,1972
1972111I,1972111815,12.5,87.2,65.0,Very Severe Cyclonic Storm,UNNAMED,1972
1972111I,1972111818,12.6,87.1,65.0,Very Severe Cyclonic Storm,UNNAMED,1972
1972111I,1972111821,12.7,87.0,65.0,Very Severe Cyclonic Storm,UNNAMED,1972
1972111I,1972111900,12.9,87.0,65.0,Very Severe Cyclonic Storm,UNNAMED,1972
1972111I,1972111903,13.1,86.9,68.0,Very Severe Cyclonic Storm,UNNAMED,1972
1972111I,1972111906,13.3,86.9,70.0,Very Severe Cyclonic Storm,UNNAMED,1972
1972111I,1972111909,13.5,86.9,70.0,Very Severe Cyclonic Storm,UNNAMED,1972
1972111I,1972111912,13.6,86.9,70.0,Very Severe Cyclonic Storm,UNNAMED,1972
1972111I,1972111915,13.8,86.9,70.0,Very Severe Cyclonic Storm,UNNAMED,1972
1972111I,1972111918,13.9,87.0,70.0,Very Severe Cyclonic Storm,UNNAMED,1972
1972111I,1972111921,14.0,87.1,70.0,Very Severe Cyclonic Storm,UNNAMED,1972
1972111I,1972112000,14.1,87.3,70.0,Very Severe Cyclonic Storm,UNNAMED,1972
1972111I,1972112003,14.1,87.4,70.0,Very Severe Cyclonic Storm,UNNAMED,1972
1972111I,1972112006,14.1,87.4,70.0,Very Severe Cyclonic Storm,UNNAMED,1972
1972111I,1972112009,14.1,87.4,68.0,Very Severe Cyclonic Storm,UNNAMED,1972
1972111I,1972112012,14.1,87.4,65.0,Very Severe Cyclonic Storm,UNNAMED,1972
1972111I,1972112015,14.1,87.4,65.0,Very Severe Cyclonic Storm,UNNAMED,1972
1972111I,1972112018,14.1,87.4,65.0,Very Severe Cyclonic Storm,UNNAMED,1972
1972111I,1972112021,14.1,87.5,68.0,Very Severe Cyclonic Storm,UNNAMED,1972
1972111I,1972112100,14.1,87.5,70.0,Very Severe Cyclonic Storm,UNNAMED,1972
1972111I,1972112103,14.1,87.3,75.0,Very Severe Cyclonic Storm,UNNAMED,1972
1972111I,1972112106,13.9,86.8,80.0,Very Severe Cyclonic Storm,UNNAMED,1972
1972111I,1972112109,13.4,85.9,85.0,Very Severe Cyclonic Storm,UNNAMED,1972
1972111I,1972112112,12.9,84.8,90.0,Extremely Severe/Super Cyclone,UNNAMED,1972
1972111I,1972112115,12.7,84.1,90.0,Extremely Severe/Super Cyclone,UNNAMED,1972
1972111I,1972112118,12.8,83.6,90.0,Extremely Severe/Super Cyclone,UNNAMED,1972
1972111I,1972112121,12.8,83.1,83.0,Very Severe Cyclonic Storm,UNNAMED,1972
1972111I,1972112200,13.0,82.8,75.0,Very Severe Cyclonic Storm,UNNAMED,1972
1972111I,1972112203,13.1,82.4,70.0,Very Severe Cyclonic Storm,UNNAMED,1972
1972111I,1972112206,13.2,82.0,65.0,Very Severe Cyclonic Storm,UNNAMED,1972
1972111I,1972112209,13.3,81.6,55.0,Severe Cyclonic Storm,UNNAMED,1972
1972111I,1972112212,13.5,81.1,45.0,Cyclonic Storm,UNNAMED,1972
1972111I,1972112215,13.6,80.7,43.0,Cyclonic Storm,UNNAMED,1972
1972111I,1972112218,13.7,80.3,40.0,Cyclonic Storm,UNNAMED,1972
1972111I,1972112221,13.9,79.8,38.0,Cyclonic Storm,UNNAMED,1972
1972111I,1972112300,14.0,79.4,35.0,Cyclonic Storm,UNNAMED,1972
1972116I,1972120415,10.0,99.7,50.0,Severe Cyclonic Storm,SALLY,1972
1972116I,1972120418,10.0,99.4,45.0,Cyclonic Storm,SALLY,1972
1972116I,1972120421,9.9,99.3,43.0,Cyclonic Storm,SALLY,1972
1972116I,1972120500,9.9,99.1,40.0,Cyclonic Storm,SALLY,1972
197225I,1972040900,12.8,90.4,60.0,Severe Cyclonic Storm,UNNAMED,1972
197225I,1972040903,13.1,90.5,68.0,Very Severe Cyclonic Storm,UNNAMED,1972
197225I,1972040906,13.4,90.6,75.0,Very Severe Cyclonic Storm,UNNAMED,1972
197225I,1972040909,13.7,90.7,80.0,Very Severe Cyclonic Storm,UNNAMED,1972
197225I,1972040912,14.0,90.7,85.0,Very Severe Cyclonic Storm,UNNAMED,1972
197225I,1972040915,14.3,90.8,75.0,Very Severe Cyclonic Storm,UNNAMED,1972
197225I,1972040918,14.5,90.8,65.0,Very Severe Cyclonic Storm,UNNAMED,1972
197225I,1972040921,14.8,90.9,63.0,Severe Cyclonic Storm,UNNAMED,1972
197225I,1972041000,15.0,90.9,60.0,Severe Cyclonic Storm,UNNAMED,1972
197225I,1972041003,15.2,90.9,58.0,Severe Cyclonic Storm,UNNAMED,1972
197225I,1972041006,15.5,90.9,55.0,Severe Cyclonic Storm,UNNAMED,1972
197225I,1972041009,15.8,90.9,55.0,Severe Cyclonic Storm,UNNAMED,1972
197225I,1972041012,16.0,90.9,55.0,Severe Cyclonic Storm,UNNAMED,1972
197225I,1972041015,16.3,90.9,55.0,Severe Cyclonic Storm,UNNAMED,1972
197225I,1972041018,16.5,91.0,55.0,Severe Cyclonic Storm,UNNAMED,1972
197225I,1972041021,16.7,91.3,53.0,Severe Cyclonic Storm,UNNAMED,1972
197225I,1972041100,16.9,91.7,50.0,Severe Cyclonic Storm,UNNAMED,1972
197279I,1972090812,15.5,91.1,55.0,Severe Cyclonic Storm,UNNAMED,1972
197279I,1972090815,15.7,90.5,55.0,Severe Cyclonic Storm,UNNAMED,1972
197279I,1972090818,15.9,90.0,55.0,Severe Cyclonic Storm,UNNAMED,1972
197279I,1972090821,16.1,89.4,58.0,Severe Cyclonic Storm,UNNAMED,1972
197279I,1972090900,16.4,88.9,60.0,Severe Cyclonic Storm,UNNAMED,1972
197279I,1972090903,16.6,88.4,65.0,Very Severe Cyclonic Storm,UNNAMED,1972
197279I,1972090906,16.8,87.9,70.0,Very Severe Cyclonic Storm,UNNAMED,1972
197279I,1972090909,17.1,87.4,75.0,Very Severe Cyclonic Storm,UNNAMED,1972
197279I,1972090912,17.4,87.0,80.0,Very Severe Cyclonic Storm,UNNAMED,1972
197279I,1972090915,17.6,86.6,80.0,Very Severe Cyclonic Storm,UNNAMED,1972
197279I,1972090918,17.8,86.2,80.0,Very Severe Cyclonic Storm,UNNAMED,1972
197279I,1972090921,18.0,85.9,78.0,Very Severe Cyclonic Storm,UNNAMED,1972
197279I,1972091000,18.3,85.6,75.0,Very Severe Cyclonic Storm,UNNAMED,1972
197285I,1972092012,18.0,90.0,55.0,Severe Cyclonic Storm,UNNAMED,1972
197285I,1972092015,18.2,89.6,55.0,Severe Cyclonic Storm,UNNAMED,1972
197285I,1972092018,18.3,89.3,55.0,Severe Cyclonic Storm,UNNAMED,1972
197285I,1972092021,18.4,89.0,58.0,Severe Cyclonic Storm,UNNAMED,1972
197285I,1972092100,18.4,88.7,60.0,Severe Cyclonic Storm,UNNAMED,1972
197285I,1972092103,18.5,88.4,63.0,Severe Cyclonic Storm,UNNAMED,1972
197285I,1972092106,18.6,88.1,65.0,Very Severe Cyclonic Storm,UNNAMED,1972
197285I,1972092109,18.7,87.8,65.0,Very Severe Cyclonic Storm,UNNAMED,1972
197285I,1972092112,18.7,87.4,65.0,Very Severe Cyclonic Storm,UNNAMED,1972
197285I,1972092115,18.8,87.1,68.0,Very Severe Cyclonic Storm,UNNAMED,1972
197285I,1972092118,18.8,86.7,70.0,Very Severe Cyclonic Storm,UNNAMED,1972
197285I,1972092121,18.8,86.3,68.0,Very Severe Cyclonic Storm,UNNAMED,1972
197285I,1972092200,18.9,85.8,65.0,Very Severe Cyclonic Storm,UNNAMED,1972
1973105I,1973110406,8.1,89.7,35.0,Cyclonic Storm,UNNAMED,1973
1973105I,1973110409,8.4,89.5,38.0,Cyclonic Storm,UNNAMED,1973
1973105I,1973110412,8.6,89.3,40.0,Cyclonic Storm,UNNAMED,1973
1973105I,1973110415,8.8,89.1,45.0,Cyclonic Storm,UNNAMED,1973
1973105I,1973110418,9.0,88.9,50.0,Severe Cyclonic Storm,UNNAMED,1973
1973105I,1973110421,9.2,88.7,53.0,Severe Cyclonic Storm,UNNAMED,1973
1973105I,1973110500,9.5,88.5,55.0,Severe Cyclonic Storm,UNNAMED,1973
1973105I,1973110503,9.8,88.3,58.0,Severe Cyclonic Storm,UNNAMED,1973
1973105I,1973110506,10.2,88.1,60.0,Severe Cyclonic Storm,UNNAMED,1973
1973105I,1973110509,10.6,87.9,60.0,Severe Cyclonic Storm,UNNAMED,1973
1973105I,1973110512,11.0,87.8,60.0,Severe Cyclonic Storm,UNNAMED,1973
1973105I,1973110515,11.3,87.6,60.0,Severe Cyclonic Storm,UNNAMED,1973
1973105I,1973110518,11.6,87.5,60.0,Severe Cyclonic Storm,UNNAMED,1973
1973105I,1973110521,11.9,87.4,60.0,Severe Cyclonic Storm,UNNAMED,1973
1973105I,1973110600,12.2,87.4,60.0,Severe Cyclonic Storm,UNNAMED,1973
1973105I,1973110603,12.5,87.4,60.0,Severe Cyclonic Storm,UNNAMED,1973
1973105I,1973110606,12.8,87.4,60.0,Severe Cyclonic Storm,UNNAMED,1973
1973105I,1973110609,13.2,87.4,60.0,Severe Cyclonic Storm,UNNAMED,1973
1973105I,1973110612,13.5,87.4,60.0,Severe Cyclonic Storm,UNNAMED,1973
1973105I,1973110615,13.8,87.4,58.0,Severe Cyclonic Storm,UNNAMED,1973
1973105I,1973110618,14.1,87.5,55.0,Severe Cyclonic Storm,UNNAMED,1973
1973105I,1973110621,14.3,87.6,55.0,Severe Cyclonic Storm,UNNAMED,1973
1973105I,1973110700,14.7,87.7,55.0,Severe Cyclonic Storm,UNNAMED,1973
1973105I,1973110703,15.3,87.8,55.0,Severe Cyclonic Storm,UNNAMED,1973
1973105I,1973110706,15.9,87.9,55.0,Severe Cyclonic Storm,UNNAMED,1973
1973105I,1973110709,16.6,88.1,55.0,Severe Cyclonic Storm,UNNAMED,1973
1973105I,1973110712,17.1,88.2,55.0,Severe Cyclonic Storm,UNNAMED,1973
1973105I,1973110715,17.4,88.3,53.0,Severe Cyclonic Storm,UNNAMED,1973
1973105I,1973110718,17.6,88.4,50.0,Severe Cyclonic Storm,UNNAMED,1973
1973105I,1973110721,17.8,88.4,48.0,Severe Cyclonic Storm,UNNAMED,1973
1973105I,1973110800,18.0,88.3,45.0,Cyclonic Storm,UNNAMED,1973
1973105I,1973110803,18.4,88.1,45.0,Cyclonic Storm,UNNAMED,1973
1973105I,1973110806,18.8,87.9,45.0,Cyclonic Storm,UNNAMED,1973
1973105I,1973110809,19.2,87.7,43.0,Cyclonic Storm,UNNAMED,1973
1973105I,1973110812,19.6,87.4,40.0,Cyclonic Storm,UNNAMED,1973
1973105I,1973110815,19.9,87.1,35.0,Cyclonic Storm,UNNAMED,1973
1973105I,1973110818,20.1,86.9,30.0,Depression,UNNAMED,1973
1973109I,1973111506,13.2,88.6,35.0,Cyclonic Storm,UNNAMED,1973
1973109I,1973111509,13.4,88.4,38.0,Cyclonic Storm,UNNAMED,1973
1973109I,1973111512,13.6,88.3,40.0,Cyclonic Storm,UNNAMED,1973
1973109I,1973111515,13.8,88.2,43.0,Cyclonic Storm,UNNAMED,1973
1973109I,1973111518,14.1,88.2,45.0,Cyclonic Storm,UNNAMED,1973
1973109I,1973111521,14.4,88.3,48.0,Severe Cyclonic Storm,UNNAMED,1973
1973109I,1973111600,14.8,88.3,50.0,Severe Cyclonic Storm,UNNAMED,1973
1973109I,1973111603,15.2,88.3,53.0,Severe Cyclonic Storm,UNNAMED,1973
1973109I,1973111606,15.6,88.3,55.0,Severe Cyclonic Storm,UNNAMED,1973
1973109I,1973111609,16.0,88.3,55.0,Severe Cyclonic Storm,UNNAMED,1973
1973109I,1973111612,16.5,88.4,55.0,Severe Cyclonic Storm,UNNAMED,1973
1973109I,1973111615,17.1,88.5,55.0,Severe Cyclonic Storm,UNNAMED,1973
1973109I,1973111618,17.8,88.6,55.0,Severe Cyclonic Storm,UNNAMED,1973
1973109I,1973111621,18.4,88.8,55.0,Severe Cyclonic Storm,UNNAMED,1973
1973109I,1973111700,19.0,89.0,55.0,Severe Cyclonic Storm,UNNAMED,1973
1973109I,1973111703,19.5,89.2,55.0,Severe Cyclonic Storm,UNNAMED,1973
1973109I,1973111706,20.0,89.5,55.0,Severe Cyclonic Storm,UNNAMED,1973
1973109I,1973111709,20.5,89.7,53.0,Severe Cyclonic Storm,UNNAMED,1973
1973109I,1973111712,21.0,90.0,50.0,Severe Cyclonic Storm,UNNAMED,1973
1973109I,1973111715,21.5,90.3,50.0,Severe Cyclonic Storm,UNNAMED,1973
1973109I,1973111718,22.0,90.6,50.0,Severe Cyclonic Storm,UNNAMED,1973
1973109I,1973111721,22.5,90.9,45.0,Cyclonic Storm,UNNAMED,1973
1973109I,1973111800,23.0,91.2,40.0,Cyclonic Storm,UNNAMED,1973
1973116I,1973120600,8.8,86.4,35.0,Cyclonic Storm,UNNAMED,1973
1973116I,1973120603,9.0,86.3,38.0,Cyclonic Storm,UNNAMED,1973
1973116I,1973120606,9.3,86.3,40.0,Cyclonic Storm,UNNAMED,1973
1973116I,1973120609,9.6,86.2,43.0,Cyclonic Storm,UNNAMED,1973
1973116I,1973120612,9.8,86.1,45.0,Cyclonic Storm,UNNAMED,1973
1973116I,1973120615,10.0,86.0,48.0,Severe Cyclonic Storm,UNNAMED,1973
1973116I,1973120618,10.2,86.0,50.0,Severe Cyclonic Storm,UNNAMED,1973
1973116I,1973120621,10.5,85.9,53.0,Severe Cyclonic Storm,UNNAMED,1973
1973116I,1973120700,10.8,85.8,55.0,Severe Cyclonic Storm,UNNAMED,1973
1973116I,1973120703,11.2,85.8,58.0,Severe Cyclonic Storm,UNNAMED,1973
1973116I,1973120706,11.7,85.8,60.0,Severe Cyclonic Storm,UNNAMED,1973
1973116I,1973120709,12.2,85.8,60.0,Severe Cyclonic Storm,UNNAMED,1973
1973116I,1973120712,12.7,85.8,60.0,Severe Cyclonic Storm,UNNAMED,1973
1973116I,1973120715,13.2,85.8,60.0,Severe Cyclonic Storm,UNNAMED,1973
1973116I,1973120718,13.6,85.8,60.0,Severe Cyclonic Storm,UNNAMED,1973
1973116I,1973120721,14.1,85.8,60.0,Severe Cyclonic Storm,UNNAMED,1973
1973116I,1973120800,14.6,85.9,60.0,Severe Cyclonic Storm,UNNAMED,1973
1973116I,1973120803,15.1,86.0,58.0,Severe Cyclonic Storm,UNNAMED,1973
1973116I,1973120806,15.7,86.1,55.0,Severe Cyclonic Storm,UNNAMED,1973
1973116I,1973120809,16.3,86.2,55.0,Severe Cyclonic Storm,UNNAMED,1973
1973116I,1973120812,17.0,86.4,55.0,Severe Cyclonic Storm,UNNAMED,1973
1973116I,1973120815,17.7,86.7,55.0,Severe Cyclonic Storm,UNNAMED,1973
1973116I,1973120818,18.4,87.0,55.0,Severe Cyclonic Storm,UNNAMED,1973
1973116I,1973120821,19.2,87.5,53.0,Severe Cyclonic Storm,UNNAMED,1973
1973116I,1973120900,20.0,88.0,50.0,Severe Cyclonic Storm,UNNAMED,1973
1973116I,1973120903,20.8,88.6,48.0,Severe Cyclonic Storm,UNNAMED,1973
1973116I,1973120906,21.6,89.3,45.0,Cyclonic Storm,UNNAMED,1973
197397I,1973100806,13.1,88.2,30.0,Depression,UNNAMED,1973
197397I,1973100809,13.3,88.0,33.0,Depression,UNNAMED,1973
197397I,1973100812,13.5,87.9,35.0,Cyclonic Storm,UNNAMED,1973
197397I,1973100815,13.7,87.7,35.0,Cyclonic Storm,UNNAMED,1973
197397I,1973100818,14.0,87.6,35.0,Cyclonic Storm,UNNAMED,1973
197397I,1973100821,14.2,87.5,35.0,Cyclonic Storm,UNNAMED,1973
197397I,1973100900,14.4,87.4,35.0,Cyclonic Storm,UNNAMED,1973
197397I,1973100903,14.6,87.3,38.0,Cyclonic Storm,UNNAMED,1973
197397I,1973100906,14.7,87.3,40.0,Cyclonic Storm,UNNAMED,1973
197397I,1973100909,14.8,87.3,40.0,Cyclonic Storm,UNNAMED,1973
197397I,1973100912,15.0,87.3,40.0,Cyclonic Storm,UNNAMED,1973
197397I,1973100915,15.1,87.3,40.0,Cyclonic Storm,UNNAMED,1973
197397I,1973100918,15.3,87.2,40.0,Cyclonic Storm,UNNAMED,1973
197397I,1973100921,15.5,87.2,40.0,Cyclonic Storm,UNNAMED,1973
197397I,1973101000,15.8,87.2,40.0,Cyclonic Storm,UNNAMED,1973
197397I,1973101003,16.1,87.2,40.0,Cyclonic Storm,UNNAMED,1973
197397I,1973101006,16.4,87.2,40.0,Cyclonic Storm,UNNAMED,1973
197397I,1973101009,16.8,87.2,40.0,Cyclonic Storm,UNNAMED,1973
197397I,1973101012,17.1,87.2,40.0,Cyclonic Storm,UNNAMED,1973
197397I,1973101015,17.4,87.2,38.0,Cyclonic Storm,UNNAMED,1973
197397I,1973101018,17.7,87.2,35.0,Cyclonic Storm,UNNAMED,1973
197397I,1973101021,18.0,87.2,35.0,Cyclonic Storm,UNNAMED,1973
197397I,1973101100,18.3,87.2,35.0,Cyclonic Storm,UNNAMED,1973
197397I,1973101103,18.8,87.2,33.0,Depression,UNNAMED,1973
197397I,1973101106,19.4,87.2,30.0,Depression,UNNAMED,1973
197397I,1973101109,20.0,87.2,30.0,Depression,UNNAMED,1973
197397I,1973101112,20.6,87.1,30.0,Depression,UNNAMED,1973
1974124I,1974112418,11.5,84.5,35.0,Cyclonic Storm,UNNAMED,1974
1974124I,1974112421,11.8,84.3,38.0,Cyclonic Storm,UNNAMED,1974
1974124I,1974112500,12.1,84.1,40.0,Cyclonic Storm,UNNAMED,1974
1974124I,1974112503,12.5,84.0,43.0,Cyclonic Storm,UNNAMED,1974
1974124I,1974112506,12.9,83.9,45.0,Cyclonic Storm,UNNAMED,1974
1974124I,1974112509,13.4,83.9,45.0,Cyclonic Storm,UNNAMED,1974
1974124I,1974112512,13.7,84.0,45.0,Cyclonic Storm,UNNAMED,1974
1974124I,1974112515,13.8,84.3,48.0,Severe Cyclonic Storm,UNNAMED,1974
1974124I,1974112518,13.9,84.8,50.0,Severe Cyclonic Storm,UNNAMED,1974
1974124I,1974112521,13.9,85.2,53.0,Severe Cyclonic Storm,UNNAMED,1974
1974124I,1974112600,14.0,85.6,55.0,Severe Cyclonic Storm,UNNAMED,1974
1974124I,1974112603,14.2,85.8,58.0,Severe Cyclonic Storm,UNNAMED,1974
1974124I,1974112606,14.5,85.8,60.0,Severe Cyclonic Storm,UNNAMED,1974
1974124I,1974112609,14.8,85.9,60.0,Severe Cyclonic Storm,UNNAMED,1974
1974124I,1974112612,15.1,86.0,60.0,Severe Cyclonic Storm,UNNAMED,1974
1974124I,1974112615,15.4,86.1,60.0,Severe Cyclonic Storm,UNNAMED,1974
1974124I,1974112618,15.8,86.3,60.0,Severe Cyclonic Storm,UNNAMED,1974
1974124I,1974112621,16.2,86.5,63.0,Severe Cyclonic Storm,UNNAMED,1974
1974124I,1974112700,16.7,86.8,65.0,Very Severe Cyclonic Storm,UNNAMED,1974
1974124I,1974112703,17.3,87.2,68.0,Very Severe Cyclonic Storm,UNNAMED,1974
1974124I,1974112706,18.0,87.7,70.0,Very Severe Cyclonic Storm,UNNAMED,1974
1974124I,1974112709,18.7,88.2,70.0,Very Severe Cyclonic Storm,UNNAMED,1974
1974124I,1974112712,19.3,88.6,70.0,Very Severe Cyclonic Storm,UNNAMED,1974
1974124I,1974112715,19.8,88.9,73.0,Very Severe Cyclonic Storm,UNNAMED,1974
1974124I,1974112718,20.2,89.2,75.0,Very Severe Cyclonic Storm,UNNAMED,1974
1974124I,1974112721,20.6,89.6,73.0,Very Severe Cyclonic Storm,UNNAMED,1974
1974124I,1974112800,21.1,89.9,70.0,Very Severe Cyclonic Storm,UNNAMED,1974
1974124I,1974112803,21.6,90.2,68.0,Very Severe Cyclonic Storm,UNNAMED,1974
1974124I,1974112806,22.2,90.5,65.0,Very Severe Cyclonic Storm,UNNAMED,1974
1975109I,1975102018,19.2,69.1,35.0,Cyclonic Storm,UNNAMED,1975
1975109I,1975102021,19.3,68.8,38.0,Cyclonic Storm,UNNAMED,1975
1975109I,1975102100,19.4,68.6,40.0,Cyclonic Storm,UNNAMED,1975
1975109I,1975102103,19.6,68.5,45.0,Cyclonic Storm,UNNAMED,1975
1975109I,1975102106,19.9,68.4,50.0,Severe Cyclonic Storm,UNNAMED,1975
1975109I,1975102109,20.2,68.3,55.0,Severe Cyclonic Storm,UNNAMED,1975
1975109I,1975102112,20.5,68.3,60.0,Severe Cyclonic Storm,UNNAMED,1975
1975109I,1975102115,20.5,68.3,65.0,Very Severe Cyclonic Storm,UNNAMED,1975
1975109I,1975102118,20.5,68.3,70.0,Very Severe Cyclonic Storm,UNNAMED,1975
1975109I,1975102121,20.5,68.4,75.0,Very Severe Cyclonic Storm,UNNAMED,1975
1975109I,1975102200,20.6,68.5,80.0,Very Severe Cyclonic Storm,UNNAMED,1975
1975109I,1975102203,20.9,68.6,80.0,Very Severe Cyclonic Storm,UNNAMED,1975
1975109I,1975102206,21.2,68.8,80.0,Very Severe Cyclonic Storm,UNNAMED,1975
1975120I,1975110718,12.4,85.7,35.0,Cyclonic Storm,UNNAMED,1975
1975120I,1975110721,12.7,85.0,35.0,Cyclonic Storm,UNNAMED,1975
1975120I,1975110800,13.0,84.4,35.0,Cyclonic Storm,UNNAMED,1975
1975120I,1975110803,13.5,84.1,35.0,Cyclonic Storm,UNNAMED,1975
1975120I,1975110806,14.0,83.9,35.0,Cyclonic Storm,UNNAMED,1975
1975120I,1975110809,14.5,83.9,35.0,Cyclonic Storm,UNNAMED,1975
1975120I,1975110812,15.0,84.0,35.0,Cyclonic Storm,UNNAMED,1975
1975120I,1975110815,15.3,84.2,38.0,Cyclonic Storm,UNNAMED,1975
1975120I,1975110818,15.4,84.4,40.0,Cyclonic Storm,UNNAMED,1975
1975120I,1975110821,15.6,84.6,40.0,Cyclonic Storm,UNNAMED,1975
1975120I,1975110900,15.8,84.8,40.0,Cyclonic Storm,UNNAMED,1975
1975120I,1975110903,16.0,85.0,40.0,Cyclonic Storm,UNNAMED,1975
1975120I,1975110906,16.1,85.3,40.0,Cyclonic Storm,UNNAMED,1975
1975120I,1975110909,16.3,85.5,43.0,Cyclonic Storm,UNNAMED,1975
1975120I,1975110912,16.4,85.7,45.0,Cyclonic Storm,UNNAMED,1975
1975120I,1975110915,16.4,85.9,45.0,Cyclonic Storm,UNNAMED,1975
1975120I,1975110918,16.5,86.0,45.0,Cyclonic Storm,UNNAMED,1975
1975120I,1975110921,16.5,86.2,48.0,Severe Cyclonic Storm,UNNAMED,1975
1975120I,1975111000,16.7,86.4,50.0,Severe Cyclonic Storm,UNNAMED,1975
1975120I,1975111003,17.2,86.8,50.0,Severe Cyclonic Storm,UNNAMED,1975
1975120I,1975111006,17.8,87.2,50.0,Severe Cyclonic Storm,UNNAMED,1975
1975120I,1975111009,18.4,87.6,48.0,Severe Cyclonic Storm,UNNAMED,1975
1975120I,1975111012,19.0,88.0,45.0,Cyclonic Storm,UNNAMED,1975
1975120I,1975111015,19.3,88.3,45.0,Cyclonic Storm,UNNAMED,1975
1975120I,1975111018,19.5,88.6,45.0,Cyclonic Storm,UNNAMED,1975
1975120I,1975111021,19.8,88.9,43.0,Cyclonic Storm,UNNAMED,1975
1975120I,1975111100,20.1,89.2,40.0,Cyclonic Storm,UNNAMED,1975
1975120I,1975111103,20.4,89.5,40.0,Cyclonic Storm,UNNAMED,1975
1975120I,1975111106,20.8,89.9,40.0,Cyclonic Storm,UNNAMED,1975
1975120I,1975111109,21.1,90.2,38.0,Cyclonic Storm,UNNAMED,1975
1975120I,1975111112,21.5,90.6,35.0,Cyclonic Storm,UNNAMED,1975
1975120I,1975111115,21.9,91.0,35.0,Cyclonic Storm,UNNAMED,1975
1975120I,1975111118,22.3,91.3,35.0,Cyclonic Storm,UNNAMED,1975
1975120I,1975111121,22.7,91.7,33.0,Depression,UNNAMED,1975
1975120I,1975111200,23.1,92.1,30.0,Depression,UNNAMED,1975
1975126I,1975112506,11.2,81.8,35.0,Cyclonic Storm,UNNAMED,1975
1975126I,1975112509,11.4,81.7,35.0,Cyclonic Storm,UNNAMED,1975
1975126I,1975112512,11.6,81.6,35.0,Cyclonic Storm,UNNAMED,1975
1975126I,1975112515,11.8,81.5,35.0,Cyclonic Storm,UNNAMED,1975
1975126I,1975112518,11.9,81.5,35.0,Cyclonic Storm,UNNAMED,1975
1975126I,1975112521,12.1,81.5,35.0,Cyclonic Storm,UNNAMED,1975
1975126I,1975112600,12.2,81.5,35.0,Cyclonic Storm,UNNAMED,1975
1975126I,1975112603,12.3,81.5,33.0,Depression,UNNAMED,1975
1975126I,1975112606,12.5,81.6,30.0,Depression,UNNAMED,1975
1975126I,1975112609,12.7,81.6,30.0,Depression,UNNAMED,1975
1975126I,1975112612,12.9,81.7,30.0,Depression,UNNAMED,1975
1975126I,1975112615,13.1,81.8,30.0,Depression,UNNAMED,1975
1975126I,1975112618,13.3,81.9,30.0,Depression,UNNAMED,1975
1975126I,1975112621,13.5,82.1,33.0,Depression,UNNAMED,1975
1975126I,1975112700,13.7,82.3,35.0,Cyclonic Storm,UNNAMED,1975
1975126I,1975112703,13.9,82.6,35.0,Cyclonic Storm,UNNAMED,1975
1975126I,1975112706,14.1,82.9,35.0,Cyclonic Storm,UNNAMED,1975
1975126I,1975112709,14.2,83.3,35.0,Cyclonic Storm,UNNAMED,1975
1975126I,1975112712,14.3,83.6,35.0,Cyclonic Storm,UNNAMED,1975
1975126I,1975112715,14.4,83.9,35.0,Cyclonic Storm,UNNAMED,1975
1975126I,1975112718,14.4,84.2,35.0,Cyclonic Storm,UNNAMED,1975
1975126I,1975112721,14.4,84.5,35.0,Cyclonic Storm,UNNAMED,1975
1975126I,1975112800,14.4,84.7,35.0,Cyclonic Storm,UNNAMED,1975
1975126I,1975112803,14.4,84.9,35.0,Cyclonic Storm,UNNAMED,1975
1975126I,1975112806,14.5,85.1,35.0,Cyclonic Storm,UNNAMED,1975
1975126I,1975112809,14.5,85.4,35.0,Cyclonic Storm,UNNAMED,1975
1975126I,1975112812,14.6,85.6,35.0,Cyclonic Storm,UNNAMED,1975
1975126I,1975112815,14.6,85.8,35.0,Cyclonic Storm,UNNAMED,1975
1975126I,1975112818,14.7,86.1,35.0,Cyclonic Storm,UNNAMED,1975
1975126I,1975112821,14.7,86.4,35.0,Cyclonic Storm,UNNAMED,1975
1975126I,1975112900,14.8,86.7,35.0,Cyclonic Storm,UNNAMED,1975
1975126I,1975112903,14.9,87.1,35.0,Cyclonic Storm,UNNAMED,1975
1975126I,1975112906,14.9,87.4,35.0,Cyclonic Storm,UNNAMED,1975
1975126I,1975112909,15.0,87.7,35.0,Cyclonic Storm,UNNAMED,1975
1975126I,1975112912,15.0,88.0,35.0,Cyclonic Storm,UNNAMED,1975
1975126I,1975112915,15.0,88.2,35.0,Cyclonic Storm,UNNAMED,1975
1975126I,1975112918,14.9,88.3,35.0,Cyclonic Storm,UNNAMED,1975
1975126I,1975112921,14.8,88.3,33.0,Depression,UNNAMED,1975
1975126I,1975113000,14.6,88.3,30.0,Depression,UNNAMED,1975
1975126I,1975113003,14.4,88.3,30.0,Depression,UNNAMED,1975
1975126I,1975113006,14.3,88.2,30.0,Depression,UNNAMED,1975
1975126I,1975113009,14.1,88.1,28.0,Depression,UNNAMED,1975
1975126I,1975113012,14.0,88.0,25.0,Depression,UNNAMED,1975
1975126I,1975113015,14.0,87.8,25.0,Depression,UNNAMED,1975
1975126I,1975113018,14.0,87.6,25.0,Depression,UNNAMED,1975
1975126I,1975113021,14.0,87.4,23.0,Depression,UNNAMED,1975
1975126I,1975120100,14.1,87.2,20.0,Depression,UNNAMED,1975
1975126I,1975120103,14.1,87.0,20.0,Depression,UNNAMED,1975
1975126I,1975120106,14.2,86.9,20.0,Depression,UNNAMED,1975
197532I,1975050206,10.5,71.1,35.0,Cyclonic Storm,UNNAMED,1975
197532I,1975050209,10.5,71.1,38.0,Cyclonic Storm,UNNAMED,1975
197532I,1975050212,10.5,71.1,40.0,Cyclonic Storm,UNNAMED,1975
197532I,1975050215,10.6,71.1,43.0,Cyclonic Storm,UNNAMED,1975
197532I,1975050218,10.7,71.1,45.0,Cyclonic Storm,UNNAMED,1975
197532I,1975050221,10.8,71.1,48.0,Severe Cyclonic Storm,UNNAMED,1975
197532I,1975050300,10.9,71.0,50.0,Severe Cyclonic Storm,UNNAMED,1975
197532I,1975050303,11.1,70.9,50.0,Severe Cyclonic Storm,UNNAMED,1975
197532I,1975050306,11.3,70.9,50.0,Severe Cyclonic Storm,UNNAMED,1975
197532I,1975050309,11.5,70.8,53.0,Severe Cyclonic Storm,UNNAMED,1975
197532I,1975050312,11.6,70.7,55.0,Severe Cyclonic Storm,UNNAMED,1975
197532I,1975050315,11.7,70.7,58.0,Severe Cyclonic Storm,UNNAMED,1975
197532I,1975050318,11.8,70.7,60.0,Severe Cyclonic Storm,UNNAMED,1975
197532I,1975050321,11.8,70.6,63.0,Severe Cyclonic Storm,UNNAMED,1975
197532I,1975050400,11.9,70.6,65.0,Very Severe Cyclonic Storm,UNNAMED,1975
197532I,1975050403,12.0,70.6,65.0,Very Severe Cyclonic Storm,UNNAMED,1975
197532I,1975050406,12.2,70.5,65.0,Very Severe Cyclonic Storm,UNNAMED,1975
197532I,1975050409,12.3,70.5,68.0,Very Severe Cyclonic Storm,UNNAMED,1975
197532I,1975050412,12.5,70.4,70.0,Very Severe Cyclonic Storm,UNNAMED,1975
197532I,1975050415,12.7,70.3,70.0,Very Severe Cyclonic Storm,UNNAMED,1975
197532I,1975050418,13.0,70.3,70.0,Very Severe Cyclonic Storm,UNNAMED,1975
197532I,1975050421,13.2,70.2,73.0,Very Severe Cyclonic Storm,UNNAMED,1975
197532I,1975050500,13.4,70.1,75.0,Very Severe Cyclonic Storm,UNNAMED,1975
197532I,1975050503,13.6,70.0,78.0,Very Severe Cyclonic Storm,UNNAMED,1975
197532I,1975050506,13.7,70.0,80.0,Very Severe Cyclonic Storm,UNNAMED,1975
197532I,1975050509,13.9,70.0,83.0,Very Severe Cyclonic Storm,UNNAMED,1975
197532I,1975050512,14.0,69.8,85.0,Very Severe Cyclonic Storm,UNNAMED,1975
197532I,1975050515,14.2,69.3,85.0,Very Severe Cyclonic Storm,UNNAMED,1975
197532I,1975050518,14.3,68.7,85.0,Very Severe Cyclonic Storm,UNNAMED,1975
197532I,1975050521,14.4,68.0,83.0,Very Severe Cyclonic Storm,UNNAMED,1975
197532I,1975050600,14.4,67.5,80.0,Very Severe Cyclonic Storm,UNNAMED,1975
197532I,1975050603,14.3,67.7,78.0,Very Severe Cyclonic Storm,UNNAMED,1975
197532I,1975050606,14.2,68.1,75.0,Very Severe Cyclonic Storm,UNNAMED,1975
197532I,1975050609,14.1,68.4,73.0,Very Severe Cyclonic Storm,UNNAMED,1975
197532I,1975050612,14.0,68.5,70.0,Very Severe Cyclonic Storm,UNNAMED,1975
197532I,1975050615,13.9,68.2,68.0,Very Severe Cyclonic Storm,UNNAMED,1975
197532I,1975050618,13.8,67.8,65.0,Very Severe Cyclonic Storm,UNNAMED,1975
197532I,1975050621,13.7,67.5,68.0,Very Severe Cyclonic Storm,UNNAMED,1975
197532I,1975050700,13.6,67.2,70.0,Very Severe Cyclonic Storm,UNNAMED,1975
197532I,1975050703,13.6,66.9,73.0,Very Severe Cyclonic Storm,UNNAMED,1975
197532I,1975050706,13.7,66.6,75.0,Very Severe Cyclonic Storm,UNNAMED,1975
197532I,1975050709,13.9,66.3,78.0,Very Severe Cyclonic Storm,UNNAMED,1975
197532I,1975050712,14.0,66.0,80.0,Very Severe Cyclonic Storm,UNNAMED,1975
197532I,1975050715,14.0,65.8,83.0,Very Severe Cyclonic Storm,UNNAMED,1975
197532I,1975050718,14.0,65.7,85.0,Very Severe Cyclonic Storm,UNNAMED,1975
197532I,1975050721,14.0,65.7,88.0,Very Severe Cyclonic Storm,UNNAMED,1975
197532I,1975050800,14.1,65.6,90.0,Extremely Severe/Super Cyclone,UNNAMED,1975
197532I,1975050803,14.3,65.5,93.0,Extremely Severe/Super Cyclone,UNNAMED,1975
197532I,1975050806,14.5,65.3,95.0,Extremely Severe/Super Cyclone,UNNAMED,1975
197532I,1975050809,14.8,65.1,93.0,Extremely Severe/Super Cyclone,UNNAMED,1975
197532I,1975050812,15.0,65.0,90.0,Extremely Severe/Super Cyclone,UNNAMED,1975
197532I,1975050815,15.1,64.9,88.0,Very Severe Cyclonic Storm,UNNAMED,1975
197532I,1975050818,15.2,64.9,85.0,Very Severe Cyclonic Storm,UNNAMED,1975
197532I,1975050821,15.3,64.9,83.0,Very Severe Cyclonic Storm,UNNAMED,1975
197532I,1975050900,15.4,64.8,80.0,Very Severe Cyclonic Storm,UNNAMED,1975
197532I,1975050903,15.5,64.7,78.0,Very Severe Cyclonic Storm,UNNAMED,1975
197532I,1975050906,15.7,64.6,75.0,Very Severe Cyclonic Storm,UNNAMED,1975
197532I,1975050909,15.9,64.5,73.0,Very Severe Cyclonic Storm,UNNAMED,1975
197532I,1975050912,16.0,64.5,70.0,Very Severe Cyclonic Storm,UNNAMED,1975
197532I,1975050915,16.1,64.5,68.0,Very Severe Cyclonic Storm,UNNAMED,1975
197532I,1975050918,16.2,64.5,65.0,Very Severe Cyclonic Storm,UNNAMED,1975
197532I,1975050921,16.3,64.5,63.0,Severe Cyclonic Storm,UNNAMED,1975
197532I,1975051000,16.4,64.5,60.0,Severe Cyclonic Storm,UNNAMED,1975
197532I,1975051003,16.5,64.5,58.0,Severe Cyclonic Storm,UNNAMED,1975
197532I,1975051006,16.7,64.5,55.0,Severe Cyclonic Storm,UNNAMED,1975
197532I,1975051009,16.8,64.5,53.0,Severe Cyclonic Storm,UNNAMED,1975
197532I,1975051012,17.0,64.5,50.0,Severe Cyclonic Storm,UNNAMED,1975
197532I,1975051015,17.2,64.5,48.0,Severe Cyclonic Storm,UNNAMED,1975
197532I,1975051018,17.4,64.5,45.0,Cyclonic Storm,UNNAMED,1975
197532I,1975051021,17.6,64.5,43.0,Cyclonic Storm,UNNAMED,1975
197532I,1975051100,17.9,64.5,40.0,Cyclonic Storm,UNNAMED,1975
197532I,1975051103,18.2,64.5,38.0,Cyclonic Storm,UNNAMED,1975
197532I,1975051106,18.6,64.5,35.0,Cyclonic Storm,UNNAMED,1975
197532I,1975051109,19.0,64.5,33.0,Depression,UNNAMED,1975
197532I,1975051112,19.4,64.6,30.0,Depression,UNNAMED,1975
197533I,1975050518,14.5,94.5,35.0,Cyclonic Storm,UNNAMED,1975
197533I,1975050521,14.7,94.3,38.0,Cyclonic Storm,UNNAMED,1975
197533I,1975050600,14.9,94.1,40.0,Cyclonic Storm,UNNAMED,1975
197533I,1975050603,15.1,93.7,45.0,Cyclonic Storm,UNNAMED,1975
197533I,1975050606,15.3,93.3,50.0,Severe Cyclonic Storm,UNNAMED,1975
197533I,1975050609,15.5,92.9,58.0,Severe Cyclonic Storm,UNNAMED,1975
197533I,1975050612,15.6,92.6,65.0,Very Severe Cyclonic Storm,UNNAMED,1975
197533I,1975050615,15.7,92.7,70.0,Very Severe Cyclonic Storm,UNNAMED,1975
197533I,1975050618,15.8,92.9,75.0,Very Severe Cyclonic Storm,UNNAMED,1975
197533I,1975050621,15.8,93.2,75.0,Very Severe Cyclonic Storm,UNNAMED,1975
197533I,1975050700,15.9,93.4,75.0,Very Severe Cyclonic Storm,UNNAMED,1975
197533I,1975050703,16.0,93.5,73.0,Very Severe Cyclonic Storm,UNNAMED,1975
197533I,1975050706,16.1,93.5,70.0,Very Severe Cyclonic Storm,UNNAMED,1975
197533I,1975050709,16.3,93.6,68.0,Very Severe Cyclonic Storm,UNNAMED,1975
197533I,1975050712,16.5,93.7,65.0,Very Severe Cyclonic Storm,UNNAMED,1975
197533I,1975050715,16.7,94.0,53.0,Severe Cyclonic Storm,UNNAMED,1975
197533I,1975050718,17.0,94.4,40.0,Cyclonic Storm,UNNAMED,1975
197533I,1975050721,17.3,94.9,33.0,Depression,UNNAMED,1975
197533I,1975050800,17.6,95.4,25.0,Depression,UNNAMED,1975
197533I,1975050803,17.9,96.0,23.0,Depression,UNNAMED,1975
197533I,1975050806,18.3,96.7,20.0,Depression,UNNAMED,1975
1976115I,1976122918,8.7,90.7,30.0,Depression,UNNAMED,1976
1976115I,1976122921,8.8,90.8,33.0,Depression,UNNAMED,1976
1976115I,1976123000,8.9,90.9,35.0,Cyclonic Storm,UNNAMED,1976
1976115I,1976123003,9.1,91.1,38.0,Cyclonic Storm,UNNAMED,1976
1976115I,1976123006,9.4,91.4,40.0,Cyclonic Storm,UNNAMED,1976
1976115I,1976123009,9.7,91.7,43.0,Cyclonic Storm,UNNAMED,1976
1976115I,1976123012,10.0,92.0,45.0,Cyclonic Storm,UNNAMED,1976
1976115I,1976123015,10.3,92.2,48.0,Severe Cyclonic Storm,UNNAMED,1976
1976115I,1976123018,10.6,92.4,50.0,Severe Cyclonic Storm,UNNAMED,1976
1976115I,1976123021,10.9,92.6,53.0,Severe Cyclonic Storm,UNNAMED,1976
1976115I,1976123100,11.2,92.8,55.0,Severe Cyclonic Storm,UNNAMED,1976
1976115I,1976123103,11.4,93.0,55.0,Severe Cyclonic Storm,UNNAMED,1976
1976115I,1976123106,11.6,93.1,55.0,Severe Cyclonic Storm,UNNAMED,1976
1976115I,1976123109,11.8,93.2,53.0,Severe Cyclonic Storm,UNNAMED,1976
1976115I,1976123112,12.0,93.3,50.0,Severe Cyclonic Storm,UNNAMED,1976
1976115I,1976123115,12.2,93.4,48.0,Severe Cyclonic Storm,UNNAMED,1976
1976115I,1976123118,12.4,93.5,45.0,Cyclonic Storm,UNNAMED,1976
1976115I,1976123121,12.6,93.6,43.0,Cyclonic Storm,UNNAMED,1976
1976115I,1977010100,12.7,93.7,40.0,Cyclonic Storm,UNNAMED,1976
1976115I,1977010103,12.6,93.8,38.0,Cyclonic Storm,UNNAMED,1976
1976115I,1977010106,12.5,93.8,35.0,Cyclonic Storm,UNNAMED,1976
1976115I,1977010109,12.2,93.8,33.0,Depression,UNNAMED,1976
1976115I,1977010112,12.0,93.6,30.0,Depression,UNNAMED,1976
1976115I,1977010115,11.9,93.3,30.0,Depression,UNNAMED,1976
1976115I,1977010118,11.9,92.8,30.0,Depression,UNNAMED,1976
1976115I,1977010121,11.9,92.3,28.0,Depression,UNNAMED,1976
1976115I,1977010200,11.9,91.9,25.0,Depression,UNNAMED,1976
1976115I,1977010203,12.1,91.6,23.0,Depression,UNNAMED,1976
1976115I,1977010206,12.3,91.5,20.0,Depression,UNNAMED,1976
1976115I,1977010209,12.5,91.4,20.0,Depression,UNNAMED,1976
1976115I,1977010212,12.6,91.3,20.0,Depression,UNNAMED,1976
197629I,1976042918,13.2,92.7,35.0,Cyclonic Storm,UNNAMED,1976
197629I,1976042921,13.3,92.7,38.0,Cyclonic Storm,UNNAMED,1976
197629I,1976043000,13.4,92.8,40.0,Cyclonic Storm,UNNAMED,1976
197629I,1976043003,13.6,92.9,43.0,Cyclonic Storm,UNNAMED,1976
197629I,1976043006,13.9,93.1,45.0,Cyclonic Storm,UNNAMED,1976
197629I,1976043009,14.2,93.3,45.0,Cyclonic Storm,UNNAMED,1976
197629I,1976043012,14.5,93.5,45.0,Cyclonic Storm,UNNAMED,1976
197629I,1976043015,14.7,93.6,48.0,Severe Cyclonic Storm,UNNAMED,1976
197629I,1976043018,14.9,93.6,50.0,Severe Cyclonic Storm,UNNAMED,1976
197629I,1976043021,15.1,93.6,50.0,Severe Cyclonic Storm,UNNAMED,1976
197629I,1976050100,15.4,93.7,50.0,Severe Cyclonic Storm,UNNAMED,1976
197629I,1976050103,15.8,93.8,45.0,Cyclonic Storm,UNNAMED,1976
197629I,1976050106,16.2,93.9,40.0,Cyclonic Storm,UNNAMED,1976
197629I,1976050109,16.6,93.9,38.0,Cyclonic Storm,UNNAMED,1976
197629I,1976050112,17.0,94.0,35.0,Cyclonic Storm,UNNAMED,1976
197629I,1976050115,17.3,94.0,38.0,Cyclonic Storm,UNNAMED,1976
197629I,1976050118,17.5,94.1,40.0,Cyclonic Storm,UNNAMED,1976
197629I,1976050121,17.8,94.1,43.0,Cyclonic Storm,UNNAMED,1976
197629I,1976050200,18.0,94.2,45.0,Cyclonic Storm,UNNAMED,1976
197629I,1976050203,18.3,94.3,45.0,Cyclonic Storm,UNNAMED,1976
197629I,1976050206,18.5,94.4,45.0,Cyclonic Storm,UNNAMED,1976
197629I,1976050209,18.8,94.5,40.0,Cyclonic Storm,UNNAMED,1976
197629I,1976050212,19.0,94.7,35.0,Cyclonic Storm,UNNAMED,1976
197635I,1976060206,19.0,71.3,35.0,Cyclonic Storm,UNNAMED,1976
197635I,1976060209,19.3,71.3,38.0,Cyclonic Storm,UNNAMED,1976
197635I,1976060212,19.6,71.4,40.0,Cyclonic Storm,UNNAMED,1976
197635I,1976060215,19.9,71.5,40.0,Cyclonic Storm,UNNAMED,1976
197635I,1976060218,20.3,71.6,40.0,Cyclonic Storm,UNNAMED,1976
197635I,1976060221,20.6,71.7,40.0,Cyclonic Storm,UNNAMED,1976
197635I,1976060300,20.9,71.8,40.0,Cyclonic Storm,UNNAMED,1976
197635I,1976060303,21.1,71.9,40.0,Cyclonic Storm,UNNAMED,1976
197635I,1976060306,21.3,72.0,40.0,Cyclonic Storm,UNNAMED,1976
197635I,1976060309,21.4,72.0,38.0,Cyclonic Storm,UNNAMED,1976
197635I,1976060312,21.6,72.1,35.0,Cyclonic Storm,UNNAMED,1976
197682I,1976091006,20.2,89.8,40.0,Cyclonic Storm,UNNAMED,1976
197682I,1976091009,20.4,89.6,40.0,Cyclonic Storm,UNNAMED,1976
197682I,1976091012,20.6,89.4,40.0,Cyclonic Storm,UNNAMED,1976
197682I,1976091015,20.8,89.2,40.0,Cyclonic Storm,UNNAMED,1976
197682I,1976091018,20.9,88.9,40.0,Cyclonic Storm,UNNAMED,1976
197682I,1976091021,21.1,88.7,38.0,Cyclonic Storm,UNNAMED,1976
197682I,1976091100,21.3,88.4,35.0,Cyclonic Storm,UNNAMED,1976
197682I,1976091103,21.5,88.1,33.0,Depression,UNNAMED,1976
197682I,1976091106,21.8,87.8,30.0,Depression,UNNAMED,1976
197682I,1976091109,22.0,87.4,25.0,Depression,UNNAMED,1976
197682I,1976091112,22.3,87.0,20.0,Depression,UNNAMED,1976
197682I,1976091115,22.5,86.4,20.0,Depression,UNNAMED,1976
197682I,1976091118,22.8,85.8,20.0,Depression,UNNAMED,1976
197697I,1976101506,12.4,60.2,35.0,Cyclonic Storm,UNNAMED,1976
197697I,1976101509,12.5,59.6,38.0,Cyclonic Storm,UNNAMED,1976
197697I,1976101512,12.6,59.0,40.0,Cyclonic Storm,UNNAMED,1976
197697I,1976101515,12.7,58.5,43.0,Cyclonic Storm,UNNAMED,1976
197697I,1976101518,12.7,58.0,45.0,Cyclonic Storm,UNNAMED,1976
197697I,1976101521,12.8,57.5,48.0,Severe Cyclonic Storm,UNNAMED,1976
197697I,1976101600,12.9,57.0,50.0,Severe Cyclonic Storm,UNNAMED,1976
197697I,1976101603,13.0,56.5,50.0,Severe Cyclonic Storm,UNNAMED,1976
197697I,1976101606,13.0,56.0,50.0,Severe Cyclonic Storm,UNNAMED,1976
197697I,1976101609,13.0,55.5,50.0,Severe Cyclonic Storm,UNNAMED,1976
197697I,1976101612,13.0,55.0,50.0,Severe Cyclonic Storm,UNNAMED,1976
197697I,1976101615,13.0,54.6,50.0,Severe Cyclonic Storm,UNNAMED,1976
197697I,1976101618,12.9,54.3,50.0,Severe Cyclonic Storm,UNNAMED,1976
197697I,1976101621,12.9,54.0,48.0,Severe Cyclonic Storm,UNNAMED,1976
197697I,1976101700,12.8,53.8,45.0,Cyclonic Storm,UNNAMED,1976
197697I,1976101703,12.7,53.6,43.0,Cyclonic Storm,UNNAMED,1976
197697I,1976101706,12.7,53.4,40.0,Cyclonic Storm,UNNAMED,1976
197697I,1976101709,12.6,53.2,38.0,Cyclonic Storm,UNNAMED,1976
197697I,1976101712,12.6,53.1,35.0,Cyclonic Storm,UNNAMED,1976
197697I,1976101715,12.5,52.9,33.0,Depression,UNNAMED,1976
197697I,1976101718,12.5,52.8,30.0,Depression,UNNAMED,1976
197728I,1977051118,18.0,88.0,55.0,Severe Cyclonic Storm,UNNAMED,1977
197728I,1977051121,18.4,88.3,55.0,Severe Cyclonic Storm,UNNAMED,1977
197728I,1977051200,18.8,88.6,55.0,Severe Cyclonic Storm,UNNAMED,1977
197728I,1977051203,19.3,88.9,58.0,Severe Cyclonic Storm,UNNAMED,1977
197728I,1977051206,19.9,89.2,60.0,Severe Cyclonic Storm,UNNAMED,1977
197728I,1977051209,20.5,89.5,55.0,Severe Cyclonic Storm,UNNAMED,1977
197728I,1977051212,21.0,89.8,50.0,Severe Cyclonic Storm,UNNAMED,1977
197728I,1977051215,21.3,90.0,45.0,Cyclonic Storm,UNNAMED,1977
197728I,1977051218,21.5,90.2,40.0,Cyclonic Storm,UNNAMED,1977
197728I,1977051221,21.7,90.4,38.0,Cyclonic Storm,UNNAMED,1977
197728I,1977051300,22.0,90.5,35.0,Cyclonic Storm,UNNAMED,1977
197728I,1977051303,22.4,90.6,33.0,Depression,UNNAMED,1977
197728I,1977051306,22.9,90.6,30.0,Depression,UNNAMED,1977
197732I,1977061018,19.3,66.4,35.0,Cyclonic Storm,UNNAMED,1977
197732I,1977061021,19.4,66.1,38.0,Cyclonic Storm,UNNAMED,1977
197732I,1977061100,19.5,65.7,40.0,Cyclonic Storm,UNNAMED,1977
197732I,1977061103,19.6,65.2,43.0,Cyclonic Storm,UNNAMED,1977
197732I,1977061106,19.7,64.6,45.0,Cyclonic Storm,UNNAMED,1977
197732I,1977061109,19.8,64.0,48.0,Severe Cyclonic Storm,UNNAMED,1977
197732I,1977061112,19.9,63.5,50.0,Severe Cyclonic Storm,UNNAMED,1977
197732I,1977061115,20.0,63.1,53.0,Severe Cyclonic Storm,UNNAMED,1977
197732I,1977061118,20.1,62.7,55.0,Severe Cyclonic Storm,UNNAMED,1977
197732I,1977061121,20.2,62.3,55.0,Severe Cyclonic Storm,UNNAMED,1977
197732I,1977061200,20.2,62.0,55.0,Severe Cyclonic Storm,UNNAMED,1977
197732I,1977061203,20.3,61.6,58.0,Severe Cyclonic Storm,UNNAMED,1977
197732I,1977061206,20.3,61.3,60.0,Severe Cyclonic Storm,UNNAMED,1977
197732I,1977061209,20.4,60.9,58.0,Severe Cyclonic Storm,UNNAMED,1977
197732I,1977061212,20.4,60.6,55.0,Severe Cyclonic Storm,UNNAMED,1977
197732I,1977061215,20.4,60.3,55.0,Severe Cyclonic Storm,UNNAMED,1977
197732I,1977061218,20.5,60.0,55.0,Severe Cyclonic Storm,UNNAMED,1977
197732I,1977061221,20.5,59.7,53.0,Severe Cyclonic Storm,UNNAMED,1977
197732I,1977061300,20.5,59.4,50.0,Severe Cyclonic Storm,UNNAMED,1977
197786I,1977102918,13.9,85.9,35.0,Cyclonic Storm,UNNAMED,1977
197786I,1977102921,14.1,85.5,35.0,Cyclonic Storm,UNNAMED,1977
197786I,1977103000,14.3,85.1,35.0,Cyclonic Storm,UNNAMED,1977
197786I,1977103003,14.4,84.6,35.0,Cyclonic Storm,UNNAMED,1977
197786I,1977103006,14.5,84.1,35.0,Cyclonic Storm,UNNAMED,1977
197786I,1977103009,14.6,83.5,35.0,Cyclonic Storm,UNNAMED,1977
197786I,1977103012,14.6,83.0,35.0,Cyclonic Storm,UNNAMED,1977
197786I,1977103015,14.6,82.5,35.0,Cyclonic Storm,UNNAMED,1977
197786I,1977103018,14.6,82.1,35.0,Cyclonic Storm,UNNAMED,1977
197786I,1977103021,14.6,81.7,35.0,Cyclonic Storm,UNNAMED,1977
197786I,1977103100,14.7,81.3,35.0,Cyclonic Storm,UNNAMED,1977
197786I,1977103103,14.8,80.8,38.0,Cyclonic Storm,UNNAMED,1977
197786I,1977103106,14.9,80.3,40.0,Cyclonic Storm,UNNAMED,1977
197786I,1977103109,15.0,79.7,40.0,Cyclonic Storm,UNNAMED,1977
197786I,1977103112,15.1,79.1,40.0,Cyclonic Storm,UNNAMED,1977
197786I,1977103115,15.1,78.4,38.0,Cyclonic Storm,UNNAMED,1977
197786I,1977103118,15.2,77.6,35.0,Cyclonic Storm,UNNAMED,1977
197790I,1977111506,13.7,67.2,50.0,Severe Cyclonic Storm,UNNAMED,1977
197790I,1977111509,13.7,66.7,53.0,Severe Cyclonic Storm,UNNAMED,1977
197790I,1977111512,13.7,66.3,55.0,Severe Cyclonic Storm,UNNAMED,1977
197790I,1977111515,13.7,66.0,60.0,Severe Cyclonic Storm,UNNAMED,1977
197790I,1977111518,13.6,65.9,65.0,Very Severe Cyclonic Storm,UNNAMED,1977
197790I,1977111521,13.5,65.9,73.0,Very Severe Cyclonic Storm,UNNAMED,1977
197790I,1977111600,13.4,65.9,80.0,Very Severe Cyclonic Storm,UNNAMED,1977
197790I,1977111603,13.4,65.9,83.0,Very Severe Cyclonic Storm,UNNAMED,1977
197790I,1977111606,13.4,65.9,85.0,Very Severe Cyclonic Storm,UNNAMED,1977
197790I,1977111609,13.4,65.9,88.0,Very Severe Cyclonic Storm,UNNAMED,1977
197790I,1977111612,13.3,65.9,90.0,Extremely Severe/Super Cyclone,UNNAMED,1977
197790I,1977111615,13.2,65.9,90.0,Extremely Severe/Super Cyclone,UNNAMED,1977
197790I,1977111618,13.1,65.8,90.0,Extremely Severe/Super Cyclone,UNNAMED,1977
197790I,1977111621,12.9,65.8,93.0,Extremely Severe/Super Cyclone,UNNAMED,1977
197790I,1977111700,12.7,65.8,95.0,Extremely Severe/Super Cyclone,UNNAMED,1977
197790I,1977111703,12.4,65.8,95.0,Extremely Severe/Super Cyclone,UNNAMED,1977
197790I,1977111706,12.1,65.9,95.0,Extremely Severe/Super Cyclone,UNNAMED,1977
197790I,1977111709,11.8,66.0,98.0,Extremely Severe/Super Cyclone,UNNAMED,1977
197790I,1977111712,11.5,66.2,100.0,Extremely Severe/Super Cyclone,UNNAMED,1977
197790I,1977111715,11.3,66.4,100.0,Extremely Severe/Super Cyclone,UNNAMED,1977
197790I,1977111718,11.1,66.6,100.0,Extremely Severe/Super Cyclone,UNNAMED,1977
197790I,1977111721,10.9,66.8,103.0,Extremely Severe/Super Cyclone,UNNAMED,1977
197790I,1977111800,10.8,67.0,105.0,Extremely Severe/Super Cyclone,UNNAMED,1977
197790I,1977111803,10.7,67.2,105.0,Extremely Severe/Super Cyclone,UNNAMED,1977
197790I,1977111806,10.7,67.4,105.0,Extremely Severe/Super Cyclone,UNNAMED,1977
197790I,1977111809,10.6,67.5,108.0,Extremely Severe/Super Cyclone,UNNAMED,1977
197790I,1977111812,10.5,67.7,110.0,Extremely Severe/Super Cyclone,UNNAMED,1977
197790I,1977111815,10.4,67.9,110.0,Extremely Severe/Super Cyclone,UNNAMED,1977
197790I,1977111818,10.4,68.1,110.0,Extremely Severe/Super Cyclone,UNNAMED,1977
197790I,1977111821,10.3,68.2,110.0,Extremely Severe/Super Cyclone,UNNAMED,1977
197790I,1977111900,10.2,68.5,110.0,Extremely Severe/Super Cyclone,UNNAMED,1977
197790I,1977111903,10.1,68.9,105.0,Extremely Severe/Super Cyclone,UNNAMED,1977
197790I,1977111906,10.1,69.4,100.0,Extremely Severe/Super Cyclone,UNNAMED,1977
197790I,1977111909,10.0,70.0,98.0,Extremely Severe/Super Cyclone,UNNAMED,1977
197790I,1977111912,9.9,70.5,95.0,Extremely Severe/Super Cyclone,UNNAMED,1977
197790I,1977111915,9.8,70.9,93.0,Extremely Severe/Super Cyclone,UNNAMED,1977
197790I,1977111918,9.8,71.2,90.0,Extremely Severe/Super Cyclone,UNNAMED,1977
197791I,1977111512,6.5,86.7,55.0,Severe Cyclonic Storm,UNNAMED,1977
197791I,1977111515,6.6,86.3,58.0,Severe Cyclonic Storm,UNNAMED,1977
197791I,1977111518,6.7,86.1,60.0,Severe Cyclonic Storm,UNNAMED,1977
197791I,1977111521,6.8,85.9,65.0,Very Severe Cyclonic Storm,UNNAMED,1977
197791I,1977111600,7.0,85.7,70.0,Very Severe Cyclonic Storm,UNNAMED,1977
197791I,1977111603,7.3,85.3,73.0,Very Severe Cyclonic Storm,UNNAMED,1977
197791I,1977111606,7.7,84.9,75.0,Very Severe Cyclonic Storm,UNNAMED,1977
197791I,1977111609,8.2,84.6,78.0,Very Severe Cyclonic Storm,UNNAMED,1977
197791I,1977111612,8.6,84.3,80.0,Very Severe Cyclonic Storm,UNNAMED,1977
197791I,1977111615,8.9,84.1,83.0,Very Severe Cyclonic Storm,UNNAMED,1977
197791I,1977111618,9.1,84.0,85.0,Very Severe Cyclonic Storm,UNNAMED,1977
197791I,1977111621,9.4,83.8,88.0,Very Severe Cyclonic Storm,UNNAMED,1977
197791I,1977111700,9.7,83.7,90.0,Extremely Severe/Super Cyclone,UNNAMED,1977
197791I,1977111703,10.0,83.5,93.0,Extremely Severe/Super Cyclone,UNNAMED,1977
197791I,1977111706,10.3,83.4,95.0,Extremely Severe/Super Cyclone,UNNAMED,1977
197791I,1977111709,10.6,83.2,95.0,Extremely Severe/Super Cyclone,UNNAMED,1977
197791I,1977111712,11.0,83.1,95.0,Extremely Severe/Super Cyclone,UNNAMED,1977
197791I,1977111715,11.4,83.0,98.0,Extremely Severe/Super Cyclone,UNNAMED,1977
197791I,1977111718,11.7,82.8,100.0,Extremely Severe/Super Cyclone,UNNAMED,1977
197791I,1977111721,12.1,82.7,100.0,Extremely Severe/Super Cyclone,UNNAMED,1977
197791I,1977111800,12.5,82.5,100.0,Extremely Severe/Super Cyclone,UNNAMED,1977
197791I,1977111803,12.9,82.3,103.0,Extremely Severe/Super Cyclone,UNNAMED,1977
197791I,1977111806,13.2,82.2,105.0,Extremely Severe/Super Cyclone,UNNAMED,1977
197791I,1977111809,13.5,82.0,105.0,Extremely Severe/Super Cyclone,UNNAMED,1977
197791I,1977111812,13.8,81.8,105.0,Extremely Severe/Super Cyclone,UNNAMED,1977
197791I,1977111815,14.1,81.6,108.0,Extremely Severe/Super Cyclone,UNNAMED,1977
197791I,1977111818,14.3,81.5,110.0,Extremely Severe/Super Cyclone,UNNAMED,1977
197791I,1977111821,14.5,81.4,110.0,Extremely Severe/Super Cyclone,UNNAMED,1977
197791I,1977111900,14.8,81.2,110.0,Extremely Severe/Super Cyclone,UNNAMED,1977
197791I,1977111903,15.1,81.0,110.0,Extremely Severe/Super Cyclone,UNNAMED,1977
197791I,1977111906,15.5,80.9,110.0,Extremely Severe/Super Cyclone,UNNAMED,1977
197791I,1977111909,15.8,80.7,108.0,Extremely Severe/Super Cyclone,UNNAMED,1977
197791I,1977111912,16.2,80.5,105.0,Extremely Severe/Super Cyclone,UNNAMED,1977
197791I,1977111915,16.6,80.4,100.0,Extremely Severe/Super Cyclone,UNNAMED,1977
197791I,1977111918,16.9,80.3,95.0,Extremely Severe/Super Cyclone,UNNAMED,1977
1978104I,1978102500,12.5,90.3,25.0,Depression,UNNAMED,1978
1978104I,1978102503,12.7,90.0,25.0,Depression,UNNAMED,1978
1978104I,1978102506,13.0,89.6,25.0,Depression,UNNAMED,1978
1978104I,1978102509,13.2,89.3,28.0,Depression,UNNAMED,1978
1978104I,1978102512,13.5,88.9,30.0,Depression,UNNAMED,1978
1978104I,1978102515,13.8,88.5,30.0,Depression,UNNAMED,1978
1978104I,1978102518,14.1,88.2,30.0,Depression,UNNAMED,1978
1978104I,1978102521,14.4,87.8,33.0,Depression,UNNAMED,1978
1978104I,1978102600,14.8,87.5,35.0,Cyclonic Storm,UNNAMED,1978
1978104I,1978102603,15.2,87.2,35.0,Cyclonic Storm,UNNAMED,1978
1978104I,1978102606,15.7,86.9,35.0,Cyclonic Storm,UNNAMED,1978
1978104I,1978102609,16.2,86.7,35.0,Cyclonic Storm,UNNAMED,1978
1978104I,1978102612,16.6,86.7,35.0,Cyclonic Storm,UNNAMED,1978
1978104I,1978102615,16.9,87.3,35.0,Cyclonic Storm,UNNAMED,1978
1978104I,1978102618,17.2,88.2,35.0,Cyclonic Storm,UNNAMED,1978
1978104I,1978102621,17.6,89.1,35.0,Cyclonic Storm,UNNAMED,1978
1978104I,1978102700,17.9,89.7,35.0,Cyclonic Storm,UNNAMED,1978
1978104I,1978102703,18.2,89.4,35.0,Cyclonic Storm,UNNAMED,1978
1978104I,1978102706,18.5,88.8,35.0,Cyclonic Storm,UNNAMED,1978
1978104I,1978102709,18.9,88.2,38.0,Cyclonic Storm,UNNAMED,1978
1978104I,1978102712,19.2,87.8,40.0,Cyclonic Storm,UNNAMED,1978
1978104I,1978102715,19.4,87.8,40.0,Cyclonic Storm,UNNAMED,1978
1978104I,1978102718,19.6,88.1,40.0,Cyclonic Storm,UNNAMED,1978
1978104I,1978102721,19.6,88.5,38.0,Cyclonic Storm,UNNAMED,1978
1978104I,1978102800,19.6,89.0,35.0,Cyclonic Storm,UNNAMED,1978
1978109I,1978110306,11.1,81.4,15.0,Depression,UNNAMED,1978
1978109I,1978110309,11.4,81.2,18.0,Depression,UNNAMED,1978
1978109I,1978110312,11.7,81.1,20.0,Depression,UNNAMED,1978
1978109I,1978110315,11.9,81.0,20.0,Depression,UNNAMED,1978
1978109I,1978110318,12.0,80.9,20.0,Depression,UNNAMED,1978
1978109I,1978110321,12.1,80.8,20.0,Depression,UNNAMED,1978
1978109I,1978110400,12.1,80.6,20.0,Depression,UNNAMED,1978
1978109I,1978110403,12.1,80.2,20.0,Depression,UNNAMED,1978
1978109I,1978110406,12.1,79.6,20.0,Depression,UNNAMED,1978
1978109I,1978110409,12.1,79.0,20.0,Depression,UNNAMED,1978
1978109I,1978110412,12.1,78.3,20.0,Depression,UNNAMED,1978
1978109I,1978110415,12.1,77.6,20.0,Depression,UNNAMED,1978
1978109I,1978110418,12.0,76.8,20.0,Depression,UNNAMED,1978
1978109I,1978110421,11.9,76.1,20.0,Depression,UNNAMED,1978
1978109I,1978110500,11.9,75.5,20.0,Depression,UNNAMED,1978
1978109I,1978110503,11.9,75.0,20.0,Depression,UNNAMED,1978
1978109I,1978110506,11.9,74.7,20.0,Depression,UNNAMED,1978
1978109I,1978110509,11.9,74.3,23.0,Depression,UNNAMED,1978
1978109I,1978110512,11.9,73.9,25.0,Depression,UNNAMED,1978
1978109I,1978110515,11.9,73.5,28.0,Depression,UNNAMED,1978
1978109I,1978110518,12.0,73.1,30.0,Depression,UNNAMED,1978
1978109I,1978110521,12.0,72.7,30.0,Depression,UNNAMED,1978
1978109I,1978110600,12.1,72.2,30.0,Depression,UNNAMED,1978
1978109I,1978110603,12.2,71.8,33.0,Depression,UNNAMED,1978
1978109I,1978110606,12.3,71.3,35.0,Cyclonic Storm,UNNAMED,1978
1978109I,1978110609,12.5,70.9,35.0,Cyclonic Storm,UNNAMED,1978
1978109I,1978110612,12.7,70.4,35.0,Cyclonic Storm,UNNAMED,1978
1978109I,1978110615,12.9,69.9,38.0,Cyclonic Storm,UNNAMED,1978
1978109I,1978110618,13.2,69.4,40.0,Cyclonic Storm,UNNAMED,1978
1978109I,1978110621,13.4,68.8,43.0,Cyclonic Storm,UNNAMED,1978
1978109I,1978110700,13.6,68.3,45.0,Cyclonic Storm,UNNAMED,1978
1978109I,1978110703,13.8,67.8,48.0,Severe Cyclonic Storm,UNNAMED,1978
1978109I,1978110706,14.0,67.3,50.0,Severe Cyclonic Storm,UNNAMED,1978
1978109I,1978110709,14.2,66.8,53.0,Severe Cyclonic Storm,UNNAMED,1978
1978109I,1978110712,14.4,66.3,55.0,Severe Cyclonic Storm,UNNAMED,1978
1978109I,1978110715,14.6,65.9,58.0,Severe Cyclonic Storm,UNNAMED,1978
1978109I,1978110718,14.8,65.6,60.0,Severe Cyclonic Storm,UNNAMED,1978
1978109I,1978110721,15.0,65.3,65.0,Very Severe Cyclonic Storm,UNNAMED,1978
1978109I,1978110800,15.3,64.9,70.0,Very Severe Cyclonic Storm,UNNAMED,1978
1978109I,1978110803,15.7,64.4,73.0,Very Severe Cyclonic Storm,UNNAMED,1978
1978109I,1978110806,16.2,63.8,75.0,Very Severe Cyclonic Storm,UNNAMED,1978
1978109I,1978110809,16.8,63.2,75.0,Very Severe Cyclonic Storm,UNNAMED,1978
1978109I,1978110812,17.3,62.8,75.0,Very Severe Cyclonic Storm,UNNAMED,1978
1978109I,1978110815,17.6,62.5,78.0,Very Severe Cyclonic Storm,UNNAMED,1978
1978109I,1978110818,17.8,62.4,80.0,Very Severe Cyclonic Storm,UNNAMED,1978
1978109I,1978110821,18.1,62.3,80.0,Very Severe Cyclonic Storm,UNNAMED,1978
1978109I,1978110900,18.4,62.3,80.0,Very Severe Cyclonic Storm,UNNAMED,1978
1978109I,1978110903,18.8,62.2,80.0,Very Severe Cyclonic Storm,UNNAMED,1978
1978109I,1978110906,19.3,62.2,80.0,Very Severe Cyclonic Storm,UNNAMED,1978
1978109I,1978110909,19.7,62.2,78.0,Very Severe Cyclonic Storm,UNNAMED,1978
1978109I,1978110912,20.1,62.3,75.0,Very Severe Cyclonic Storm,UNNAMED,1978
1978109I,1978110915,20.5,62.4,75.0,Very Severe Cyclonic Storm,UNNAMED,1978
1978109I,1978110918,20.8,62.6,75.0,Very Severe Cyclonic Storm,UNNAMED,1978
1978109I,1978110921,21.2,62.8,70.0,Very Severe Cyclonic Storm,UNNAMED,1978
1978109I,1978111000,21.5,63.1,65.0,Very Severe Cyclonic Storm,UNNAMED,1978
1978109I,1978111003,21.8,63.4,63.0,Severe Cyclonic Storm,UNNAMED,1978
1978109I,1978111006,22.1,63.7,60.0,Severe Cyclonic Storm,UNNAMED,1978
1978109I,1978111009,22.4,64.1,58.0,Severe Cyclonic Storm,UNNAMED,1978
1978109I,1978111012,22.7,64.5,55.0,Severe Cyclonic Storm,UNNAMED,1978
1978109I,1978111015,22.9,64.9,53.0,Severe Cyclonic Storm,UNNAMED,1978
1978109I,1978111018,23.1,65.4,50.0,Severe Cyclonic Storm,UNNAMED,1978
1978109I,1978111021,23.2,65.9,48.0,Severe Cyclonic Storm,UNNAMED,1978
1978109I,1978111100,23.2,66.3,45.0,Cyclonic Storm,UNNAMED,1978
1978109I,1978111103,23.2,66.7,43.0,Cyclonic Storm,UNNAMED,1978
1978109I,1978111106,23.2,67.0,40.0,Cyclonic Storm,UNNAMED,1978
1978109I,1978111109,23.1,67.3,38.0,Cyclonic Storm,UNNAMED,1978
1978109I,1978111112,23.1,67.5,35.0,Cyclonic Storm,UNNAMED,1978
1978109I,1978111115,23.1,67.7,28.0,Depression,UNNAMED,1978
1978109I,1978111118,23.1,67.9,20.0,Depression,UNNAMED,1978
1978114I,1978111918,7.7,91.2,30.0,Depression,UNNAMED,1978
1978114I,1978111921,7.7,91.1,33.0,Depression,UNNAMED,1978
1978114I,1978112000,7.7,91.0,35.0,Cyclonic Storm,UNNAMED,1978
1978114I,1978112003,7.7,90.9,38.0,Cyclonic Storm,UNNAMED,1978
1978114I,1978112006,7.7,90.7,40.0,Cyclonic Storm,UNNAMED,1978
1978114I,1978112009,7.7,90.4,40.0,Cyclonic Storm,UNNAMED,1978
1978114I,1978112012,7.7,90.1,40.0,Cyclonic Storm,UNNAMED,1978
1978114I,1978112015,7.7,89.8,40.0,Cyclonic Storm,UNNAMED,1978
1978114I,1978112018,7.7,89.4,40.0,Cyclonic Storm,UNNAMED,1978
1978114I,1978112021,7.7,89.1,43.0,Cyclonic Storm,UNNAMED,1978
1978114I,1978112100,7.7,88.7,45.0,Cyclonic Storm,UNNAMED,1978
1978114I,1978112103,7.7,88.3,48.0,Severe Cyclonic Storm,UNNAMED,1978
1978114I,1978112106,7.7,88.0,50.0,Severe Cyclonic Storm,UNNAMED,1978
1978114I,1978112109,7.7,87.6,50.0,Severe Cyclonic Storm,UNNAMED,1978
1978114I,1978112112,7.7,87.3,50.0,Severe Cyclonic Storm,UNNAMED,1978
1978114I,1978112115,7.7,87.0,53.0,Severe Cyclonic Storm,UNNAMED,1978
1978114I,1978112118,7.7,86.7,55.0,Severe Cyclonic Storm,UNNAMED,1978
1978114I,1978112121,7.7,86.4,58.0,Severe Cyclonic Storm,UNNAMED,1978
1978114I,1978112200,7.6,86.1,60.0,Severe Cyclonic Storm,UNNAMED,1978
1978114I,1978112203,7.5,85.8,65.0,Very Severe Cyclonic Storm,UNNAMED,1978
1978114I,1978112206,7.4,85.5,70.0,Very Severe Cyclonic Storm,UNNAMED,1978
1978114I,1978112209,7.3,85.2,73.0,Very Severe Cyclonic Storm,UNNAMED,1978
1978114I,1978112212,7.2,84.9,75.0,Very Severe Cyclonic Storm,UNNAMED,1978
1978114I,1978112215,7.1,84.6,78.0,Very Severe Cyclonic Storm,UNNAMED,1978
1978114I,1978112218,7.1,84.3,80.0,Very Severe Cyclonic Storm,UNNAMED,1978
1978114I,1978112221,7.1,84.0,83.0,Very Severe Cyclonic Storm,UNNAMED,1978
1978114I,1978112300,7.2,83.7,85.0,Very Severe Cyclonic Storm,UNNAMED,1978
1978114I,1978112303,7.3,83.4,88.0,Very Severe Cyclonic Storm,UNNAMED,1978
1978114I,1978112306,7.5,83.0,90.0,Extremely Severe/Super Cyclone,UNNAMED,1978
1978114I,1978112309,7.6,82.6,85.0,Very Severe Cyclonic Storm,UNNAMED,1978
1978114I,1978112312,7.8,82.2,80.0,Very Severe Cyclonic Storm,UNNAMED,1978
1978114I,1978112315,7.9,81.9,75.0,Very Severe Cyclonic Storm,UNNAMED,1978
1978114I,1978112318,8.1,81.5,70.0,Very Severe Cyclonic Storm,UNNAMED,1978
1978114I,1978112321,8.3,81.1,65.0,Very Severe Cyclonic Storm,UNNAMED,1978
1978114I,1978112400,8.5,80.7,60.0,Severe Cyclonic Storm,UNNAMED,1978
1978114I,1978112403,8.7,80.2,55.0,Severe Cyclonic Storm,UNNAMED,1978
1978114I,1978112406,9.0,79.7,50.0,Severe Cyclonic Storm,UNNAMED,1978
1978114I,1978112409,9.2,79.1,48.0,Severe Cyclonic Storm,UNNAMED,1978
1978114I,1978112412,9.5,78.5,45.0,Cyclonic Storm,UNNAMED,1978
1978114I,1978112415,9.8,77.8,40.0,Cyclonic Storm,UNNAMED,1978
1978114I,1978112418,10.0,77.0,35.0,Cyclonic Storm,UNNAMED,1978
1978114I,1978112421,10.3,76.2,33.0,Depression,UNNAMED,1978
1978114I,1978112500,10.5,75.5,30.0,Depression,UNNAMED,1978
1978114I,1978112503,10.8,74.9,30.0,Depression,UNNAMED,1978
1978114I,1978112506,11.0,74.3,30.0,Depression,UNNAMED,1978
1978114I,1978112509,11.3,73.8,30.0,Depression,UNNAMED,1978
1978114I,1978112512,11.5,73.3,30.0,Depression,UNNAMED,1978
1978114I,1978112515,11.8,72.9,33.0,Depression,UNNAMED,1978
1978114I,1978112518,12.0,72.5,35.0,Cyclonic Storm,UNNAMED,1978
1978114I,1978112521,12.2,72.1,35.0,Cyclonic Storm,UNNAMED,1978
1978114I,1978112600,12.4,71.7,35.0,Cyclonic Storm,UNNAMED,1978
1978114I,1978112603,12.6,71.3,35.0,Cyclonic Storm,UNNAMED,1978
1978114I,1978112606,12.8,71.0,35.0,Cyclonic Storm,UNNAMED,1978
1978114I,1978112609,13.0,70.7,33.0,Depression,UNNAMED,1978
1978114I,1978112612,13.2,70.4,30.0,Depression,UNNAMED,1978
1978114I,1978112615,13.4,70.2,28.0,Depression,UNNAMED,1978
1978114I,1978112618,13.6,70.0,25.0,Depression,UNNAMED,1978
1978114I,1978112621,13.8,69.8,25.0,Depression,UNNAMED,1978
1978114I,1978112700,14.0,69.6,25.0,Depression,UNNAMED,1978
1978114I,1978112703,14.2,69.3,23.0,Depression,UNNAMED,1978
1978114I,1978112706,14.5,69.0,20.0,Depression,UNNAMED,1978
1978114I,1978112709,14.8,68.7,20.0,Depression,UNNAMED,1978
1978114I,1978112712,15.1,68.4,20.0,Depression,UNNAMED,1978
197828I,1978051400,11.1,91.0,25.0,Depression,UNNAMED,1978
197828I,1978051403,11.6,91.1,25.0,Depression,UNNAMED,1978
197828I,1978051406,12.0,91.2,25.0,Depression,UNNAMED,1978
197828I,1978051409,12.4,91.3,25.0,Depression,UNNAMED,1978
197828I,1978051412,12.7,91.4,25.0,Depression,UNNAMED,1978
197828I,1978051415,13.0,91.5,28.0,Depression,UNNAMED,1978
197828I,1978051418,13.2,91.5,30.0,Depression,UNNAMED,1978
197828I,1978051421,13.5,91.6,30.0,Depression,UNNAMED,1978
197828I,1978051500,13.8,91.7,30.0,Depression,UNNAMED,1978
197828I,1978051503,14.1,91.8,30.0,Depression,UNNAMED,1978
197828I,1978051506,14.3,91.8,30.0,Depression,UNNAMED,1978
197828I,1978051509,14.6,91.9,33.0,Depression,UNNAMED,1978
197828I,1978051512,14.9,92.0,35.0,Cyclonic Storm,UNNAMED,1978
197828I,1978051515,15.1,92.1,35.0,Cyclonic Storm,UNNAMED,1978
197828I,1978051518,15.2,92.1,35.0,Cyclonic Storm,UNNAMED,1978
197828I,1978051521,15.4,92.2,35.0,Cyclonic Storm,UNNAMED,1978
197828I,1978051600,15.6,92.2,35.0,Cyclonic Storm,UNNAMED,1978
197828I,1978051603,15.9,92.3,38.0,Cyclonic Storm,UNNAMED,1978
197828I,1978051606,16.3,92.3,40.0,Cyclonic Storm,UNNAMED,1978
197828I,1978051609,16.7,92.3,40.0,Cyclonic Storm,UNNAMED,1978
197828I,1978051612,17.1,92.3,40.0,Cyclonic Storm,UNNAMED,1978
197828I,1978051615,17.4,92.3,43.0,Cyclonic Storm,UNNAMED,1978
197828I,1978051618,17.7,92.3,45.0,Cyclonic Storm,UNNAMED,1978
197828I,1978051621,18.0,92.3,48.0,Severe Cyclonic Storm,UNNAMED,1978
197828I,1978051700,18.3,92.3,50.0,Severe Cyclonic Storm,UNNAMED,1978
197828I,1978051703,18.7,92.4,55.0,Severe Cyclonic Storm,UNNAMED,1978
197828I,1978051706,19.1,92.6,60.0,Severe Cyclonic Storm,UNNAMED,1978
197828I,1978051709,19.6,92.9,53.0,Severe Cyclonic Storm,UNNAMED,1978
197828I,1978051712,20.1,93.3,45.0,Cyclonic Storm,UNNAMED,1978
197927I,1979050512,7.0,89.9,20.0,Depression,UNNAMED,1979
197927I,1979050515,7.0,89.9,20.0,Depression,UNNAMED,1979
197927I,1979050518,7.0,89.9,20.0,Depression,UNNAMED,1979
197927I,1979050521,7.0,89.8,23.0,Depression,UNNAMED,1979
197927I,1979050600,7.0,89.7,25.0,Depression,UNNAMED,1979
197927I,1979050603,7.0,89.6,25.0,Depression,UNNAMED,1979
197927I,1979050606,7.0,89.4,25.0,Depression,UNNAMED,1979
197927I,1979050609,7.1,89.2,28.0,Depression,UNNAMED,1979
197927I,1979050612,7.1,89.0,30.0,Depression,UNNAMED,1979
197927I,1979050615,7.1,88.8,30.0,Depression,UNNAMED,1979
197927I,1979050618,7.1,88.6,30.0,Depression,UNNAMED,1979
197927I,1979050621,7.1,88.4,33.0,Depression,UNNAMED,1979
197927I,1979050700,7.1,88.2,35.0,Cyclonic Storm,UNNAMED,1979
197927I,1979050703,7.0,87.8,35.0,Cyclonic Storm,UNNAMED,1979
197927I,1979050706,6.8,87.4,35.0,Cyclonic Storm,UNNAMED,1979
197927I,1979050709,6.7,87.0,38.0,Cyclonic Storm,UNNAMED,1979
197927I,1979050712,6.5,86.7,40.0,Cyclonic Storm,UNNAMED,1979
197927I,1979050715,6.3,86.5,43.0,Cyclonic Storm,UNNAMED,1979
197927I,1979050718,6.1,86.5,45.0,Cyclonic Storm,UNNAMED,1979
197927I,1979050721,5.9,86.4,48.0,Severe Cyclonic Storm,UNNAMED,1979
197927I,1979050800,5.8,86.3,50.0,Severe Cyclonic Storm,UNNAMED,1979
197927I,1979050803,5.7,86.2,53.0,Severe Cyclonic Storm,UNNAMED,1979
197927I,1979050806,5.7,86.2,55.0,Severe Cyclonic Storm,UNNAMED,1979
197927I,1979050809,5.7,86.1,58.0,Severe Cyclonic Storm,UNNAMED,1979
197927I,1979050812,5.8,86.0,60.0,Severe Cyclonic Storm,UNNAMED,1979
197927I,1979050815,6.0,85.9,60.0,Severe Cyclonic Storm,UNNAMED,1979
197927I,1979050818,6.2,85.8,60.0,Severe Cyclonic Storm,UNNAMED,1979
197927I,1979050821,6.5,85.6,63.0,Severe Cyclonic Storm,UNNAMED,1979
197927I,1979050900,6.8,85.5,65.0,Very Severe Cyclonic Storm,UNNAMED,1979
197927I,1979050903,7.2,85.5,65.0,Very Severe Cyclonic Storm,UNNAMED,1979
197927I,1979050906,7.6,85.5,65.0,Very Severe Cyclonic Storm,UNNAMED,1979
197927I,1979050909,8.1,85.5,63.0,Severe Cyclonic Storm,UNNAMED,1979
197927I,1979050912,8.6,85.4,60.0,Severe Cyclonic Storm,UNNAMED,1979
197927I,1979050915,9.1,85.2,60.0,Severe Cyclonic Storm,UNNAMED,1979
197927I,1979050918,9.7,85.0,60.0,Severe Cyclonic Storm,UNNAMED,1979
197927I,1979050921,10.3,84.8,63.0,Severe Cyclonic Storm,UNNAMED,1979
197927I,1979051000,10.8,84.6,65.0,Very Severe Cyclonic Storm,UNNAMED,1979
197927I,1979051003,11.2,84.4,68.0,Very Severe Cyclonic Storm,UNNAMED,1979
197927I,1979051006,11.5,84.3,70.0,Very Severe Cyclonic Storm,UNNAMED,1979
197927I,1979051009,11.8,84.2,73.0,Very Severe Cyclonic Storm,UNNAMED,1979
197927I,1979051012,12.1,84.0,75.0,Very Severe Cyclonic Storm,UNNAMED,1979
197927I,1979051015,12.3,83.9,75.0,Very Severe Cyclonic Storm,UNNAMED,1979
197927I,1979051018,12.5,83.7,75.0,Very Severe Cyclonic Storm,UNNAMED,1979
197927I,1979051021,12.7,83.5,75.0,Very Severe Cyclonic Storm,UNNAMED,1979
197927I,1979051100,13.0,83.2,75.0,Very Severe Cyclonic Storm,UNNAMED,1979
197927I,1979051103,13.3,82.9,78.0,Very Severe Cyclonic Storm,UNNAMED,1979
197927I,1979051106,13.6,82.6,80.0,Very Severe Cyclonic Storm,UNNAMED,1979
197927I,1979051109,13.9,82.3,83.0,Very Severe Cyclonic Storm,UNNAMED,1979
197927I,1979051112,14.1,81.9,85.0,Very Severe Cyclonic Storm,UNNAMED,1979
197927I,1979051115,14.2,81.5,85.0,Very Severe Cyclonic Storm,UNNAMED,1979
197927I,1979051118,14.3,81.2,85.0,Very Severe Cyclonic Storm,UNNAMED,1979
197927I,1979051121,14.4,80.8,83.0,Very Severe Cyclonic Storm,UNNAMED,1979
197927I,1979051200,14.5,80.5,80.0,Very Severe Cyclonic Storm,UNNAMED,1979
197927I,1979051203,14.7,80.3,80.0,Very Severe Cyclonic Storm,UNNAMED,1979
197927I,1979051206,14.9,80.1,80.0,Very Severe Cyclonic Storm,UNNAMED,1979
197927I,1979051209,15.2,80.0,70.0,Very Severe Cyclonic Storm,UNNAMED,1979
197927I,1979051212,15.4,79.9,60.0,Severe Cyclonic Storm,UNNAMED,1979
197927I,1979051215,15.6,79.8,58.0,Severe Cyclonic Storm,UNNAMED,1979
197927I,1979051218,15.7,79.8,55.0,Severe Cyclonic Storm,UNNAMED,1979
197927I,1979051221,15.8,79.7,53.0,Severe Cyclonic Storm,UNNAMED,1979
197927I,1979051300,16.0,79.7,50.0,Severe Cyclonic Storm,UNNAMED,1979
197933I,1979061712,17.2,68.1,25.0,Depression,UNNAMED,1979
197933I,1979061715,17.4,67.6,28.0,Depression,UNNAMED,1979
197933I,1979061718,17.6,67.0,30.0,Depression,UNNAMED,1979
197933I,1979061721,17.7,66.4,30.0,Depression,UNNAMED,1979
197933I,1979061800,17.8,65.8,30.0,Depression,UNNAMED,1979
197933I,1979061803,17.9,65.3,33.0,Depression,UNNAMED,1979
197933I,1979061806,17.9,64.9,35.0,Cyclonic Storm,UNNAMED,1979
197933I,1979061809,18.0,64.5,38.0,Cyclonic Storm,UNNAMED,1979
197933I,1979061812,18.0,64.0,40.0,Cyclonic Storm,UNNAMED,1979
197933I,1979061815,18.0,63.5,43.0,Cyclonic Storm,UNNAMED,1979
197933I,1979061818,18.1,63.0,45.0,Cyclonic Storm,UNNAMED,1979
197933I,1979061821,18.1,62.5,48.0,Severe Cyclonic Storm,UNNAMED,1979
197933I,1979061900,18.2,62.0,50.0,Severe Cyclonic Storm,UNNAMED,1979
197933I,1979061903,18.3,61.4,50.0,Severe Cyclonic Storm,UNNAMED,1979
197933I,1979061906,18.4,60.8,50.0,Severe Cyclonic Storm,UNNAMED,1979
197933I,1979061909,18.5,60.2,50.0,Severe Cyclonic Storm,UNNAMED,1979
197933I,1979061912,18.6,59.6,50.0,Severe Cyclonic Storm,UNNAMED,1979
197933I,1979061915,18.7,59.1,50.0,Severe Cyclonic Storm,UNNAMED,1979
197933I,1979061918,18.7,58.7,50.0,Severe Cyclonic Storm,UNNAMED,1979
197933I,1979061921,18.8,58.4,45.0,Cyclonic Storm,UNNAMED,1979
197933I,1979062000,18.8,58.1,40.0,Cyclonic Storm,UNNAMED,1979
197947I,1979080406,20.4,99.3,20.0,Depression,HOPE,1979
197947I,1979080409,20.5,98.7,18.0,Depression,HOPE,1979
197947I,1979080412,20.6,98.0,15.0,Depression,HOPE,1979
197947I,1979080415,20.8,97.3,13.0,Depression,HOPE,1979
197947I,1979080418,20.9,96.7,10.0,Depression,HOPE,1979
197947I,1979080421,21.0,96.0,10.0,Depression,HOPE,1979
197947I,1979080500,21.2,95.4,10.0,Depression,HOPE,1979
197947I,1979080503,21.3,94.9,13.0,Depression,HOPE,1979
197947I,1979080506,21.5,94.5,15.0,Depression,HOPE,1979
197947I,1979080509,21.6,94.0,15.0,Depression,HOPE,1979
197947I,1979080512,21.7,93.5,15.0,Depression,HOPE,1979
197947I,1979080515,21.9,93.1,18.0,Depression,HOPE,1979
197947I,1979080518,22.1,92.7,20.0,Depression,HOPE,1979
197947I,1979080521,22.3,92.3,20.0,Depression,HOPE,1979
197947I,1979080600,22.3,92.0,20.0,Depression,HOPE,1979
197947I,1979080603,22.3,91.7,23.0,Depression,HOPE,1979
197947I,1979080606,22.0,91.1,25.0,Depression,HOPE,1979
197947I,1979080609,21.9,90.7,25.0,Depression,HOPE,1979
197947I,1979080612,21.7,90.4,25.0,Depression,HOPE,1979
197947I,1979080615,21.5,90.1,25.0,Depression,HOPE,1979
197947I,1979080618,21.5,89.9,25.0,Depression,HOPE,1979
197947I,1979080621,21.4,89.7,25.0,Depression,HOPE,1979
197947I,1979080700,21.4,89.5,25.0,Depression,HOPE,1979
197947I,1979080703,21.5,89.2,28.0,Depression,HOPE,1979
197947I,1979080706,21.5,89.0,30.0,Depression,HOPE,1979
197947I,1979080709,21.5,88.7,33.0,Depression,HOPE,1979
197947I,1979080712,21.6,88.3,35.0,Cyclonic Storm,HOPE,1979
197947I,1979080715,21.7,87.9,33.0,Depression,HOPE,1979
197947I,1979080718,21.8,87.4,30.0,Depression,HOPE,1979
197947I,1979080721,22.0,86.9,28.0,Depression,HOPE,1979
197947I,1979080800,22.1,86.5,25.0,Depression,HOPE,1979
197947I,1979080803,22.2,86.0,25.0,Depression,HOPE,1979
197947I,1979080806,22.3,85.5,25.0,Depression,HOPE,1979
197947I,1979080809,22.4,85.0,23.0,Depression,HOPE,1979
197947I,1979080812,22.5,84.4,20.0,Depression,HOPE,1979
197976I,1979091800,11.9,73.2,15.0,Depression,UNNAMED,1979
197976I,1979091803,12.0,73.0,15.0,Depression,UNNAMED,1979
197976I,1979091806,12.2,72.8,15.0,Depression,UNNAMED,1979
197976I,1979091809,12.4,72.6,15.0,Depression,UNNAMED,1979
197976I,1979091812,12.6,72.5,15.0,Depression,UNNAMED,1979
197976I,1979091815,12.8,72.4,15.0,Depression,UNNAMED,1979
197976I,1979091818,13.0,72.3,15.0,Depression,UNNAMED,1979
197976I,1979091821,13.2,72.1,18.0,Depression,UNNAMED,1979
197976I,1979091900,13.4,72.0,20.0,Depression,UNNAMED,1979
197976I,1979091903,13.6,71.9,20.0,Depression,UNNAMED,1979
197976I,1979091906,13.8,71.8,20.0,Depression,UNNAMED,1979
197976I,1979091909,14.0,71.6,20.0,Depression,UNNAMED,1979
197976I,1979091912,14.2,71.5,20.0,Depression,UNNAMED,1979
197976I,1979091915,14.3,71.4,20.0,Depression,UNNAMED,1979
197976I,1979091918,14.5,71.3,20.0,Depression,UNNAMED,1979
197976I,1979091921,14.6,71.1,20.0,Depression,UNNAMED,1979
197976I,1979092000,14.8,71.0,20.0,Depression,UNNAMED,1979
197976I,1979092003,15.1,70.9,23.0,Depression,UNNAMED,1979
197976I,1979092006,15.5,70.8,25.0,Depression,UNNAMED,1979
197976I,1979092009,15.9,70.6,25.0,Depression,UNNAMED,1979
197976I,1979092012,16.3,70.5,25.0,Depression,UNNAMED,1979
197976I,1979092015,16.5,70.4,25.0,Depression,UNNAMED,1979
197976I,1979092018,16.6,70.3,25.0,Depression,UNNAMED,1979
197976I,1979092021,16.7,70.2,25.0,Depression,UNNAMED,1979
197976I,1979092100,16.9,70.1,25.0,Depression,UNNAMED,1979
197976I,1979092103,17.2,69.9,25.0,Depression,UNNAMED,1979
197976I,1979092106,17.5,69.6,25.0,Depression,UNNAMED,1979
197976I,1979092109,17.8,69.3,28.0,Depression,UNNAMED,1979
197976I,1979092112,18.1,69.0,30.0,Depression,UNNAMED,1979
197976I,1979092115,18.3,68.7,33.0,Depression,UNNAMED,1979
197976I,1979092118,18.4,68.3,35.0,Cyclonic Storm,UNNAMED,1979
197976I,1979092121,18.5,67.9,38.0,Cyclonic Storm,UNNAMED,1979
197976I,1979092200,18.6,67.5,40.0,Cyclonic Storm,UNNAMED,1979
197976I,1979092203,18.8,67.0,43.0,Cyclonic Storm,UNNAMED,1979
197976I,1979092206,19.0,66.5,45.0,Cyclonic Storm,UNNAMED,1979
197976I,1979092209,19.2,65.9,45.0,Cyclonic Storm,UNNAMED,1979
197976I,1979092212,19.3,65.4,45.0,Cyclonic Storm,UNNAMED,1979
197976I,1979092215,19.4,64.9,48.0,Severe Cyclonic Storm,UNNAMED,1979
197976I,1979092218,19.4,64.4,50.0,Severe Cyclonic Storm,UNNAMED,1979
197976I,1979092221,19.5,64.0,53.0,Severe Cyclonic Storm,UNNAMED,1979
197976I,1979092300,19.5,63.5,55.0,Severe Cyclonic Storm,UNNAMED,1979
197976I,1979092303,19.6,62.9,53.0,Severe Cyclonic Storm,UNNAMED,1979
197976I,1979092306,19.6,62.3,50.0,Severe Cyclonic Storm,UNNAMED,1979
197976I,1979092309,19.6,61.7,48.0,Severe Cyclonic Storm,UNNAMED,1979
197976I,1979092312,19.6,61.2,45.0,Cyclonic Storm,UNNAMED,1979
197976I,1979092315,19.6,60.8,43.0,Cyclonic Storm,UNNAMED,1979
197976I,1979092318,19.6,60.6,40.0,Cyclonic Storm,UNNAMED,1979
197976I,1979092321,19.6,60.2,38.0,Cyclonic Storm,UNNAMED,1979
197976I,1979092400,19.6,59.9,35.0,Cyclonic Storm,UNNAMED,1979
197976I,1979092403,19.6,59.6,33.0,Depression,UNNAMED,1979
197976I,1979092406,19.6,59.3,30.0,Depression,UNNAMED,1979
197976I,1979092409,19.5,59.0,30.0,Depression,UNNAMED,1979
197976I,1979092412,19.5,58.6,30.0,Depression,UNNAMED,1979
197976I,1979092415,19.5,58.3,28.0,Depression,UNNAMED,1979
197976I,1979092418,19.6,57.9,25.0,Depression,UNNAMED,1979
197976I,1979092421,19.7,57.5,23.0,Depression,UNNAMED,1979
197976I,1979092500,19.9,57.0,20.0,Depression,UNNAMED,1979
197979I,1979092100,10.2,86.5,20.0,Depression,UNNAMED,1979
197979I,1979092103,11.0,86.1,23.0,Depression,UNNAMED,1979
197979I,1979092106,11.8,85.7,25.0,Depression,UNNAMED,1979
197979I,1979092109,12.4,85.3,25.0,Depression,UNNAMED,1979
197979I,1979092112,12.8,85.1,25.0,Depression,UNNAMED,1979
197979I,1979092115,13.1,85.0,25.0,Depression,UNNAMED,1979
197979I,1979092118,13.3,85.0,25.0,Depression,UNNAMED,1979
197979I,1979092121,13.6,84.9,25.0,Depression,UNNAMED,1979
197979I,1979092200,13.8,84.8,25.0,Depression,UNNAMED,1979
197979I,1979092203,14.1,84.5,25.0,Depression,UNNAMED,1979
197979I,1979092206,14.5,84.2,25.0,Depression,UNNAMED,1979
197979I,1979092209,14.8,83.9,25.0,Depression,UNNAMED,1979
197979I,1979092212,15.1,83.5,25.0,Depression,UNNAMED,1979
197979I,1979092215,15.3,83.1,23.0,Depression,UNNAMED,1979
197979I,1979092218,15.5,82.8,20.0,Depression,UNNAMED,1979
197979I,1979092221,15.6,82.4,20.0,Depression,UNNAMED,1979
197979I,1979092300,15.6,82.0,20.0,Depression,UNNAMED,1979
197992I,1979102900,11.0,91.0,20.0,Depression,UNNAMED,1979
197992I,1979102903,11.2,90.7,20.0,Depression,UNNAMED,1979
197992I,1979102906,11.4,90.4,20.0,Depression,UNNAMED,1979
197992I,1979102909,11.7,90.1,20.0,Depression,UNNAMED,1979
197992I,1979102912,11.9,89.9,20.0,Depression,UNNAMED,1979
197992I,1979102915,12.0,89.7,23.0,Depression,UNNAMED,1979
197992I,1979102918,12.1,89.4,25.0,Depression,UNNAMED,1979
197992I,1979102921,12.1,89.2,25.0,Depression,UNNAMED,1979
197992I,1979103000,12.2,88.9,25.0,Depression,UNNAMED,1979
197992I,1979103003,12.3,88.5,25.0,Depression,UNNAMED,1979
197992I,1979103006,12.5,88.0,25.0,Depression,UNNAMED,1979
197992I,1979103009,12.7,87.4,25.0,Depression,UNNAMED,1979
197992I,1979103012,12.9,86.9,25.0,Depression,UNNAMED,1979
197992I,1979103015,13.1,86.4,28.0,Depression,UNNAMED,1979
197992I,1979103018,13.3,86.0,30.0,Depression,UNNAMED,1979
197992I,1979103021,13.4,85.6,30.0,Depression,UNNAMED,1979
197992I,1979103100,13.5,85.1,30.0,Depression,UNNAMED,1979
197992I,1979103103,13.4,84.6,30.0,Depression,UNNAMED,1979
197992I,1979103106,13.3,84.1,30.0,Depression,UNNAMED,1979
197992I,1979103109,13.2,83.5,33.0,Depression,UNNAMED,1979
197992I,1979103112,13.0,83.0,35.0,Cyclonic Storm,UNNAMED,1979
197992I,1979103115,12.9,82.5,35.0,Cyclonic Storm,UNNAMED,1979
197992I,1979103118,12.8,82.0,35.0,Cyclonic Storm,UNNAMED,1979
197992I,1979103121,12.6,81.5,33.0,Depression,UNNAMED,1979
197992I,1979110100,12.5,81.0,30.0,Depression,UNNAMED,1979
197992I,1979110103,12.4,80.6,25.0,Depression,UNNAMED,1979
197992I,1979110106,12.4,80.3,20.0,Depression,UNNAMED,1979
197992I,1979110109,12.4,80.1,18.0,Depression,UNNAMED,1979
197992I,1979110112,12.5,79.9,15.0,Depression,UNNAMED,1979
197995I,1979111400,11.4,69.7,20.0,Depression,UNNAMED,1979
197995I,1979111403,11.7,69.5,20.0,Depression,UNNAMED,1979
197995I,1979111406,12.0,69.4,20.0,Depression,UNNAMED,1979
197995I,1979111409,12.4,69.1,20.0,Depression,UNNAMED,1979
197995I,1979111412,12.7,69.0,20.0,Depression,UNNAMED,1979
197995I,1979111415,13.0,69.0,20.0,Depression,UNNAMED,1979
197995I,1979111418,13.3,69.1,20.0,Depression,UNNAMED,1979
197995I,1979111421,13.6,69.3,20.0,Depression,UNNAMED,1979
197995I,1979111500,13.9,69.5,20.0,Depression,UNNAMED,1979
197995I,1979111503,14.2,69.6,23.0,Depression,UNNAMED,1979
197995I,1979111506,14.4,69.7,25.0,Depression,UNNAMED,1979
197995I,1979111509,14.6,69.8,28.0,Depression,UNNAMED,1979
197995I,1979111512,14.9,69.9,30.0,Depression,UNNAMED,1979
197995I,1979111515,15.2,70.0,30.0,Depression,UNNAMED,1979
197995I,1979111518,15.6,70.2,30.0,Depression,UNNAMED,1979
197995I,1979111521,16.0,70.4,33.0,Depression,UNNAMED,1979
197995I,1979111600,16.5,70.6,35.0,Cyclonic Storm,UNNAMED,1979
197995I,1979111603,17.1,70.8,38.0,Cyclonic Storm,UNNAMED,1979
197995I,1979111606,17.7,70.9,40.0,Cyclonic Storm,UNNAMED,1979
197995I,1979111609,18.2,70.9,40.0,Cyclonic Storm,UNNAMED,1979
197995I,1979111612,18.6,70.8,40.0,Cyclonic Storm,UNNAMED,1979
197995I,1979111615,18.8,70.7,40.0,Cyclonic Storm,UNNAMED,1979
197995I,1979111618,18.8,70.5,40.0,Cyclonic Storm,UNNAMED,1979
197995I,1979111621,18.9,70.3,40.0,Cyclonic Storm,UNNAMED,1979
197995I,1979111700,19.0,70.1,40.0,Cyclonic Storm,UNNAMED,1979
197995I,1979111703,19.1,69.9,38.0,Cyclonic Storm,UNNAMED,1979
197995I,1979111706,19.3,69.8,35.0,Cyclonic Storm,UNNAMED,1979
197995I,1979111709,19.4,69.6,33.0,Depression,UNNAMED,1979
197995I,1979111712,19.6,69.4,30.0,Depression,UNNAMED,1979
197997I,1979112300,8.4,87.7,20.0,Depression,UNNAMED,1979
197997I,1979112303,8.8,87.3,23.0,Depression,UNNAMED,1979
197997I,1979112306,9.1,86.8,25.0,Depression,UNNAMED,1979
197997I,1979112309,9.4,86.4,25.0,Depression,UNNAMED,1979
197997I,1979112312,9.7,85.9,25.0,Depression,UNNAMED,1979
197997I,1979112315,10.0,85.4,28.0,Depression,UNNAMED,1979
197997I,1979112318,10.3,85.0,30.0,Depression,UNNAMED,1979
197997I,1979112321,10.6,84.6,30.0,Depression,UNNAMED,1979
197997I,1979112400,10.8,84.2,30.0,Depression,UNNAMED,1979
197997I,1979112403,11.0,83.8,30.0,Depression,UNNAMED,1979
197997I,1979112406,11.2,83.5,30.0,Depression,UNNAMED,1979
197997I,1979112409,11.4,83.2,30.0,Depression,UNNAMED,1979
197997I,1979112412,11.6,82.9,30.0,Depression,UNNAMED,1979
197997I,1979112415,11.9,82.7,28.0,Depression,UNNAMED,1979
197997I,1979112418,12.2,82.4,25.0,Depression,UNNAMED,1979
197997I,1979112421,12.5,82.1,25.0,Depression,UNNAMED,1979
197997I,1979112500,12.8,81.8,25.0,Depression,UNNAMED,1979
197997I,1979112503,13.1,81.4,25.0,Depression,UNNAMED,1979
197997I,1979112506,13.5,80.9,25.0,Depression,UNNAMED,1979
197997I,1979112509,13.9,80.2,20.0,Depression,UNNAMED,1979
197997I,1979112512,14.2,79.5,15.0,Depression,UNNAMED,1979
1980102I,1980121200,10.0,91.9,25.0,Depression,UNNAMED,1980
1980102I,1980121202,10.1,91.8,25.0,Depression,UNNAMED,1980
1980102I,1980121203,10.3,91.8,25.0,Depression,UNNAMED,1980
1980102I,1980121206,10.4,91.9,25.0,Depression,UNNAMED,1980
1980102I,1980121209,10.6,92.0,25.0,Depression,UNNAMED,1980
1980102I,1980121212,10.7,92.1,25.0,Depression,UNNAMED,1980
1980102I,1980121214,10.8,92.2,25.0,Depression,UNNAMED,1980
1980102I,1980121215,10.8,92.3,25.0,Depression,UNNAMED,1980
1980102I,1980121218,10.9,92.5,25.0,Depression,UNNAMED,1980
1980102I,1980121221,10.9,92.8,25.0,Depression,UNNAMED,1980
1980102I,1980121300,11.0,93.1,25.0,Depression,UNNAMED,1980
1980102I,1980121302,11.0,93.2,25.0,Depression,UNNAMED,1980
1980102I,1980121303,11.0,93.2,25.0,Depression,UNNAMED,1980
1980102I,1980121306,11.1,93.3,25.0,Depression,UNNAMED,1980
1980102I,1980121309,11.1,93.4,25.0,Depression,UNNAMED,1980
1980102I,1980121312,11.1,93.5,25.0,Depression,UNNAMED,1980
1980102I,1980121314,11.1,93.6,25.0,Depression,UNNAMED,1980
1980102I,1980121315,11.0,93.6,25.0,Depression,UNNAMED,1980
1980102I,1980121318,10.9,93.7,25.0,Depression,UNNAMED,1980
1980102I,1980121321,10.6,93.8,25.0,Depression,UNNAMED,1980
1980102I,1980121400,10.4,93.8,25.0,Depression,UNNAMED,1980
1980102I,1980121402,10.3,93.8,25.0,Depression,UNNAMED,1980
1980102I,1980121403,10.3,93.7,25.0,Depression,UNNAMED,1980
1980102I,1980121406,10.1,93.6,25.0,Depression,UNNAMED,1980
1980102I,1980121409,10.1,93.3,25.0,Depression,UNNAMED,1980
1980102I,1980121412,10.0,92.9,25.0,Depression,UNNAMED,1980
1980102I,1980121414,9.9,92.7,25.0,Depression,UNNAMED,1980
1980102I,1980121415,9.9,92.6,25.0,Depression,UNNAMED,1980
1980102I,1980121418,9.7,92.3,25.0,Depression,UNNAMED,1980
1980102I,1980121421,9.6,91.9,25.0,Depression,UNNAMED,1980
1980102I,1980121500,9.4,91.5,25.0,Depression,UNNAMED,1980
1980102I,1980121502,9.3,91.2,25.0,Depression,UNNAMED,1980
1980102I,1980121503,9.3,91.0,25.0,Depression,UNNAMED,1980
1980102I,1980121506,9.2,90.5,25.0,Depression,UNNAMED,1980
1980102I,1980121509,9.1,89.9,25.0,Depression,UNNAMED,1980
1980102I,1980121512,9.1,89.4,25.0,Depression,UNNAMED,1980
1980102I,1980121514,9.1,89.0,27.0,Depression,UNNAMED,1980
1980102I,1980121515,9.0,88.8,28.0,Depression,UNNAMED,1980
1980102I,1980121518,8.9,88.2,30.0,Depression,UNNAMED,1980
1980102I,1980121521,8.8,87.7,30.0,Depression,UNNAMED,1980
1980102I,1980121600,8.7,87.1,30.0,Depression,UNNAMED,1980
1980102I,1980121602,8.6,86.7,32.0,Depression,UNNAMED,1980
1980102I,1980121603,8.6,86.5,33.0,Depression,UNNAMED,1980
1980102I,1980121606,8.5,85.9,35.0,Cyclonic Storm,UNNAMED,1980
1980102I,1980121609,8.5,85.3,35.0,Cyclonic Storm,UNNAMED,1980
1980102I,1980121612,8.5,84.6,35.0,Cyclonic Storm,UNNAMED,1980
1980102I,1980121614,8.5,84.2,35.0,Cyclonic Storm,UNNAMED,1980
1980102I,1980121615,8.5,84.0,35.0,Cyclonic Storm,UNNAMED,1980
1980102I,1980121618,8.5,83.4,35.0,Cyclonic Storm,UNNAMED,1980
1980102I,1980121621,8.5,82.8,35.0,Cyclonic Storm,UNNAMED,1980
1980102I,1980121700,8.5,82.2,35.0,Cyclonic Storm,UNNAMED,1980
1980102I,1980121702,8.5,81.8,33.0,Depression,UNNAMED,1980
1980102I,1980121703,8.5,81.7,33.0,Depression,UNNAMED,1980
1980102I,1980121706,8.4,81.1,30.0,Depression,UNNAMED,1980
1980102I,1980121709,8.4,80.7,28.0,Depression,UNNAMED,1980
1980102I,1980121712,8.3,80.3,25.0,Depression,UNNAMED,1980
198084I,1980101006,8.8,92.3,25.0,Depression,UNNAMED,1980
198084I,1980101009,8.8,92.6,25.0,Depression,UNNAMED,1980
198084I,1980101012,8.9,92.8,25.0,Depression,UNNAMED,1980
198084I,1980101015,9.0,93.0,25.0,Depression,UNNAMED,1980
198084I,1980101018,9.1,93.2,25.0,Depression,UNNAMED,1980
198084I,1980101021,9.3,93.4,23.0,Depression,UNNAMED,1980
198084I,1980101100,9.4,93.5,20.0,Depression,UNNAMED,1980
198084I,1980101103,9.5,93.5,20.0,Depression,UNNAMED,1980
198084I,1980101106,9.6,93.3,20.0,Depression,UNNAMED,1980
198084I,1980101109,9.7,93.1,23.0,Depression,UNNAMED,1980
198084I,1980101112,9.7,92.9,25.0,Depression,UNNAMED,1980
198084I,1980101115,9.7,92.7,25.0,Depression,UNNAMED,1980
198084I,1980101118,9.7,92.5,25.0,Depression,UNNAMED,1980
198084I,1980101121,9.7,92.3,25.0,Depression,UNNAMED,1980
198084I,1980101200,9.8,92.1,25.0,Depression,UNNAMED,1980
198084I,1980101203,9.9,91.9,25.0,Depression,UNNAMED,1980
198084I,1980101206,10.1,91.8,25.0,Depression,UNNAMED,1980
198084I,1980101209,10.4,91.7,25.0,Depression,UNNAMED,1980
198084I,1980101212,10.7,91.7,25.0,Depression,UNNAMED,1980
198084I,1980101215,10.9,91.8,25.0,Depression,UNNAMED,1980
198084I,1980101218,11.0,92.0,25.0,Depression,UNNAMED,1980
198084I,1980101221,11.1,92.2,25.0,Depression,UNNAMED,1980
198084I,1980101300,11.2,92.4,25.0,Depression,UNNAMED,1980
198084I,1980101303,11.3,92.7,25.0,Depression,UNNAMED,1980
198084I,1980101306,11.3,93.0,25.0,Depression,UNNAMED,1980
198084I,1980101309,11.4,93.3,25.0,Depression,UNNAMED,1980
198084I,1980101312,11.4,93.5,25.0,Depression,UNNAMED,1980
198084I,1980101315,11.3,93.7,25.0,Depression,UNNAMED,1980
198084I,1980101318,11.1,93.9,25.0,Depression,UNNAMED,1980
198084I,1980101321,11.0,94.0,25.0,Depression,UNNAMED,1980
198084I,1980101400,10.9,94.0,25.0,Depression,UNNAMED,1980
198084I,1980101403,10.7,94.0,25.0,Depression,UNNAMED,1980
198084I,1980101406,10.6,93.9,25.0,Depression,UNNAMED,1980
198084I,1980101409,10.5,93.8,25.0,Depression,UNNAMED,1980
198084I,1980101412,10.4,93.6,25.0,Depression,UNNAMED,1980
198084I,1980101415,10.2,93.2,25.0,Depression,UNNAMED,1980
198084I,1980101418,10.1,92.7,25.0,Depression,UNNAMED,1980
198084I,1980101421,10.0,92.1,25.0,Depression,UNNAMED,1980
198084I,1980101500,9.9,91.5,25.0,Depression,UNNAMED,1980
198084I,1980101503,9.8,90.9,25.0,Depression,UNNAMED,1980
198084I,1980101506,9.8,90.2,25.0,Depression,UNNAMED,1980
198084I,1980101509,10.0,89.6,25.0,Depression,UNNAMED,1980
198084I,1980101512,10.1,88.9,25.0,Depression,UNNAMED,1980
198084I,1980101515,10.0,88.3,25.0,Depression,UNNAMED,1980
198084I,1980101518,9.7,87.6,25.0,Depression,UNNAMED,1980
198084I,1980101521,9.3,86.8,28.0,Depression,UNNAMED,1980
198084I,1980101600,8.9,86.1,30.0,Depression,UNNAMED,1980
198084I,1980101603,8.7,85.5,30.0,Depression,UNNAMED,1980
198084I,1980101606,8.7,84.9,30.0,Depression,UNNAMED,1980
198084I,1980101609,8.6,84.3,33.0,Depression,UNNAMED,1980
198084I,1980101612,8.6,83.8,35.0,Cyclonic Storm,UNNAMED,1980
198084I,1980101615,8.5,83.3,35.0,Cyclonic Storm,UNNAMED,1980
198084I,1980101618,8.5,82.9,35.0,Cyclonic Storm,UNNAMED,1980
198084I,1980101621,8.4,82.5,35.0,Cyclonic Storm,UNNAMED,1980
198084I,1980101700,8.4,82.1,35.0,Cyclonic Storm,UNNAMED,1980
198084I,1980101703,8.3,81.7,33.0,Depression,UNNAMED,1980
198084I,1980101706,8.3,81.3,30.0,Depression,UNNAMED,1980
198084I,1980101709,8.3,80.9,28.0,Depression,UNNAMED,1980
198084I,1980101712,8.2,80.5,25.0,Depression,UNNAMED,1980
198084I,1980101715,8.1,80.0,25.0,Depression,UNNAMED,1980
198084I,1980101718,8.0,79.3,25.0,Depression,UNNAMED,1980
198084I,1980101721,7.9,78.4,25.0,Depression,UNNAMED,1980
198084I,1980101800,7.8,77.5,25.0,Depression,UNNAMED,1980
198084I,1980101803,7.7,76.8,25.0,Depression,UNNAMED,1980
198084I,1980101806,7.6,76.2,25.0,Depression,UNNAMED,1980
198084I,1980101809,7.6,75.6,25.0,Depression,UNNAMED,1980
198084I,1980101812,7.7,75.0,25.0,Depression,UNNAMED,1980
198084I,1980101815,7.7,74.5,25.0,Depression,UNNAMED,1980
198084I,1980101818,7.8,74.1,25.0,Depression,UNNAMED,1980
198084I,1980101821,7.9,73.7,25.0,Depression,UNNAMED,1980
198084I,1980101900,8.0,73.2,25.0,Depression,UNNAMED,1980
198084I,1980101903,8.1,72.7,25.0,Depression,UNNAMED,1980
198084I,1980101906,8.3,72.2,25.0,Depression,UNNAMED,1980
198084I,1980101909,8.6,71.7,25.0,Depression,UNNAMED,1980
198084I,1980101912,8.9,71.1,25.0,Depression,UNNAMED,1980
198084I,1980101915,9.2,70.5,25.0,Depression,UNNAMED,1980
198084I,1980101918,9.6,70.0,25.0,Depression,UNNAMED,1980
198084I,1980101921,10.0,69.5,25.0,Depression,UNNAMED,1980
198084I,1980102000,10.5,69.1,25.0,Depression,UNNAMED,1980
198094I,1980111206,11.3,74.3,20.0,Depression,UNNAMED,1980
198094I,1980111209,11.4,74.0,23.0,Depression,UNNAMED,1980
198094I,1980111212,11.4,73.7,25.0,Depression,UNNAMED,1980
198094I,1980111214,11.4,73.5,25.0,Depression,UNNAMED,1980
198094I,1980111215,11.4,73.4,25.0,Depression,UNNAMED,1980
198094I,1980111218,11.4,73.2,25.0,Depression,UNNAMED,1980
198094I,1980111221,11.5,72.9,25.0,Depression,UNNAMED,1980
198094I,1980111300,11.5,72.7,25.0,Depression,UNNAMED,1980
198094I,1980111302,11.6,72.5,25.0,Depression,UNNAMED,1980
198094I,1980111303,11.6,72.4,25.0,Depression,UNNAMED,1980
198094I,1980111306,11.7,72.2,25.0,Depression,UNNAMED,1980
198094I,1980111309,11.8,71.9,25.0,Depression,UNNAMED,1980
198094I,1980111312,11.9,71.7,25.0,Depression,UNNAMED,1980
198094I,1980111314,12.0,71.6,25.0,Depression,UNNAMED,1980
198094I,1980111315,12.0,71.5,25.0,Depression,UNNAMED,1980
198094I,1980111318,12.1,71.4,25.0,Depression,UNNAMED,1980
198094I,1980111321,12.2,71.3,25.0,Depression,UNNAMED,1980
198094I,1980111400,12.3,71.2,25.0,Depression,UNNAMED,1980
198094I,1980111402,12.4,71.1,25.0,Depression,UNNAMED,1980
198094I,1980111403,12.4,71.1,25.0,Depression,UNNAMED,1980
198094I,1980111406,12.5,70.9,25.0,Depression,UNNAMED,1980
198094I,1980111409,12.7,70.8,25.0,Depression,UNNAMED,1980
198094I,1980111412,12.8,70.6,25.0,Depression,UNNAMED,1980
198094I,1980111414,12.9,70.5,25.0,Depression,UNNAMED,1980
198094I,1980111415,12.9,70.5,25.0,Depression,UNNAMED,1980
198094I,1980111418,13.1,70.3,25.0,Depression,UNNAMED,1980
198094I,1980111421,13.2,70.2,28.0,Depression,UNNAMED,1980
198094I,1980111500,13.4,70.0,30.0,Depression,UNNAMED,1980
198094I,1980111502,13.5,69.9,30.0,Depression,UNNAMED,1980
198094I,1980111503,13.5,69.9,30.0,Depression,UNNAMED,1980
198094I,1980111506,13.7,69.8,30.0,Depression,UNNAMED,1980
198094I,1980111509,13.8,69.7,30.0,Depression,UNNAMED,1980
198094I,1980111512,14.0,69.6,30.0,Depression,UNNAMED,1980
198094I,1980111514,14.1,69.5,30.0,Depression,UNNAMED,1980
198094I,1980111515,14.2,69.4,30.0,Depression,UNNAMED,1980
198094I,1980111518,14.3,69.2,30.0,Depression,UNNAMED,1980
198094I,1980111521,14.5,69.0,30.0,Depression,UNNAMED,1980
198094I,1980111600,14.6,68.8,30.0,Depression,UNNAMED,1980
198094I,1980111602,14.7,68.7,30.0,Depression,UNNAMED,1980
198094I,1980111603,14.7,68.6,30.0,Depression,UNNAMED,1980
198094I,1980111606,14.8,68.5,30.0,Depression,UNNAMED,1980
198094I,1980111609,14.9,68.3,30.0,Depression,UNNAMED,1980
198094I,1980111612,15.0,68.1,30.0,Depression,UNNAMED,1980
198094I,1980111614,15.0,68.0,30.0,Depression,UNNAMED,1980
198094I,1980111615,15.0,67.9,30.0,Depression,UNNAMED,1980
198094I,1980111618,15.1,67.7,30.0,Depression,UNNAMED,1980
198094I,1980111621,15.2,67.5,33.0,Depression,UNNAMED,1980
198094I,1980111700,15.3,67.3,35.0,Cyclonic Storm,UNNAMED,1980
198094I,1980111702,15.4,67.1,35.0,Cyclonic Storm,UNNAMED,1980
198094I,1980111703,15.5,67.1,35.0,Cyclonic Storm,UNNAMED,1980
198094I,1980111706,15.8,66.9,35.0,Cyclonic Storm,UNNAMED,1980
198094I,1980111709,16.2,66.8,35.0,Cyclonic Storm,UNNAMED,1980
198094I,1980111712,16.7,66.8,35.0,Cyclonic Storm,UNNAMED,1980
198094I,1980111714,16.9,66.9,35.0,Cyclonic Storm,UNNAMED,1980
198094I,1980111715,16.9,66.9,35.0,Cyclonic Storm,UNNAMED,1980
198094I,1980111718,17.2,67.2,35.0,Cyclonic Storm,UNNAMED,1980
198094I,1980111721,17.4,67.5,35.0,Cyclonic Storm,UNNAMED,1980
198094I,1980111800,17.7,67.7,35.0,Cyclonic Storm,UNNAMED,1980
198094I,1980111802,18.0,67.8,35.0,Cyclonic Storm,UNNAMED,1980
198094I,1980111803,18.1,67.9,35.0,Cyclonic Storm,UNNAMED,1980
198094I,1980111806,18.6,68.0,35.0,Cyclonic Storm,UNNAMED,1980
198094I,1980111809,18.9,68.2,33.0,Depression,UNNAMED,1980
198094I,1980111812,19.1,68.5,30.0,Depression,UNNAMED,1980
198094I,1980111814,19.2,68.7,28.0,Depression,UNNAMED,1980
198094I,1980111815,19.3,68.8,28.0,Depression,UNNAMED,1980
198094I,1980111818,19.4,69.1,25.0,Depression,UNNAMED,1980
198094I,1980111821,19.6,69.4,23.0,Depression,UNNAMED,1980
198094I,1980111900,19.8,69.7,20.0,Depression,UNNAMED,1980
198094I,1980111902,19.9,69.9,20.0,Depression,UNNAMED,1980
198094I,1980111903,20.0,70.0,20.0,Depression,UNNAMED,1980
198094I,1980111906,20.2,70.4,20.0,Depression,UNNAMED,1980
1981100I,1981111706,12.7,91.2,25.0,Depression,UNNAMED,1981
1981100I,1981111709,12.9,90.9,28.0,Depression,UNNAMED,1981
1981100I,1981111712,13.1,90.5,30.0,Depression,UNNAMED,1981
1981100I,1981111714,13.2,90.4,33.0,Depression,UNNAMED,1981
1981100I,1981111715,13.3,90.3,35.0,Cyclonic Storm,UNNAMED,1981
1981100I,1981111718,13.4,90.2,40.0,Cyclonic Storm,UNNAMED,1981
1981100I,1981111721,13.5,90.1,43.0,Cyclonic Storm,UNNAMED,1981
1981100I,1981111800,13.7,90.1,45.0,Cyclonic Storm,UNNAMED,1981
1981100I,1981111802,13.8,90.1,48.0,Severe Cyclonic Storm,UNNAMED,1981
1981100I,1981111803,13.9,90.1,50.0,Severe Cyclonic Storm,UNNAMED,1981
1981100I,1981111806,14.1,90.1,55.0,Severe Cyclonic Storm,UNNAMED,1981
1981100I,1981111809,14.4,90.1,55.0,Severe Cyclonic Storm,UNNAMED,1981
1981100I,1981111812,14.7,90.1,55.0,Severe Cyclonic Storm,UNNAMED,1981
1981100I,1981111814,14.9,90.1,57.0,Severe Cyclonic Storm,UNNAMED,1981
1981100I,1981111815,15.0,90.1,58.0,Severe Cyclonic Storm,UNNAMED,1981
1981100I,1981111818,15.3,90.2,60.0,Severe Cyclonic Storm,UNNAMED,1981
1981100I,1981111821,15.6,90.2,63.0,Severe Cyclonic Storm,UNNAMED,1981
1981100I,1981111900,16.0,90.3,65.0,Very Severe Cyclonic Storm,UNNAMED,1981
1981100I,1981111902,16.2,90.4,67.0,Very Severe Cyclonic Storm,UNNAMED,1981
1981100I,1981111903,16.3,90.4,68.0,Very Severe Cyclonic Storm,UNNAMED,1981
1981100I,1981111906,16.7,90.5,70.0,Very Severe Cyclonic Storm,UNNAMED,1981
1981100I,1981111909,17.1,90.6,73.0,Very Severe Cyclonic Storm,UNNAMED,1981
1981100I,1981111912,17.5,90.7,75.0,Very Severe Cyclonic Storm,UNNAMED,1981
1981100I,1981111914,17.8,90.8,75.0,Very Severe Cyclonic Storm,UNNAMED,1981
1981100I,1981111915,17.9,90.8,75.0,Very Severe Cyclonic Storm,UNNAMED,1981
1981100I,1981111918,18.4,91.0,75.0,Very Severe Cyclonic Storm,UNNAMED,1981
1981100I,1981111921,18.8,91.1,70.0,Very Severe Cyclonic Storm,UNNAMED,1981
1981100I,1981112000,19.2,91.2,65.0,Very Severe Cyclonic Storm,UNNAMED,1981
1981100I,1981112002,19.5,91.3,63.0,Severe Cyclonic Storm,UNNAMED,1981
1981100I,1981112003,19.7,91.3,63.0,Severe Cyclonic Storm,UNNAMED,1981
1981100I,1981112006,20.1,91.5,60.0,Severe Cyclonic Storm,UNNAMED,1981
1981100I,1981112009,20.6,91.7,58.0,Severe Cyclonic Storm,UNNAMED,1981
1981100I,1981112012,20.9,91.8,55.0,Severe Cyclonic Storm,UNNAMED,1981
1981100I,1981112014,21.2,91.9,53.0,Severe Cyclonic Storm,UNNAMED,1981
1981100I,1981112015,21.3,91.9,53.0,Severe Cyclonic Storm,UNNAMED,1981
1981100I,1981112018,21.5,92.0,50.0,Severe Cyclonic Storm,UNNAMED,1981
1981104I,1981120506,10.8,87.6,20.0,Depression,UNNAMED,1981
1981104I,1981120509,10.8,86.9,23.0,Depression,UNNAMED,1981
1981104I,1981120512,10.8,86.4,25.0,Depression,UNNAMED,1981
1981104I,1981120514,10.8,86.3,25.0,Depression,UNNAMED,1981
1981104I,1981120515,10.7,86.3,25.0,Depression,UNNAMED,1981
1981104I,1981120518,10.6,86.5,25.0,Depression,UNNAMED,1981
1981104I,1981120521,10.3,86.8,25.0,Depression,UNNAMED,1981
1981104I,1981120600,10.2,87.1,25.0,Depression,UNNAMED,1981
1981104I,1981120602,10.2,87.2,25.0,Depression,UNNAMED,1981
1981104I,1981120603,10.3,87.2,25.0,Depression,UNNAMED,1981
1981104I,1981120606,10.6,87.2,25.0,Depression,UNNAMED,1981
1981104I,1981120609,11.0,87.2,28.0,Depression,UNNAMED,1981
1981104I,1981120612,11.4,87.1,30.0,Depression,UNNAMED,1981
1981104I,1981120614,11.6,87.1,30.0,Depression,UNNAMED,1981
1981104I,1981120615,11.7,87.1,30.0,Depression,UNNAMED,1981
1981104I,1981120618,12.0,87.1,30.0,Depression,UNNAMED,1981
1981104I,1981120621,12.3,87.1,33.0,Depression,UNNAMED,1981
1981104I,1981120700,12.5,87.0,35.0,Cyclonic Storm,UNNAMED,1981
1981104I,1981120702,12.7,87.0,35.0,Cyclonic Storm,UNNAMED,1981
1981104I,1981120703,12.8,87.0,35.0,Cyclonic Storm,UNNAMED,1981
1981104I,1981120706,13.0,86.9,35.0,Cyclonic Storm,UNNAMED,1981
1981104I,1981120709,13.3,86.9,38.0,Cyclonic Storm,UNNAMED,1981
1981104I,1981120712,13.5,86.8,40.0,Cyclonic Storm,UNNAMED,1981
1981104I,1981120714,13.7,86.7,40.0,Cyclonic Storm,UNNAMED,1981
1981104I,1981120715,13.7,86.7,40.0,Cyclonic Storm,UNNAMED,1981
1981104I,1981120718,13.9,86.6,40.0,Cyclonic Storm,UNNAMED,1981
1981104I,1981120721,14.0,86.5,43.0,Cyclonic Storm,UNNAMED,1981
1981104I,1981120800,14.1,86.4,45.0,Cyclonic Storm,UNNAMED,1981
1981104I,1981120802,14.2,86.3,47.0,Cyclonic Storm,UNNAMED,1981
1981104I,1981120803,14.3,86.3,48.0,Severe Cyclonic Storm,UNNAMED,1981
1981104I,1981120806,14.5,86.2,50.0,Severe Cyclonic Storm,UNNAMED,1981
1981104I,1981120809,14.7,86.2,55.0,Severe Cyclonic Storm,UNNAMED,1981
1981104I,1981120812,14.9,86.2,60.0,Severe Cyclonic Storm,UNNAMED,1981
1981104I,1981120814,15.1,86.2,62.0,Severe Cyclonic Storm,UNNAMED,1981
1981104I,1981120815,15.2,86.2,63.0,Severe Cyclonic Storm,UNNAMED,1981
1981104I,1981120818,15.5,86.3,65.0,Very Severe Cyclonic Storm,UNNAMED,1981
1981104I,1981120821,15.7,86.4,68.0,Very Severe Cyclonic Storm,UNNAMED,1981
1981104I,1981120900,16.0,86.6,70.0,Very Severe Cyclonic Storm,UNNAMED,1981
1981104I,1981120902,16.2,86.6,72.0,Very Severe Cyclonic Storm,UNNAMED,1981
1981104I,1981120903,16.3,86.6,73.0,Very Severe Cyclonic Storm,UNNAMED,1981
1981104I,1981120906,16.5,86.6,75.0,Very Severe Cyclonic Storm,UNNAMED,1981
1981104I,1981120909,16.7,86.7,75.0,Very Severe Cyclonic Storm,UNNAMED,1981
1981104I,1981120912,17.0,86.7,75.0,Very Severe Cyclonic Storm,UNNAMED,1981
1981104I,1981120914,17.2,86.7,73.0,Very Severe Cyclonic Storm,UNNAMED,1981
1981104I,1981120915,17.3,86.7,73.0,Very Severe Cyclonic Storm,UNNAMED,1981
1981104I,1981120918,17.8,86.7,70.0,Very Severe Cyclonic Storm,UNNAMED,1981
1981104I,1981120921,18.4,86.7,65.0,Very Severe Cyclonic Storm,UNNAMED,1981
1981104I,1981121000,19.0,86.8,60.0,Severe Cyclonic Storm,UNNAMED,1981
1981104I,1981121002,19.4,86.8,58.0,Severe Cyclonic Storm,UNNAMED,1981
1981104I,1981121003,19.6,86.8,58.0,Severe Cyclonic Storm,UNNAMED,1981
1981104I,1981121006,20.2,87.0,55.0,Severe Cyclonic Storm,UNNAMED,1981
1981104I,1981121009,20.8,87.4,53.0,Severe Cyclonic Storm,UNNAMED,1981
1981104I,1981121012,21.5,87.9,50.0,Severe Cyclonic Storm,UNNAMED,1981
1981104I,1981121014,21.9,88.2,47.0,Cyclonic Storm,UNNAMED,1981
1981104I,1981121015,22.1,88.4,45.0,Cyclonic Storm,UNNAMED,1981
1981104I,1981121018,22.8,89.1,40.0,Cyclonic Storm,UNNAMED,1981
198192I,1981102506,7.0,82.4,20.0,Depression,UNNAMED,1981
198192I,1981102509,7.3,82.0,23.0,Depression,UNNAMED,1981
198192I,1981102512,7.7,81.5,25.0,Depression,UNNAMED,1981
198192I,1981102514,7.9,81.2,25.0,Depression,UNNAMED,1981
198192I,1981102515,8.0,81.0,25.0,Depression,UNNAMED,1981
198192I,1981102518,8.4,80.6,25.0,Depression,UNNAMED,1981
198192I,1981102521,8.7,80.2,25.0,Depression,UNNAMED,1981
198192I,1981102600,9.0,79.9,25.0,Depression,UNNAMED,1981
198192I,1981102602,9.2,79.6,25.0,Depression,UNNAMED,1981
198192I,1981102603,9.3,79.5,25.0,Depression,UNNAMED,1981
198192I,1981102606,9.5,79.1,25.0,Depression,UNNAMED,1981
198192I,1981102609,9.7,78.8,28.0,Depression,UNNAMED,1981
198192I,1981102612,9.9,78.4,30.0,Depression,UNNAMED,1981
198192I,1981102614,10.1,78.2,30.0,Depression,UNNAMED,1981
198192I,1981102615,10.2,78.1,30.0,Depression,UNNAMED,1981
198192I,1981102618,10.4,77.7,30.0,Depression,UNNAMED,1981
198192I,1981102621,10.6,77.3,33.0,Depression,UNNAMED,1981
198192I,1981102700,10.8,76.8,35.0,Cyclonic Storm,UNNAMED,1981
198192I,1981102702,11.0,76.5,37.0,Cyclonic Storm,UNNAMED,1981
198192I,1981102703,11.1,76.3,38.0,Cyclonic Storm,UNNAMED,1981
198192I,1981102706,11.3,75.8,40.0,Cyclonic Storm,UNNAMED,1981
198192I,1981102709,11.5,75.3,43.0,Cyclonic Storm,UNNAMED,1981
198192I,1981102712,11.7,74.8,45.0,Cyclonic Storm,UNNAMED,1981
198192I,1981102714,11.8,74.5,47.0,Cyclonic Storm,UNNAMED,1981
198192I,1981102715,11.9,74.3,48.0,Severe Cyclonic Storm,UNNAMED,1981
198192I,1981102718,12.0,73.9,50.0,Severe Cyclonic Storm,UNNAMED,1981
198192I,1981102721,12.1,73.5,53.0,Severe Cyclonic Storm,UNNAMED,1981
198192I,1981102800,12.1,73.1,55.0,Severe Cyclonic Storm,UNNAMED,1981
198192I,1981102802,12.2,72.8,57.0,Severe Cyclonic Storm,UNNAMED,1981
198192I,1981102803,12.2,72.7,58.0,Severe Cyclonic Storm,UNNAMED,1981
198192I,1981102806,12.3,72.2,60.0,Severe Cyclonic Storm,UNNAMED,1981
198192I,1981102809,12.4,71.8,60.0,Severe Cyclonic Storm,UNNAMED,1981
198192I,1981102812,12.4,71.4,60.0,Severe Cyclonic Storm,UNNAMED,1981
198192I,1981102814,12.5,71.2,60.0,Severe Cyclonic Storm,UNNAMED,1981
198192I,1981102815,12.5,71.1,60.0,Severe Cyclonic Storm,UNNAMED,1981
198192I,1981102818,12.6,70.7,60.0,Severe Cyclonic Storm,UNNAMED,1981
198192I,1981102821,12.7,70.4,60.0,Severe Cyclonic Storm,UNNAMED,1981
198192I,1981102900,12.7,70.1,60.0,Severe Cyclonic Storm,UNNAMED,1981
198192I,1981102902,12.8,69.9,60.0,Severe Cyclonic Storm,UNNAMED,1981
198192I,1981102903,12.8,69.8,60.0,Severe Cyclonic Storm,UNNAMED,1981
198192I,1981102906,12.9,69.4,60.0,Severe Cyclonic Storm,UNNAMED,1981
198192I,1981102909,13.0,69.1,55.0,Severe Cyclonic Storm,UNNAMED,1981
198192I,1981102912,13.0,68.7,50.0,Severe Cyclonic Storm,UNNAMED,1981
198192I,1981102914,13.0,68.5,48.0,Severe Cyclonic Storm,UNNAMED,1981
198192I,1981102915,13.0,68.4,48.0,Severe Cyclonic Storm,UNNAMED,1981
198192I,1981102918,12.9,67.9,45.0,Cyclonic Storm,UNNAMED,1981
198192I,1981102921,12.8,67.5,43.0,Cyclonic Storm,UNNAMED,1981
198192I,1981103000,12.9,67.1,40.0,Cyclonic Storm,UNNAMED,1981
198192I,1981103002,13.0,66.9,40.0,Cyclonic Storm,UNNAMED,1981
198192I,1981103003,13.1,66.8,40.0,Cyclonic Storm,UNNAMED,1981
198192I,1981103006,13.4,66.7,40.0,Cyclonic Storm,UNNAMED,1981
198192I,1981103009,13.8,66.7,43.0,Cyclonic Storm,UNNAMED,1981
198192I,1981103012,14.2,66.8,45.0,Cyclonic Storm,UNNAMED,1981
198192I,1981103014,14.4,66.9,47.0,Cyclonic Storm,UNNAMED,1981
198192I,1981103015,14.5,66.9,48.0,Severe Cyclonic Storm,UNNAMED,1981
198192I,1981103018,14.9,67.1,50.0,Severe Cyclonic Storm,UNNAMED,1981
198192I,1981103021,15.2,67.2,53.0,Severe Cyclonic Storm,UNNAMED,1981
198192I,1981103100,15.5,67.3,55.0,Severe Cyclonic Storm,UNNAMED,1981
198192I,1981103102,15.8,67.4,57.0,Severe Cyclonic Storm,UNNAMED,1981
198192I,1981103103,15.9,67.4,58.0,Severe Cyclonic Storm,UNNAMED,1981
198192I,1981103106,16.4,67.3,60.0,Severe Cyclonic Storm,UNNAMED,1981
198192I,1981103109,16.8,67.2,60.0,Severe Cyclonic Storm,UNNAMED,1981
198192I,1981103112,17.3,67.2,60.0,Severe Cyclonic Storm,UNNAMED,1981
198192I,1981103114,17.6,67.2,60.0,Severe Cyclonic Storm,UNNAMED,1981
198192I,1981103115,17.8,67.2,60.0,Severe Cyclonic Storm,UNNAMED,1981
198192I,1981103118,18.2,67.4,60.0,Severe Cyclonic Storm,UNNAMED,1981
198192I,1981103121,18.7,67.6,60.0,Severe Cyclonic Storm,UNNAMED,1981
198192I,1981110100,19.1,67.8,60.0,Severe Cyclonic Storm,UNNAMED,1981
198192I,1981110102,19.4,67.9,58.0,Severe Cyclonic Storm,UNNAMED,1981
198192I,1981110103,19.6,68.0,58.0,Severe Cyclonic Storm,UNNAMED,1981
198192I,1981110106,20.0,68.2,55.0,Severe Cyclonic Storm,UNNAMED,1981
198192I,1981110109,20.4,68.4,53.0,Severe Cyclonic Storm,UNNAMED,1981
198192I,1981110112,20.8,68.6,50.0,Severe Cyclonic Storm,UNNAMED,1981
198192I,1981110114,21.1,68.8,48.0,Severe Cyclonic Storm,UNNAMED,1981
198192I,1981110115,21.2,68.9,48.0,Severe Cyclonic Storm,UNNAMED,1981
198192I,1981110118,21.6,69.2,45.0,Cyclonic Storm,UNNAMED,1981
198192I,1981110121,22.0,69.5,40.0,Cyclonic Storm,UNNAMED,1981
198192I,1981110200,22.4,69.9,35.0,Cyclonic Storm,UNNAMED,1981
1982101I,1982101612,9.4,84.0,25.0,Depression,UNNAMED,1982
1982101I,1982101706,10.2,83.4,40.0,Cyclonic Storm,UNNAMED,1982
1982101I,1982101709,10.5,83.2,43.0,Cyclonic Storm,UNNAMED,1982
1982101I,1982101712,10.9,83.0,30.0,Depression,UNNAMED,1982
1982101I,1982101714,11.1,82.8,32.0,Depression,UNNAMED,1982
1982101I,1982101715,11.2,82.7,33.0,Depression,UNNAMED,1982
1982101I,1982101718,11.6,82.3,35.0,Cyclonic Storm,UNNAMED,1982
1982101I,1982101721,11.8,82.0,43.0,Cyclonic Storm,UNNAMED,1982
1982101I,1982101800,12.1,81.7,50.0,Severe Cyclonic Storm,UNNAMED,1982
1982101I,1982101802,12.3,81.6,53.0,Severe Cyclonic Storm,UNNAMED,1982
1982101I,1982101803,12.4,81.5,55.0,Severe Cyclonic Storm,UNNAMED,1982
1982101I,1982101806,12.8,81.2,55.0,Severe Cyclonic Storm,UNNAMED,1982
1982101I,1982101809,13.2,80.9,55.0,Severe Cyclonic Storm,UNNAMED,1982
1982101I,1982101812,13.7,80.5,55.0,Severe Cyclonic Storm,UNNAMED,1982
1982101I,1982101814,13.9,80.3,53.0,Severe Cyclonic Storm,UNNAMED,1982
1982101I,1982101815,14.0,80.2,53.0,Severe Cyclonic Storm,UNNAMED,1982
1982101I,1982101818,14.4,79.9,50.0,Severe Cyclonic Storm,UNNAMED,1982
1982101I,1982101821,14.7,79.7,40.0,Cyclonic Storm,UNNAMED,1982
1982101I,1982101900,15.0,79.5,30.0,Depression,UNNAMED,1982
1982101I,1982101902,15.0,79.2,30.0,Depression,UNNAMED,1982
1982101I,1982101903,15.0,79.0,30.0,Depression,UNNAMED,1982
1982101I,1982101906,15.2,78.7,28.0,Depression,UNNAMED,1982
1982101I,1982101909,15.6,78.5,27.0,Depression,UNNAMED,1982
1982101I,1982101912,16.0,78.5,25.0,Depression,UNNAMED,1982
1982101I,1982102003,17.0,78.5,20.0,Depression,UNNAMED,1982
1982101I,1982102006,17.3,78.4,20.0,Depression,UNNAMED,1982
1982101I,1982102009,17.7,78.3,20.0,Depression,UNNAMED,1982
1982101I,1982102012,18.0,78.3,20.0,Depression,UNNAMED,1982
1982101I,1982102103,19.0,79.2,20.0,Depression,UNNAMED,1982
1982101I,1982102106,19.6,79.7,20.0,Depression,UNNAMED,1982
1982101I,1982102109,20.2,80.3,20.0,Depression,UNNAMED,1982
1982101I,1982102112,21.0,81.0,20.0,Depression,UNNAMED,1982
1982105I,1982110412,11.5,66.0,25.0,Depression,UNNAMED,1982
1982105I,1982110414,11.2,65.4,26.0,Depression,UNNAMED,1982
1982105I,1982110415,11.2,65.3,26.0,Depression,UNNAMED,1982
1982105I,1982110418,11.2,65.0,28.0,Depression,UNNAMED,1982
1982105I,1982110421,11.4,64.6,29.0,Depression,UNNAMED,1982
1982105I,1982110500,11.7,64.3,30.0,Depression,UNNAMED,1982
1982105I,1982110502,11.9,64.1,33.0,Depression,UNNAMED,1982
1982105I,1982110503,12.1,64.0,35.0,Cyclonic Storm,UNNAMED,1982
1982105I,1982110506,12.3,64.0,37.0,Cyclonic Storm,UNNAMED,1982
1982105I,1982110509,12.4,64.2,38.0,Cyclonic Storm,UNNAMED,1982
1982105I,1982110512,12.5,64.4,40.0,Cyclonic Storm,UNNAMED,1982
1982105I,1982110514,12.6,64.5,41.0,Cyclonic Storm,UNNAMED,1982
1982105I,1982110515,12.6,64.5,41.0,Cyclonic Storm,UNNAMED,1982
1982105I,1982110518,12.8,64.6,43.0,Cyclonic Storm,UNNAMED,1982
1982105I,1982110521,12.9,64.8,44.0,Cyclonic Storm,UNNAMED,1982
1982105I,1982110600,13.2,65.0,45.0,Cyclonic Storm,UNNAMED,1982
1982105I,1982110602,13.3,65.1,52.0,Severe Cyclonic Storm,UNNAMED,1982
1982105I,1982110603,13.4,65.1,55.0,Severe Cyclonic Storm,UNNAMED,1982
1982105I,1982110606,13.6,65.3,57.0,Severe Cyclonic Storm,UNNAMED,1982
1982105I,1982110609,13.8,65.5,58.0,Severe Cyclonic Storm,UNNAMED,1982
1982105I,1982110612,14.0,65.7,60.0,Severe Cyclonic Storm,UNNAMED,1982
1982105I,1982110614,14.2,65.8,47.0,Cyclonic Storm,UNNAMED,1982
1982105I,1982110615,14.2,65.9,48.0,Severe Cyclonic Storm,UNNAMED,1982
1982105I,1982110618,14.5,66.1,50.0,Severe Cyclonic Storm,UNNAMED,1982
1982105I,1982110621,14.8,66.3,53.0,Severe Cyclonic Storm,UNNAMED,1982
1982105I,1982110700,15.1,66.5,55.0,Severe Cyclonic Storm,UNNAMED,1982
1982105I,1982110702,15.3,66.7,57.0,Severe Cyclonic Storm,UNNAMED,1982
1982105I,1982110703,15.5,66.8,60.0,Severe Cyclonic Storm,UNNAMED,1982
1982105I,1982110706,15.9,67.1,62.0,Severe Cyclonic Storm,UNNAMED,1982
1982105I,1982110709,16.3,67.5,63.0,Severe Cyclonic Storm,UNNAMED,1982
1982105I,1982110712,16.8,67.8,65.0,Very Severe Cyclonic Storm,UNNAMED,1982
1982105I,1982110714,17.1,68.1,67.0,Very Severe Cyclonic Storm,UNNAMED,1982
1982105I,1982110715,17.3,68.3,68.0,Very Severe Cyclonic Storm,UNNAMED,1982
1982105I,1982110718,17.7,68.7,70.0,Very Severe Cyclonic Storm,UNNAMED,1982
1982105I,1982110721,18.2,69.1,75.0,Very Severe Cyclonic Storm,UNNAMED,1982
1982105I,1982110800,18.7,69.5,80.0,Very Severe Cyclonic Storm,UNNAMED,1982
1982105I,1982110802,19.0,69.8,82.0,Very Severe Cyclonic Storm,UNNAMED,1982
1982105I,1982110803,19.2,69.9,80.0,Very Severe Cyclonic Storm,UNNAMED,1982
1982105I,1982110806,19.8,70.3,83.0,Very Severe Cyclonic Storm,UNNAMED,1982
1982105I,1982110809,20.4,70.6,87.0,Very Severe Cyclonic Storm,UNNAMED,1982
1982105I,1982110812,21.0,71.0,90.0,Extremely Severe/Super Cyclone,UNNAMED,1982
1982105I,1982110814,21.3,71.3,83.0,Very Severe Cyclonic Storm,UNNAMED,1982
1982105I,1982110815,21.5,71.5,80.0,Very Severe Cyclonic Storm,UNNAMED,1982
1982105I,1982110818,21.9,72.0,70.0,Very Severe Cyclonic Storm,UNNAMED,1982
1982105I,1982110821,22.2,72.6,60.0,Severe Cyclonic Storm,UNNAMED,1982
1982105I,1982110900,22.5,73.2,50.0,Severe Cyclonic Storm,UNNAMED,1982
1982105I,1982110902,22.8,73.4,40.0,Cyclonic Storm,UNNAMED,1982
1982105I,1982110903,23.0,73.5,35.0,Cyclonic Storm,UNNAMED,1982
1982105I,1982110906,23.3,74.0,32.0,Depression,UNNAMED,1982
1982105I,1982110909,23.4,74.5,28.0,Depression,UNNAMED,1982
1982105I,1982110912,23.5,75.0,25.0,Depression,UNNAMED,1982
1982109I,1982112803,7.0,88.0,25.0,Depression,UNNAMED,1982
1982109I,1982112806,7.2,87.2,27.0,Depression,UNNAMED,1982
1982109I,1982112809,7.3,86.3,28.0,Depression,UNNAMED,1982
1982109I,1982112812,7.5,85.5,30.0,Depression,UNNAMED,1982
1982109I,1982112903,8.5,83.5,25.0,Depression,UNNAMED,1982
1982110I,1982112812,9.0,67.0,25.0,Depression,UNNAMED,1982
1982110I,1982112903,11.0,67.5,30.0,Depression,UNNAMED,1982
1982110I,1982112906,11.5,68.0,25.0,Depression,UNNAMED,1982
1982112I,1982120212,7.5,84.0,25.0,Depression,UNNAMED,1982
1982112I,1982120303,9.0,82.0,25.0,Depression,UNNAMED,1982
1982112I,1982120306,9.2,81.1,25.0,Depression,UNNAMED,1982
1982112I,1982120309,9.4,80.2,25.0,Depression,UNNAMED,1982
1982112I,1982120312,9.5,79.5,25.0,Depression,UNNAMED,1982
1982112I,1982120315,9.6,79.1,25.0,Depression,UNNAMED,1982
1982112I,1982120318,9.6,78.9,25.0,Depression,UNNAMED,1982
1982112I,1982120321,9.7,78.9,25.0,Depression,UNNAMED,1982
1982112I,1982120400,9.7,79.0,25.0,Depression,UNNAMED,1982
198226I,1982043006,11.8,82.4,20.0,Depression,UNNAMED,1982
198226I,1982043009,12.1,82.3,23.0,Depression,UNNAMED,1982
198226I,1982043012,12.5,82.1,25.0,Depression,UNNAMED,1982
198226I,1982043014,12.7,82.1,25.0,Depression,UNNAMED,1982
198226I,1982043015,12.8,82.1,25.0,Depression,UNNAMED,1982
198226I,1982043018,13.2,82.1,25.0,Depression,UNNAMED,1982
198226I,1982043021,13.7,82.1,28.0,Depression,UNNAMED,1982
198226I,1982050100,14.1,82.1,30.0,Depression,UNNAMED,1982
198226I,1982050102,14.3,82.2,30.0,Depression,UNNAMED,1982
198226I,1982050103,14.4,82.3,25.0,Depression,UNNAMED,1982
198226I,1982050106,14.7,82.4,30.0,Depression,UNNAMED,1982
198226I,1982050109,14.9,82.4,33.0,Depression,UNNAMED,1982
198226I,1982050112,15.1,82.5,35.0,Cyclonic Storm,UNNAMED,1982
198226I,1982050114,15.2,82.6,37.0,Cyclonic Storm,UNNAMED,1982
198226I,1982050115,15.3,82.6,38.0,Cyclonic Storm,UNNAMED,1982
198226I,1982050118,15.6,82.9,40.0,Cyclonic Storm,UNNAMED,1982
198226I,1982050121,15.8,83.1,43.0,Cyclonic Storm,UNNAMED,1982
198226I,1982050200,16.1,83.4,45.0,Cyclonic Storm,UNNAMED,1982
198226I,1982050202,16.3,83.6,45.0,Cyclonic Storm,UNNAMED,1982
198226I,1982050203,16.3,83.8,45.0,Cyclonic Storm,UNNAMED,1982
198226I,1982050206,16.4,84.1,50.0,Severe Cyclonic Storm,UNNAMED,1982
198226I,1982050209,16.5,84.5,53.0,Severe Cyclonic Storm,UNNAMED,1982
198226I,1982050212,16.6,84.8,55.0,Severe Cyclonic Storm,UNNAMED,1982
198226I,1982050214,16.8,85.0,55.0,Severe Cyclonic Storm,UNNAMED,1982
198226I,1982050215,16.8,85.1,55.0,Severe Cyclonic Storm,UNNAMED,1982
198226I,1982050218,17.0,85.5,55.0,Severe Cyclonic Storm,UNNAMED,1982
198226I,1982050221,17.1,85.9,58.0,Severe Cyclonic Storm,UNNAMED,1982
198226I,1982050300,17.1,86.3,60.0,Severe Cyclonic Storm,UNNAMED,1982
198226I,1982050302,17.1,86.6,63.0,Severe Cyclonic Storm,UNNAMED,1982
198226I,1982050303,17.2,86.8,65.0,Very Severe Cyclonic Storm,UNNAMED,1982
198226I,1982050306,17.4,87.4,80.0,Very Severe Cyclonic Storm,UNNAMED,1982
198226I,1982050309,17.4,88.0,85.0,Very Severe Cyclonic Storm,UNNAMED,1982
198226I,1982050312,17.4,88.5,90.0,Extremely Severe/Super Cyclone,UNNAMED,1982
198226I,1982050314,17.4,88.9,95.0,Extremely Severe/Super Cyclone,UNNAMED,1982
198226I,1982050315,17.4,89.1,98.0,Extremely Severe/Super Cyclone,UNNAMED,1982
198226I,1982050318,17.5,89.8,105.0,Extremely Severe/Super Cyclone,UNNAMED,1982
198226I,1982050321,17.5,90.3,110.0,Extremely Severe/Super Cyclone,UNNAMED,1982
198226I,1982050400,17.5,90.9,115.0,Extremely Severe/Super Cyclone,UNNAMED,1982
198226I,1982050402,17.5,91.3,115.0,Extremely Severe/Super Cyclone,UNNAMED,1982
198226I,1982050403,17.5,91.6,115.0,Extremely Severe/Super Cyclone,UNNAMED,1982
198226I,1982050406,17.5,92.3,115.0,Extremely Severe/Super Cyclone,UNNAMED,1982
198226I,1982050409,17.5,93.2,115.0,Extremely Severe/Super Cyclone,UNNAMED,1982
198226I,1982050412,17.4,94.0,115.0,Extremely Severe/Super Cyclone,UNNAMED,1982
198226I,1982050414,17.4,94.5,115.0,Extremely Severe/Super Cyclone,UNNAMED,1982
198226I,1982050415,17.4,94.7,115.0,Extremely Severe/Super Cyclone,UNNAMED,1982
198226I,1982050418,17.4,95.3,115.0,Extremely Severe/Super Cyclone,UNNAMED,1982
198226I,1982050421,17.5,96.0,87.0,Very Severe Cyclonic Storm,UNNAMED,1982
198226I,1982050500,17.6,96.8,58.0,Severe Cyclonic Storm,UNNAMED,1982
198226I,1982050502,17.7,97.1,39.0,Cyclonic Storm,UNNAMED,1982
198226I,1982050503,17.8,97.2,30.0,Depression,UNNAMED,1982
198226I,1982050506,17.9,97.2,40.0,Cyclonic Storm,UNNAMED,1982
198226I,1982050509,18.0,97.3,38.0,Cyclonic Storm,UNNAMED,1982
198226I,1982050512,18.1,97.4,35.0,Cyclonic Storm,UNNAMED,1982
198230I,1982053006,13.2,87.8,30.0,Depression,UNNAMED,1982
198230I,1982053009,13.3,88.1,33.0,Depression,UNNAMED,1982
198230I,1982053012,13.4,88.3,35.0,Cyclonic Storm,UNNAMED,1982
198230I,1982053014,13.5,88.5,37.0,Cyclonic Storm,UNNAMED,1982
198230I,1982053015,13.5,88.6,38.0,Cyclonic Storm,UNNAMED,1982
198230I,1982053018,13.6,88.8,40.0,Cyclonic Storm,UNNAMED,1982
198230I,1982053021,13.6,88.9,43.0,Cyclonic Storm,UNNAMED,1982
198230I,1982053100,13.7,89.1,45.0,Cyclonic Storm,UNNAMED,1982
198230I,1982053102,13.8,89.2,47.0,Cyclonic Storm,UNNAMED,1982
198230I,1982053103,13.9,89.3,48.0,Severe Cyclonic Storm,UNNAMED,1982
198230I,1982053106,14.1,89.6,50.0,Severe Cyclonic Storm,UNNAMED,1982
198230I,1982053109,14.4,89.9,53.0,Severe Cyclonic Storm,UNNAMED,1982
198230I,1982053112,14.7,90.3,25.0,Depression,UNNAMED,1982
198230I,1982053114,14.8,90.4,27.0,Depression,UNNAMED,1982
198230I,1982053115,14.9,90.5,28.0,Depression,UNNAMED,1982
198230I,1982053118,15.1,90.5,30.0,Depression,UNNAMED,1982
198230I,1982053121,15.4,90.4,33.0,Depression,UNNAMED,1982
198230I,1982060100,15.6,90.3,35.0,Cyclonic Storm,UNNAMED,1982
198230I,1982060102,15.8,90.3,38.0,Cyclonic Storm,UNNAMED,1982
198230I,1982060103,15.9,90.2,40.0,Cyclonic Storm,UNNAMED,1982
198230I,1982060106,16.2,90.2,40.0,Cyclonic Storm,UNNAMED,1982
198230I,1982060109,16.3,90.1,40.0,Cyclonic Storm,UNNAMED,1982
198230I,1982060112,16.4,90.0,40.0,Cyclonic Storm,UNNAMED,1982
198230I,1982060114,16.6,89.9,40.0,Cyclonic Storm,UNNAMED,1982
198230I,1982060115,16.6,89.9,40.0,Cyclonic Storm,UNNAMED,1982
198230I,1982060118,16.9,89.7,40.0,Cyclonic Storm,UNNAMED,1982
198230I,1982060121,17.0,89.6,40.0,Cyclonic Storm,UNNAMED,1982
198230I,1982060200,17.1,89.4,40.0,Cyclonic Storm,UNNAMED,1982
198230I,1982060202,17.3,89.4,43.0,Cyclonic Storm,UNNAMED,1982
198230I,1982060203,17.4,89.3,45.0,Cyclonic Storm,UNNAMED,1982
198230I,1982060206,17.5,89.2,45.0,Cyclonic Storm,UNNAMED,1982
198230I,1982060209,17.7,89.1,45.0,Cyclonic Storm,UNNAMED,1982
198230I,1982060212,17.9,88.9,45.0,Cyclonic Storm,UNNAMED,1982
198230I,1982060214,18.1,88.7,47.0,Cyclonic Storm,UNNAMED,1982
198230I,1982060215,18.1,88.7,48.0,Severe Cyclonic Storm,UNNAMED,1982
198230I,1982060218,18.3,88.5,50.0,Severe Cyclonic Storm,UNNAMED,1982
198230I,1982060221,18.5,88.4,53.0,Severe Cyclonic Storm,UNNAMED,1982
198230I,1982060300,18.8,88.2,55.0,Severe Cyclonic Storm,UNNAMED,1982
198230I,1982060302,18.9,88.0,62.0,Severe Cyclonic Storm,UNNAMED,1982
198230I,1982060303,18.9,87.9,65.0,Very Severe Cyclonic Storm,UNNAMED,1982
198230I,1982060306,19.3,87.5,80.0,Very Severe Cyclonic Storm,UNNAMED,1982
198230I,1982060309,19.5,87.3,90.0,Extremely Severe/Super Cyclone,UNNAMED,1982
198230I,1982060312,19.9,86.9,90.0,Extremely Severe/Super Cyclone,UNNAMED,1982
198230I,1982060314,20.2,86.7,90.0,Extremely Severe/Super Cyclone,UNNAMED,1982
198230I,1982060315,20.4,86.6,90.0,Extremely Severe/Super Cyclone,UNNAMED,1982
198230I,1982060318,20.9,86.3,90.0,Extremely Severe/Super Cyclone,UNNAMED,1982
198230I,1982060321,21.3,86.0,78.0,Very Severe Cyclonic Storm,UNNAMED,1982
198230I,1982060400,21.7,85.6,65.0,Very Severe Cyclonic Storm,UNNAMED,1982
198230I,1982060402,22.1,85.4,52.0,Severe Cyclonic Storm,UNNAMED,1982
198230I,1982060403,22.2,85.3,45.0,Cyclonic Storm,UNNAMED,1982
198230I,1982060406,22.7,84.9,35.0,Cyclonic Storm,UNNAMED,1982
198230I,1982060408,22.8,84.7,33.0,Depression,UNNAMED,1982
198230I,1982060409,22.8,84.5,33.0,Depression,UNNAMED,1982
198230I,1982060412,23.0,84.0,30.0,Depression,UNNAMED,1982
198230I,1982060415,23.5,83.3,30.0,Depression,UNNAMED,1982
198230I,1982060418,24.0,82.5,30.0,Depression,UNNAMED,1982
198230I,1982060421,24.2,81.5,28.0,Depression,UNNAMED,1982
198230I,1982060500,24.5,81.0,25.0,Depression,UNNAMED,1982
198230I,1982060503,25.0,81.5,20.0,Depression,UNNAMED,1982
198236I,1982061703,23.0,90.0,25.0,Depression,UNNAMED,1982
198236I,1982061706,23.2,90.2,25.0,Depression,UNNAMED,1982
198236I,1982061709,23.3,90.3,25.0,Depression,UNNAMED,1982
198236I,1982061712,23.5,90.5,25.0,Depression,UNNAMED,1982
198236I,1982061803,25.0,92.0,25.0,Depression,UNNAMED,1982
198248I,1982071503,20.5,69.0,25.0,Depression,UNNAMED,1982
198248I,1982071506,20.7,68.7,25.0,Depression,UNNAMED,1982
198248I,1982071509,20.8,68.3,25.0,Depression,UNNAMED,1982
198248I,1982071512,21.0,68.0,25.0,Depression,UNNAMED,1982
198248I,1982071603,22.5,67.0,25.0,Depression,UNNAMED,1982
198251I,1982071803,18.0,88.0,25.0,Depression,UNNAMED,1982
198251I,1982071806,18.1,87.6,27.0,Depression,UNNAMED,1982
198251I,1982071809,18.2,87.3,28.0,Depression,UNNAMED,1982
198251I,1982071812,18.3,87.0,30.0,Depression,UNNAMED,1982
198251I,1982071815,18.4,86.7,30.0,Depression,UNNAMED,1982
198251I,1982071818,18.4,86.5,30.0,Depression,UNNAMED,1982
198251I,1982071821,18.5,86.2,30.0,Depression,UNNAMED,1982
198251I,1982071900,18.5,86.0,30.0,Depression,UNNAMED,1982
198251I,1982071903,18.5,86.0,30.0,Depression,UNNAMED,1982
198251I,1982071906,18.7,85.8,30.0,Depression,UNNAMED,1982
198251I,1982071909,18.9,85.6,28.0,Depression,UNNAMED,1982
198251I,1982071912,19.0,85.5,25.0,Depression,UNNAMED,1982
198251I,1982071915,19.1,85.4,24.0,Depression,UNNAMED,1982
198251I,1982071918,19.3,85.2,23.0,Depression,UNNAMED,1982
198251I,1982071921,19.4,85.1,21.0,Depression,UNNAMED,1982
198251I,1982072000,19.5,85.0,20.0,Depression,UNNAMED,1982
198258I,1982080203,23.0,90.0,25.0,Depression,UNNAMED,1982
198258I,1982080206,22.9,90.0,25.0,Depression,UNNAMED,1982
198258I,1982080209,22.9,90.0,25.0,Depression,UNNAMED,1982
198258I,1982080212,23.0,90.0,25.0,Depression,UNNAMED,1982
198258I,1982080303,25.0,90.0,25.0,Depression,UNNAMED,1982
198258I,1982080306,25.2,90.2,25.0,Depression,UNNAMED,1982
198258I,1982080309,25.4,90.4,25.0,Depression,UNNAMED,1982
198258I,1982080312,25.5,90.5,25.0,Depression,UNNAMED,1982
198258I,1982080403,25.7,89.5,25.0,Depression,UNNAMED,1982
198263I,1982081203,20.0,88.5,25.0,Depression,UNNAMED,1982
198263I,1982081206,20.2,88.2,25.0,Depression,UNNAMED,1982
198263I,1982081209,20.3,87.8,25.0,Depression,UNNAMED,1982
198263I,1982081212,20.5,87.5,25.0,Depression,UNNAMED,1982
198263I,1982081215,20.5,87.3,25.0,Depression,UNNAMED,1982
198263I,1982081218,20.5,87.0,25.0,Depression,UNNAMED,1982
198266I,1982081803,21.0,88.0,25.0,Depression,UNNAMED,1982
198266I,1982081806,21.2,87.8,25.0,Depression,UNNAMED,1982
198266I,1982081809,21.3,87.7,25.0,Depression,UNNAMED,1982
198266I,1982081812,21.5,87.5,25.0,Depression,UNNAMED,1982
198266I,1982081903,22.0,86.5,25.0,Depression,UNNAMED,1982
198266I,1982081906,22.1,86.3,25.0,Depression,UNNAMED,1982
198266I,1982081909,22.1,86.2,25.0,Depression,UNNAMED,1982
198266I,1982081912,22.2,86.0,25.0,Depression,UNNAMED,1982
198267I,1982082503,26.0,80.0,25.0,Depression,UNNAMED,1982
198269I,1982082703,19.0,88.5,25.0,Depression,UNNAMED,1982
198269I,1982082706,19.4,88.3,25.0,Depression,UNNAMED,1982
198269I,1982082709,19.7,88.1,25.0,Depression,UNNAMED,1982
198269I,1982082712,20.0,88.0,25.0,Depression,UNNAMED,1982
198269I,1982082803,21.0,88.0,25.0,Depression,UNNAMED,1982
198269I,1982082806,21.1,88.0,25.0,Depression,UNNAMED,1982
198269I,1982082809,21.2,87.9,25.0,Depression,UNNAMED,1982
198269I,1982082812,21.2,87.7,25.0,Depression,UNNAMED,1982
198269I,1982082903,20.5,85.5,25.0,Depression,UNNAMED,1982
198269I,1982082906,20.6,85.3,25.0,Depression,UNNAMED,1982
198269I,1982082909,20.8,85.1,25.0,Depression,UNNAMED,1982
198269I,1982082912,21.0,85.0,25.0,Depression,UNNAMED,1982
198269I,1982083003,22.0,85.0,25.0,Depression,UNNAMED,1982
198269I,1982083006,22.3,85.0,25.0,Depression,UNNAMED,1982
198269I,1982083009,22.7,85.0,25.0,Depression,UNNAMED,1982
198269I,1982083012,23.0,85.0,25.0,Depression,UNNAMED,1982
198269I,1982083103,24.0,84.5,25.0,Depression,UNNAMED,1982
198269I,1982083106,24.4,83.7,25.0,Depression,UNNAMED,1982
198269I,1982083109,24.7,82.8,25.0,Depression,UNNAMED,1982
198269I,1982083112,25.0,82.0,25.0,Depression,UNNAMED,1982
198269I,1982090103,25.0,81.5,20.0,Depression,UNNAMED,1982
198269I,1982090106,25.0,81.4,20.0,Depression,UNNAMED,1982
198269I,1982090109,25.0,81.4,20.0,Depression,UNNAMED,1982
198269I,1982090112,25.0,81.3,20.0,Depression,UNNAMED,1982
198269I,1982090203,25.0,81.0,20.0,Depression,UNNAMED,1982
198269I,1982090206,25.1,80.7,20.0,Depression,UNNAMED,1982
198269I,1982090209,25.3,80.4,20.0,Depression,UNNAMED,1982
198269I,1982090212,25.5,80.0,20.0,Depression,UNNAMED,1982
198277I,1982090903,18.0,89.0,25.0,Depression,UNNAMED,1982
198277I,1982090906,18.2,88.3,25.0,Depression,UNNAMED,1982
198277I,1982090909,18.3,87.7,25.0,Depression,UNNAMED,1982
198277I,1982090912,18.5,87.0,25.0,Depression,UNNAMED,1982
198277I,1982091003,20.5,85.5,25.0,Depression,UNNAMED,1982
198291I,1982092900,22.0,91.5,30.0,Depression,UNNAMED,1982
198291I,1982092903,22.5,92.0,30.0,Depression,UNNAMED,1982
198292I,1982100103,13.5,71.0,25.0,Depression,UNNAMED,1982
198292I,1982100106,13.7,70.7,27.0,Depression,UNNAMED,1982
198292I,1982100109,13.8,70.3,28.0,Depression,UNNAMED,1982
198292I,1982100112,14.0,70.0,30.0,Depression,UNNAMED,1982
198292I,1982100203,14.5,69.0,25.0,Depression,UNNAMED,1982
198299I,1982101318,13.4,91.4,25.0,Depression,UNNAMED,1982
198299I,1982101320,13.4,91.4,27.0,Depression,UNNAMED,1982
198299I,1982101321,13.4,91.3,28.0,Depression,UNNAMED,1982
198299I,1982101400,13.7,90.9,30.0,Depression,UNNAMED,1982
198299I,1982101402,13.8,90.6,30.0,Depression,UNNAMED,1982
198299I,1982101403,13.9,90.4,30.0,Depression,UNNAMED,1982
198299I,1982101406,14.1,89.8,30.0,Depression,UNNAMED,1982
198299I,1982101409,14.4,89.2,30.0,Depression,UNNAMED,1982
198299I,1982101412,14.7,88.6,30.0,Depression,UNNAMED,1982
198299I,1982101414,14.8,88.2,32.0,Depression,UNNAMED,1982
198299I,1982101415,14.8,88.0,33.0,Depression,UNNAMED,1982
198299I,1982101418,14.9,87.5,35.0,Cyclonic Storm,UNNAMED,1982
198299I,1982101421,14.9,87.0,38.0,Cyclonic Storm,UNNAMED,1982
198299I,1982101500,14.9,86.5,40.0,Cyclonic Storm,UNNAMED,1982
198299I,1982101502,14.9,86.2,40.0,Cyclonic Storm,UNNAMED,1982
198299I,1982101503,15.0,86.1,30.0,Depression,UNNAMED,1982
198299I,1982101506,15.1,85.7,32.0,Depression,UNNAMED,1982
198299I,1982101509,15.2,85.3,33.0,Depression,UNNAMED,1982
198299I,1982101512,15.4,84.9,35.0,Cyclonic Storm,UNNAMED,1982
198299I,1982101514,15.5,84.6,38.0,Cyclonic Storm,UNNAMED,1982
198299I,1982101515,15.6,84.5,40.0,Cyclonic Storm,UNNAMED,1982
198299I,1982101518,15.8,84.0,45.0,Cyclonic Storm,UNNAMED,1982
198299I,1982101521,16.0,83.6,50.0,Severe Cyclonic Storm,UNNAMED,1982
198299I,1982101600,16.2,83.2,55.0,Severe Cyclonic Storm,UNNAMED,1982
198299I,1982101602,16.3,82.9,52.0,Severe Cyclonic Storm,UNNAMED,1982
198299I,1982101603,16.3,82.8,50.0,Severe Cyclonic Storm,UNNAMED,1982
198299I,1982101606,16.5,82.4,47.0,Cyclonic Storm,UNNAMED,1982
198299I,1982101609,16.6,82.1,43.0,Cyclonic Storm,UNNAMED,1982
198299I,1982101612,16.8,81.9,40.0,Cyclonic Storm,UNNAMED,1982
198299I,1982101614,16.9,81.7,35.0,Cyclonic Storm,UNNAMED,1982
198299I,1982101615,16.9,81.6,33.0,Depression,UNNAMED,1982
198299I,1982101618,17.1,81.4,25.0,Depression,UNNAMED,1982
198325I,1983062003,20.5,71.0,25.0,Depression,UNNAMED,1983
198325I,1983062006,20.6,70.6,25.0,Depression,UNNAMED,1983
198325I,1983062009,20.8,70.2,25.0,Depression,UNNAMED,1983
198325I,1983062012,21.0,70.0,25.0,Depression,UNNAMED,1983
198325I,1983062015,21.2,69.9,25.0,Depression,UNNAMED,1983
198325I,1983062018,21.5,70.0,25.0,Depression,UNNAMED,1983
198325I,1983062021,21.7,70.1,25.0,Depression,UNNAMED,1983
198325I,1983062100,21.9,70.3,25.0,Depression,UNNAMED,1983
198325I,1983062103,22.0,70.5,25.0,Depression,UNNAMED,1983
198325I,1983062203,22.5,71.0,25.0,Depression,UNNAMED,1983
198325I,1983062206,22.6,71.1,25.0,Depression,UNNAMED,1983
198325I,1983062209,22.8,71.3,25.0,Depression,UNNAMED,1983
198325I,1983062212,23.0,71.5,25.0,Depression,UNNAMED,1983
198327I,1983062403,18.0,87.0,30.0,Depression,UNNAMED,1983
198327I,1983062406,17.9,86.9,30.0,Depression,UNNAMED,1983
198327I,1983062409,17.9,86.7,30.0,Depression,UNNAMED,1983
198327I,1983062412,18.0,86.5,30.0,Depression,UNNAMED,1983
198327I,1983062415,18.2,86.3,30.0,Depression,UNNAMED,1983
198327I,1983062418,18.5,86.0,30.0,Depression,UNNAMED,1983
198327I,1983062421,18.7,85.8,30.0,Depression,UNNAMED,1983
198327I,1983062500,18.8,85.6,30.0,Depression,UNNAMED,1983
198327I,1983062503,19.0,85.5,30.0,Depression,UNNAMED,1983
198327I,1983062506,19.2,85.3,30.0,Depression,UNNAMED,1983
198327I,1983062509,19.4,85.2,30.0,Depression,UNNAMED,1983
198327I,1983062512,19.5,85.0,30.0,Depression,UNNAMED,1983
198327I,1983062515,19.5,84.8,30.0,Depression,UNNAMED,1983
198327I,1983062518,19.5,84.5,30.0,Depression,UNNAMED,1983
198327I,1983062521,19.6,84.2,28.0,Depression,UNNAMED,1983
198327I,1983062600,19.8,83.8,27.0,Depression,UNNAMED,1983
198327I,1983062603,20.0,83.5,25.0,Depression,UNNAMED,1983
198327I,1983062606,20.3,83.3,25.0,Depression,UNNAMED,1983
198327I,1983062609,20.7,83.2,25.0,Depression,UNNAMED,1983
198327I,1983062612,21.0,83.0,25.0,Depression,UNNAMED,1983
198327I,1983062703,22.0,81.0,25.0,Depression,UNNAMED,1983
198327I,1983062706,22.4,80.1,25.0,Depression,UNNAMED,1983
198327I,1983062709,22.9,79.1,25.0,Depression,UNNAMED,1983
198327I,1983062712,23.5,78.0,25.0,Depression,UNNAMED,1983
198342I,1983080400,23.0,87.5,25.0,Depression,UNNAMED,1983
198342I,1983080403,23.5,87.5,25.0,Depression,UNNAMED,1983
198342I,1983080406,24.0,88.0,25.0,Depression,UNNAMED,1983
198342I,1983080409,24.2,88.6,25.0,Depression,UNNAMED,1983
198342I,1983080412,24.0,89.0,25.0,Depression,UNNAMED,1983
198342I,1983080415,23.5,89.1,25.0,Depression,UNNAMED,1983
198342I,1983080418,23.0,89.0,25.0,Depression,UNNAMED,1983
198342I,1983080421,22.7,88.9,27.0,Depression,UNNAMED,1983
198342I,1983080500,22.5,88.8,28.0,Depression,UNNAMED,1983
198342I,1983080503,22.5,88.5,30.0,Depression,UNNAMED,1983
198342I,1983080506,22.6,88.0,30.0,Depression,UNNAMED,1983
198342I,1983080509,22.8,87.5,30.0,Depression,UNNAMED,1983
198342I,1983080512,23.0,87.0,30.0,Depression,UNNAMED,1983
198342I,1983080603,22.5,86.0,30.0,Depression,UNNAMED,1983
198342I,1983080606,22.5,85.6,30.0,Depression,UNNAMED,1983
198342I,1983080609,22.5,85.1,30.0,Depression,UNNAMED,1983
198342I,1983080612,22.5,84.5,30.0,Depression,UNNAMED,1983
198342I,1983080703,21.0,81.5,30.0,Depression,UNNAMED,1983
198342I,1983080706,20.9,81.2,28.0,Depression,UNNAMED,1983
198342I,1983080709,20.9,80.8,27.0,Depression,UNNAMED,1983
198342I,1983080712,21.0,80.0,25.0,Depression,UNNAMED,1983
198342I,1983080715,21.1,78.1,25.0,Depression,UNNAMED,1983
198342I,1983080718,21.3,75.7,25.0,Depression,UNNAMED,1983
198342I,1983080721,21.4,73.7,25.0,Depression,UNNAMED,1983
198342I,1983080800,21.5,72.5,25.0,Depression,UNNAMED,1983
198342I,1983080803,21.5,72.5,25.0,Depression,UNNAMED,1983
198342I,1983080806,21.5,72.0,25.0,Depression,UNNAMED,1983
198342I,1983080809,21.7,71.3,28.0,Depression,UNNAMED,1983
198342I,1983080812,22.0,70.5,30.0,Depression,UNNAMED,1983
198342I,1983080815,22.0,70.0,30.0,Depression,UNNAMED,1983
198342I,1983080818,22.0,69.5,30.0,Depression,UNNAMED,1983
198342I,1983080821,22.1,68.7,30.0,Depression,UNNAMED,1983
198342I,1983080900,22.2,67.0,30.0,Depression,UNNAMED,1983
198342I,1983080903,22.1,65.7,30.0,Depression,UNNAMED,1983
198342I,1983080906,22.0,64.5,30.0,Depression,UNNAMED,1983
198342I,1983080909,21.8,63.5,30.0,Depression,UNNAMED,1983
198342I,1983080912,21.6,62.6,30.0,Depression,UNNAMED,1983
198342I,1983080915,21.5,62.0,30.0,Depression,UNNAMED,1983
198342I,1983080918,21.3,61.4,30.0,Depression,UNNAMED,1983
198342I,1983080921,21.2,60.8,30.0,Depression,UNNAMED,1983
198342I,1983081000,21.1,60.2,30.0,Depression,UNNAMED,1983
198342I,1983081003,21.0,59.7,30.0,Depression,UNNAMED,1983
198342I,1983081006,21.0,59.2,28.0,Depression,UNNAMED,1983
198342I,1983081009,21.0,58.9,27.0,Depression,UNNAMED,1983
198342I,1983081012,21.1,58.4,25.0,Depression,UNNAMED,1983
198342I,1983081015,21.5,58.3,25.0,Depression,UNNAMED,1983
198342I,1983081018,21.5,57.5,25.0,Depression,UNNAMED,1983
198356I,1983090900,25.0,82.5,25.0,Depression,UNNAMED,1983
198356I,1983090903,24.5,82.0,25.0,Depression,UNNAMED,1983
198356I,1983090906,24.5,81.0,25.0,Depression,UNNAMED,1983
198356I,1983090909,24.5,80.4,25.0,Depression,UNNAMED,1983
198356I,1983090912,24.5,80.0,25.0,Depression,UNNAMED,1983
198356I,1983090915,24.7,79.7,25.0,Depression,UNNAMED,1983
198356I,1983090918,25.0,79.5,25.0,Depression,UNNAMED,1983
198356I,1983090921,25.0,79.4,25.0,Depression,UNNAMED,1983
198356I,1983091000,25.5,79.5,25.0,Depression,UNNAMED,1983
198356I,1983091003,27.0,80.0,25.0,Depression,UNNAMED,1983
198356I,1983091006,27.5,80.0,25.0,Depression,UNNAMED,1983
198356I,1983091009,27.8,79.8,25.0,Depression,UNNAMED,1983
198356I,1983091012,28.0,79.5,25.0,Depression,UNNAMED,1983
198366I,1983100100,18.2,88.6,25.0,Depression,UNNAMED,1983
198366I,1983100103,18.2,88.4,25.0,Depression,UNNAMED,1983
198366I,1983100106,18.1,88.3,25.0,Depression,UNNAMED,1983
198366I,1983100109,18.1,88.1,28.0,Depression,UNNAMED,1983
198366I,1983100112,18.1,87.9,30.0,Depression,UNNAMED,1983
198366I,1983100115,18.1,87.7,30.0,Depression,UNNAMED,1983
198366I,1983100118,18.0,87.6,30.0,Depression,UNNAMED,1983
198366I,1983100121,18.0,87.4,30.0,Depression,UNNAMED,1983
198366I,1983100200,18.0,87.2,30.0,Depression,UNNAMED,1983
198366I,1983100203,18.0,87.0,30.0,Depression,UNNAMED,1983
198366I,1983100206,17.9,86.7,30.0,Depression,UNNAMED,1983
198366I,1983100209,17.9,86.5,30.0,Depression,UNNAMED,1983
198366I,1983100212,17.9,86.2,30.0,Depression,UNNAMED,1983
198366I,1983100215,17.9,85.9,33.0,Depression,UNNAMED,1983
198366I,1983100218,17.9,85.7,35.0,Cyclonic Storm,UNNAMED,1983
198366I,1983100221,17.9,85.4,40.0,Cyclonic Storm,UNNAMED,1983
198366I,1983100300,17.9,85.2,45.0,Cyclonic Storm,UNNAMED,1983
198366I,1983100303,17.9,85.0,48.0,Severe Cyclonic Storm,UNNAMED,1983
198366I,1983100306,17.9,84.8,50.0,Severe Cyclonic Storm,UNNAMED,1983
198366I,1983100309,17.9,84.6,50.0,Severe Cyclonic Storm,UNNAMED,1983
198366I,1983100312,17.9,84.3,50.0,Severe Cyclonic Storm,UNNAMED,1983
198366I,1983100315,18.0,83.9,50.0,Severe Cyclonic Storm,UNNAMED,1983
198366I,1983100318,18.1,83.4,50.0,Severe Cyclonic Storm,UNNAMED,1983
198366I,1983100321,18.3,82.8,48.0,Severe Cyclonic Storm,UNNAMED,1983
198366I,1983100400,18.5,82.3,45.0,Cyclonic Storm,UNNAMED,1983
198371I,1983101812,14.6,99.6,20.0,Depression,KIM,1983
198371I,1983101815,14.7,99.0,23.0,Depression,KIM,1983
198371I,1983101818,14.8,98.4,25.0,Depression,KIM,1983
198371I,1983101821,14.9,97.6,25.0,Depression,KIM,1983
198371I,1983101900,15.1,96.9,25.0,Depression,KIM,1983
198371I,1983101903,15.4,96.3,28.0,Depression,KIM,1983
198371I,1983101906,15.9,95.7,30.0,Depression,KIM,1983
198371I,1983101909,16.4,95.2,30.0,Depression,KIM,1983
198371I,1983101912,16.9,94.8,30.0,Depression,KIM,1983
198371I,1983101915,17.3,94.5,30.0,Depression,KIM,1983
198371I,1983101918,17.7,94.2,30.0,Depression,KIM,1983
198371I,1983101921,18.0,93.9,28.0,Depression,KIM,1983
198371I,1983102000,18.4,93.7,25.0,Depression,KIM,1983
198371I,1983102003,18.8,93.5,25.0,Depression,KIM,1983
198371I,1983102006,19.2,93.2,25.0,Depression,KIM,1983
198371I,1983102009,19.5,93.0,25.0,Depression,KIM,1983
198371I,1983102012,19.9,92.9,25.0,Depression,KIM,1983
198371I,1983102015,20.4,92.6,23.0,Depression,KIM,1983
198371I,1983102018,20.9,92.5,20.0,Depression,KIM,1983
198375I,1983101403,19.0,91.0,25.0,Depression,HERBERT,1983
198375I,1983101406,19.1,90.8,35.0,Cyclonic Storm,HERBERT,1983
198375I,1983101409,19.3,90.6,45.0,Cyclonic Storm,HERBERT,1983
198375I,1983101412,19.5,90.5,55.0,Severe Cyclonic Storm,HERBERT,1983
198375I,1983101503,21.5,91.5,55.0,Severe Cyclonic Storm,HERBERT,1983
198375I,1983101506,21.6,91.6,50.0,Severe Cyclonic Storm,HERBERT,1983
198375I,1983101509,21.6,91.6,45.0,Cyclonic Storm,HERBERT,1983
198375I,1983101512,21.5,91.5,40.0,Cyclonic Storm,HERBERT,1983
198380I,1983110506,9.6,91.2,20.0,Depression,UNNAMED,1983
198380I,1983110509,10.0,91.2,20.0,Depression,UNNAMED,1983
198380I,1983110512,10.4,91.2,20.0,Depression,UNNAMED,1983
198380I,1983110515,10.8,91.1,20.0,Depression,UNNAMED,1983
198380I,1983110518,11.3,90.9,20.0,Depression,UNNAMED,1983
198380I,1983110521,11.8,90.5,23.0,Depression,UNNAMED,1983
198380I,1983110600,12.3,90.1,25.0,Depression,UNNAMED,1983
198380I,1983110603,12.7,89.6,25.0,Depression,UNNAMED,1983
198380I,1983110606,13.1,89.1,30.0,Depression,UNNAMED,1983
198380I,1983110609,13.5,88.6,35.0,Cyclonic Storm,UNNAMED,1983
198380I,1983110612,13.9,88.3,40.0,Cyclonic Storm,UNNAMED,1983
198380I,1983110615,14.3,88.2,30.0,Depression,UNNAMED,1983
198380I,1983110618,14.7,88.2,30.0,Depression,UNNAMED,1983
198380I,1983110621,15.1,88.3,30.0,Depression,UNNAMED,1983
198380I,1983110700,15.5,88.4,30.0,Depression,UNNAMED,1983
198380I,1983110703,15.7,88.5,45.0,Cyclonic Storm,UNNAMED,1983
198380I,1983110706,15.9,88.6,45.0,Cyclonic Storm,UNNAMED,1983
198380I,1983110709,15.9,88.7,45.0,Cyclonic Storm,UNNAMED,1983
198380I,1983110712,16.0,88.8,45.0,Cyclonic Storm,UNNAMED,1983
198380I,1983110715,16.2,88.9,38.0,Cyclonic Storm,UNNAMED,1983
198380I,1983110718,16.4,89.1,40.0,Cyclonic Storm,UNNAMED,1983
198380I,1983110721,16.6,89.2,40.0,Cyclonic Storm,UNNAMED,1983
198380I,1983110800,16.8,89.3,40.0,Cyclonic Storm,UNNAMED,1983
198380I,1983110803,17.1,89.5,65.0,Very Severe Cyclonic Storm,UNNAMED,1983
198380I,1983110806,17.4,89.8,73.0,Very Severe Cyclonic Storm,UNNAMED,1983
198380I,1983110809,17.8,90.0,82.0,Very Severe Cyclonic Storm,UNNAMED,1983
198380I,1983110812,18.1,90.2,90.0,Extremely Severe/Super Cyclone,UNNAMED,1983
198380I,1983110815,18.4,90.3,48.0,Severe Cyclonic Storm,UNNAMED,1983
198380I,1983110818,18.6,90.4,50.0,Severe Cyclonic Storm,UNNAMED,1983
198380I,1983110821,18.8,90.5,53.0,Severe Cyclonic Storm,UNNAMED,1983
198380I,1983110900,19.1,90.6,55.0,Severe Cyclonic Storm,UNNAMED,1983
198380I,1983110903,19.7,90.7,90.0,Extremely Severe/Super Cyclone,UNNAMED,1983
198380I,1983110906,20.5,91.0,55.0,Severe Cyclonic Storm,UNNAMED,1983
198380I,1983110909,21.2,91.4,55.0,Severe Cyclonic Storm,UNNAMED,1983
198380I,1983110912,21.8,91.9,55.0,Severe Cyclonic Storm,UNNAMED,1983
198380I,1983110915,22.2,92.3,45.0,Cyclonic Storm,UNNAMED,1983
198380I,1983110918,22.5,92.6,35.0,Cyclonic Storm,UNNAMED,1983
198397I,1983122112,7.5,81.0,25.0,Depression,UNNAMED,1983
198397I,1983122203,8.5,80.5,25.0,Depression,UNNAMED,1983
198397I,1983122206,8.8,80.2,25.0,Depression,UNNAMED,1983
198397I,1983122209,9.2,79.8,25.0,Depression,UNNAMED,1983
198397I,1983122212,9.5,79.5,25.0,Depression,UNNAMED,1983
1984104I,1984110900,8.8,88.0,20.0,Depression,UNNAMED,1984
1984104I,1984110903,8.9,87.7,23.0,Depression,UNNAMED,1984
1984104I,1984110906,9.0,87.3,25.0,Depression,UNNAMED,1984
1984104I,1984110909,9.2,87.1,25.0,Depression,UNNAMED,1984
1984104I,1984110912,9.3,86.9,25.0,Depression,UNNAMED,1984
1984104I,1984110915,9.4,86.7,28.0,Depression,UNNAMED,1984
1984104I,1984110918,9.5,86.6,30.0,Depression,UNNAMED,1984
1984104I,1984110921,9.6,86.5,30.0,Depression,UNNAMED,1984
1984104I,1984111000,9.7,86.3,30.0,Depression,UNNAMED,1984
1984104I,1984111003,9.8,86.0,30.0,Depression,UNNAMED,1984
1984104I,1984111006,9.9,85.7,30.0,Depression,UNNAMED,1984
1984104I,1984111009,10.0,85.3,30.0,Depression,UNNAMED,1984
1984104I,1984111012,10.1,84.8,30.0,Depression,UNNAMED,1984
1984104I,1984111015,10.2,84.2,30.0,Depression,UNNAMED,1984
1984104I,1984111018,10.2,83.7,30.0,Depression,UNNAMED,1984
1984104I,1984111021,10.3,83.2,30.0,Depression,UNNAMED,1984
1984104I,1984111100,10.4,82.8,30.0,Depression,UNNAMED,1984
1984104I,1984111103,10.5,82.5,30.0,Depression,UNNAMED,1984
1984104I,1984111106,10.6,82.0,35.0,Cyclonic Storm,UNNAMED,1984
1984104I,1984111109,10.7,81.7,38.0,Cyclonic Storm,UNNAMED,1984
1984104I,1984111112,10.9,81.4,40.0,Cyclonic Storm,UNNAMED,1984
1984104I,1984111115,11.0,81.2,65.0,Very Severe Cyclonic Storm,UNNAMED,1984
1984104I,1984111118,11.2,81.0,70.0,Very Severe Cyclonic Storm,UNNAMED,1984
1984104I,1984111121,11.4,80.8,73.0,Very Severe Cyclonic Storm,UNNAMED,1984
1984104I,1984111200,11.7,80.7,75.0,Very Severe Cyclonic Storm,UNNAMED,1984
1984104I,1984111203,11.9,80.6,55.0,Severe Cyclonic Storm,UNNAMED,1984
1984104I,1984111206,12.2,80.6,67.0,Very Severe Cyclonic Storm,UNNAMED,1984
1984104I,1984111209,12.4,80.6,78.0,Very Severe Cyclonic Storm,UNNAMED,1984
1984104I,1984111212,12.7,80.6,90.0,Extremely Severe/Super Cyclone,UNNAMED,1984
1984104I,1984111215,13.0,80.6,83.0,Very Severe Cyclonic Storm,UNNAMED,1984
1984104I,1984111218,13.3,80.6,85.0,Very Severe Cyclonic Storm,UNNAMED,1984
1984104I,1984111221,13.6,80.7,85.0,Very Severe Cyclonic Storm,UNNAMED,1984
1984104I,1984111300,13.7,80.7,85.0,Very Severe Cyclonic Storm,UNNAMED,1984
1984104I,1984111303,13.7,80.7,90.0,Extremely Severe/Super Cyclone,UNNAMED,1984
1984104I,1984111306,13.6,80.7,94.0,Extremely Severe/Super Cyclone,UNNAMED,1984
1984104I,1984111309,13.5,80.7,98.0,Extremely Severe/Super Cyclone,UNNAMED,1984
1984104I,1984111312,13.4,80.6,102.0,Extremely Severe/Super Cyclone,UNNAMED,1984
1984104I,1984111315,13.5,80.4,109.0,Extremely Severe/Super Cyclone,UNNAMED,1984
1984104I,1984111318,13.5,80.3,115.0,Extremely Severe/Super Cyclone,UNNAMED,1984
1984104I,1984111321,13.6,80.2,115.0,Extremely Severe/Super Cyclone,UNNAMED,1984
1984104I,1984111400,13.7,80.2,115.0,Extremely Severe/Super Cyclone,UNNAMED,1984
1984104I,1984111403,13.8,80.2,115.0,Extremely Severe/Super Cyclone,UNNAMED,1984
1984104I,1984111406,13.8,80.2,98.0,Extremely Severe/Super Cyclone,UNNAMED,1984
1984104I,1984111409,13.9,80.1,82.0,Very Severe Cyclonic Storm,UNNAMED,1984
1984104I,1984111412,13.9,80.1,65.0,Very Severe Cyclonic Storm,UNNAMED,1984
1984104I,1984111415,14.0,80.2,65.0,Very Severe Cyclonic Storm,UNNAMED,1984
1984104I,1984111418,14.1,80.2,60.0,Severe Cyclonic Storm,UNNAMED,1984
1984104I,1984111421,14.1,80.1,53.0,Severe Cyclonic Storm,UNNAMED,1984
1984104I,1984111500,14.1,80.1,45.0,Cyclonic Storm,UNNAMED,1984
1984104I,1984111503,14.1,80.1,40.0,Cyclonic Storm,UNNAMED,1984
1984104I,1984111506,14.1,80.1,35.0,Cyclonic Storm,UNNAMED,1984
1984109I,1984112706,8.4,85.8,25.0,Depression,UNNAMED,1984
1984109I,1984112709,8.5,85.7,25.0,Depression,UNNAMED,1984
1984109I,1984112712,8.6,85.5,25.0,Depression,UNNAMED,1984
1984109I,1984112715,8.7,85.4,28.0,Depression,UNNAMED,1984
1984109I,1984112718,8.7,85.2,30.0,Depression,UNNAMED,1984
1984109I,1984112721,8.8,85.1,30.0,Depression,UNNAMED,1984
1984109I,1984112800,8.9,85.0,30.0,Depression,UNNAMED,1984
1984109I,1984112803,9.1,84.9,25.0,Depression,UNNAMED,1984
1984109I,1984112806,9.3,84.7,27.0,Depression,UNNAMED,1984
1984109I,1984112809,9.5,84.6,28.0,Depression,UNNAMED,1984
1984109I,1984112812,9.6,84.6,30.0,Depression,UNNAMED,1984
1984109I,1984112815,9.8,84.6,35.0,Cyclonic Storm,UNNAMED,1984
1984109I,1984112818,9.9,84.7,40.0,Cyclonic Storm,UNNAMED,1984
1984109I,1984112821,10.0,84.8,43.0,Cyclonic Storm,UNNAMED,1984
1984109I,1984112900,10.0,84.9,45.0,Cyclonic Storm,UNNAMED,1984
1984109I,1984112903,10.0,85.0,45.0,Cyclonic Storm,UNNAMED,1984
1984109I,1984112906,9.9,85.1,45.0,Cyclonic Storm,UNNAMED,1984
1984109I,1984112909,9.8,85.2,45.0,Cyclonic Storm,UNNAMED,1984
1984109I,1984112912,9.6,85.2,50.0,Severe Cyclonic Storm,UNNAMED,1984
1984109I,1984112915,9.5,85.2,50.0,Severe Cyclonic Storm,UNNAMED,1984
1984109I,1984112918,9.4,85.1,50.0,Severe Cyclonic Storm,UNNAMED,1984
1984109I,1984112921,9.4,84.9,53.0,Severe Cyclonic Storm,UNNAMED,1984
1984109I,1984113000,9.5,84.8,55.0,Severe Cyclonic Storm,UNNAMED,1984
1984109I,1984113003,9.6,84.6,115.0,Extremely Severe/Super Cyclone,UNNAMED,1984
1984109I,1984113006,9.8,84.4,60.0,Severe Cyclonic Storm,UNNAMED,1984
1984109I,1984113009,10.0,84.2,63.0,Severe Cyclonic Storm,UNNAMED,1984
1984109I,1984113012,10.2,83.8,65.0,Very Severe Cyclonic Storm,UNNAMED,1984
1984109I,1984113015,10.3,83.3,65.0,Very Severe Cyclonic Storm,UNNAMED,1984
1984109I,1984113018,10.4,82.8,65.0,Very Severe Cyclonic Storm,UNNAMED,1984
1984109I,1984113021,10.5,82.3,68.0,Very Severe Cyclonic Storm,UNNAMED,1984
1984109I,1984120100,10.6,81.7,70.0,Very Severe Cyclonic Storm,UNNAMED,1984
1984109I,1984120103,10.8,81.1,115.0,Extremely Severe/Super Cyclone,UNNAMED,1984
1984109I,1984120106,10.9,80.5,95.0,Extremely Severe/Super Cyclone,UNNAMED,1984
1984109I,1984120109,11.2,79.9,75.0,Very Severe Cyclonic Storm,UNNAMED,1984
1984109I,1984120112,11.5,79.3,55.0,Severe Cyclonic Storm,UNNAMED,1984
1984109I,1984120115,11.7,78.5,43.0,Cyclonic Storm,UNNAMED,1984
1984109I,1984120118,11.8,77.7,30.0,Depression,UNNAMED,1984
1984109I,1984120121,11.8,76.8,28.0,Depression,UNNAMED,1984
1984109I,1984120200,11.8,75.9,27.0,Depression,UNNAMED,1984
1984109I,1984120203,11.6,75.1,25.0,Depression,UNNAMED,1984
1984109I,1984120206,11.4,74.4,20.0,Depression,UNNAMED,1984
1984109I,1984120209,11.2,73.6,20.0,Depression,UNNAMED,1984
1984109I,1984120212,11.1,72.8,20.0,Depression,UNNAMED,1984
1984109I,1984120215,11.0,72.0,23.0,Depression,UNNAMED,1984
1984109I,1984120218,11.0,71.2,25.0,Depression,UNNAMED,1984
1984109I,1984120221,10.9,70.4,28.0,Depression,UNNAMED,1984
1984109I,1984120300,10.9,69.8,30.0,Depression,UNNAMED,1984
1984109I,1984120303,10.9,69.2,30.0,Depression,UNNAMED,1984
1984109I,1984120306,10.9,68.6,30.0,Depression,UNNAMED,1984
1984109I,1984120309,10.8,68.1,30.0,Depression,UNNAMED,1984
1984109I,1984120312,10.8,67.6,30.0,Depression,UNNAMED,1984
1984109I,1984120315,10.8,67.1,33.0,Depression,UNNAMED,1984
1984109I,1984120318,10.7,66.5,35.0,Cyclonic Storm,UNNAMED,1984
1984109I,1984120321,10.6,66.0,38.0,Cyclonic Storm,UNNAMED,1984
1984109I,1984120400,10.6,65.8,25.0,Depression,UNNAMED,1984
1984109I,1984120403,10.5,64.9,30.0,Depression,UNNAMED,1984
1984109I,1984120406,10.4,64.0,30.0,Depression,UNNAMED,1984
1984109I,1984120409,10.2,63.4,30.0,Depression,UNNAMED,1984
1984109I,1984120412,10.1,63.0,30.0,Depression,UNNAMED,1984
1984109I,1984120415,10.0,62.5,53.0,Severe Cyclonic Storm,UNNAMED,1984
1984109I,1984120418,9.9,62.0,55.0,Severe Cyclonic Storm,UNNAMED,1984
1984109I,1984120421,9.9,61.4,55.0,Severe Cyclonic Storm,UNNAMED,1984
1984109I,1984120500,9.7,60.8,55.0,Severe Cyclonic Storm,UNNAMED,1984
1984109I,1984120503,9.5,60.0,30.0,Depression,UNNAMED,1984
1984109I,1984120506,9.2,59.1,25.0,Depression,UNNAMED,1984
1984109I,1984120509,8.9,58.3,25.0,Depression,UNNAMED,1984
1984109I,1984120512,8.7,57.4,25.0,Depression,UNNAMED,1984
1984109I,1984120515,8.5,56.7,60.0,Severe Cyclonic Storm,UNNAMED,1984
1984109I,1984120518,8.3,55.9,60.0,Severe Cyclonic Storm,UNNAMED,1984
1984109I,1984120521,8.2,55.2,60.0,Severe Cyclonic Storm,UNNAMED,1984
1984109I,1984120600,8.1,54.6,60.0,Severe Cyclonic Storm,UNNAMED,1984
1984109I,1984120603,8.1,54.0,60.0,Severe Cyclonic Storm,UNNAMED,1984
1984109I,1984120606,8.1,53.5,60.0,Severe Cyclonic Storm,UNNAMED,1984
1984109I,1984120609,8.1,53.0,60.0,Severe Cyclonic Storm,UNNAMED,1984
1984109I,1984120612,8.1,52.5,60.0,Severe Cyclonic Storm,UNNAMED,1984
1984109I,1984120615,8.1,52.0,58.0,Severe Cyclonic Storm,UNNAMED,1984
1984109I,1984120618,8.1,51.6,55.0,Severe Cyclonic Storm,UNNAMED,1984
1984109I,1984120621,8.1,51.2,53.0,Severe Cyclonic Storm,UNNAMED,1984
1984109I,1984120700,8.0,50.8,50.0,Severe Cyclonic Storm,UNNAMED,1984
1984109I,1984120703,7.9,50.5,43.0,Cyclonic Storm,UNNAMED,1984
1984109I,1984120706,7.7,50.1,35.0,Cyclonic Storm,UNNAMED,1984
1984109I,1984120709,7.4,49.7,33.0,Depression,UNNAMED,1984
1984109I,1984120712,7.0,49.2,30.0,Depression,UNNAMED,1984
1984109I,1984120715,6.4,48.8,28.0,Depression,UNNAMED,1984
1984109I,1984120718,5.8,48.4,25.0,Depression,UNNAMED,1984
1984109I,1984120721,5.3,48.1,23.0,Depression,UNNAMED,1984
1984109I,1984120800,5.0,47.8,20.0,Depression,UNNAMED,1984
1984109I,1984120803,4.8,47.4,18.0,Depression,UNNAMED,1984
1984109I,1984120806,4.7,47.0,15.0,Depression,UNNAMED,1984
198429I,1984052312,10.7,56.2,20.0,Depression,UNNAMED,1984
198429I,1984052315,10.8,56.1,20.0,Depression,UNNAMED,1984
198429I,1984052318,10.9,56.0,20.0,Depression,UNNAMED,1984
198429I,1984052321,11.0,55.8,20.0,Depression,UNNAMED,1984
198429I,1984052400,11.1,55.7,20.0,Depression,UNNAMED,1984
198429I,1984052403,11.2,55.6,20.0,Depression,UNNAMED,1984
198429I,1984052406,11.3,55.5,20.0,Depression,UNNAMED,1984
198429I,1984052409,11.4,55.4,20.0,Depression,UNNAMED,1984
198429I,1984052412,11.5,55.3,20.0,Depression,UNNAMED,1984
198429I,1984052415,11.6,55.2,23.0,Depression,UNNAMED,1984
198429I,1984052418,11.7,55.2,25.0,Depression,UNNAMED,1984
198429I,1984052421,11.8,55.0,25.0,Depression,UNNAMED,1984
198429I,1984052500,11.9,54.9,25.0,Depression,UNNAMED,1984
198429I,1984052503,12.0,54.8,25.0,Depression,UNNAMED,1984
198429I,1984052506,12.1,54.7,25.0,Depression,UNNAMED,1984
198429I,1984052509,12.1,54.6,28.0,Depression,UNNAMED,1984
198429I,1984052512,12.2,54.4,30.0,Depression,UNNAMED,1984
198429I,1984052515,12.3,54.2,30.0,Depression,UNNAMED,1984
198429I,1984052518,12.4,53.9,30.0,Depression,UNNAMED,1984
198429I,1984052521,12.6,53.7,33.0,Depression,UNNAMED,1984
198429I,1984052600,12.7,53.4,35.0,Cyclonic Storm,UNNAMED,1984
198429I,1984052603,12.8,53.2,35.0,Cyclonic Storm,UNNAMED,1984
198429I,1984052606,13.0,53.0,35.0,Cyclonic Storm,UNNAMED,1984
198429I,1984052609,13.1,52.7,38.0,Cyclonic Storm,UNNAMED,1984
198429I,1984052612,13.2,52.4,40.0,Cyclonic Storm,UNNAMED,1984
198429I,1984052615,13.4,52.1,40.0,Cyclonic Storm,UNNAMED,1984
198429I,1984052618,13.5,51.6,40.0,Cyclonic Storm,UNNAMED,1984
198429I,1984052621,13.6,51.1,43.0,Cyclonic Storm,UNNAMED,1984
198429I,1984052700,13.5,50.4,45.0,Cyclonic Storm,UNNAMED,1984
198429I,1984052703,13.3,49.7,45.0,Cyclonic Storm,UNNAMED,1984
198429I,1984052706,13.0,49.0,45.0,Cyclonic Storm,UNNAMED,1984
198429I,1984052709,12.7,48.3,43.0,Cyclonic Storm,UNNAMED,1984
198429I,1984052712,12.3,47.6,40.0,Cyclonic Storm,UNNAMED,1984
198429I,1984052715,12.0,46.8,38.0,Cyclonic Storm,UNNAMED,1984
198429I,1984052718,11.6,45.9,35.0,Cyclonic Storm,UNNAMED,1984
198429I,1984052721,11.3,45.3,35.0,Cyclonic Storm,UNNAMED,1984
198429I,1984052800,10.9,44.8,35.0,Cyclonic Storm,UNNAMED,1984
198429I,1984052803,10.5,44.5,33.0,Depression,UNNAMED,1984
198429I,1984052806,10.0,44.4,30.0,Depression,UNNAMED,1984
198431I,1984060512,18.5,67.5,25.0,Depression,UNNAMED,1984
198431I,1984060603,20.0,67.5,25.0,Depression,UNNAMED,1984
198431I,1984060606,20.5,67.5,25.0,Depression,UNNAMED,1984
198431I,1984060609,21.0,67.5,25.0,Depression,UNNAMED,1984
198431I,1984060612,21.5,67.5,25.0,Depression,UNNAMED,1984
198448I,1984073103,20.0,88.5,25.0,Depression,UNNAMED,1984
198448I,1984073106,20.0,87.8,25.0,Depression,UNNAMED,1984
198448I,1984073109,20.0,87.1,25.0,Depression,UNNAMED,1984
198448I,1984073112,20.0,86.5,25.0,Depression,UNNAMED,1984
198448I,1984080103,20.5,85.0,25.0,Depression,UNNAMED,1984
198448I,1984080106,20.6,84.7,25.0,Depression,UNNAMED,1984
198448I,1984080109,20.8,84.3,25.0,Depression,UNNAMED,1984
198448I,1984080112,21.0,84.0,25.0,Depression,UNNAMED,1984
198448I,1984080203,22.0,82.0,25.0,Depression,UNNAMED,1984
198448I,1984080206,22.3,81.5,25.0,Depression,UNNAMED,1984
198448I,1984080209,22.7,81.0,25.0,Depression,UNNAMED,1984
198448I,1984080212,23.0,80.5,25.0,Depression,UNNAMED,1984
198448I,1984080303,23.5,79.0,25.0,Depression,UNNAMED,1984
198448I,1984080306,23.6,78.4,25.0,Depression,UNNAMED,1984
198448I,1984080309,23.8,77.7,25.0,Depression,UNNAMED,1984
198448I,1984080312,24.0,77.0,25.0,Depression,UNNAMED,1984
198448I,1984080315,24.2,76.5,25.0,Depression,UNNAMED,1984
198448I,1984080318,24.5,76.0,25.0,Depression,UNNAMED,1984
198448I,1984080321,24.7,75.7,25.0,Depression,UNNAMED,1984
198448I,1984080400,24.8,75.4,25.0,Depression,UNNAMED,1984
198448I,1984080403,25.0,75.0,25.0,Depression,UNNAMED,1984
198448I,1984080406,25.3,74.4,25.0,Depression,UNNAMED,1984
198448I,1984080409,25.7,73.7,25.0,Depression,UNNAMED,1984
198448I,1984080412,26.0,73.0,25.0,Depression,UNNAMED,1984
198448I,1984080503,25.5,71.5,25.0,Depression,UNNAMED,1984
198448I,1984080506,25.5,71.2,25.0,Depression,UNNAMED,1984
198448I,1984080509,25.5,70.8,25.0,Depression,UNNAMED,1984
198448I,1984080512,25.5,70.5,25.0,Depression,UNNAMED,1984
198448I,1984080603,25.5,69.0,25.0,Depression,UNNAMED,1984
198448I,1984080606,25.3,68.3,25.0,Depression,UNNAMED,1984
198448I,1984080609,25.1,67.5,25.0,Depression,UNNAMED,1984
198448I,1984080612,25.0,67.0,25.0,Depression,UNNAMED,1984
198448I,1984080703,25.5,69.0,25.0,Depression,UNNAMED,1984
198448I,1984080706,25.3,68.4,25.0,Depression,UNNAMED,1984
198448I,1984080709,25.1,67.6,25.0,Depression,UNNAMED,1984
198448I,1984080712,25.0,67.0,25.0,Depression,UNNAMED,1984
198448I,1984080715,25.0,66.9,25.0,Depression,UNNAMED,1984
198448I,1984080718,25.0,67.0,25.0,Depression,UNNAMED,1984
198458I,1984081500,19.5,90.5,25.0,Depression,UNNAMED,1984
198458I,1984081503,20.0,90.0,25.0,Depression,UNNAMED,1984
198458I,1984081506,20.4,89.1,25.0,Depression,UNNAMED,1984
198458I,1984081509,20.7,88.0,25.0,Depression,UNNAMED,1984
198458I,1984081512,21.0,87.0,25.0,Depression,UNNAMED,1984
198458I,1984081603,21.7,86.5,25.0,Depression,UNNAMED,1984
198458I,1984081606,21.8,86.2,25.0,Depression,UNNAMED,1984
198458I,1984081609,21.9,85.9,25.0,Depression,UNNAMED,1984
198458I,1984081612,22.0,85.5,25.0,Depression,UNNAMED,1984
198458I,1984081703,23.0,84.0,25.0,Depression,UNNAMED,1984
198458I,1984081706,23.4,83.5,25.0,Depression,UNNAMED,1984
198458I,1984081709,23.7,83.0,25.0,Depression,UNNAMED,1984
198458I,1984081712,24.0,82.5,25.0,Depression,UNNAMED,1984
198458I,1984081803,23.5,80.5,25.0,Depression,UNNAMED,1984
198458I,1984081806,23.5,79.8,25.0,Depression,UNNAMED,1984
198458I,1984081809,23.5,79.1,25.0,Depression,UNNAMED,1984
198458I,1984081812,23.5,78.5,25.0,Depression,UNNAMED,1984
198458I,1984081903,24.5,78.5,25.0,Depression,UNNAMED,1984
198458I,1984081906,24.8,78.5,25.0,Depression,UNNAMED,1984
198458I,1984081909,25.2,78.5,25.0,Depression,UNNAMED,1984
198458I,1984081912,25.5,78.5,25.0,Depression,UNNAMED,1984
198493I,1984101012,16.8,88.6,25.0,Depression,UNNAMED,1984
198493I,1984101015,17.1,88.6,25.0,Depression,UNNAMED,1984
198493I,1984101018,17.4,88.6,25.0,Depression,UNNAMED,1984
198493I,1984101021,17.6,88.6,25.0,Depression,UNNAMED,1984
198493I,1984101100,17.7,88.6,25.0,Depression,UNNAMED,1984
198493I,1984101103,17.9,88.6,28.0,Depression,UNNAMED,1984
198493I,1984101106,18.0,88.6,30.0,Depression,UNNAMED,1984
198493I,1984101109,18.1,88.6,30.0,Depression,UNNAMED,1984
198493I,1984101112,18.2,88.6,30.0,Depression,UNNAMED,1984
198493I,1984101115,18.3,88.6,33.0,Depression,UNNAMED,1984
198493I,1984101118,18.4,88.6,35.0,Cyclonic Storm,UNNAMED,1984
198493I,1984101121,18.6,88.6,35.0,Cyclonic Storm,UNNAMED,1984
198493I,1984101200,18.7,88.6,35.0,Cyclonic Storm,UNNAMED,1984
198493I,1984101203,18.8,88.6,38.0,Cyclonic Storm,UNNAMED,1984
198493I,1984101206,19.0,88.6,40.0,Cyclonic Storm,UNNAMED,1984
198493I,1984101209,19.1,88.5,40.0,Cyclonic Storm,UNNAMED,1984
198493I,1984101212,19.2,88.5,40.0,Cyclonic Storm,UNNAMED,1984
198493I,1984101215,19.3,88.5,43.0,Cyclonic Storm,UNNAMED,1984
198493I,1984101218,19.5,88.4,45.0,Cyclonic Storm,UNNAMED,1984
198493I,1984101221,19.6,88.4,45.0,Cyclonic Storm,UNNAMED,1984
198493I,1984101300,19.6,88.3,25.0,Depression,UNNAMED,1984
198493I,1984101303,19.7,88.1,25.0,Depression,UNNAMED,1984
198493I,1984101306,19.9,87.9,38.0,Cyclonic Storm,UNNAMED,1984
198493I,1984101309,20.1,87.8,52.0,Severe Cyclonic Storm,UNNAMED,1984
198493I,1984101312,20.3,87.8,65.0,Very Severe Cyclonic Storm,UNNAMED,1984
198493I,1984101315,20.4,87.7,38.0,Cyclonic Storm,UNNAMED,1984
198493I,1984101318,20.6,87.6,35.0,Cyclonic Storm,UNNAMED,1984
198493I,1984101321,20.7,87.4,35.0,Cyclonic Storm,UNNAMED,1984
198493I,1984101400,20.9,87.2,35.0,Cyclonic Storm,UNNAMED,1984
198493I,1984101403,21.1,86.9,55.0,Severe Cyclonic Storm,UNNAMED,1984
198493I,1984101406,21.3,86.6,48.0,Severe Cyclonic Storm,UNNAMED,1984
198493I,1984101409,21.6,86.3,42.0,Cyclonic Storm,UNNAMED,1984
198493I,1984101412,21.7,86.0,35.0,Cyclonic Storm,UNNAMED,1984
198493I,1984101503,22.5,85.0,25.0,Depression,UNNAMED,1984
198493I,1984101506,22.8,84.8,23.0,Depression,UNNAMED,1984
198493I,1984101509,23.1,84.7,22.0,Depression,UNNAMED,1984
198493I,1984101512,23.5,84.5,20.0,Depression,UNNAMED,1984
1985100I,1985100603,19.5,71.5,25.0,Depression,UNNAMED,1985
1985100I,1985100606,19.6,71.5,25.0,Depression,UNNAMED,1985
1985100I,1985100609,19.8,71.5,25.0,Depression,UNNAMED,1985
1985100I,1985100612,20.0,71.5,25.0,Depression,UNNAMED,1985
1985100I,1985100703,21.5,72.0,25.0,Depression,UNNAMED,1985
1985100I,1985100706,21.4,72.0,25.0,Depression,UNNAMED,1985
1985100I,1985100709,21.2,72.0,25.0,Depression,UNNAMED,1985
1985100I,1985100712,21.0,72.0,25.0,Depression,UNNAMED,1985
1985100I,1985100803,20.5,72.2,25.0,Depression,UNNAMED,1985
1985100I,1985100806,20.9,73.0,25.0,Depression,UNNAMED,1985
1985100I,1985100809,21.4,74.0,25.0,Depression,UNNAMED,1985
1985100I,1985100812,22.0,75.0,25.0,Depression,UNNAMED,1985
1985100I,1985100903,24.0,77.0,25.0,Depression,UNNAMED,1985
1985104I,1985100818,11.8,90.4,20.0,Depression,UNNAMED,1985
1985104I,1985100821,12.3,90.7,20.0,Depression,UNNAMED,1985
1985104I,1985100900,12.8,90.8,20.0,Depression,UNNAMED,1985
1985104I,1985100903,13.2,90.5,25.0,Depression,UNNAMED,1985
1985104I,1985100906,13.5,90.0,25.0,Depression,UNNAMED,1985
1985104I,1985100909,13.7,89.3,28.0,Depression,UNNAMED,1985
1985104I,1985100912,13.8,88.6,30.0,Depression,UNNAMED,1985
1985104I,1985100915,14.1,87.9,33.0,Depression,UNNAMED,1985
1985104I,1985100918,14.4,87.2,35.0,Cyclonic Storm,UNNAMED,1985
1985104I,1985100921,14.8,86.5,35.0,Cyclonic Storm,UNNAMED,1985
1985104I,1985101000,15.2,85.8,35.0,Cyclonic Storm,UNNAMED,1985
1985104I,1985101003,15.6,85.3,35.0,Cyclonic Storm,UNNAMED,1985
1985104I,1985101006,15.9,85.0,37.0,Cyclonic Storm,UNNAMED,1985
1985104I,1985101009,16.2,84.6,38.0,Cyclonic Storm,UNNAMED,1985
1985104I,1985101012,16.4,84.4,40.0,Cyclonic Storm,UNNAMED,1985
1985104I,1985101015,16.7,84.2,45.0,Cyclonic Storm,UNNAMED,1985
1985104I,1985101018,17.0,84.0,45.0,Cyclonic Storm,UNNAMED,1985
1985104I,1985101021,17.3,83.8,45.0,Cyclonic Storm,UNNAMED,1985
1985104I,1985101100,17.7,83.5,43.0,Cyclonic Storm,UNNAMED,1985
1985104I,1985101103,18.1,83.0,40.0,Cyclonic Storm,UNNAMED,1985
1985104I,1985101106,18.5,82.6,35.0,Cyclonic Storm,UNNAMED,1985
1985104I,1985101212,19.3,81.5,35.0,Cyclonic Storm,UNNAMED,1985
1985104I,1985101312,22.0,79.0,35.0,Cyclonic Storm,UNNAMED,1985
1985108I,1985101312,13.5,93.0,25.0,Depression,UNNAMED,1985
1985108I,1985101403,16.0,89.5,30.0,Depression,UNNAMED,1985
1985108I,1985101406,16.6,89.2,30.0,Depression,UNNAMED,1985
1985108I,1985101409,17.2,89.1,30.0,Depression,UNNAMED,1985
1985108I,1985101412,17.5,89.0,30.0,Depression,UNNAMED,1985
1985108I,1985101415,17.5,89.0,35.0,Cyclonic Storm,UNNAMED,1985
1985108I,1985101418,17.8,88.8,35.0,Cyclonic Storm,UNNAMED,1985
1985108I,1985101421,18.3,88.3,35.0,Cyclonic Storm,UNNAMED,1985
1985108I,1985101500,18.9,88.3,35.0,Cyclonic Storm,UNNAMED,1985
1985108I,1985101503,19.3,88.2,35.0,Cyclonic Storm,UNNAMED,1985
1985108I,1985101506,19.5,88.1,38.0,Cyclonic Storm,UNNAMED,1985
1985108I,1985101509,19.7,88.0,42.0,Cyclonic Storm,UNNAMED,1985
1985108I,1985101512,20.0,87.8,45.0,Cyclonic Storm,UNNAMED,1985
1985108I,1985101515,20.2,87.6,45.0,Cyclonic Storm,UNNAMED,1985
1985108I,1985101518,20.4,87.4,45.0,Cyclonic Storm,UNNAMED,1985
1985108I,1985101521,20.6,87.1,48.0,Severe Cyclonic Storm,UNNAMED,1985
1985108I,1985101600,20.9,86.9,50.0,Severe Cyclonic Storm,UNNAMED,1985
1985108I,1985101603,21.2,86.6,35.0,Cyclonic Storm,UNNAMED,1985
1985108I,1985101606,21.6,86.4,40.0,Cyclonic Storm,UNNAMED,1985
1985108I,1985101609,22.0,86.2,33.0,Depression,UNNAMED,1985
1985108I,1985101612,22.5,86.0,25.0,Depression,UNNAMED,1985
1985108I,1985101703,24.5,85.5,30.0,Depression,UNNAMED,1985
1985113I,1985111203,12.5,81.0,25.0,Depression,UNNAMED,1985
1985113I,1985111206,12.5,80.7,25.0,Depression,UNNAMED,1985
1985113I,1985111209,12.5,80.4,25.0,Depression,UNNAMED,1985
1985113I,1985111212,12.5,80.1,25.0,Depression,UNNAMED,1985
1985114I,1985111306,12.0,81.9,25.0,Depression,UNNAMED,1985
1985114I,1985111309,12.1,82.2,25.0,Depression,UNNAMED,1985
1985114I,1985111312,12.1,82.5,25.0,Depression,UNNAMED,1985
1985114I,1985111315,12.1,82.8,25.0,Depression,UNNAMED,1985
1985114I,1985111318,12.1,83.1,25.0,Depression,UNNAMED,1985
1985114I,1985111321,12.1,83.5,25.0,Depression,UNNAMED,1985
1985114I,1985111400,12.0,83.9,25.0,Depression,UNNAMED,1985
1985114I,1985111403,11.9,84.3,25.0,Depression,UNNAMED,1985
1985114I,1985111406,11.8,84.7,25.0,Depression,UNNAMED,1985
1985114I,1985111409,11.8,85.1,25.0,Depression,UNNAMED,1985
1985114I,1985111412,11.8,85.5,25.0,Depression,UNNAMED,1985
1985114I,1985111415,11.9,85.9,25.0,Depression,UNNAMED,1985
1985114I,1985111418,12.1,86.2,25.0,Depression,UNNAMED,1985
1985114I,1985111421,12.3,86.4,28.0,Depression,UNNAMED,1985
1985114I,1985111500,12.5,86.4,30.0,Depression,UNNAMED,1985
1985114I,1985111503,12.7,86.2,25.0,Depression,UNNAMED,1985
1985114I,1985111506,12.8,86.0,27.0,Depression,UNNAMED,1985
1985114I,1985111509,13.0,85.7,28.0,Depression,UNNAMED,1985
1985114I,1985111512,13.0,85.5,30.0,Depression,UNNAMED,1985
1985114I,1985111515,13.0,85.3,35.0,Cyclonic Storm,UNNAMED,1985
1985114I,1985111518,13.0,85.0,35.0,Cyclonic Storm,UNNAMED,1985
1985114I,1985111521,13.0,84.8,38.0,Cyclonic Storm,UNNAMED,1985
1985114I,1985111600,12.9,84.5,40.0,Cyclonic Storm,UNNAMED,1985
1985114I,1985111603,12.8,84.1,43.0,Cyclonic Storm,UNNAMED,1985
1985114I,1985111606,12.8,83.8,45.0,Cyclonic Storm,UNNAMED,1985
1985114I,1985111609,12.8,83.4,48.0,Severe Cyclonic Storm,UNNAMED,1985
1985114I,1985111612,13.0,83.0,35.0,Cyclonic Storm,UNNAMED,1985
1985114I,1985111615,13.2,82.5,35.0,Cyclonic Storm,UNNAMED,1985
1985114I,1985111618,13.4,82.0,35.0,Cyclonic Storm,UNNAMED,1985
1985114I,1985111621,13.6,81.5,35.0,Cyclonic Storm,UNNAMED,1985
1985114I,1985111700,13.9,81.0,35.0,Cyclonic Storm,UNNAMED,1985
1985114I,1985111701,14.0,80.8,35.0,Cyclonic Storm,UNNAMED,1985
1985114I,1985111703,14.3,80.5,35.0,Cyclonic Storm,UNNAMED,1985
1985114I,1985111706,14.7,80.2,32.0,Depression,UNNAMED,1985
1985114I,1985111709,15.0,79.9,28.0,Depression,UNNAMED,1985
1985114I,1985111712,15.4,80.0,25.0,Depression,UNNAMED,1985
1985114I,1985111715,15.8,79.8,40.0,Cyclonic Storm,UNNAMED,1985
1985114I,1985111718,16.2,79.9,35.0,Cyclonic Storm,UNNAMED,1985
1985114I,1985111721,16.5,80.1,30.0,Depression,UNNAMED,1985
1985114I,1985111800,16.9,80.4,25.0,Depression,UNNAMED,1985
1985119I,1985120906,4.2,90.0,20.0,Depression,UNNAMED,1985
1985119I,1985120909,4.3,90.2,20.0,Depression,UNNAMED,1985
1985119I,1985120912,4.5,90.3,20.0,Depression,UNNAMED,1985
1985119I,1985120915,4.7,90.4,23.0,Depression,UNNAMED,1985
1985119I,1985120918,4.8,90.5,25.0,Depression,UNNAMED,1985
1985119I,1985120921,5.0,90.6,25.0,Depression,UNNAMED,1985
1985119I,1985121000,5.2,90.6,25.0,Depression,UNNAMED,1985
1985119I,1985121003,5.4,90.7,25.0,Depression,UNNAMED,1985
1985119I,1985121006,5.5,90.7,25.0,Depression,UNNAMED,1985
1985119I,1985121009,5.7,90.7,25.0,Depression,UNNAMED,1985
1985119I,1985121012,6.0,90.7,25.0,Depression,UNNAMED,1985
1985119I,1985121015,6.3,90.6,28.0,Depression,UNNAMED,1985
1985119I,1985121018,6.6,90.4,30.0,Depression,UNNAMED,1985
1985119I,1985121021,6.9,90.1,30.0,Depression,UNNAMED,1985
1985119I,1985121100,7.2,89.8,30.0,Depression,UNNAMED,1985
1985119I,1985121103,7.5,89.4,30.0,Depression,UNNAMED,1985
1985119I,1985121106,7.8,88.8,30.0,Depression,UNNAMED,1985
1985119I,1985121109,8.1,88.3,33.0,Depression,UNNAMED,1985
1985119I,1985121112,8.4,87.9,35.0,Cyclonic Storm,UNNAMED,1985
1985119I,1985121115,8.6,87.4,38.0,Cyclonic Storm,UNNAMED,1985
1985119I,1985121118,8.9,86.9,40.0,Cyclonic Storm,UNNAMED,1985
1985119I,1985121121,9.2,86.4,30.0,Depression,UNNAMED,1985
1985119I,1985121200,9.6,85.8,32.0,Depression,UNNAMED,1985
1985119I,1985121203,9.9,85.2,33.0,Depression,UNNAMED,1985
1985119I,1985121206,10.3,84.7,35.0,Cyclonic Storm,UNNAMED,1985
1985119I,1985121209,10.5,84.2,45.0,Cyclonic Storm,UNNAMED,1985
1985119I,1985121212,10.8,83.8,45.0,Cyclonic Storm,UNNAMED,1985
1985119I,1985121215,11.1,83.5,48.0,Severe Cyclonic Storm,UNNAMED,1985
1985119I,1985121218,11.4,83.1,50.0,Severe Cyclonic Storm,UNNAMED,1985
1985119I,1985121221,11.8,82.7,35.0,Cyclonic Storm,UNNAMED,1985
1985119I,1985121300,12.2,82.3,35.0,Cyclonic Storm,UNNAMED,1985
1985119I,1985121303,12.6,81.9,35.0,Cyclonic Storm,UNNAMED,1985
1985119I,1985121306,12.9,81.5,35.0,Cyclonic Storm,UNNAMED,1985
1985119I,1985121309,13.3,81.2,48.0,Severe Cyclonic Storm,UNNAMED,1985
1985119I,1985121312,13.6,80.8,45.0,Cyclonic Storm,UNNAMED,1985
1985119I,1985121315,13.9,80.5,45.0,Cyclonic Storm,UNNAMED,1985
1985119I,1985121318,14.1,80.3,45.0,Cyclonic Storm,UNNAMED,1985
1985119I,1985121321,14.4,80.0,25.0,Depression,UNNAMED,1985
1985119I,1985121400,14.8,79.7,40.0,Cyclonic Storm,UNNAMED,1985
1985119I,1985121403,15.1,79.3,35.0,Cyclonic Storm,UNNAMED,1985
1985119I,1985121406,15.5,79.0,30.0,Depression,UNNAMED,1985
198535I,1985052121,16.0,89.0,25.0,Depression,UNNAMED,1985
198535I,1985052200,16.0,89.0,25.0,Depression,UNNAMED,1985
198535I,1985052203,16.0,89.0,25.0,Depression,UNNAMED,1985
198535I,1985052206,16.0,89.0,28.0,Depression,UNNAMED,1985
198535I,1985052209,16.0,89.0,31.0,Depression,UNNAMED,1985
198535I,1985052212,16.0,89.0,35.0,Cyclonic Storm,UNNAMED,1985
198535I,1985052218,16.2,88.2,30.0,Depression,UNNAMED,1985
198535I,1985052221,16.4,88.0,30.0,Depression,UNNAMED,1985
198535I,1985052300,16.5,87.9,30.0,Depression,UNNAMED,1985
198535I,1985052303,16.7,88.0,40.0,Cyclonic Storm,UNNAMED,1985
198535I,1985052306,16.9,88.1,45.0,Cyclonic Storm,UNNAMED,1985
198535I,1985052309,17.1,88.3,38.0,Cyclonic Storm,UNNAMED,1985
198535I,1985052312,17.4,88.4,40.0,Cyclonic Storm,UNNAMED,1985
198535I,1985052315,17.7,88.6,43.0,Cyclonic Storm,UNNAMED,1985
198535I,1985052318,18.1,88.9,45.0,Cyclonic Storm,UNNAMED,1985
198535I,1985052321,18.4,89.1,45.0,Cyclonic Storm,UNNAMED,1985
198535I,1985052400,18.8,89.4,45.0,Cyclonic Storm,UNNAMED,1985
198535I,1985052403,19.2,89.6,45.0,Cyclonic Storm,UNNAMED,1985
198535I,1985052406,19.7,89.8,48.0,Severe Cyclonic Storm,UNNAMED,1985
198535I,1985052409,20.1,90.1,52.0,Severe Cyclonic Storm,UNNAMED,1985
198535I,1985052412,20.5,90.3,55.0,Severe Cyclonic Storm,UNNAMED,1985
198535I,1985052415,20.8,90.4,55.0,Severe Cyclonic Storm,UNNAMED,1985
198535I,1985052418,21.1,90.6,55.0,Severe Cyclonic Storm,UNNAMED,1985
198535I,1985052420,21.3,90.6,55.0,Severe Cyclonic Storm,UNNAMED,1985
198535I,1985052421,21.4,90.7,60.0,Severe Cyclonic Storm,UNNAMED,1985
198535I,1985052422,21.6,90.7,65.0,Very Severe Cyclonic Storm,UNNAMED,1985
198535I,1985052500,22.0,90.9,59.0,Severe Cyclonic Storm,UNNAMED,1985
198535I,1985052503,23.1,91.4,50.0,Severe Cyclonic Storm,UNNAMED,1985
198535I,1985052506,23.7,91.9,45.0,Cyclonic Storm,UNNAMED,1985
198535I,1985052509,23.9,92.4,40.0,Cyclonic Storm,UNNAMED,1985
198535I,1985052512,24.0,92.6,35.0,Cyclonic Storm,UNNAMED,1985
198535I,1985052515,24.4,92.6,30.0,Depression,UNNAMED,1985
198535I,1985052518,25.0,92.6,25.0,Depression,UNNAMED,1985
198536I,1985052803,15.0,67.0,25.0,Depression,UNNAMED,1985
198536I,1985052806,15.3,67.2,27.0,Depression,UNNAMED,1985
198536I,1985052809,15.7,67.2,28.0,Depression,UNNAMED,1985
198536I,1985052812,16.1,67.3,30.0,Depression,UNNAMED,1985
198536I,1985052815,16.4,67.4,38.0,Cyclonic Storm,UNNAMED,1985
198536I,1985052818,16.7,67.4,40.0,Cyclonic Storm,UNNAMED,1985
198536I,1985052821,17.0,67.5,43.0,Cyclonic Storm,UNNAMED,1985
198536I,1985052900,17.3,67.6,45.0,Cyclonic Storm,UNNAMED,1985
198536I,1985052903,17.5,67.7,35.0,Cyclonic Storm,UNNAMED,1985
198536I,1985052906,17.8,67.8,38.0,Cyclonic Storm,UNNAMED,1985
198536I,1985052909,18.1,67.9,42.0,Cyclonic Storm,UNNAMED,1985
198536I,1985052912,18.4,68.1,45.0,Cyclonic Storm,UNNAMED,1985
198536I,1985052915,18.7,68.2,50.0,Severe Cyclonic Storm,UNNAMED,1985
198536I,1985052918,19.1,68.3,50.0,Severe Cyclonic Storm,UNNAMED,1985
198536I,1985052921,19.5,68.3,50.0,Severe Cyclonic Storm,UNNAMED,1985
198536I,1985053000,19.9,68.4,50.0,Severe Cyclonic Storm,UNNAMED,1985
198536I,1985053003,20.3,68.3,45.0,Cyclonic Storm,UNNAMED,1985
198536I,1985053006,20.7,68.3,45.0,Cyclonic Storm,UNNAMED,1985
198536I,1985053009,21.1,68.2,45.0,Cyclonic Storm,UNNAMED,1985
198536I,1985053012,21.4,68.2,45.0,Cyclonic Storm,UNNAMED,1985
198536I,1985053015,21.7,68.3,43.0,Cyclonic Storm,UNNAMED,1985
198536I,1985053018,22.1,68.3,40.0,Cyclonic Storm,UNNAMED,1985
198536I,1985053021,22.5,68.3,40.0,Cyclonic Storm,UNNAMED,1985
198536I,1985053100,22.8,68.4,40.0,Cyclonic Storm,UNNAMED,1985
198536I,1985053103,23.1,68.5,38.0,Cyclonic Storm,UNNAMED,1985
198536I,1985053106,23.3,68.5,35.0,Cyclonic Storm,UNNAMED,1985
198536I,1985053109,23.6,68.7,33.0,Depression,UNNAMED,1985
198536I,1985053112,23.9,68.8,30.0,Depression,UNNAMED,1985
198536I,1985053115,24.2,68.9,28.0,Depression,UNNAMED,1985
198536I,1985053118,24.4,69.1,25.0,Depression,UNNAMED,1985
198536I,1985053121,24.6,69.3,23.0,Depression,UNNAMED,1985
198536I,1985060100,24.8,69.5,20.0,Depression,UNNAMED,1985
198559I,1985080103,20.0,88.0,25.0,Depression,UNNAMED,1985
198559I,1985080106,20.2,87.8,25.0,Depression,UNNAMED,1985
198559I,1985080109,20.4,87.6,25.0,Depression,UNNAMED,1985
198559I,1985080112,20.5,87.5,25.0,Depression,UNNAMED,1985
198559I,1985080115,20.5,87.5,25.0,Depression,UNNAMED,1985
198559I,1985080118,20.5,87.5,25.0,Depression,UNNAMED,1985
198559I,1985080121,20.5,87.5,25.0,Depression,UNNAMED,1985
198559I,1985080200,20.5,87.5,25.0,Depression,UNNAMED,1985
198560I,1985080503,29.5,74.5,25.0,Depression,UNNAMED,1985
198560I,1985080506,29.7,74.7,25.0,Depression,UNNAMED,1985
198560I,1985080509,30.0,74.8,25.0,Depression,UNNAMED,1985
198560I,1985080512,30.2,75.0,25.0,Depression,UNNAMED,1985
198560I,1985080603,30.5,75.0,25.0,Depression,UNNAMED,1985
198561I,1985080603,20.5,88.0,25.0,Depression,UNNAMED,1985
198561I,1985080606,21.5,87.0,25.0,Depression,UNNAMED,1985
198561I,1985080609,22.1,86.4,25.0,Depression,UNNAMED,1985
198561I,1985080612,22.5,86.0,25.0,Depression,UNNAMED,1985
198561I,1985080703,23.0,84.5,25.0,Depression,UNNAMED,1985
198561I,1985080706,23.2,84.2,23.0,Depression,UNNAMED,1985
198561I,1985080709,23.4,83.8,22.0,Depression,UNNAMED,1985
198561I,1985080712,23.5,83.5,20.0,Depression,UNNAMED,1985
198561I,1985080803,23.5,82.0,20.0,Depression,UNNAMED,1985
198561I,1985080806,23.7,81.7,20.0,Depression,UNNAMED,1985
198561I,1985080809,23.8,81.4,20.0,Depression,UNNAMED,1985
198561I,1985080812,24.0,81.0,20.0,Depression,UNNAMED,1985
198561I,1985080903,24.0,79.0,20.0,Depression,UNNAMED,1985
198567I,1985081403,18.5,88.0,25.0,Depression,UNNAMED,1985
198567I,1985081406,19.0,87.5,25.0,Depression,UNNAMED,1985
198567I,1985081409,19.3,87.2,25.0,Depression,UNNAMED,1985
198567I,1985081412,19.5,87.0,25.0,Depression,UNNAMED,1985
198567I,1985081415,19.7,86.9,25.0,Depression,UNNAMED,1985
198567I,1985081418,20.0,86.7,25.0,Depression,UNNAMED,1985
198567I,1985081421,20.2,86.6,25.0,Depression,UNNAMED,1985
198567I,1985081500,20.5,86.5,25.0,Depression,UNNAMED,1985
198592I,1985091903,17.5,90.0,25.0,Depression,UNNAMED,1985
198592I,1985091906,17.9,89.4,25.0,Depression,UNNAMED,1985
198592I,1985091909,18.3,88.9,25.0,Depression,UNNAMED,1985
198592I,1985091912,18.5,88.5,25.0,Depression,UNNAMED,1985
198592I,1985091915,18.5,88.2,28.0,Depression,UNNAMED,1985
198592I,1985091918,18.5,88.0,30.0,Depression,UNNAMED,1985
198592I,1985091921,18.7,87.8,30.0,Depression,UNNAMED,1985
198592I,1985092000,19.0,87.5,30.0,Depression,UNNAMED,1985
198592I,1985092003,19.5,87.0,35.0,Cyclonic Storm,UNNAMED,1985
198592I,1985092006,19.5,86.5,40.0,Cyclonic Storm,UNNAMED,1985
198592I,1985092009,19.6,86.3,43.0,Cyclonic Storm,UNNAMED,1985
198592I,1985092012,19.8,86.2,45.0,Cyclonic Storm,UNNAMED,1985
198592I,1985092015,20.1,85.9,40.0,Cyclonic Storm,UNNAMED,1985
198592I,1985092018,20.5,85.5,35.0,Cyclonic Storm,UNNAMED,1985
198592I,1985092021,20.7,84.9,33.0,Depression,UNNAMED,1985
198592I,1985092100,21.0,84.0,30.0,Depression,UNNAMED,1985
198592I,1985092103,21.5,83.0,30.0,Depression,UNNAMED,1985
198592I,1985092106,21.8,82.4,28.0,Depression,UNNAMED,1985
198592I,1985092109,22.0,82.1,27.0,Depression,UNNAMED,1985
198592I,1985092112,22.0,82.0,25.0,Depression,UNNAMED,1985
198595I,1985092303,25.0,77.0,25.0,Depression,UNNAMED,1985
198595I,1985092306,25.4,77.4,25.0,Depression,UNNAMED,1985
198595I,1985092309,25.7,77.7,25.0,Depression,UNNAMED,1985
198595I,1985092312,26.0,78.0,25.0,Depression,UNNAMED,1985
198595I,1985092403,26.5,78.5,25.0,Depression,UNNAMED,1985
198595I,1985092406,26.6,78.4,25.0,Depression,UNNAMED,1985
198595I,1985092409,26.8,78.2,25.0,Depression,UNNAMED,1985
198595I,1985092412,27.0,78.0,25.0,Depression,UNNAMED,1985
198599I,1985100103,14.0,83.5,25.0,Depression,UNNAMED,1985
198599I,1985100106,14.2,83.0,25.0,Depression,UNNAMED,1985
198599I,1985100109,14.3,82.5,25.0,Depression,UNNAMED,1985
198599I,1985100112,14.5,82.0,25.0,Depression,UNNAMED,1985
198599I,1985100203,15.5,80.5,25.0,Depression,UNNAMED,1985
198602I,1986010706,4.3,84.6,25.0,Depression,UNNAMED,1986
198602I,1986010709,4.4,84.5,28.0,Depression,UNNAMED,1986
198602I,1986010712,4.6,84.4,30.0,Depression,UNNAMED,1986
198602I,1986010715,4.7,84.2,33.0,Depression,UNNAMED,1986
198602I,1986010718,4.8,84.0,35.0,Cyclonic Storm,UNNAMED,1986
198602I,1986010721,4.9,83.9,38.0,Cyclonic Storm,UNNAMED,1986
198602I,1986010800,5.0,83.7,40.0,Cyclonic Storm,UNNAMED,1986
198602I,1986010803,5.1,83.6,30.0,Depression,UNNAMED,1986
198602I,1986010806,5.3,83.4,28.0,Depression,UNNAMED,1986
198602I,1986010809,5.4,83.3,27.0,Depression,UNNAMED,1986
198602I,1986010812,5.5,83.1,25.0,Depression,UNNAMED,1986
198602I,1986010815,5.6,83.0,38.0,Cyclonic Storm,UNNAMED,1986
198602I,1986010818,5.8,82.9,35.0,Cyclonic Storm,UNNAMED,1986
198602I,1986010821,5.9,82.7,35.0,Cyclonic Storm,UNNAMED,1986
198602I,1986010900,6.1,82.6,35.0,Cyclonic Storm,UNNAMED,1986
198602I,1986010903,6.2,82.6,35.0,Cyclonic Storm,UNNAMED,1986
198602I,1986010906,6.4,82.5,35.0,Cyclonic Storm,UNNAMED,1986
198602I,1986010909,6.6,82.4,35.0,Cyclonic Storm,UNNAMED,1986
198602I,1986010912,6.9,82.4,35.0,Cyclonic Storm,UNNAMED,1986
198602I,1986010915,7.0,82.4,35.0,Cyclonic Storm,UNNAMED,1986
198602I,1986010918,7.2,82.4,35.0,Cyclonic Storm,UNNAMED,1986
198602I,1986010921,7.4,82.4,35.0,Cyclonic Storm,UNNAMED,1986
198602I,1986011000,7.7,82.4,35.0,Cyclonic Storm,UNNAMED,1986
198602I,1986011003,8.0,82.4,35.0,Cyclonic Storm,UNNAMED,1986
198602I,1986011006,8.3,82.4,35.0,Cyclonic Storm,UNNAMED,1986
198602I,1986011009,8.8,82.5,33.0,Depression,UNNAMED,1986
198602I,1986011012,9.3,82.5,30.0,Depression,UNNAMED,1986
198602I,1986011015,9.7,82.5,30.0,Depression,UNNAMED,1986
198602I,1986011018,10.0,82.6,30.0,Depression,UNNAMED,1986
198602I,1986011021,10.4,82.6,30.0,Depression,UNNAMED,1986
198602I,1986011100,10.7,82.7,30.0,Depression,UNNAMED,1986
198602I,1986011103,11.1,82.8,28.0,Depression,UNNAMED,1986
198602I,1986011106,11.5,83.0,25.0,Depression,UNNAMED,1986
198667I,1986081012,18.0,88.0,25.0,Depression,UNNAMED,1986
198667I,1986081103,18.0,86.5,25.0,Depression,UNNAMED,1986
198667I,1986081106,18.0,86.2,25.0,Depression,UNNAMED,1986
198667I,1986081109,18.0,85.8,25.0,Depression,UNNAMED,1986
198667I,1986081112,18.0,85.5,25.0,Depression,UNNAMED,1986
198667I,1986081203,18.0,84.5,25.0,Depression,UNNAMED,1986
198673I,1986081903,21.2,88.0,25.0,Depression,UNNAMED,1986
198673I,1986081906,21.1,87.8,25.0,Depression,UNNAMED,1986
198673I,1986081909,21.1,87.7,25.0,Depression,UNNAMED,1986
198673I,1986081912,21.0,87.5,25.0,Depression,UNNAMED,1986
198688I,1986092403,20.5,88.0,25.0,Depression,UNNAMED,1986
198688I,1986092503,21.0,87.5,25.0,Depression,UNNAMED,1986
198697I,1986110703,15.3,81.3,25.0,Depression,UNNAMED,1986
198697I,1986110706,15.4,81.9,25.0,Depression,UNNAMED,1986
198697I,1986110709,15.5,82.4,25.0,Depression,UNNAMED,1986
198697I,1986110712,15.7,82.8,25.0,Depression,UNNAMED,1986
198697I,1986110803,18.4,85.5,25.0,Depression,UNNAMED,1986
198697I,1986110806,18.9,85.8,27.0,Depression,UNNAMED,1986
198697I,1986110809,19.4,86.1,28.0,Depression,UNNAMED,1986
198697I,1986110812,19.9,86.5,30.0,Depression,UNNAMED,1986
198697I,1986110900,21.4,88.8,50.0,Severe Cyclonic Storm,UNNAMED,1986
198697I,1986110903,21.7,89.5,45.0,Cyclonic Storm,UNNAMED,1986
198697I,1986110906,23.0,90.1,40.0,Cyclonic Storm,UNNAMED,1986
198697I,1986110909,23.7,90.6,35.0,Cyclonic Storm,UNNAMED,1986
198697I,1986110912,24.3,91.1,30.0,Depression,UNNAMED,1986
198699I,1986110903,12.2,70.2,30.0,Depression,UNNAMED,1986
198699I,1986110906,12.1,69.6,30.0,Depression,UNNAMED,1986
198699I,1986110909,12.0,69.0,30.0,Depression,UNNAMED,1986
198699I,1986110912,11.9,68.4,30.0,Depression,UNNAMED,1986
198699I,1986110915,11.8,67.8,43.0,Cyclonic Storm,UNNAMED,1986
198699I,1986110918,11.8,67.2,45.0,Cyclonic Storm,UNNAMED,1986
198699I,1986110921,11.8,66.5,45.0,Cyclonic Storm,UNNAMED,1986
198699I,1986111000,11.9,65.8,45.0,Cyclonic Storm,UNNAMED,1986
198699I,1986111003,12.0,65.0,30.0,Depression,UNNAMED,1986
198699I,1986111006,12.1,64.2,28.0,Depression,UNNAMED,1986
198699I,1986111009,12.3,63.4,27.0,Depression,UNNAMED,1986
198699I,1986111012,12.4,62.5,25.0,Depression,UNNAMED,1986
198699I,1986111015,12.5,61.5,33.0,Depression,UNNAMED,1986
198699I,1986111018,12.6,60.5,30.0,Depression,UNNAMED,1986
198699I,1986111021,12.6,59.4,28.0,Depression,UNNAMED,1986
198699I,1986111100,12.6,58.4,25.0,Depression,UNNAMED,1986
198699I,1986111103,12.8,57.4,23.0,Depression,UNNAMED,1986
198699I,1986111106,13.2,56.5,20.0,Depression,UNNAMED,1986
198709I,1987013003,5.5,88.5,25.0,Depression,UNNAMED,1987
198709I,1987013006,5.8,89.6,25.0,Depression,UNNAMED,1987
198709I,1987013009,5.9,89.5,25.0,Depression,UNNAMED,1987
198709I,1987013012,5.9,89.2,25.0,Depression,UNNAMED,1987
198709I,1987013015,6.0,88.9,26.0,Depression,UNNAMED,1987
198709I,1987013018,6.1,88.6,28.0,Depression,UNNAMED,1987
198709I,1987013021,6.2,88.1,29.0,Depression,UNNAMED,1987
198709I,1987013100,6.4,87.7,30.0,Depression,UNNAMED,1987
198709I,1987013103,6.7,87.2,30.0,Depression,UNNAMED,1987
198709I,1987013106,6.8,86.8,35.0,Cyclonic Storm,UNNAMED,1987
198709I,1987013109,7.0,86.4,40.0,Cyclonic Storm,UNNAMED,1987
198709I,1987013112,7.2,86.1,45.0,Cyclonic Storm,UNNAMED,1987
198709I,1987013115,7.5,85.8,46.0,Cyclonic Storm,UNNAMED,1987
198709I,1987013118,7.8,85.6,48.0,Severe Cyclonic Storm,UNNAMED,1987
198709I,1987013121,8.1,85.4,49.0,Severe Cyclonic Storm,UNNAMED,1987
198709I,1987020100,8.5,85.3,50.0,Severe Cyclonic Storm,UNNAMED,1987
198709I,1987020103,8.8,85.3,55.0,Severe Cyclonic Storm,UNNAMED,1987
198709I,1987020106,9.2,85.4,65.0,Very Severe Cyclonic Storm,UNNAMED,1987
198709I,1987020109,9.8,85.6,68.0,Very Severe Cyclonic Storm,UNNAMED,1987
198709I,1987020112,10.4,85.9,70.0,Very Severe Cyclonic Storm,UNNAMED,1987
198709I,1987020115,11.0,86.1,71.0,Very Severe Cyclonic Storm,UNNAMED,1987
198709I,1987020118,11.5,86.3,73.0,Very Severe Cyclonic Storm,UNNAMED,1987
198709I,1987020121,12.0,86.6,74.0,Very Severe Cyclonic Storm,UNNAMED,1987
198709I,1987020200,12.5,86.9,75.0,Very Severe Cyclonic Storm,UNNAMED,1987
198709I,1987020203,13.0,87.2,75.0,Very Severe Cyclonic Storm,UNNAMED,1987
198709I,1987020206,13.5,87.6,75.0,Very Severe Cyclonic Storm,UNNAMED,1987
198709I,1987020209,14.0,87.8,73.0,Very Severe Cyclonic Storm,UNNAMED,1987
198709I,1987020212,14.4,88.0,70.0,Very Severe Cyclonic Storm,UNNAMED,1987
198709I,1987020215,14.8,88.2,65.0,Very Severe Cyclonic Storm,UNNAMED,1987
198709I,1987020218,15.2,88.4,60.0,Severe Cyclonic Storm,UNNAMED,1987
198709I,1987020221,15.5,88.6,55.0,Severe Cyclonic Storm,UNNAMED,1987
198709I,1987020300,15.9,88.8,50.0,Severe Cyclonic Storm,UNNAMED,1987
198709I,1987020303,16.3,89.0,40.0,Cyclonic Storm,UNNAMED,1987
198709I,1987020306,16.7,89.2,37.0,Cyclonic Storm,UNNAMED,1987
198709I,1987020309,17.1,89.5,33.0,Depression,UNNAMED,1987
198709I,1987020312,17.5,89.8,30.0,Depression,UNNAMED,1987
198709I,1987020315,17.9,90.1,30.0,Depression,UNNAMED,1987
198709I,1987020318,18.3,90.4,30.0,Depression,UNNAMED,1987
198709I,1987020321,18.9,90.8,30.0,Depression,UNNAMED,1987
198709I,1987020400,19.4,91.2,30.0,Depression,UNNAMED,1987
198709I,1987020403,19.8,91.6,25.0,Depression,UNNAMED,1987
198709I,1987020406,20.3,91.7,25.0,Depression,UNNAMED,1987
198709I,1987020409,20.5,91.0,25.0,Depression,UNNAMED,1987
198709I,1987020412,21.0,91.0,25.0,Depression,UNNAMED,1987
1987102I,1987121700,9.0,86.4,20.0,Depression,UNNAMED,1987
1987102I,1987121703,9.4,85.8,20.0,Depression,UNNAMED,1987
1987102I,1987121706,9.8,85.2,20.0,Depression,UNNAMED,1987
1987102I,1987121709,10.1,84.5,23.0,Depression,UNNAMED,1987
1987102I,1987121712,10.4,84.0,25.0,Depression,UNNAMED,1987
1987102I,1987121715,10.6,83.6,25.0,Depression,UNNAMED,1987
1987102I,1987121718,10.7,83.2,25.0,Depression,UNNAMED,1987
1987102I,1987121721,10.7,82.9,28.0,Depression,UNNAMED,1987
1987102I,1987121800,10.7,82.6,30.0,Depression,UNNAMED,1987
1987102I,1987121803,10.6,82.4,30.0,Depression,UNNAMED,1987
1987102I,1987121806,10.5,82.2,30.0,Depression,UNNAMED,1987
1987102I,1987121809,10.5,82.0,30.0,Depression,UNNAMED,1987
1987102I,1987121812,10.4,81.8,30.0,Depression,UNNAMED,1987
1987102I,1987121815,10.4,81.6,30.0,Depression,UNNAMED,1987
1987102I,1987121818,10.3,81.4,30.0,Depression,UNNAMED,1987
1987102I,1987121821,10.4,81.2,28.0,Depression,UNNAMED,1987
1987102I,1987121900,10.5,81.1,25.0,Depression,UNNAMED,1987
1987102I,1987121903,10.6,81.2,25.0,Depression,UNNAMED,1987
1987102I,1987121906,10.7,81.3,25.0,Depression,UNNAMED,1987
1987102I,1987121909,10.9,81.5,25.0,Depression,UNNAMED,1987
1987102I,1987121912,10.9,81.7,25.0,Depression,UNNAMED,1987
1987102I,1987121915,11.0,81.9,25.0,Depression,UNNAMED,1987
1987102I,1987121918,11.0,82.1,25.0,Depression,UNNAMED,1987
1987102I,1987121921,11.0,82.2,25.0,Depression,UNNAMED,1987
1987102I,1987122000,11.1,82.4,25.0,Depression,UNNAMED,1987
1987102I,1987122003,11.2,82.6,25.0,Depression,UNNAMED,1987
1987102I,1987122006,11.3,82.9,25.0,Depression,UNNAMED,1987
1987102I,1987122009,11.5,83.1,25.0,Depression,UNNAMED,1987
1987102I,1987122012,11.6,83.4,25.0,Depression,UNNAMED,1987
1987102I,1987122015,11.8,83.7,25.0,Depression,UNNAMED,1987
1987102I,1987122018,12.0,84.1,25.0,Depression,UNNAMED,1987
1987102I,1987122021,12.1,84.3,25.0,Depression,UNNAMED,1987
1987102I,1987122100,12.2,84.5,25.0,Depression,UNNAMED,1987
1987102I,1987122103,12.1,84.7,30.0,Depression,UNNAMED,1987
1987102I,1987122106,11.9,84.7,30.0,Depression,UNNAMED,1987
1987102I,1987122109,11.9,84.6,30.0,Depression,UNNAMED,1987
1987102I,1987122112,11.7,84.4,30.0,Depression,UNNAMED,1987
1987102I,1987122115,11.5,84.2,30.0,Depression,UNNAMED,1987
1987102I,1987122118,11.3,83.9,30.0,Depression,UNNAMED,1987
1987102I,1987122121,11.0,83.6,30.0,Depression,UNNAMED,1987
1987102I,1987122200,10.6,83.2,30.0,Depression,UNNAMED,1987
1987102I,1987122203,10.3,82.7,25.0,Depression,UNNAMED,1987
1987102I,1987122206,10.2,82.4,25.0,Depression,UNNAMED,1987
1987102I,1987122209,10.1,82.1,25.0,Depression,UNNAMED,1987
1987102I,1987122212,10.0,81.7,25.0,Depression,UNNAMED,1987
1987102I,1987122215,10.0,81.3,25.0,Depression,UNNAMED,1987
1987102I,1987122218,10.0,80.9,25.0,Depression,UNNAMED,1987
1987102I,1987122221,10.2,80.4,20.0,Depression,UNNAMED,1987
1987102I,1987122300,10.3,80.0,20.0,Depression,UNNAMED,1987
1987102I,1987122303,10.4,79.6,18.0,Depression,UNNAMED,1987
1987102I,1987122306,10.5,79.2,15.0,Depression,UNNAMED,1987
198730I,1987053006,12.9,94.6,20.0,Depression,UNNAMED,1987
198730I,1987053009,13.2,94.4,20.0,Depression,UNNAMED,1987
198730I,1987053012,13.5,94.2,20.0,Depression,UNNAMED,1987
198730I,1987053015,13.7,93.9,20.0,Depression,UNNAMED,1987
198730I,1987053018,14.0,93.6,20.0,Depression,UNNAMED,1987
198730I,1987053021,14.2,93.4,20.0,Depression,UNNAMED,1987
198730I,1987053100,14.5,93.1,20.0,Depression,UNNAMED,1987
198730I,1987053103,14.7,92.8,20.0,Depression,UNNAMED,1987
198730I,1987053106,14.9,92.6,20.0,Depression,UNNAMED,1987
198730I,1987053109,15.1,92.4,23.0,Depression,UNNAMED,1987
198730I,1987053112,15.3,92.2,25.0,Depression,UNNAMED,1987
198730I,1987053115,15.5,92.0,25.0,Depression,UNNAMED,1987
198730I,1987053118,15.7,91.8,25.0,Depression,UNNAMED,1987
198730I,1987053121,15.8,91.7,25.0,Depression,UNNAMED,1987
198730I,1987060100,16.0,91.5,25.0,Depression,UNNAMED,1987
198730I,1987060103,16.1,91.4,25.0,Depression,UNNAMED,1987
198730I,1987060106,16.2,91.2,25.0,Depression,UNNAMED,1987
198730I,1987060109,16.3,90.9,25.0,Depression,UNNAMED,1987
198730I,1987060112,16.4,90.7,25.0,Depression,UNNAMED,1987
198730I,1987060115,16.5,90.6,25.0,Depression,UNNAMED,1987
198730I,1987060118,16.6,90.4,25.0,Depression,UNNAMED,1987
198730I,1987060121,16.7,90.2,28.0,Depression,UNNAMED,1987
198730I,1987060200,16.7,90.0,30.0,Depression,UNNAMED,1987
198730I,1987060203,16.8,89.6,25.0,Depression,UNNAMED,1987
198730I,1987060206,16.8,89.1,30.0,Depression,UNNAMED,1987
198730I,1987060209,17.0,88.7,30.0,Depression,UNNAMED,1987
198730I,1987060212,17.1,88.5,30.0,Depression,UNNAMED,1987
198730I,1987060215,17.3,88.3,35.0,Cyclonic Storm,UNNAMED,1987
198730I,1987060218,17.5,88.2,35.0,Cyclonic Storm,UNNAMED,1987
198730I,1987060221,17.7,88.2,35.0,Cyclonic Storm,UNNAMED,1987
198730I,1987060300,17.9,88.2,35.0,Cyclonic Storm,UNNAMED,1987
198730I,1987060303,18.2,88.3,30.0,Depression,UNNAMED,1987
198730I,1987060306,18.4,88.3,30.0,Depression,UNNAMED,1987
198730I,1987060309,18.8,88.5,30.0,Depression,UNNAMED,1987
198730I,1987060312,19.1,88.7,30.0,Depression,UNNAMED,1987
198730I,1987060315,19.3,89.0,31.0,Depression,UNNAMED,1987
198730I,1987060318,19.6,89.4,33.0,Depression,UNNAMED,1987
198730I,1987060321,19.9,89.7,34.0,Cyclonic Storm,UNNAMED,1987
198730I,1987060400,20.2,90.1,35.0,Cyclonic Storm,UNNAMED,1987
198730I,1987060403,20.6,90.4,35.0,Cyclonic Storm,UNNAMED,1987
198730I,1987060406,21.1,90.5,40.0,Cyclonic Storm,UNNAMED,1987
198730I,1987060409,21.5,90.6,43.0,Cyclonic Storm,UNNAMED,1987
198730I,1987060412,21.9,90.7,45.0,Cyclonic Storm,UNNAMED,1987
198730I,1987060415,22.4,90.7,45.0,Cyclonic Storm,UNNAMED,1987
198730I,1987060418,22.8,90.8,40.0,Cyclonic Storm,UNNAMED,1987
198730I,1987060421,23.2,90.8,35.0,Cyclonic Storm,UNNAMED,1987
198730I,1987060500,23.7,91.0,30.0,Depression,UNNAMED,1987
198730I,1987060503,24.1,91.2,30.0,Depression,UNNAMED,1987
198730I,1987060506,24.5,91.5,25.0,Depression,UNNAMED,1987
198731I,1987060406,16.1,60.9,30.0,Depression,UNNAMED,1987
198731I,1987060409,16.1,61.1,33.0,Depression,UNNAMED,1987
198731I,1987060412,16.1,61.2,35.0,Cyclonic Storm,UNNAMED,1987
198731I,1987060415,16.1,61.3,38.0,Cyclonic Storm,UNNAMED,1987
198731I,1987060418,16.1,61.5,40.0,Cyclonic Storm,UNNAMED,1987
198731I,1987060421,16.1,61.6,43.0,Cyclonic Storm,UNNAMED,1987
198731I,1987060500,16.1,61.8,45.0,Cyclonic Storm,UNNAMED,1987
198731I,1987060503,16.1,62.0,45.0,Cyclonic Storm,UNNAMED,1987
198731I,1987060506,16.1,62.2,45.0,Cyclonic Storm,UNNAMED,1987
198731I,1987060509,16.1,62.4,45.0,Cyclonic Storm,UNNAMED,1987
198731I,1987060512,16.1,62.6,45.0,Cyclonic Storm,UNNAMED,1987
198731I,1987060515,16.1,62.8,45.0,Cyclonic Storm,UNNAMED,1987
198731I,1987060518,16.1,63.0,45.0,Cyclonic Storm,UNNAMED,1987
198731I,1987060521,16.1,63.2,48.0,Severe Cyclonic Storm,UNNAMED,1987
198731I,1987060600,16.1,63.5,50.0,Severe Cyclonic Storm,UNNAMED,1987
198731I,1987060603,16.1,63.8,50.0,Severe Cyclonic Storm,UNNAMED,1987
198731I,1987060606,16.1,64.2,50.0,Severe Cyclonic Storm,UNNAMED,1987
198731I,1987060609,16.1,64.5,50.0,Severe Cyclonic Storm,UNNAMED,1987
198731I,1987060612,16.1,64.9,50.0,Severe Cyclonic Storm,UNNAMED,1987
198731I,1987060615,16.1,65.3,50.0,Severe Cyclonic Storm,UNNAMED,1987
198731I,1987060618,16.3,65.7,50.0,Severe Cyclonic Storm,UNNAMED,1987
198731I,1987060621,16.6,66.0,50.0,Severe Cyclonic Storm,UNNAMED,1987
198731I,1987060700,17.0,66.2,50.0,Severe Cyclonic Storm,UNNAMED,1987
198731I,1987060703,17.4,66.2,50.0,Severe Cyclonic Storm,UNNAMED,1987
198731I,1987060706,17.9,66.2,50.0,Severe Cyclonic Storm,UNNAMED,1987
198731I,1987060709,18.4,66.1,50.0,Severe Cyclonic Storm,UNNAMED,1987
198731I,1987060712,18.9,66.0,50.0,Severe Cyclonic Storm,UNNAMED,1987
198731I,1987060715,19.4,65.9,50.0,Severe Cyclonic Storm,UNNAMED,1987
198731I,1987060718,19.8,65.9,50.0,Severe Cyclonic Storm,UNNAMED,1987
198731I,1987060721,20.3,65.7,50.0,Severe Cyclonic Storm,UNNAMED,1987
198731I,1987060800,20.6,65.5,50.0,Severe Cyclonic Storm,UNNAMED,1987
198731I,1987060803,20.8,65.2,48.0,Severe Cyclonic Storm,UNNAMED,1987
198731I,1987060806,21.0,64.9,45.0,Cyclonic Storm,UNNAMED,1987
198731I,1987060809,21.0,64.6,43.0,Cyclonic Storm,UNNAMED,1987
198731I,1987060812,21.0,64.3,40.0,Cyclonic Storm,UNNAMED,1987
198731I,1987060815,21.0,64.0,38.0,Cyclonic Storm,UNNAMED,1987
198731I,1987060818,20.8,63.7,35.0,Cyclonic Storm,UNNAMED,1987
198731I,1987060821,20.6,63.5,35.0,Cyclonic Storm,UNNAMED,1987
198731I,1987060900,20.4,63.4,35.0,Cyclonic Storm,UNNAMED,1987
198731I,1987060903,20.2,63.5,35.0,Cyclonic Storm,UNNAMED,1987
198731I,1987060906,20.0,63.7,35.0,Cyclonic Storm,UNNAMED,1987
198731I,1987060909,19.9,64.0,33.0,Depression,UNNAMED,1987
198731I,1987060912,19.9,64.3,30.0,Depression,UNNAMED,1987
198731I,1987060915,20.0,64.6,28.0,Depression,UNNAMED,1987
198731I,1987060918,20.1,64.8,25.0,Depression,UNNAMED,1987
198731I,1987060921,20.2,65.1,25.0,Depression,UNNAMED,1987
198731I,1987061000,20.4,65.2,25.0,Depression,UNNAMED,1987
198731I,1987061003,20.5,65.1,23.0,Depression,UNNAMED,1987
198731I,1987061006,20.6,64.9,20.0,Depression,UNNAMED,1987
198731I,1987061009,20.7,64.7,20.0,Depression,UNNAMED,1987
198731I,1987061012,20.7,64.4,20.0,Depression,UNNAMED,1987
198731I,1987061015,20.7,64.1,20.0,Depression,UNNAMED,1987
198731I,1987061018,20.7,63.8,20.0,Depression,UNNAMED,1987
198731I,1987061021,20.7,63.5,23.0,Depression,UNNAMED,1987
198731I,1987061100,20.7,63.1,25.0,Depression,UNNAMED,1987
198731I,1987061103,20.7,62.7,28.0,Depression,UNNAMED,1987
198731I,1987061106,20.7,62.4,30.0,Depression,UNNAMED,1987
198731I,1987061109,20.8,62.1,28.0,Depression,UNNAMED,1987
198731I,1987061112,20.9,61.8,25.0,Depression,UNNAMED,1987
198731I,1987061115,21.1,61.5,25.0,Depression,UNNAMED,1987
198731I,1987061118,21.4,61.3,25.0,Depression,UNNAMED,1987
198731I,1987061121,21.7,61.2,25.0,Depression,UNNAMED,1987
198731I,1987061200,22.0,61.0,25.0,Depression,UNNAMED,1987
198750I,1987082318,20.2,99.8,25.0,Depression,CARY,1987
198750I,1987082321,20.4,99.4,25.0,Depression,CARY,1987
198750I,1987082400,20.7,98.9,25.0,Depression,CARY,1987
198750I,1987082403,21.0,98.4,23.0,Depression,CARY,1987
198750I,1987082406,21.4,97.9,20.0,Depression,CARY,1987
198750I,1987082409,21.8,97.4,20.0,Depression,CARY,1987
198750I,1987082412,22.2,96.9,20.0,Depression,CARY,1987
198761I,1987082603,24.0,90.0,25.0,Depression,UNNAMED,1987
198761I,1987082606,24.2,89.4,25.0,Depression,UNNAMED,1987
198761I,1987082609,24.4,88.9,25.0,Depression,UNNAMED,1987
198761I,1987082612,24.5,88.5,25.0,Depression,UNNAMED,1987
198761I,1987082703,24.5,87.5,25.0,Depression,UNNAMED,1987
198761I,1987082706,24.6,86.9,25.0,Depression,UNNAMED,1987
198761I,1987082709,24.8,86.2,25.0,Depression,UNNAMED,1987
198761I,1987082712,24.8,85.5,25.0,Depression,UNNAMED,1987
198761I,1987082803,23.5,84.0,25.0,Depression,UNNAMED,1987
198761I,1987082806,23.6,83.4,25.0,Depression,UNNAMED,1987
198761I,1987082809,23.8,82.7,25.0,Depression,UNNAMED,1987
198761I,1987082812,24.0,82.0,25.0,Depression,UNNAMED,1987
198761I,1987082903,24.0,79.5,25.0,Depression,UNNAMED,1987
198761I,1987082906,24.2,79.1,25.0,Depression,UNNAMED,1987
198761I,1987082909,24.6,78.8,25.0,Depression,UNNAMED,1987
198761I,1987082912,25.0,78.5,25.0,Depression,UNNAMED,1987
198774I,1987091112,23.0,85.5,25.0,Depression,UNNAMED,1987
198774I,1987091203,23.5,84.5,25.0,Depression,UNNAMED,1987
198774I,1987091206,23.7,84.5,25.0,Depression,UNNAMED,1987
198774I,1987091209,23.8,84.5,25.0,Depression,UNNAMED,1987
198774I,1987091212,24.0,84.5,25.0,Depression,UNNAMED,1987
198777I,1987091503,23.0,82.0,25.0,Depression,UNNAMED,1987
198777I,1987091506,23.2,81.8,25.0,Depression,UNNAMED,1987
198777I,1987091509,23.4,81.7,25.0,Depression,UNNAMED,1987
198777I,1987091512,23.5,81.5,25.0,Depression,UNNAMED,1987
198777I,1987091603,23.7,80.0,25.0,Depression,UNNAMED,1987
198777I,1987091606,23.9,79.5,25.0,Depression,UNNAMED,1987
198777I,1987091609,24.2,79.0,25.0,Depression,UNNAMED,1987
198777I,1987091612,24.5,78.5,25.0,Depression,UNNAMED,1987
198788I,1987101400,12.3,88.6,20.0,Depression,UNNAMED,1987
198788I,1987101403,12.7,87.7,25.0,Depression,UNNAMED,1987
198788I,1987101406,13.1,87.1,27.0,Depression,UNNAMED,1987
198788I,1987101409,13.4,86.5,28.0,Depression,UNNAMED,1987
198788I,1987101412,13.7,86.0,30.0,Depression,UNNAMED,1987
198788I,1987101415,13.9,85.4,28.0,Depression,UNNAMED,1987
198788I,1987101418,14.1,84.8,30.0,Depression,UNNAMED,1987
198788I,1987101421,14.3,84.2,33.0,Depression,UNNAMED,1987
198788I,1987101500,14.5,83.7,35.0,Cyclonic Storm,UNNAMED,1987
198788I,1987101503,14.7,83.2,35.0,Cyclonic Storm,UNNAMED,1987
198788I,1987101506,14.9,82.8,38.0,Cyclonic Storm,UNNAMED,1987
198788I,1987101509,15.1,82.5,42.0,Cyclonic Storm,UNNAMED,1987
198788I,1987101512,15.3,82.1,45.0,Cyclonic Storm,UNNAMED,1987
198788I,1987101515,15.5,81.8,44.0,Cyclonic Storm,UNNAMED,1987
198788I,1987101518,15.8,81.4,43.0,Cyclonic Storm,UNNAMED,1987
198788I,1987101521,16.0,81.0,41.0,Cyclonic Storm,UNNAMED,1987
198788I,1987101600,16.3,80.5,40.0,Cyclonic Storm,UNNAMED,1987
198788I,1987101603,16.6,80.0,30.0,Depression,UNNAMED,1987
198788I,1987101606,16.8,79.4,28.0,Depression,UNNAMED,1987
198788I,1987101609,17.0,78.8,27.0,Depression,UNNAMED,1987
198788I,1987101612,16.9,78.1,25.0,Depression,UNNAMED,1987
198788I,1987101703,17.5,76.0,25.0,Depression,UNNAMED,1987
198788I,1987101706,18.0,75.6,25.0,Depression,UNNAMED,1987
198788I,1987101709,18.5,75.3,25.0,Depression,UNNAMED,1987
198788I,1987101712,19.0,75.0,25.0,Depression,UNNAMED,1987
198788I,1987101803,20.5,74.5,20.0,Depression,UNNAMED,1987
198788I,1987101806,21.0,74.9,20.0,Depression,UNNAMED,1987
198788I,1987101809,21.5,75.4,20.0,Depression,UNNAMED,1987
198788I,1987101812,22.0,76.0,20.0,Depression,UNNAMED,1987
198788I,1987101903,24.5,80.0,20.0,Depression,UNNAMED,1987
198788I,1987101906,24.9,81.2,20.0,Depression,UNNAMED,1987
198788I,1987101909,25.2,82.6,20.0,Depression,UNNAMED,1987
198788I,1987101912,25.5,84.0,20.0,Depression,UNNAMED,1987
198791I,1987103000,6.2,87.8,20.0,Depression,UNNAMED,1987
198791I,1987103003,6.7,87.8,23.0,Depression,UNNAMED,1987
198791I,1987103006,7.2,87.8,25.0,Depression,UNNAMED,1987
198791I,1987103009,7.7,87.9,25.0,Depression,UNNAMED,1987
198791I,1987103012,8.2,88.0,25.0,Depression,UNNAMED,1987
198791I,1987103015,8.8,88.0,28.0,Depression,UNNAMED,1987
198791I,1987103018,9.4,88.1,30.0,Depression,UNNAMED,1987
198791I,1987103021,10.0,88.1,30.0,Depression,UNNAMED,1987
198791I,1987103100,10.7,88.0,30.0,Depression,UNNAMED,1987
198791I,1987103103,11.4,87.7,25.0,Depression,UNNAMED,1987
198791I,1987103106,11.9,87.2,30.0,Depression,UNNAMED,1987
198791I,1987103109,12.5,86.7,33.0,Depression,UNNAMED,1987
198791I,1987103112,12.8,86.3,35.0,Cyclonic Storm,UNNAMED,1987
198791I,1987103115,13.2,86.0,35.0,Cyclonic Storm,UNNAMED,1987
198791I,1987103118,13.4,85.7,35.0,Cyclonic Storm,UNNAMED,1987
198791I,1987103121,13.6,85.3,38.0,Cyclonic Storm,UNNAMED,1987
198791I,1987110100,13.8,84.9,40.0,Cyclonic Storm,UNNAMED,1987
198791I,1987110103,13.8,84.7,40.0,Cyclonic Storm,UNNAMED,1987
198791I,1987110106,13.8,84.4,42.0,Cyclonic Storm,UNNAMED,1987
198791I,1987110109,13.8,84.1,43.0,Cyclonic Storm,UNNAMED,1987
198791I,1987110112,13.8,83.7,45.0,Cyclonic Storm,UNNAMED,1987
198791I,1987110115,13.8,83.4,45.0,Cyclonic Storm,UNNAMED,1987
198791I,1987110118,13.8,83.0,45.0,Cyclonic Storm,UNNAMED,1987
198791I,1987110121,13.8,82.6,48.0,Severe Cyclonic Storm,UNNAMED,1987
198791I,1987110200,13.8,82.2,50.0,Severe Cyclonic Storm,UNNAMED,1987
198791I,1987110203,13.8,81.9,55.0,Severe Cyclonic Storm,UNNAMED,1987
198791I,1987110206,14.1,81.5,55.0,Severe Cyclonic Storm,UNNAMED,1987
198791I,1987110209,14.2,81.2,55.0,Severe Cyclonic Storm,UNNAMED,1987
198791I,1987110212,14.4,81.0,55.0,Severe Cyclonic Storm,UNNAMED,1987
198791I,1987110215,14.4,80.8,55.0,Severe Cyclonic Storm,UNNAMED,1987
198791I,1987110218,14.5,80.6,55.0,Severe Cyclonic Storm,UNNAMED,1987
198791I,1987110221,14.6,80.2,53.0,Severe Cyclonic Storm,UNNAMED,1987
198791I,1987110300,14.7,79.8,50.0,Severe Cyclonic Storm,UNNAMED,1987
198791I,1987110303,14.8,79.3,45.0,Cyclonic Storm,UNNAMED,1987
198791I,1987110306,15.1,78.7,35.0,Cyclonic Storm,UNNAMED,1987
198791I,1987110309,15.3,78.2,30.0,Depression,UNNAMED,1987
198791I,1987110312,15.5,78.0,25.0,Depression,UNNAMED,1987
198795I,1987110800,9.3,95.2,20.0,Depression,UNNAMED,1987
198795I,1987110803,9.6,95.0,20.0,Depression,UNNAMED,1987
198795I,1987110806,9.9,94.8,20.0,Depression,UNNAMED,1987
198795I,1987110809,10.2,94.6,20.0,Depression,UNNAMED,1987
198795I,1987110812,10.5,94.4,20.0,Depression,UNNAMED,1987
198795I,1987110815,10.8,94.2,20.0,Depression,UNNAMED,1987
198795I,1987110818,11.2,94.1,20.0,Depression,UNNAMED,1987
198795I,1987110821,11.5,93.9,23.0,Depression,UNNAMED,1987
198795I,1987110900,11.8,93.8,25.0,Depression,UNNAMED,1987
198795I,1987110903,12.1,93.7,25.0,Depression,UNNAMED,1987
198795I,1987110906,12.4,93.7,25.0,Depression,UNNAMED,1987
198795I,1987110909,12.6,93.7,25.0,Depression,UNNAMED,1987
198795I,1987110912,12.9,93.7,25.0,Depression,UNNAMED,1987
198795I,1987110915,13.2,93.7,25.0,Depression,UNNAMED,1987
198795I,1987110918,13.4,93.6,25.0,Depression,UNNAMED,1987
198795I,1987110921,13.7,93.6,25.0,Depression,UNNAMED,1987
198795I,1987111000,13.9,93.5,25.0,Depression,UNNAMED,1987
198795I,1987111003,14.0,93.3,25.0,Depression,UNNAMED,1987
198795I,1987111006,14.0,93.1,25.0,Depression,UNNAMED,1987
198795I,1987111009,13.9,92.8,25.0,Depression,UNNAMED,1987
198795I,1987111012,13.8,92.6,25.0,Depression,UNNAMED,1987
198795I,1987111015,13.7,92.4,25.0,Depression,UNNAMED,1987
198795I,1987111018,13.7,92.2,25.0,Depression,UNNAMED,1987
198795I,1987111021,13.7,92.0,25.0,Depression,UNNAMED,1987
198795I,1987111100,13.8,91.7,25.0,Depression,UNNAMED,1987
198795I,1987111103,14.0,91.2,25.0,Depression,UNNAMED,1987
198795I,1987111106,14.3,90.4,25.0,Depression,UNNAMED,1987
198795I,1987111109,14.5,89.5,25.0,Depression,UNNAMED,1987
198795I,1987111112,14.6,88.7,25.0,Depression,UNNAMED,1987
198795I,1987111115,14.7,87.9,28.0,Depression,UNNAMED,1987
198795I,1987111118,14.6,87.0,30.0,Depression,UNNAMED,1987
198795I,1987111121,14.6,86.2,30.0,Depression,UNNAMED,1987
198795I,1987111200,14.6,85.3,30.0,Depression,UNNAMED,1987
198795I,1987111203,14.4,84.6,35.0,Cyclonic Storm,UNNAMED,1987
198795I,1987111206,14.5,83.6,45.0,Cyclonic Storm,UNNAMED,1987
198795I,1987111209,14.6,82.9,50.0,Severe Cyclonic Storm,UNNAMED,1987
198795I,1987111212,14.8,82.3,55.0,Severe Cyclonic Storm,UNNAMED,1987
198795I,1987111215,15.0,81.8,53.0,Severe Cyclonic Storm,UNNAMED,1987
198795I,1987111218,15.4,81.3,50.0,Severe Cyclonic Storm,UNNAMED,1987
198795I,1987111221,15.8,80.8,48.0,Severe Cyclonic Storm,UNNAMED,1987
198795I,1987111300,16.2,80.3,45.0,Cyclonic Storm,UNNAMED,1987
198795I,1987111303,16.7,79.8,30.0,Depression,UNNAMED,1987
198795I,1987111306,17.0,79.4,25.0,Depression,UNNAMED,1987
198795I,1987111309,17.4,79.0,25.0,Depression,UNNAMED,1987
198795I,1987111312,17.7,78.7,20.0,Depression,UNNAMED,1987
198799I,1987120200,9.9,84.8,15.0,Depression,UNNAMED,1987
198799I,1987120203,10.0,84.6,15.0,Depression,UNNAMED,1987
198799I,1987120206,10.1,84.4,15.0,Depression,UNNAMED,1987
198799I,1987120209,10.2,84.2,15.0,Depression,UNNAMED,1987
198799I,1987120212,10.3,84.0,15.0,Depression,UNNAMED,1987
198799I,1987120215,10.4,83.8,18.0,Depression,UNNAMED,1987
198799I,1987120218,10.4,83.7,20.0,Depression,UNNAMED,1987
198799I,1987120221,10.5,83.5,20.0,Depression,UNNAMED,1987
198799I,1987120300,10.6,83.3,20.0,Depression,UNNAMED,1987
198799I,1987120303,10.7,83.1,20.0,Depression,UNNAMED,1987
198799I,1987120306,10.7,82.9,20.0,Depression,UNNAMED,1987
198799I,1987120309,10.8,82.7,20.0,Depression,UNNAMED,1987
198799I,1987120312,10.9,82.5,20.0,Depression,UNNAMED,1987
198799I,1987120315,11.0,82.2,23.0,Depression,UNNAMED,1987
198799I,1987120318,11.0,81.9,25.0,Depression,UNNAMED,1987
198799I,1987120321,11.0,81.7,28.0,Depression,UNNAMED,1987
198799I,1987120400,11.0,81.5,30.0,Depression,UNNAMED,1987
198799I,1987120403,11.0,81.3,30.0,Depression,UNNAMED,1987
198799I,1987120406,11.0,81.0,30.0,Depression,UNNAMED,1987
198799I,1987120409,10.9,80.7,30.0,Depression,UNNAMED,1987
198799I,1987120412,10.8,80.5,30.0,Depression,UNNAMED,1987
198799I,1987120415,10.7,80.3,30.0,Depression,UNNAMED,1987
198799I,1987120418,10.7,80.0,30.0,Depression,UNNAMED,1987
198799I,1987120421,10.5,79.8,28.0,Depression,UNNAMED,1987
198799I,1987120500,10.4,79.5,25.0,Depression,UNNAMED,1987
198799I,1987120503,10.2,79.3,25.0,Depression,UNNAMED,1987
198799I,1987120506,10.1,79.0,25.0,Depression,UNNAMED,1987
198799I,1987120509,9.9,78.8,23.0,Depression,UNNAMED,1987
198799I,1987120512,9.7,78.5,20.0,Depression,UNNAMED,1987
198799I,1987120515,9.5,78.3,18.0,Depression,UNNAMED,1987
198799I,1987120518,9.4,78.0,15.0,Depression,UNNAMED,1987
198799I,1987120521,9.2,77.7,15.0,Depression,UNNAMED,1987
198799I,1987120600,9.1,77.4,15.0,Depression,UNNAMED,1987
198799I,1987120603,8.9,77.1,15.0,Depression,UNNAMED,1987
198799I,1987120606,8.7,76.8,15.0,Depression,UNNAMED,1987
198799I,1987120609,8.6,76.3,18.0,Depression,UNNAMED,1987
198799I,1987120612,8.6,75.9,20.0,Depression,UNNAMED,1987
198799I,1987120615,8.6,75.4,20.0,Depression,UNNAMED,1987
198799I,1987120618,8.7,74.9,20.0,Depression,UNNAMED,1987
198799I,1987120621,8.8,74.5,20.0,Depression,UNNAMED,1987
198799I,1987120700,8.9,74.1,20.0,Depression,UNNAMED,1987
198799I,1987120703,9.1,73.7,20.0,Depression,UNNAMED,1987
198799I,1987120706,9.3,73.4,20.0,Depression,UNNAMED,1987
198799I,1987120709,9.4,73.1,23.0,Depression,UNNAMED,1987
198799I,1987120712,9.6,72.8,25.0,Depression,UNNAMED,1987
198799I,1987120715,9.8,72.5,25.0,Depression,UNNAMED,1987
198799I,1987120718,9.9,72.3,25.0,Depression,UNNAMED,1987
198799I,1987120721,10.0,72.1,28.0,Depression,UNNAMED,1987
198799I,1987120800,10.2,71.8,30.0,Depression,UNNAMED,1987
198799I,1987120803,10.4,71.5,30.0,Depression,UNNAMED,1987
198799I,1987120806,10.5,71.2,30.0,Depression,UNNAMED,1987
198799I,1987120809,10.7,70.9,33.0,Depression,UNNAMED,1987
198799I,1987120812,10.9,70.7,35.0,Cyclonic Storm,UNNAMED,1987
198799I,1987120815,11.1,70.5,35.0,Cyclonic Storm,UNNAMED,1987
198799I,1987120818,11.2,70.3,35.0,Cyclonic Storm,UNNAMED,1987
198799I,1987120821,11.4,70.1,35.0,Cyclonic Storm,UNNAMED,1987
198799I,1987120900,11.6,70.0,35.0,Cyclonic Storm,UNNAMED,1987
198799I,1987120903,11.8,69.9,35.0,Cyclonic Storm,UNNAMED,1987
198799I,1987120906,12.0,69.9,35.0,Cyclonic Storm,UNNAMED,1987
198799I,1987120909,12.3,69.9,35.0,Cyclonic Storm,UNNAMED,1987
198799I,1987120912,12.6,70.0,35.0,Cyclonic Storm,UNNAMED,1987
198799I,1987120915,12.9,70.0,38.0,Cyclonic Storm,UNNAMED,1987
198799I,1987120918,13.3,70.1,40.0,Cyclonic Storm,UNNAMED,1987
198799I,1987120921,13.6,70.2,40.0,Cyclonic Storm,UNNAMED,1987
198799I,1987121000,13.9,70.3,40.0,Cyclonic Storm,UNNAMED,1987
198799I,1987121003,14.1,70.4,43.0,Cyclonic Storm,UNNAMED,1987
198799I,1987121006,14.3,70.6,45.0,Cyclonic Storm,UNNAMED,1987
198799I,1987121009,14.5,70.8,45.0,Cyclonic Storm,UNNAMED,1987
198799I,1987121012,14.7,71.0,45.0,Cyclonic Storm,UNNAMED,1987
198799I,1987121015,14.9,71.2,45.0,Cyclonic Storm,UNNAMED,1987
198799I,1987121018,15.0,71.3,45.0,Cyclonic Storm,UNNAMED,1987
198799I,1987121021,15.2,71.4,43.0,Cyclonic Storm,UNNAMED,1987
198799I,1987121100,15.4,71.6,40.0,Cyclonic Storm,UNNAMED,1987
198799I,1987121103,15.6,71.8,38.0,Cyclonic Storm,UNNAMED,1987
198799I,1987121106,15.9,71.9,35.0,Cyclonic Storm,UNNAMED,1987
198799I,1987121109,16.1,72.1,35.0,Cyclonic Storm,UNNAMED,1987
198799I,1987121112,16.4,72.3,35.0,Cyclonic Storm,UNNAMED,1987
198799I,1987121115,16.6,72.5,33.0,Depression,UNNAMED,1987
198799I,1987121118,16.9,72.7,30.0,Depression,UNNAMED,1987
198799I,1987121121,17.2,72.9,30.0,Depression,UNNAMED,1987
198799I,1987121200,17.5,73.2,30.0,Depression,UNNAMED,1987
198799I,1987121203,17.8,73.5,25.0,Depression,UNNAMED,1987
198799I,1987121206,18.2,73.8,20.0,Depression,UNNAMED,1987
198799I,1987121209,18.7,74.2,20.0,Depression,UNNAMED,1987
198799I,1987121212,19.2,74.6,20.0,Depression,UNNAMED,1987
198799I,1987121215,19.6,75.0,18.0,Depression,UNNAMED,1987
198799I,1987121218,19.9,75.4,15.0,Depression,UNNAMED,1987
198799I,1987121221,20.2,75.7,13.0,Depression,UNNAMED,1987
198799I,1987121300,20.5,76.1,10.0,Depression,UNNAMED,1987
1988102I,1988111406,7.5,90.0,25.0,Depression,UNNAMED,1988
1988102I,1988111409,7.9,89.9,25.0,Depression,UNNAMED,1988
1988102I,1988111412,8.2,89.8,25.0,Depression,UNNAMED,1988
1988102I,1988111415,8.5,89.7,25.0,Depression,UNNAMED,1988
1988102I,1988111418,8.8,89.7,25.0,Depression,UNNAMED,1988
1988102I,1988111421,9.0,89.7,25.0,Depression,UNNAMED,1988
1988102I,1988111500,9.3,89.7,25.0,Depression,UNNAMED,1988
1988102I,1988111503,9.6,89.7,25.0,Depression,UNNAMED,1988
1988102I,1988111506,9.8,89.7,25.0,Depression,UNNAMED,1988
1988102I,1988111509,10.2,89.7,25.0,Depression,UNNAMED,1988
1988102I,1988111512,10.5,89.8,25.0,Depression,UNNAMED,1988
1988102I,1988111515,10.8,89.9,25.0,Depression,UNNAMED,1988
1988102I,1988111518,11.1,89.9,25.0,Depression,UNNAMED,1988
1988102I,1988111521,11.4,90.0,25.0,Depression,UNNAMED,1988
1988102I,1988111600,11.7,90.1,25.0,Depression,UNNAMED,1988
1988102I,1988111603,12.0,90.2,25.0,Depression,UNNAMED,1988
1988102I,1988111606,12.4,90.2,25.0,Depression,UNNAMED,1988
1988102I,1988111609,12.7,90.2,25.0,Depression,UNNAMED,1988
1988102I,1988111612,13.0,90.2,25.0,Depression,UNNAMED,1988
1988102I,1988111615,13.4,90.2,25.0,Depression,UNNAMED,1988
1988102I,1988111618,13.8,90.3,25.0,Depression,UNNAMED,1988
1988102I,1988111621,14.1,90.3,28.0,Depression,UNNAMED,1988
1988102I,1988111700,14.5,90.3,30.0,Depression,UNNAMED,1988
1988102I,1988111703,14.9,90.3,30.0,Depression,UNNAMED,1988
1988102I,1988111706,15.3,90.3,30.0,Depression,UNNAMED,1988
1988102I,1988111709,15.7,90.3,30.0,Depression,UNNAMED,1988
1988102I,1988111712,16.1,90.4,30.0,Depression,UNNAMED,1988
1988102I,1988111715,16.5,90.4,30.0,Depression,UNNAMED,1988
1988102I,1988111718,16.8,90.5,30.0,Depression,UNNAMED,1988
1988102I,1988111721,17.2,90.6,35.0,Cyclonic Storm,UNNAMED,1988
1988102I,1988111800,17.7,90.9,40.0,Cyclonic Storm,UNNAMED,1988
1988102I,1988111803,18.2,91.2,45.0,Cyclonic Storm,UNNAMED,1988
1988102I,1988111806,18.7,91.7,50.0,Severe Cyclonic Storm,UNNAMED,1988
1988102I,1988111809,19.2,92.3,53.0,Severe Cyclonic Storm,UNNAMED,1988
1988102I,1988111812,19.7,93.0,55.0,Severe Cyclonic Storm,UNNAMED,1988
1988102I,1988111815,20.3,93.8,40.0,Cyclonic Storm,UNNAMED,1988
1988102I,1988111818,21.0,94.7,25.0,Depression,UNNAMED,1988
1988103I,1988111503,9.5,87.0,25.0,Depression,UNNAMED,1988
1988103I,1988111506,9.7,87.2,27.0,Depression,UNNAMED,1988
1988103I,1988111509,9.9,87.4,28.0,Depression,UNNAMED,1988
1988103I,1988111512,10.0,87.5,30.0,Depression,UNNAMED,1988
1988103I,1988111603,10.5,88.5,30.0,Depression,UNNAMED,1988
1988103I,1988111606,10.8,89.2,38.0,Cyclonic Storm,UNNAMED,1988
1988103I,1988111609,11.2,89.9,47.0,Cyclonic Storm,UNNAMED,1988
1988103I,1988111612,11.7,90.7,55.0,Severe Cyclonic Storm,UNNAMED,1988
1988103I,1988111803,19.8,91.2,55.0,Severe Cyclonic Storm,UNNAMED,1988
1988105I,1988112118,5.6,99.6,25.0,Depression,UNNAMED,1988
1988105I,1988112121,5.8,99.3,25.0,Depression,UNNAMED,1988
1988105I,1988112200,6.0,98.9,25.0,Depression,UNNAMED,1988
1988105I,1988112203,6.2,98.5,25.0,Depression,UNNAMED,1988
1988105I,1988112206,6.3,98.2,25.0,Depression,UNNAMED,1988
1988105I,1988112209,6.4,97.8,25.0,Depression,UNNAMED,1988
1988105I,1988112212,6.6,97.4,25.0,Depression,UNNAMED,1988
1988105I,1988112215,6.8,97.0,25.0,Depression,UNNAMED,1988
1988105I,1988112218,7.0,96.6,25.0,Depression,UNNAMED,1988
1988105I,1988112221,7.2,96.2,25.0,Depression,UNNAMED,1988
1988105I,1988112300,7.4,95.9,25.0,Depression,UNNAMED,1988
1988105I,1988112303,7.7,95.6,25.0,Depression,UNNAMED,1988
1988105I,1988112306,8.1,95.3,25.0,Depression,UNNAMED,1988
1988105I,1988112309,8.4,95.1,28.0,Depression,UNNAMED,1988
1988105I,1988112312,8.7,94.9,25.0,Depression,UNNAMED,1988
1988105I,1988112315,9.0,94.6,30.0,Depression,UNNAMED,1988
1988105I,1988112318,9.2,94.4,30.0,Depression,UNNAMED,1988
1988105I,1988112321,9.4,94.3,33.0,Depression,UNNAMED,1988
1988105I,1988112400,9.6,94.1,35.0,Cyclonic Storm,UNNAMED,1988
1988105I,1988112403,9.9,93.9,25.0,Depression,UNNAMED,1988
1988105I,1988112406,10.1,93.7,27.0,Depression,UNNAMED,1988
1988105I,1988112409,10.4,93.5,28.0,Depression,UNNAMED,1988
1988105I,1988112412,10.6,93.2,30.0,Depression,UNNAMED,1988
1988105I,1988112415,10.8,93.0,43.0,Cyclonic Storm,UNNAMED,1988
1988105I,1988112418,10.9,92.7,45.0,Cyclonic Storm,UNNAMED,1988
1988105I,1988112421,11.1,92.3,48.0,Severe Cyclonic Storm,UNNAMED,1988
1988105I,1988112500,11.2,92.1,50.0,Severe Cyclonic Storm,UNNAMED,1988
1988105I,1988112503,11.2,91.8,55.0,Severe Cyclonic Storm,UNNAMED,1988
1988105I,1988112506,11.2,91.6,110.0,Extremely Severe/Super Cyclone,UNNAMED,1988
1988105I,1988112509,11.2,91.1,110.0,Extremely Severe/Super Cyclone,UNNAMED,1988
1988105I,1988112512,11.2,90.6,110.0,Extremely Severe/Super Cyclone,UNNAMED,1988
1988105I,1988112515,11.2,90.4,58.0,Severe Cyclonic Storm,UNNAMED,1988
1988105I,1988112518,11.2,90.2,60.0,Severe Cyclonic Storm,UNNAMED,1988
1988105I,1988112521,11.2,90.1,63.0,Severe Cyclonic Storm,UNNAMED,1988
1988105I,1988112600,11.3,90.0,65.0,Very Severe Cyclonic Storm,UNNAMED,1988
1988105I,1988112603,11.4,89.8,68.0,Very Severe Cyclonic Storm,UNNAMED,1988
1988105I,1988112606,11.6,89.5,110.0,Extremely Severe/Super Cyclone,UNNAMED,1988
1988105I,1988112609,11.9,88.9,110.0,Extremely Severe/Super Cyclone,UNNAMED,1988
1988105I,1988112612,12.2,88.3,110.0,Extremely Severe/Super Cyclone,UNNAMED,1988
1988105I,1988112615,12.5,88.0,75.0,Very Severe Cyclonic Storm,UNNAMED,1988
1988105I,1988112618,12.8,87.9,75.0,Very Severe Cyclonic Storm,UNNAMED,1988
1988105I,1988112621,13.0,87.8,75.0,Very Severe Cyclonic Storm,UNNAMED,1988
1988105I,1988112700,13.2,87.9,75.0,Very Severe Cyclonic Storm,UNNAMED,1988
1988105I,1988112703,13.5,87.9,110.0,Extremely Severe/Super Cyclone,UNNAMED,1988
1988105I,1988112706,13.7,87.9,75.0,Very Severe Cyclonic Storm,UNNAMED,1988
1988105I,1988112709,13.9,87.9,78.0,Very Severe Cyclonic Storm,UNNAMED,1988
1988105I,1988112712,14.2,87.9,80.0,Very Severe Cyclonic Storm,UNNAMED,1988
1988105I,1988112715,14.5,87.8,83.0,Very Severe Cyclonic Storm,UNNAMED,1988
1988105I,1988112718,14.7,87.7,85.0,Very Severe Cyclonic Storm,UNNAMED,1988
1988105I,1988112721,15.0,87.7,88.0,Very Severe Cyclonic Storm,UNNAMED,1988
1988105I,1988112800,15.3,87.7,90.0,Extremely Severe/Super Cyclone,UNNAMED,1988
1988105I,1988112803,15.6,87.7,110.0,Extremely Severe/Super Cyclone,UNNAMED,1988
1988105I,1988112806,15.8,87.7,110.0,Extremely Severe/Super Cyclone,UNNAMED,1988
1988105I,1988112809,16.2,87.7,110.0,Extremely Severe/Super Cyclone,UNNAMED,1988
1988105I,1988112812,16.6,87.8,90.0,Extremely Severe/Super Cyclone,UNNAMED,1988
1988105I,1988112815,17.1,87.9,93.0,Extremely Severe/Super Cyclone,UNNAMED,1988
1988105I,1988112818,17.7,87.9,95.0,Extremely Severe/Super Cyclone,UNNAMED,1988
1988105I,1988112821,18.3,88.0,98.0,Extremely Severe/Super Cyclone,UNNAMED,1988
1988105I,1988112900,19.1,88.1,100.0,Extremely Severe/Super Cyclone,UNNAMED,1988
1988105I,1988112903,19.7,88.2,115.0,Extremely Severe/Super Cyclone,UNNAMED,1988
1988105I,1988112906,20.4,88.4,105.0,Extremely Severe/Super Cyclone,UNNAMED,1988
1988105I,1988112909,21.1,88.7,108.0,Extremely Severe/Super Cyclone,UNNAMED,1988
1988105I,1988112912,21.8,89.0,110.0,Extremely Severe/Super Cyclone,UNNAMED,1988
1988105I,1988112915,22.4,89.3,100.0,Extremely Severe/Super Cyclone,UNNAMED,1988
1988105I,1988112918,22.8,89.6,90.0,Extremely Severe/Super Cyclone,UNNAMED,1988
1988105I,1988112920,23.1,89.8,115.0,Extremely Severe/Super Cyclone,UNNAMED,1988
1988105I,1988112921,23.3,89.9,75.0,Very Severe Cyclonic Storm,UNNAMED,1988
1988105I,1988113000,23.7,90.2,60.0,Severe Cyclonic Storm,UNNAMED,1988
1988106I,1988120606,8.2,89.9,25.0,Depression,UNNAMED,1988
1988106I,1988120609,8.4,89.9,25.0,Depression,UNNAMED,1988
1988106I,1988120612,8.5,89.8,25.0,Depression,UNNAMED,1988
1988106I,1988120615,8.8,89.7,28.0,Depression,UNNAMED,1988
1988106I,1988120618,9.0,89.5,30.0,Depression,UNNAMED,1988
1988106I,1988120621,9.3,89.3,33.0,Depression,UNNAMED,1988
1988106I,1988120700,9.7,89.3,35.0,Cyclonic Storm,UNNAMED,1988
1988106I,1988120703,10.0,89.3,25.0,Depression,UNNAMED,1988
1988106I,1988120706,10.3,89.5,25.0,Depression,UNNAMED,1988
1988106I,1988120709,10.6,89.8,25.0,Depression,UNNAMED,1988
1988106I,1988120712,10.9,90.2,25.0,Depression,UNNAMED,1988
1988106I,1988120715,11.0,90.5,43.0,Cyclonic Storm,UNNAMED,1988
1988106I,1988120718,11.1,90.9,40.0,Cyclonic Storm,UNNAMED,1988
1988106I,1988120721,11.1,91.2,38.0,Cyclonic Storm,UNNAMED,1988
1988106I,1988120800,11.2,91.5,35.0,Cyclonic Storm,UNNAMED,1988
1988106I,1988120803,11.4,91.7,30.0,Depression,UNNAMED,1988
1988106I,1988120806,11.7,92.0,28.0,Depression,UNNAMED,1988
1988106I,1988120809,11.9,92.2,27.0,Depression,UNNAMED,1988
1988106I,1988120812,12.2,92.3,25.0,Depression,UNNAMED,1988
1988106I,1988120815,12.4,92.4,28.0,Depression,UNNAMED,1988
1988106I,1988120818,12.7,92.2,25.0,Depression,UNNAMED,1988
198824I,1988060800,14.2,73.6,25.0,Depression,UNNAMED,1988
198824I,1988060803,14.6,73.4,25.0,Depression,UNNAMED,1988
198824I,1988060806,15.0,73.2,25.0,Depression,UNNAMED,1988
198824I,1988060809,15.4,73.0,25.0,Depression,UNNAMED,1988
198824I,1988060812,15.8,72.7,25.0,Depression,UNNAMED,1988
198824I,1988060815,16.1,72.4,25.0,Depression,UNNAMED,1988
198824I,1988060818,16.4,72.1,25.0,Depression,UNNAMED,1988
198824I,1988060821,16.6,71.7,28.0,Depression,UNNAMED,1988
198824I,1988060900,16.7,71.4,30.0,Depression,UNNAMED,1988
198824I,1988060903,16.8,71.0,25.0,Depression,UNNAMED,1988
198824I,1988060906,16.9,70.6,27.0,Depression,UNNAMED,1988
198824I,1988060909,16.9,70.4,28.0,Depression,UNNAMED,1988
198824I,1988060912,16.9,70.1,30.0,Depression,UNNAMED,1988
198824I,1988060915,16.9,70.0,35.0,Cyclonic Storm,UNNAMED,1988
198824I,1988060918,17.0,69.8,35.0,Cyclonic Storm,UNNAMED,1988
198824I,1988060921,17.0,69.7,35.0,Cyclonic Storm,UNNAMED,1988
198824I,1988061000,17.1,69.6,35.0,Cyclonic Storm,UNNAMED,1988
198824I,1988061003,17.1,69.5,30.0,Depression,UNNAMED,1988
198824I,1988061006,17.0,69.3,30.0,Depression,UNNAMED,1988
198824I,1988061009,17.0,69.2,30.0,Depression,UNNAMED,1988
198824I,1988061012,16.9,69.1,30.0,Depression,UNNAMED,1988
198824I,1988061015,16.8,69.0,35.0,Cyclonic Storm,UNNAMED,1988
198824I,1988061018,16.7,69.0,35.0,Cyclonic Storm,UNNAMED,1988
198824I,1988061021,16.6,69.1,35.0,Cyclonic Storm,UNNAMED,1988
198824I,1988061100,16.5,69.2,35.0,Cyclonic Storm,UNNAMED,1988
198824I,1988061103,16.4,69.3,30.0,Depression,UNNAMED,1988
198824I,1988061106,16.4,69.5,30.0,Depression,UNNAMED,1988
198824I,1988061109,16.4,69.7,30.0,Depression,UNNAMED,1988
198824I,1988061112,16.5,69.9,30.0,Depression,UNNAMED,1988
198824I,1988061115,16.5,70.1,35.0,Cyclonic Storm,UNNAMED,1988
198824I,1988061118,16.5,70.3,35.0,Cyclonic Storm,UNNAMED,1988
198824I,1988061121,16.5,70.4,35.0,Cyclonic Storm,UNNAMED,1988
198824I,1988061200,16.6,70.6,35.0,Cyclonic Storm,UNNAMED,1988
198824I,1988061203,16.7,70.7,30.0,Depression,UNNAMED,1988
198824I,1988061206,16.8,70.8,30.0,Depression,UNNAMED,1988
198824I,1988061209,16.9,70.9,30.0,Depression,UNNAMED,1988
198824I,1988061212,17.0,71.0,30.0,Depression,UNNAMED,1988
198824I,1988061215,17.2,71.1,29.0,Depression,UNNAMED,1988
198824I,1988061218,17.3,71.1,28.0,Depression,UNNAMED,1988
198824I,1988061221,17.6,71.0,26.0,Depression,UNNAMED,1988
198824I,1988061300,17.5,71.0,25.0,Depression,UNNAMED,1988
198825I,1988060812,21.0,88.5,25.0,Depression,UNNAMED,1988
198835I,1988071703,18.0,86.0,25.0,Depression,UNNAMED,1988
198835I,1988071706,18.2,86.0,25.0,Depression,UNNAMED,1988
198835I,1988071709,18.3,86.0,25.0,Depression,UNNAMED,1988
198835I,1988071712,18.5,86.0,25.0,Depression,UNNAMED,1988
198845I,1988080203,21.5,89.5,25.0,Depression,UNNAMED,1988
198845I,1988080206,21.5,89.2,25.0,Depression,UNNAMED,1988
198845I,1988080209,21.5,88.8,25.0,Depression,UNNAMED,1988
198845I,1988080212,21.5,88.5,25.0,Depression,UNNAMED,1988
198887I,1988100103,17.5,84.5,30.0,Depression,UNNAMED,1988
198894I,1988101706,14.9,94.9,25.0,Depression,UNNAMED,1988
198894I,1988101709,15.2,94.6,25.0,Depression,UNNAMED,1988
198894I,1988101712,15.5,94.2,25.0,Depression,UNNAMED,1988
198894I,1988101715,15.9,93.7,25.0,Depression,UNNAMED,1988
198894I,1988101718,16.3,93.1,25.0,Depression,UNNAMED,1988
198894I,1988101721,16.9,92.6,28.0,Depression,UNNAMED,1988
198894I,1988101800,17.4,92.2,30.0,Depression,UNNAMED,1988
198894I,1988101803,17.9,91.9,33.0,Depression,UNNAMED,1988
198894I,1988101806,18.4,91.8,35.0,Cyclonic Storm,UNNAMED,1988
198894I,1988101809,19.0,91.5,35.0,Cyclonic Storm,UNNAMED,1988
198894I,1988101812,19.6,91.3,35.0,Cyclonic Storm,UNNAMED,1988
198894I,1988101815,20.2,91.0,33.0,Depression,UNNAMED,1988
198894I,1988101818,20.9,90.5,25.0,Depression,UNNAMED,1988
198894I,1988101821,21.5,90.1,30.0,Depression,UNNAMED,1988
198894I,1988101900,22.1,89.9,30.0,Depression,UNNAMED,1988
198894I,1988101903,22.5,90.0,28.0,Depression,UNNAMED,1988
198894I,1988101906,23.0,90.1,25.0,Depression,UNNAMED,1988
198894I,1988101912,23.5,91.0,30.0,Depression,UNNAMED,1988
1989115I,1989101703,17.5,89.5,25.0,Depression,UNNAMED,1989
1989115I,1989101706,18.3,89.0,25.0,Depression,UNNAMED,1989
1989115I,1989101709,19.2,88.5,25.0,Depression,UNNAMED,1989
1989115I,1989101712,20.0,88.0,25.0,Depression,UNNAMED,1989
1989115I,1989101803,23.2,89.7,25.0,Depression,UNNAMED,1989
1989118I,1989110400,10.6,99.8,100.0,Extremely Severe/Super Cyclone,GAY,1989
1989118I,1989110403,10.7,99.5,115.0,Extremely Severe/Super Cyclone,GAY,1989
1989118I,1989110406,10.8,99.1,115.0,Extremely Severe/Super Cyclone,GAY,1989
1989118I,1989110409,11.0,98.6,115.0,Extremely Severe/Super Cyclone,GAY,1989
1989118I,1989110412,11.1,98.2,115.0,Extremely Severe/Super Cyclone,GAY,1989
1989118I,1989110415,11.2,97.8,70.0,Very Severe Cyclonic Storm,GAY,1989
1989118I,1989110418,11.2,97.4,75.0,Very Severe Cyclonic Storm,GAY,1989
1989118I,1989110421,11.3,97.0,80.0,Very Severe Cyclonic Storm,GAY,1989
1989118I,1989110500,11.4,96.6,85.0,Very Severe Cyclonic Storm,GAY,1989
1989118I,1989110503,11.5,96.2,88.0,Very Severe Cyclonic Storm,GAY,1989
1989118I,1989110506,11.7,95.7,90.0,Extremely Severe/Super Cyclone,GAY,1989
1989118I,1989110509,11.9,95.2,93.0,Extremely Severe/Super Cyclone,GAY,1989
1989118I,1989110512,12.1,94.7,95.0,Extremely Severe/Super Cyclone,GAY,1989
1989118I,1989110515,12.2,94.1,95.0,Extremely Severe/Super Cyclone,GAY,1989
1989118I,1989110518,12.3,93.6,95.0,Extremely Severe/Super Cyclone,GAY,1989
1989118I,1989110521,12.4,93.1,95.0,Extremely Severe/Super Cyclone,GAY,1989
1989118I,1989110600,12.5,92.5,95.0,Extremely Severe/Super Cyclone,GAY,1989
1989118I,1989110603,12.7,91.9,110.0,Extremely Severe/Super Cyclone,GAY,1989
1989118I,1989110606,13.0,91.3,95.0,Extremely Severe/Super Cyclone,GAY,1989
1989118I,1989110609,13.2,90.7,95.0,Extremely Severe/Super Cyclone,GAY,1989
1989118I,1989110612,13.4,90.2,95.0,Extremely Severe/Super Cyclone,GAY,1989
1989118I,1989110615,13.5,89.6,95.0,Extremely Severe/Super Cyclone,GAY,1989
1989118I,1989110618,13.7,89.1,95.0,Extremely Severe/Super Cyclone,GAY,1989
1989118I,1989110621,13.8,88.6,98.0,Extremely Severe/Super Cyclone,GAY,1989
1989118I,1989110700,13.9,88.1,100.0,Extremely Severe/Super Cyclone,GAY,1989
1989118I,1989110703,14.1,87.6,103.0,Extremely Severe/Super Cyclone,GAY,1989
1989118I,1989110706,14.2,87.1,105.0,Extremely Severe/Super Cyclone,GAY,1989
1989118I,1989110709,14.4,86.6,108.0,Extremely Severe/Super Cyclone,GAY,1989
1989118I,1989110712,14.5,86.1,110.0,Extremely Severe/Super Cyclone,GAY,1989
1989118I,1989110715,14.5,85.5,113.0,Extremely Severe/Super Cyclone,GAY,1989
1989118I,1989110718,14.6,85.0,115.0,Extremely Severe/Super Cyclone,GAY,1989
1989118I,1989110721,14.6,84.4,118.0,Extremely Severe/Super Cyclone,GAY,1989
1989118I,1989110800,14.6,83.8,120.0,Extremely Severe/Super Cyclone,GAY,1989
1989118I,1989110803,14.6,83.2,115.0,Extremely Severe/Super Cyclone,GAY,1989
1989118I,1989110806,14.6,82.6,115.0,Extremely Severe/Super Cyclone,GAY,1989
1989118I,1989110809,14.6,82.0,115.0,Extremely Severe/Super Cyclone,GAY,1989
1989118I,1989110812,14.7,81.4,115.0,Extremely Severe/Super Cyclone,GAY,1989
1989118I,1989110815,14.8,80.9,138.0,Extremely Severe/Super Cyclone,GAY,1989
1989118I,1989110818,14.8,80.3,140.0,Extremely Severe/Super Cyclone,GAY,1989
1989118I,1989110821,14.9,79.7,115.0,Extremely Severe/Super Cyclone,GAY,1989
1989118I,1989110900,15.1,79.1,90.0,Extremely Severe/Super Cyclone,GAY,1989
1989118I,1989110903,15.2,78.5,25.0,Depression,GAY,1989
1989118I,1989110906,15.3,77.8,45.0,Cyclonic Storm,GAY,1989
1989118I,1989110909,15.5,77.1,40.0,Cyclonic Storm,GAY,1989
1989118I,1989110912,15.8,76.5,35.0,Cyclonic Storm,GAY,1989
1989118I,1989110915,16.2,76.0,30.0,Depression,GAY,1989
1989118I,1989110918,16.7,75.5,25.0,Depression,GAY,1989
1989118I,1989110921,17.2,75.0,23.0,Depression,GAY,1989
1989118I,1989111000,17.6,74.6,20.0,Depression,GAY,1989
1989118I,1989111003,17.9,74.3,18.0,Depression,GAY,1989
1989118I,1989111006,18.1,74.0,15.0,Depression,GAY,1989
1989121I,1989111103,10.5,84.0,25.0,Depression,UNNAMED,1989
1989122I,1989111612,10.5,85.0,25.0,Depression,UNNAMED,1989
1989122I,1989111703,10.5,84.5,30.0,Depression,UNNAMED,1989
1989122I,1989111706,10.3,84.3,30.0,Depression,UNNAMED,1989
1989122I,1989111709,10.2,84.1,30.0,Depression,UNNAMED,1989
1989122I,1989111712,10.0,84.0,30.0,Depression,UNNAMED,1989
1989122I,1989111803,10.0,84.0,30.0,Depression,UNNAMED,1989
1989122I,1989111806,9.7,83.9,30.0,Depression,UNNAMED,1989
1989122I,1989111809,9.3,83.7,30.0,Depression,UNNAMED,1989
1989122I,1989111812,9.0,83.5,30.0,Depression,UNNAMED,1989
1989122I,1989111903,9.0,83.0,30.0,Depression,UNNAMED,1989
1989122I,1989111906,9.2,83.1,30.0,Depression,UNNAMED,1989
1989122I,1989111909,9.3,83.3,30.0,Depression,UNNAMED,1989
1989122I,1989111912,9.5,83.5,30.0,Depression,UNNAMED,1989
1989122I,1989112003,9.5,85.0,30.0,Depression,UNNAMED,1989
198936I,1989052300,16.9,90.3,25.0,Depression,UNNAMED,1989
198936I,1989052303,17.2,90.2,28.0,Depression,UNNAMED,1989
198936I,1989052306,17.5,90.1,30.0,Depression,UNNAMED,1989
198936I,1989052309,17.8,90.0,30.0,Depression,UNNAMED,1989
198936I,1989052312,18.1,89.8,30.0,Depression,UNNAMED,1989
198936I,1989052315,18.4,89.6,30.0,Depression,UNNAMED,1989
198936I,1989052318,18.8,89.5,30.0,Depression,UNNAMED,1989
198936I,1989052321,19.1,89.2,30.0,Depression,UNNAMED,1989
198936I,1989052400,19.4,89.0,30.0,Depression,UNNAMED,1989
198936I,1989052403,19.5,88.8,33.0,Depression,UNNAMED,1989
198936I,1989052406,19.6,88.6,35.0,Cyclonic Storm,UNNAMED,1989
198936I,1989052409,19.6,88.5,35.0,Cyclonic Storm,UNNAMED,1989
198936I,1989052412,19.6,88.3,35.0,Cyclonic Storm,UNNAMED,1989
198936I,1989052415,19.6,88.1,38.0,Cyclonic Storm,UNNAMED,1989
198936I,1989052418,19.5,87.9,40.0,Cyclonic Storm,UNNAMED,1989
198936I,1989052421,19.5,87.8,43.0,Cyclonic Storm,UNNAMED,1989
198936I,1989052500,19.5,87.8,45.0,Cyclonic Storm,UNNAMED,1989
198936I,1989052503,19.5,87.8,45.0,Cyclonic Storm,UNNAMED,1989
198936I,1989052506,19.6,87.8,45.0,Cyclonic Storm,UNNAMED,1989
198936I,1989052509,19.7,87.9,45.0,Cyclonic Storm,UNNAMED,1989
198936I,1989052512,19.8,87.9,45.0,Cyclonic Storm,UNNAMED,1989
198936I,1989052515,19.9,87.8,45.0,Cyclonic Storm,UNNAMED,1989
198936I,1989052518,20.1,87.7,45.0,Cyclonic Storm,UNNAMED,1989
198936I,1989052521,20.2,87.6,48.0,Severe Cyclonic Storm,UNNAMED,1989
198936I,1989052600,20.3,87.5,50.0,Severe Cyclonic Storm,UNNAMED,1989
198936I,1989052603,20.5,87.4,50.0,Severe Cyclonic Storm,UNNAMED,1989
198936I,1989052606,20.7,87.4,50.0,Severe Cyclonic Storm,UNNAMED,1989
198936I,1989052609,21.0,87.3,53.0,Severe Cyclonic Storm,UNNAMED,1989
198936I,1989052612,21.3,87.3,115.0,Extremely Severe/Super Cyclone,UNNAMED,1989
198936I,1989052615,21.7,87.2,53.0,Severe Cyclonic Storm,UNNAMED,1989
198936I,1989052618,22.0,87.2,50.0,Severe Cyclonic Storm,UNNAMED,1989
198936I,1989052621,22.4,87.1,45.0,Cyclonic Storm,UNNAMED,1989
198936I,1989052700,22.9,87.0,40.0,Cyclonic Storm,UNNAMED,1989
198936I,1989052703,23.4,86.8,55.0,Severe Cyclonic Storm,UNNAMED,1989
198936I,1989052706,23.9,86.5,25.0,Depression,UNNAMED,1989
198939I,1989060718,17.1,71.7,15.0,Depression,UNNAMED,1989
198939I,1989060721,17.3,71.1,15.0,Depression,UNNAMED,1989
198939I,1989060800,17.5,70.6,15.0,Depression,UNNAMED,1989
198939I,1989060803,17.6,70.1,15.0,Depression,UNNAMED,1989
198939I,1989060806,17.8,69.6,15.0,Depression,UNNAMED,1989
198939I,1989060809,18.0,69.1,15.0,Depression,UNNAMED,1989
198939I,1989060812,18.2,68.8,15.0,Depression,UNNAMED,1989
198939I,1989060815,18.4,68.6,18.0,Depression,UNNAMED,1989
198939I,1989060818,18.9,68.8,20.0,Depression,UNNAMED,1989
198939I,1989060821,19.3,69.0,20.0,Depression,UNNAMED,1989
198939I,1989060900,19.7,69.3,20.0,Depression,UNNAMED,1989
198939I,1989060903,20.1,69.5,25.0,Depression,UNNAMED,1989
198939I,1989060906,20.5,69.7,25.0,Depression,UNNAMED,1989
198939I,1989060909,20.7,70.0,25.0,Depression,UNNAMED,1989
198939I,1989060912,20.9,70.1,25.0,Depression,UNNAMED,1989
198939I,1989060915,21.2,70.2,23.0,Depression,UNNAMED,1989
198939I,1989060918,21.6,70.3,20.0,Depression,UNNAMED,1989
198939I,1989060921,22.0,70.3,20.0,Depression,UNNAMED,1989
198939I,1989061000,22.3,70.2,20.0,Depression,UNNAMED,1989
198939I,1989061003,22.6,70.1,30.0,Depression,UNNAMED,1989
198939I,1989061006,22.6,70.0,20.0,Depression,UNNAMED,1989
198939I,1989061009,22.6,70.0,20.0,Depression,UNNAMED,1989
198939I,1989061012,22.5,69.9,20.0,Depression,UNNAMED,1989
198939I,1989061015,22.5,69.8,20.0,Depression,UNNAMED,1989
198939I,1989061018,22.4,69.8,20.0,Depression,UNNAMED,1989
198939I,1989061021,22.4,69.7,20.0,Depression,UNNAMED,1989
198939I,1989061100,22.3,69.5,20.0,Depression,UNNAMED,1989
198939I,1989061103,22.2,69.3,30.0,Depression,UNNAMED,1989
198939I,1989061106,22.0,69.1,30.0,Depression,UNNAMED,1989
198939I,1989061109,21.8,68.8,30.0,Depression,UNNAMED,1989
198939I,1989061112,21.7,68.5,30.0,Depression,UNNAMED,1989
198939I,1989061115,21.6,68.1,25.0,Depression,UNNAMED,1989
198939I,1989061118,21.6,67.7,25.0,Depression,UNNAMED,1989
198939I,1989061121,21.5,67.2,28.0,Depression,UNNAMED,1989
198939I,1989061200,21.5,66.7,30.0,Depression,UNNAMED,1989
198939I,1989061203,21.4,66.2,30.0,Depression,UNNAMED,1989
198939I,1989061206,21.4,65.7,28.0,Depression,UNNAMED,1989
198939I,1989061209,21.4,65.4,27.0,Depression,UNNAMED,1989
198939I,1989061212,21.4,65.1,25.0,Depression,UNNAMED,1989
198939I,1989061215,21.3,64.5,35.0,Cyclonic Storm,UNNAMED,1989
198939I,1989061218,21.3,64.2,35.0,Cyclonic Storm,UNNAMED,1989
198939I,1989061221,21.3,64.0,33.0,Depression,UNNAMED,1989
198939I,1989061300,21.4,63.8,30.0,Depression,UNNAMED,1989
198939I,1989061303,21.5,63.6,28.0,Depression,UNNAMED,1989
198939I,1989061306,21.5,63.4,25.0,Depression,UNNAMED,1989
198940I,1989061203,19.5,88.0,25.0,Depression,UNNAMED,1989
198940I,1989061206,19.5,87.8,25.0,Depression,UNNAMED,1989
198940I,1989061209,19.5,87.7,25.0,Depression,UNNAMED,1989
198940I,1989061212,19.5,87.5,25.0,Depression,UNNAMED,1989
198940I,1989061403,22.8,87.7,30.0,Depression,UNNAMED,1989
198945I,1989062003,11.2,88.2,25.0,Depression,UNNAMED,1989
198963I,1989072203,18.0,86.0,30.0,Depression,UNNAMED,1989
198963I,1989072206,18.0,85.7,35.0,Cyclonic Storm,UNNAMED,1989
198963I,1989072209,18.0,85.3,40.0,Cyclonic Storm,UNNAMED,1989
198963I,1989072212,18.0,85.0,45.0,Cyclonic Storm,UNNAMED,1989
198963I,1989072303,18.6,82.0,30.0,Depression,UNNAMED,1989
198963I,1989072306,18.9,80.7,30.0,Depression,UNNAMED,1989
198963I,1989072309,19.2,79.3,30.0,Depression,UNNAMED,1989
198963I,1989072312,19.5,78.0,30.0,Depression,UNNAMED,1989
198963I,1989072412,22.3,74.1,30.0,Depression,UNNAMED,1989
198963I,1989072503,23.6,72.6,25.0,Depression,UNNAMED,1989
198963I,1989072506,24.0,72.1,25.0,Depression,UNNAMED,1989
198963I,1989072509,24.4,71.5,25.0,Depression,UNNAMED,1989
198963I,1989072512,24.8,70.9,25.0,Depression,UNNAMED,1989
198978I,1989081603,16.5,86.0,25.0,Depression,UNNAMED,1989
198978I,1989081606,16.7,85.6,25.0,Depression,UNNAMED,1989
198978I,1989081609,16.8,85.3,25.0,Depression,UNNAMED,1989
198978I,1989081612,17.0,85.0,25.0,Depression,UNNAMED,1989
198978I,1989081703,18.0,84.5,30.0,Depression,UNNAMED,1989
198978I,1989081706,18.4,84.2,28.0,Depression,UNNAMED,1989
198978I,1989081709,18.8,83.8,27.0,Depression,UNNAMED,1989
198978I,1989081712,19.2,83.3,25.0,Depression,UNNAMED,1989
1990105I,1990103018,7.5,92.3,20.0,Depression,UNNAMED,1990
1990105I,1990103021,7.9,91.8,23.0,Depression,UNNAMED,1990
1990105I,1990103100,8.3,91.3,25.0,Depression,UNNAMED,1990
1990105I,1990103103,8.9,90.9,25.0,Depression,UNNAMED,1990
1990105I,1990103106,9.6,90.5,16.0,Depression,UNNAMED,1990
1990105I,1990103109,10.3,90.1,22.0,Depression,UNNAMED,1990
1990105I,1990103112,11.0,89.7,27.0,Depression,UNNAMED,1990
1990105I,1990103115,11.7,89.3,27.0,Depression,UNNAMED,1990
1990105I,1990103118,12.5,88.9,27.0,Depression,UNNAMED,1990
1990105I,1990103121,13.3,88.5,27.0,Depression,UNNAMED,1990
1990105I,1990110100,14.1,88.1,27.0,Depression,UNNAMED,1990
1990105I,1990110103,14.6,87.8,27.0,Depression,UNNAMED,1990
1990105I,1990110106,15.0,87.5,27.0,Depression,UNNAMED,1990
1990105I,1990110109,15.4,87.2,27.0,Depression,UNNAMED,1990
1990105I,1990110112,15.7,86.9,27.0,Depression,UNNAMED,1990
1990105I,1990110115,15.9,86.7,30.0,Depression,UNNAMED,1990
1990105I,1990110118,16.1,86.2,33.0,Depression,UNNAMED,1990
1990105I,1990110121,16.2,85.8,33.0,Depression,UNNAMED,1990
1990105I,1990110200,16.2,85.4,33.0,Depression,UNNAMED,1990
1990105I,1990110203,16.5,85.0,33.0,Depression,UNNAMED,1990
1990105I,1990110206,16.8,84.8,33.0,Depression,UNNAMED,1990
1990105I,1990110209,16.9,84.7,33.0,Depression,UNNAMED,1990
1990105I,1990110212,16.9,84.6,33.0,Depression,UNNAMED,1990
1990105I,1990110215,17.1,84.3,33.0,Depression,UNNAMED,1990
1990105I,1990110218,17.3,84.2,33.0,Depression,UNNAMED,1990
1990105I,1990110221,17.6,84.2,33.0,Depression,UNNAMED,1990
1990105I,1990110300,17.8,84.3,33.0,Depression,UNNAMED,1990
1990105I,1990110303,17.7,84.2,33.0,Depression,UNNAMED,1990
1990105I,1990110306,17.7,84.2,33.0,Depression,UNNAMED,1990
1990105I,1990110309,18.1,84.2,30.0,Depression,UNNAMED,1990
1990105I,1990110312,18.5,84.4,27.0,Depression,UNNAMED,1990
1990105I,1990110315,18.6,84.6,27.0,Depression,UNNAMED,1990
1990105I,1990110318,18.7,84.9,27.0,Depression,UNNAMED,1990
1990105I,1990110321,18.9,84.8,27.0,Depression,UNNAMED,1990
1990105I,1990110400,19.1,84.6,27.0,Depression,UNNAMED,1990
1990105I,1990110403,19.0,84.5,27.0,Depression,UNNAMED,1990
1990105I,1990110406,19.0,84.5,27.0,Depression,UNNAMED,1990
1990105I,1990110409,19.4,84.3,22.0,Depression,UNNAMED,1990
1990105I,1990110412,20.0,84.0,16.0,Depression,UNNAMED,1990
1990109I,1990111400,14.0,82.0,27.0,Depression,UNNAMED,1990
1990109I,1990111403,14.0,81.5,27.0,Depression,UNNAMED,1990
1990109I,1990111406,14.0,81.0,27.0,Depression,UNNAMED,1990
1990109I,1990111409,14.0,80.7,27.0,Depression,UNNAMED,1990
1990109I,1990111412,14.0,80.5,27.0,Depression,UNNAMED,1990
1990109I,1990111415,14.2,80.4,27.0,Depression,UNNAMED,1990
1990109I,1990111418,14.5,80.0,27.0,Depression,UNNAMED,1990
1990109I,1990111421,14.6,78.9,22.0,Depression,UNNAMED,1990
1990109I,1990111500,14.5,77.5,16.0,Depression,UNNAMED,1990
1990111I,1990111600,14.5,75.5,16.0,Depression,UNNAMED,1990
1990111I,1990111603,14.5,74.3,22.0,Depression,UNNAMED,1990
1990111I,1990111606,14.5,73.5,27.0,Depression,UNNAMED,1990
1990111I,1990111609,14.5,73.4,27.0,Depression,UNNAMED,1990
1990111I,1990111612,14.5,73.5,27.0,Depression,UNNAMED,1990
1990111I,1990111615,14.5,73.5,27.0,Depression,UNNAMED,1990
1990111I,1990111618,14.5,73.5,27.0,Depression,UNNAMED,1990
1990111I,1990111621,14.5,73.3,27.0,Depression,UNNAMED,1990
1990111I,1990111700,14.5,73.0,27.0,Depression,UNNAMED,1990
1990111I,1990111703,14.2,72.5,27.0,Depression,UNNAMED,1990
1990111I,1990111706,14.0,72.0,27.0,Depression,UNNAMED,1990
1990111I,1990111709,14.3,71.9,30.0,Depression,UNNAMED,1990
1990111I,1990111712,14.8,72.0,33.0,Depression,UNNAMED,1990
1990111I,1990111715,14.9,72.0,33.0,Depression,UNNAMED,1990
1990111I,1990111718,15.0,72.0,33.0,Depression,UNNAMED,1990
1990111I,1990111721,15.3,72.2,30.0,Depression,UNNAMED,1990
1990111I,1990111800,15.5,72.5,27.0,Depression,UNNAMED,1990
1990111I,1990111803,15.6,72.6,22.0,Depression,UNNAMED,1990
1990111I,1990111806,15.5,72.5,16.0,Depression,UNNAMED,1990
1990116I,1990121318,4.1,86.9,15.0,Depression,UNNAMED,1990
1990116I,1990121321,4.7,86.9,15.0,Depression,UNNAMED,1990
1990116I,1990121400,5.8,87.2,16.0,Depression,UNNAMED,1990
1990116I,1990121403,6.5,87.2,16.0,Depression,UNNAMED,1990
1990116I,1990121406,7.1,87.3,16.0,Depression,UNNAMED,1990
1990116I,1990121409,7.6,87.3,22.0,Depression,UNNAMED,1990
1990116I,1990121412,8.1,87.3,27.0,Depression,UNNAMED,1990
1990116I,1990121415,8.5,87.1,27.0,Depression,UNNAMED,1990
1990116I,1990121418,8.9,87.0,27.0,Depression,UNNAMED,1990
1990116I,1990121421,9.2,86.8,30.0,Depression,UNNAMED,1990
1990116I,1990121500,9.5,86.7,33.0,Depression,UNNAMED,1990
1990116I,1990121503,9.9,86.5,33.0,Depression,UNNAMED,1990
1990116I,1990121506,10.2,86.4,33.0,Depression,UNNAMED,1990
1990116I,1990121509,10.5,86.2,33.0,Depression,UNNAMED,1990
1990116I,1990121512,10.8,86.1,33.0,Depression,UNNAMED,1990
1990116I,1990121515,11.0,85.9,34.0,Cyclonic Storm,UNNAMED,1990
1990116I,1990121518,11.2,85.7,35.0,Cyclonic Storm,UNNAMED,1990
1990116I,1990121521,11.5,85.5,35.0,Cyclonic Storm,UNNAMED,1990
1990116I,1990121600,11.9,85.4,35.0,Cyclonic Storm,UNNAMED,1990
1990116I,1990121603,12.4,85.5,35.0,Cyclonic Storm,UNNAMED,1990
1990116I,1990121606,12.9,85.7,35.0,Cyclonic Storm,UNNAMED,1990
1990116I,1990121609,13.4,85.7,40.0,Cyclonic Storm,UNNAMED,1990
1990116I,1990121612,13.9,85.8,45.0,Cyclonic Storm,UNNAMED,1990
1990116I,1990121615,14.3,85.9,45.0,Cyclonic Storm,UNNAMED,1990
1990116I,1990121618,14.7,86.2,45.0,Cyclonic Storm,UNNAMED,1990
1990116I,1990121621,15.1,86.2,45.0,Cyclonic Storm,UNNAMED,1990
1990116I,1990121700,15.6,86.3,45.0,Cyclonic Storm,UNNAMED,1990
1990116I,1990121703,16.1,86.4,50.0,Severe Cyclonic Storm,UNNAMED,1990
1990116I,1990121706,16.8,86.7,55.0,Severe Cyclonic Storm,UNNAMED,1990
1990116I,1990121709,17.4,87.0,55.0,Severe Cyclonic Storm,UNNAMED,1990
1990116I,1990121712,18.0,87.6,55.0,Severe Cyclonic Storm,UNNAMED,1990
1990116I,1990121715,18.7,88.3,55.0,Severe Cyclonic Storm,UNNAMED,1990
1990116I,1990121718,19.3,89.1,55.0,Severe Cyclonic Storm,UNNAMED,1990
1990116I,1990121721,19.7,89.8,50.0,Severe Cyclonic Storm,UNNAMED,1990
1990116I,1990121800,20.1,90.3,45.0,Cyclonic Storm,UNNAMED,1990
1990116I,1990121803,20.5,90.6,40.0,Cyclonic Storm,UNNAMED,1990
1990116I,1990121806,20.6,90.9,35.0,Cyclonic Storm,UNNAMED,1990
1990116I,1990121809,20.6,91.3,31.0,Depression,UNNAMED,1990
1990116I,1990121812,20.6,91.8,27.0,Depression,UNNAMED,1990
1990116I,1990121815,21.1,92.1,33.0,Depression,UNNAMED,1990
1990116I,1990121818,21.3,92.6,30.0,Depression,UNNAMED,1990
1990116I,1990121821,21.5,93.1,25.0,Depression,UNNAMED,1990
1990116I,1990121900,21.6,93.5,20.0,Depression,UNNAMED,1990
199023I,1990041712,9.0,87.4,20.0,Depression,UNNAMED,1990
199023I,1990041715,9.7,86.8,23.0,Depression,UNNAMED,1990
199023I,1990041718,10.5,86.4,25.0,Depression,UNNAMED,1990
199023I,1990041721,11.5,86.3,25.0,Depression,UNNAMED,1990
199023I,1990041800,12.5,86.5,25.0,Depression,UNNAMED,1990
199023I,1990041803,13.3,87.1,25.0,Depression,UNNAMED,1990
199023I,1990041806,13.8,87.7,25.0,Depression,UNNAMED,1990
199023I,1990041809,14.2,88.0,25.0,Depression,UNNAMED,1990
199023I,1990041812,14.4,88.2,25.0,Depression,UNNAMED,1990
199025I,1990050312,9.1,88.1,20.0,Depression,UNNAMED,1990
199025I,1990050315,9.2,87.9,20.0,Depression,UNNAMED,1990
199025I,1990050318,9.2,87.7,20.0,Depression,UNNAMED,1990
199025I,1990050321,9.2,87.6,20.0,Depression,UNNAMED,1990
199025I,1990050400,9.1,87.3,16.0,Depression,UNNAMED,1990
199025I,1990050403,8.9,87.1,21.0,Depression,UNNAMED,1990
199025I,1990050406,8.8,86.9,25.0,Depression,UNNAMED,1990
199025I,1990050409,9.0,86.9,25.0,Depression,UNNAMED,1990
199025I,1990050412,9.3,86.7,25.0,Depression,UNNAMED,1990
199025I,1990050415,9.3,86.3,25.0,Depression,UNNAMED,1990
199025I,1990050418,9.3,86.0,25.0,Depression,UNNAMED,1990
199025I,1990050421,9.5,85.7,28.0,Depression,UNNAMED,1990
199025I,1990050500,9.7,85.5,30.0,Depression,UNNAMED,1990
199025I,1990050503,9.8,85.2,33.0,Depression,UNNAMED,1990
199025I,1990050506,9.9,84.9,35.0,Cyclonic Storm,UNNAMED,1990
199025I,1990050509,9.9,84.8,40.0,Cyclonic Storm,UNNAMED,1990
199025I,1990050512,10.0,84.6,45.0,Cyclonic Storm,UNNAMED,1990
199025I,1990050515,10.2,84.3,50.0,Severe Cyclonic Storm,UNNAMED,1990
199025I,1990050518,10.3,84.0,55.0,Severe Cyclonic Storm,UNNAMED,1990
199025I,1990050521,10.3,83.7,55.0,Severe Cyclonic Storm,UNNAMED,1990
199025I,1990050600,10.3,83.5,55.0,Severe Cyclonic Storm,UNNAMED,1990
199025I,1990050603,10.2,83.4,66.0,Very Severe Cyclonic Storm,UNNAMED,1990
199025I,1990050606,10.2,83.3,77.0,Very Severe Cyclonic Storm,UNNAMED,1990
199025I,1990050609,10.2,83.1,77.0,Very Severe Cyclonic Storm,UNNAMED,1990
199025I,1990050612,10.3,83.0,77.0,Very Severe Cyclonic Storm,UNNAMED,1990
199025I,1990050615,10.3,82.7,77.0,Very Severe Cyclonic Storm,UNNAMED,1990
199025I,1990050618,10.4,82.6,77.0,Very Severe Cyclonic Storm,UNNAMED,1990
199025I,1990050621,10.7,82.4,84.0,Very Severe Cyclonic Storm,UNNAMED,1990
199025I,1990050700,11.0,82.3,90.0,Extremely Severe/Super Cyclone,UNNAMED,1990
199025I,1990050703,11.1,82.1,103.0,Extremely Severe/Super Cyclone,UNNAMED,1990
199025I,1990050706,11.2,82.0,115.0,Extremely Severe/Super Cyclone,UNNAMED,1990
199025I,1990050709,11.3,81.9,115.0,Extremely Severe/Super Cyclone,UNNAMED,1990
199025I,1990050712,11.5,81.9,115.0,Extremely Severe/Super Cyclone,UNNAMED,1990
199025I,1990050715,11.8,81.8,109.0,Extremely Severe/Super Cyclone,UNNAMED,1990
199025I,1990050718,12.2,81.9,102.0,Extremely Severe/Super Cyclone,UNNAMED,1990
199025I,1990050721,12.6,81.8,115.0,Extremely Severe/Super Cyclone,UNNAMED,1990
199025I,1990050800,13.1,81.8,127.0,Extremely Severe/Super Cyclone,UNNAMED,1990
199025I,1990050803,13.3,81.7,127.0,Extremely Severe/Super Cyclone,UNNAMED,1990
199025I,1990050806,13.6,81.5,127.0,Extremely Severe/Super Cyclone,UNNAMED,1990
199025I,1990050809,13.8,81.3,127.0,Extremely Severe/Super Cyclone,UNNAMED,1990
199025I,1990050812,14.0,81.2,127.0,Extremely Severe/Super Cyclone,UNNAMED,1990
199025I,1990050815,14.2,81.0,115.0,Extremely Severe/Super Cyclone,UNNAMED,1990
199025I,1990050818,14.5,81.0,102.0,Extremely Severe/Super Cyclone,UNNAMED,1990
199025I,1990050821,14.8,81.0,96.0,Extremely Severe/Super Cyclone,UNNAMED,1990
199025I,1990050900,15.0,81.0,90.0,Extremely Severe/Super Cyclone,UNNAMED,1990
199025I,1990050903,15.2,81.0,90.0,Extremely Severe/Super Cyclone,UNNAMED,1990
199025I,1990050906,15.3,81.0,90.0,Extremely Severe/Super Cyclone,UNNAMED,1990
199025I,1990050909,15.5,81.0,90.0,Extremely Severe/Super Cyclone,UNNAMED,1990
199025I,1990050912,15.8,81.0,90.0,Extremely Severe/Super Cyclone,UNNAMED,1990
199025I,1990050915,15.9,80.8,78.0,Very Severe Cyclonic Storm,UNNAMED,1990
199025I,1990050918,16.1,80.6,65.0,Very Severe Cyclonic Storm,UNNAMED,1990
199025I,1990050921,16.3,80.4,65.0,Very Severe Cyclonic Storm,UNNAMED,1990
199025I,1990051000,16.6,80.2,65.0,Very Severe Cyclonic Storm,UNNAMED,1990
199025I,1990051003,16.7,79.9,57.0,Severe Cyclonic Storm,UNNAMED,1990
199025I,1990051006,17.0,79.8,48.0,Severe Cyclonic Storm,UNNAMED,1990
199025I,1990051009,17.4,79.7,38.0,Cyclonic Storm,UNNAMED,1990
199025I,1990051012,18.0,79.6,27.0,Depression,UNNAMED,1990
199025I,1990051015,18.7,79.7,45.0,Cyclonic Storm,UNNAMED,1990
199025I,1990051018,19.2,79.7,40.0,Cyclonic Storm,UNNAMED,1990
199025I,1990051021,19.8,79.7,38.0,Cyclonic Storm,UNNAMED,1990
199025I,1990051100,20.4,79.8,35.0,Cyclonic Storm,UNNAMED,1990
199025I,1990051103,20.9,79.9,33.0,Depression,UNNAMED,1990
199025I,1990051106,21.4,80.1,30.0,Depression,UNNAMED,1990
199036I,1990061306,21.0,89.0,16.0,Depression,UNNAMED,1990
199036I,1990061309,20.9,89.0,22.0,Depression,UNNAMED,1990
199036I,1990061312,21.0,89.0,27.0,Depression,UNNAMED,1990
199036I,1990061315,21.3,88.8,27.0,Depression,UNNAMED,1990
199036I,1990061318,21.5,88.5,27.0,Depression,UNNAMED,1990
199036I,1990061321,21.5,88.3,27.0,Depression,UNNAMED,1990
199036I,1990061400,21.5,88.0,27.0,Depression,UNNAMED,1990
199036I,1990061403,21.8,87.5,27.0,Depression,UNNAMED,1990
199036I,1990061406,22.0,87.0,27.0,Depression,UNNAMED,1990
199036I,1990061409,22.0,87.0,30.0,Depression,UNNAMED,1990
199036I,1990061412,22.0,87.0,33.0,Depression,UNNAMED,1990
199036I,1990061415,22.0,86.6,30.0,Depression,UNNAMED,1990
199036I,1990061418,22.0,86.0,27.0,Depression,UNNAMED,1990
199036I,1990061421,22.0,85.5,27.0,Depression,UNNAMED,1990
199036I,1990061500,22.0,85.0,27.0,Depression,UNNAMED,1990
199036I,1990061503,22.0,84.5,27.0,Depression,UNNAMED,1990
199036I,1990061506,22.0,84.0,27.0,Depression,UNNAMED,1990
199036I,1990061509,22.0,83.3,22.0,Depression,UNNAMED,1990
199036I,1990061512,22.0,82.5,16.0,Depression,UNNAMED,1990
199063I,1990081406,19.0,88.0,16.0,Depression,UNNAMED,1990
199063I,1990081409,19.0,87.8,22.0,Depression,UNNAMED,1990
199063I,1990081412,19.0,87.5,27.0,Depression,UNNAMED,1990
199063I,1990081415,19.0,87.0,27.0,Depression,UNNAMED,1990
199063I,1990081418,19.0,86.5,27.0,Depression,UNNAMED,1990
199063I,1990081421,19.0,86.2,27.0,Depression,UNNAMED,1990
199063I,1990081500,19.0,86.0,27.0,Depression,UNNAMED,1990
199063I,1990081503,19.2,85.6,27.0,Depression,UNNAMED,1990
199063I,1990081506,19.5,85.0,27.0,Depression,UNNAMED,1990
199063I,1990081509,20.0,84.3,27.0,Depression,UNNAMED,1990
199063I,1990081512,20.5,83.5,27.0,Depression,UNNAMED,1990
199063I,1990081515,21.1,83.0,27.0,Depression,UNNAMED,1990
199063I,1990081518,21.5,82.5,27.0,Depression,UNNAMED,1990
199063I,1990081521,21.5,82.0,27.0,Depression,UNNAMED,1990
199063I,1990081600,21.5,81.5,27.0,Depression,UNNAMED,1990
199063I,1990081603,21.7,81.0,27.0,Depression,UNNAMED,1990
199063I,1990081606,22.0,80.5,27.0,Depression,UNNAMED,1990
199063I,1990081609,22.0,79.8,27.0,Depression,UNNAMED,1990
199063I,1990081612,22.0,79.0,27.0,Depression,UNNAMED,1990
199063I,1990081615,22.2,78.1,27.0,Depression,UNNAMED,1990
199063I,1990081618,22.5,77.5,27.0,Depression,UNNAMED,1990
199063I,1990081621,22.8,77.4,27.0,Depression,UNNAMED,1990
199063I,1990081700,23.0,77.5,27.0,Depression,UNNAMED,1990
199063I,1990081703,23.1,77.3,22.0,Depression,UNNAMED,1990
199063I,1990081706,23.0,77.0,16.0,Depression,UNNAMED,1990
199068I,1990082000,22.0,89.0,16.0,Depression,UNNAMED,1990
199068I,1990082003,20.7,88.7,22.0,Depression,UNNAMED,1990
199068I,1990082006,20.0,88.5,27.0,Depression,UNNAMED,1990
199068I,1990082009,20.1,88.5,27.0,Depression,UNNAMED,1990
199068I,1990082012,20.5,88.5,27.0,Depression,UNNAMED,1990
199068I,1990082015,20.5,88.1,27.0,Depression,UNNAMED,1990
199068I,1990082018,20.5,87.5,27.0,Depression,UNNAMED,1990
199068I,1990082021,20.5,86.7,27.0,Depression,UNNAMED,1990
199068I,1990082100,20.5,86.0,27.0,Depression,UNNAMED,1990
199068I,1990082103,20.5,86.0,27.0,Depression,UNNAMED,1990
199068I,1990082106,20.5,86.0,27.0,Depression,UNNAMED,1990
199068I,1990082109,20.5,85.1,27.0,Depression,UNNAMED,1990
199068I,1990082112,20.5,84.0,27.0,Depression,UNNAMED,1990
199068I,1990082115,20.5,83.4,27.0,Depression,UNNAMED,1990
199068I,1990082118,20.5,83.0,27.0,Depression,UNNAMED,1990
199068I,1990082121,20.7,82.5,27.0,Depression,UNNAMED,1990
199068I,1990082200,21.0,82.0,27.0,Depression,UNNAMED,1990
199068I,1990082203,21.3,81.5,27.0,Depression,UNNAMED,1990
199068I,1990082206,21.5,81.0,27.0,Depression,UNNAMED,1990
199068I,1990082209,21.5,80.8,27.0,Depression,UNNAMED,1990
199068I,1990082212,21.5,80.5,27.0,Depression,UNNAMED,1990
199068I,1990082215,21.7,79.8,27.0,Depression,UNNAMED,1990
199068I,1990082218,22.0,79.0,27.0,Depression,UNNAMED,1990
199068I,1990082221,22.3,78.1,27.0,Depression,UNNAMED,1990
199068I,1990082300,22.5,77.5,27.0,Depression,UNNAMED,1990
199068I,1990082303,22.7,77.4,27.0,Depression,UNNAMED,1990
199068I,1990082306,23.0,77.5,27.0,Depression,UNNAMED,1990
199068I,1990082309,23.2,77.4,27.0,Depression,UNNAMED,1990
199068I,1990082312,23.5,77.0,27.0,Depression,UNNAMED,1990
199068I,1990082315,23.8,76.1,27.0,Depression,UNNAMED,1990
199068I,1990082318,24.0,75.0,27.0,Depression,UNNAMED,1990
199068I,1990082321,24.0,74.2,27.0,Depression,UNNAMED,1990
199068I,1990082400,24.0,73.5,27.0,Depression,UNNAMED,1990
199068I,1990082403,24.5,72.9,27.0,Depression,UNNAMED,1990
199068I,1990082406,25.0,72.5,27.0,Depression,UNNAMED,1990
199068I,1990082409,25.2,72.5,27.0,Depression,UNNAMED,1990
199068I,1990082412,25.5,72.5,27.0,Depression,UNNAMED,1990
199068I,1990082415,25.9,72.3,22.0,Depression,UNNAMED,1990
199068I,1990082418,26.5,72.0,16.0,Depression,UNNAMED,1990
199076I,1990090300,22.5,88.5,16.0,Depression,UNNAMED,1990
199076I,1990090303,22.5,88.4,22.0,Depression,UNNAMED,1990
199076I,1990090306,22.5,88.2,27.0,Depression,UNNAMED,1990
199076I,1990090309,22.5,87.7,27.0,Depression,UNNAMED,1990
199076I,1990090312,22.5,87.0,27.0,Depression,UNNAMED,1990
199076I,1990090315,22.5,86.5,27.0,Depression,UNNAMED,1990
199076I,1990090318,22.5,86.0,27.0,Depression,UNNAMED,1990
199076I,1990090321,22.5,85.5,27.0,Depression,UNNAMED,1990
199076I,1990090400,22.5,85.0,27.0,Depression,UNNAMED,1990
199076I,1990090403,22.5,84.7,27.0,Depression,UNNAMED,1990
199076I,1990090406,22.5,84.5,27.0,Depression,UNNAMED,1990
199076I,1990090409,22.5,84.3,27.0,Depression,UNNAMED,1990
199076I,1990090412,22.5,84.0,27.0,Depression,UNNAMED,1990
199076I,1990090415,22.7,83.5,27.0,Depression,UNNAMED,1990
199076I,1990090418,23.0,83.0,27.0,Depression,UNNAMED,1990
199076I,1990090421,23.3,82.5,22.0,Depression,UNNAMED,1990
199076I,1990090500,23.5,82.0,16.0,Depression,UNNAMED,1990
199092I,1990100512,15.2,99.9,20.0,Depression,IRA,1990
199095I,1990100612,18.0,91.0,16.0,Depression,UNNAMED,1990
199095I,1990100615,17.8,90.6,22.0,Depression,UNNAMED,1990
199095I,1990100618,18.0,90.0,27.0,Depression,UNNAMED,1990
199095I,1990100621,19.0,89.2,30.0,Depression,UNNAMED,1990
199095I,1990100700,20.0,88.5,33.0,Depression,UNNAMED,1990
199095I,1990100703,20.4,88.2,33.0,Depression,UNNAMED,1990
199095I,1990100706,20.5,88.0,33.0,Depression,UNNAMED,1990
199095I,1990100709,20.8,87.8,30.0,Depression,UNNAMED,1990
199095I,1990100712,21.0,87.5,27.0,Depression,UNNAMED,1990
199095I,1990100715,21.0,87.2,27.0,Depression,UNNAMED,1990
199095I,1990100718,21.0,87.0,27.0,Depression,UNNAMED,1990
199095I,1990100721,21.2,87.2,27.0,Depression,UNNAMED,1990
199095I,1990100800,21.5,87.5,27.0,Depression,UNNAMED,1990
199095I,1990100803,21.7,87.5,27.0,Depression,UNNAMED,1990
199095I,1990100806,22.0,87.5,27.0,Depression,UNNAMED,1990
199095I,1990100809,22.2,87.5,27.0,Depression,UNNAMED,1990
199095I,1990100812,22.5,87.5,27.0,Depression,UNNAMED,1990
199095I,1990100815,23.0,87.7,22.0,Depression,UNNAMED,1990
199095I,1990100818,23.5,88.0,16.0,Depression,UNNAMED,1990
199103I,1991011418,2.3,86.5,20.0,Depression,UNNAMED,1991
199103I,1991011421,2.8,86.1,20.0,Depression,UNNAMED,1991
199103I,1991011500,3.3,85.6,20.0,Depression,UNNAMED,1991
199103I,1991011503,3.6,85.1,20.0,Depression,UNNAMED,1991
199103I,1991011506,3.9,84.6,20.0,Depression,UNNAMED,1991
199103I,1991011509,4.1,84.1,20.0,Depression,UNNAMED,1991
199103I,1991011512,4.3,83.6,20.0,Depression,UNNAMED,1991
199103I,1991011515,4.5,83.1,20.0,Depression,UNNAMED,1991
199103I,1991011518,4.6,82.6,20.0,Depression,UNNAMED,1991
199103I,1991011521,4.8,82.1,20.0,Depression,UNNAMED,1991
199103I,1991011600,4.9,81.5,20.0,Depression,UNNAMED,1991
199103I,1991011603,5.0,81.0,20.0,Depression,UNNAMED,1991
199103I,1991011606,5.0,80.4,20.0,Depression,UNNAMED,1991
199103I,1991011609,5.0,79.8,20.0,Depression,UNNAMED,1991
199103I,1991011612,4.9,79.3,20.0,Depression,UNNAMED,1991
199103I,1991011615,4.8,78.8,20.0,Depression,UNNAMED,1991
199103I,1991011618,4.7,78.2,20.0,Depression,UNNAMED,1991
199103I,1991011621,4.6,77.6,23.0,Depression,UNNAMED,1991
199103I,1991011700,4.4,77.1,25.0,Depression,UNNAMED,1991
199103I,1991011703,4.1,76.6,28.0,Depression,UNNAMED,1991
199103I,1991011706,3.9,76.1,30.0,Depression,UNNAMED,1991
199103I,1991011709,3.8,75.8,33.0,Depression,UNNAMED,1991
199103I,1991011712,3.7,75.5,35.0,Cyclonic Storm,UNNAMED,1991
199103I,1991011715,3.6,75.2,35.0,Cyclonic Storm,UNNAMED,1991
199103I,1991011718,3.6,75.0,35.0,Cyclonic Storm,UNNAMED,1991
199103I,1991011721,3.6,74.8,35.0,Cyclonic Storm,UNNAMED,1991
199103I,1991011800,3.6,74.5,35.0,Cyclonic Storm,UNNAMED,1991
199103I,1991011803,3.6,74.3,35.0,Cyclonic Storm,UNNAMED,1991
199103I,1991011806,3.6,74.0,35.0,Cyclonic Storm,UNNAMED,1991
199103I,1991011809,3.7,73.7,35.0,Cyclonic Storm,UNNAMED,1991
199103I,1991011812,3.9,73.3,35.0,Cyclonic Storm,UNNAMED,1991
199103I,1991011815,4.2,72.8,35.0,Cyclonic Storm,UNNAMED,1991
199103I,1991011818,4.5,72.3,35.0,Cyclonic Storm,UNNAMED,1991
199103I,1991011821,4.7,71.8,35.0,Cyclonic Storm,UNNAMED,1991
199103I,1991011900,4.9,71.2,35.0,Cyclonic Storm,UNNAMED,1991
199103I,1991011903,5.0,70.5,33.0,Depression,UNNAMED,1991
199103I,1991011906,5.1,69.8,30.0,Depression,UNNAMED,1991
199103I,1991011909,5.1,69.1,30.0,Depression,UNNAMED,1991
199103I,1991011912,5.1,68.4,30.0,Depression,UNNAMED,1991
199103I,1991011915,5.1,67.8,30.0,Depression,UNNAMED,1991
199103I,1991011918,5.1,67.2,30.0,Depression,UNNAMED,1991
199103I,1991011921,5.1,66.6,30.0,Depression,UNNAMED,1991
199103I,1991012000,5.1,66.0,30.0,Depression,UNNAMED,1991
199103I,1991012003,5.2,65.6,28.0,Depression,UNNAMED,1991
199103I,1991012006,5.3,65.3,25.0,Depression,UNNAMED,1991
199120I,1991042218,10.0,91.2,20.0,Depression,UNNAMED,1991
199120I,1991042221,9.8,91.1,20.0,Depression,UNNAMED,1991
199120I,1991042300,9.7,91.0,20.0,Depression,UNNAMED,1991
199120I,1991042303,9.6,90.9,20.0,Depression,UNNAMED,1991
199120I,1991042306,9.5,90.8,20.0,Depression,UNNAMED,1991
199120I,1991042309,9.4,90.7,23.0,Depression,UNNAMED,1991
199120I,1991042312,9.4,90.5,25.0,Depression,UNNAMED,1991
199120I,1991042315,9.4,90.3,25.0,Depression,UNNAMED,1991
199120I,1991042318,9.4,90.1,25.0,Depression,UNNAMED,1991
199120I,1991042321,9.4,89.9,25.0,Depression,UNNAMED,1991
199120I,1991042400,9.2,89.6,25.0,Depression,UNNAMED,1991
199120I,1991042403,9.2,89.4,28.0,Depression,UNNAMED,1991
199120I,1991042406,9.3,89.3,30.0,Depression,UNNAMED,1991
199120I,1991042409,9.4,89.2,30.0,Depression,UNNAMED,1991
199120I,1991042412,9.6,89.2,25.0,Depression,UNNAMED,1991
199120I,1991042415,9.8,89.1,25.0,Depression,UNNAMED,1991
199120I,1991042418,10.1,89.1,25.0,Depression,UNNAMED,1991
199120I,1991042421,10.4,89.0,25.0,Depression,UNNAMED,1991
199120I,1991042500,10.6,88.9,25.0,Depression,UNNAMED,1991
199120I,1991042503,10.8,88.7,28.0,Depression,UNNAMED,1991
199120I,1991042506,11.0,88.5,30.0,Depression,UNNAMED,1991
199120I,1991042509,11.1,88.2,33.0,Depression,UNNAMED,1991
199120I,1991042512,11.1,88.0,35.0,Cyclonic Storm,UNNAMED,1991
199120I,1991042515,11.1,87.9,35.0,Cyclonic Storm,UNNAMED,1991
199120I,1991042518,11.2,87.9,35.0,Cyclonic Storm,UNNAMED,1991
199120I,1991042521,11.2,87.6,40.0,Cyclonic Storm,UNNAMED,1991
199120I,1991042600,11.2,87.5,45.0,Cyclonic Storm,UNNAMED,1991
199120I,1991042603,11.2,87.4,50.0,Severe Cyclonic Storm,UNNAMED,1991
199120I,1991042606,11.3,87.4,55.0,Severe Cyclonic Storm,UNNAMED,1991
199120I,1991042609,11.5,87.4,55.0,Severe Cyclonic Storm,UNNAMED,1991
199120I,1991042612,11.7,87.4,55.0,Severe Cyclonic Storm,UNNAMED,1991
199120I,1991042615,11.8,87.3,55.0,Severe Cyclonic Storm,UNNAMED,1991
199120I,1991042618,11.9,87.2,55.0,Severe Cyclonic Storm,UNNAMED,1991
199120I,1991042621,12.0,87.2,55.0,Severe Cyclonic Storm,UNNAMED,1991
199120I,1991042700,12.4,87.3,55.0,Severe Cyclonic Storm,UNNAMED,1991
199120I,1991042703,12.9,87.2,66.0,Very Severe Cyclonic Storm,UNNAMED,1991
199120I,1991042706,13.4,87.2,77.0,Very Severe Cyclonic Storm,UNNAMED,1991
199120I,1991042709,13.9,87.2,77.0,Very Severe Cyclonic Storm,UNNAMED,1991
199120I,1991042712,14.2,87.2,77.0,Very Severe Cyclonic Storm,UNNAMED,1991
199120I,1991042715,14.4,87.2,77.0,Very Severe Cyclonic Storm,UNNAMED,1991
199120I,1991042718,14.5,87.2,77.0,Very Severe Cyclonic Storm,UNNAMED,1991
199120I,1991042721,14.7,87.3,77.0,Very Severe Cyclonic Storm,UNNAMED,1991
199120I,1991042800,15.0,87.4,77.0,Very Severe Cyclonic Storm,UNNAMED,1991
199120I,1991042803,15.4,87.6,90.0,Extremely Severe/Super Cyclone,UNNAMED,1991
199120I,1991042806,15.8,87.9,102.0,Extremely Severe/Super Cyclone,UNNAMED,1991
199120I,1991042809,16.1,88.0,102.0,Extremely Severe/Super Cyclone,UNNAMED,1991
199120I,1991042812,16.5,88.2,102.0,Extremely Severe/Super Cyclone,UNNAMED,1991
199120I,1991042815,16.9,88.4,109.0,Extremely Severe/Super Cyclone,UNNAMED,1991
199120I,1991042818,17.4,88.7,115.0,Extremely Severe/Super Cyclone,UNNAMED,1991
199120I,1991042821,17.9,88.9,121.0,Extremely Severe/Super Cyclone,UNNAMED,1991
199120I,1991042900,18.4,89.2,127.0,Extremely Severe/Super Cyclone,UNNAMED,1991
199120I,1991042903,19.1,89.6,127.0,Extremely Severe/Super Cyclone,UNNAMED,1991
199120I,1991042906,19.7,90.0,127.0,Extremely Severe/Super Cyclone,UNNAMED,1991
199120I,1991042909,20.1,90.3,127.0,Extremely Severe/Super Cyclone,UNNAMED,1991
199120I,1991042912,20.6,90.6,127.0,Extremely Severe/Super Cyclone,UNNAMED,1991
199120I,1991042915,21.2,91.0,127.0,Extremely Severe/Super Cyclone,UNNAMED,1991
199120I,1991042918,22.0,91.6,127.0,Extremely Severe/Super Cyclone,UNNAMED,1991
199120I,1991042921,22.7,92.1,79.0,Very Severe Cyclonic Storm,UNNAMED,1991
199120I,1991043000,23.4,92.9,30.0,Depression,UNNAMED,1991
199120I,1991043003,24.0,93.7,23.0,Depression,UNNAMED,1991
199120I,1991043006,24.5,94.7,15.0,Depression,UNNAMED,1991
199120I,1991043009,24.6,95.8,73.0,Very Severe Cyclonic Storm,UNNAMED,1991
199120I,1991043012,25.0,97.0,60.0,Severe Cyclonic Storm,UNNAMED,1991
199120I,1991043015,25.4,98.3,50.0,Severe Cyclonic Storm,UNNAMED,1991
199120I,1991043018,25.7,99.7,40.0,Cyclonic Storm,UNNAMED,1991
199124I,1991053000,13.6,90.8,20.0,Depression,UNNAMED,1991
199124I,1991053003,13.6,90.5,20.0,Depression,UNNAMED,1991
199124I,1991053006,13.6,90.2,20.0,Depression,UNNAMED,1991
199124I,1991053009,13.6,89.9,20.0,Depression,UNNAMED,1991
199124I,1991053012,13.7,89.5,20.0,Depression,UNNAMED,1991
199124I,1991053015,13.8,89.1,23.0,Depression,UNNAMED,1991
199124I,1991053018,14.0,88.8,25.0,Depression,UNNAMED,1991
199124I,1991053021,14.3,88.6,25.0,Depression,UNNAMED,1991
199124I,1991053100,14.4,89.0,25.0,Depression,UNNAMED,1991
199124I,1991053103,14.7,89.0,25.0,Depression,UNNAMED,1991
199124I,1991053106,15.2,89.0,25.0,Depression,UNNAMED,1991
199124I,1991053109,15.6,88.9,28.0,Depression,UNNAMED,1991
199124I,1991053112,16.1,88.9,30.0,Depression,UNNAMED,1991
199124I,1991053115,16.4,88.9,30.0,Depression,UNNAMED,1991
199124I,1991053118,16.7,88.9,30.0,Depression,UNNAMED,1991
199124I,1991053121,17.0,88.9,33.0,Depression,UNNAMED,1991
199124I,1991060100,17.4,89.0,35.0,Cyclonic Storm,UNNAMED,1991
199124I,1991060103,18.1,89.1,35.0,Cyclonic Storm,UNNAMED,1991
199124I,1991060106,18.9,89.4,35.0,Cyclonic Storm,UNNAMED,1991
199124I,1991060109,19.3,89.6,40.0,Cyclonic Storm,UNNAMED,1991
199124I,1991060112,19.7,89.8,45.0,Cyclonic Storm,UNNAMED,1991
199124I,1991060115,20.0,89.9,45.0,Cyclonic Storm,UNNAMED,1991
199124I,1991060118,20.5,90.0,45.0,Cyclonic Storm,UNNAMED,1991
199124I,1991060121,21.3,90.4,45.0,Cyclonic Storm,UNNAMED,1991
199124I,1991060200,22.3,91.0,45.0,Cyclonic Storm,UNNAMED,1991
199124I,1991060203,23.3,91.7,35.0,Cyclonic Storm,UNNAMED,1991
199124I,1991060206,24.1,92.3,25.0,Depression,UNNAMED,1991
199124I,1991060209,24.6,92.8,20.0,Depression,UNNAMED,1991
199124I,1991060212,24.9,93.2,15.0,Depression,UNNAMED,1991
199124I,1991060215,25.3,93.6,33.0,Depression,UNNAMED,1991
199124I,1991060218,25.7,94.5,30.0,Depression,UNNAMED,1991
199124I,1991060221,26.2,95.4,28.0,Depression,UNNAMED,1991
199124I,1991060300,26.7,96.4,25.0,Depression,UNNAMED,1991
199140I,1991072706,20.5,89.0,25.0,Depression,UNNAMED,1991
199140I,1991072709,20.5,88.8,25.0,Depression,UNNAMED,1991
199140I,1991072712,20.5,88.8,25.0,Depression,UNNAMED,1991
199140I,1991072715,20.5,88.7,25.0,Depression,UNNAMED,1991
199140I,1991072718,20.5,88.5,25.0,Depression,UNNAMED,1991
199140I,1991072721,20.5,88.4,25.0,Depression,UNNAMED,1991
199140I,1991072800,20.5,88.2,25.0,Depression,UNNAMED,1991
199140I,1991072803,20.5,88.0,25.0,Depression,UNNAMED,1991
199140I,1991072806,20.5,87.8,25.0,Depression,UNNAMED,1991
199140I,1991072809,20.5,87.7,28.0,Depression,UNNAMED,1991
199140I,1991072812,20.5,87.5,30.0,Depression,UNNAMED,1991
199140I,1991072815,20.7,87.3,30.0,Depression,UNNAMED,1991
199140I,1991072818,21.0,87.0,30.0,Depression,UNNAMED,1991
199140I,1991072821,21.3,86.9,30.0,Depression,UNNAMED,1991
199140I,1991072900,21.5,86.5,30.0,Depression,UNNAMED,1991
199140I,1991072903,21.5,85.5,30.0,Depression,UNNAMED,1991
199140I,1991072906,21.5,84.2,30.0,Depression,UNNAMED,1991
199140I,1991072909,21.7,83.0,30.0,Depression,UNNAMED,1991
199140I,1991072912,22.0,82.0,30.0,Depression,UNNAMED,1991
199140I,1991072915,22.1,81.4,30.0,Depression,UNNAMED,1991
199140I,1991072918,22.2,81.0,30.0,Depression,UNNAMED,1991
199140I,1991072921,22.3,80.5,30.0,Depression,UNNAMED,1991
199140I,1991073000,22.5,80.0,30.0,Depression,UNNAMED,1991
199140I,1991073003,22.6,79.5,30.0,Depression,UNNAMED,1991
199140I,1991073006,22.7,79.0,30.0,Depression,UNNAMED,1991
199140I,1991073009,22.8,78.5,30.0,Depression,UNNAMED,1991
199140I,1991073012,23.0,78.0,30.0,Depression,UNNAMED,1991
199140I,1991073015,23.5,77.7,30.0,Depression,UNNAMED,1991
199140I,1991073018,24.0,77.5,30.0,Depression,UNNAMED,1991
199140I,1991073021,24.3,77.2,28.0,Depression,UNNAMED,1991
199140I,1991073100,24.5,77.0,25.0,Depression,UNNAMED,1991
199140I,1991073103,24.5,76.7,25.0,Depression,UNNAMED,1991
199140I,1991073106,24.5,76.5,25.0,Depression,UNNAMED,1991
199140I,1991073109,24.8,76.3,25.0,Depression,UNNAMED,1991
199140I,1991073112,25.2,76.3,25.0,Depression,UNNAMED,1991
199140I,1991073115,25.6,76.5,25.0,Depression,UNNAMED,1991
199140I,1991073118,26.0,76.7,25.0,Depression,UNNAMED,1991
199140I,1991073121,26.5,76.9,20.0,Depression,UNNAMED,1991
199140I,1991080100,27.0,77.0,15.0,Depression,UNNAMED,1991
199151I,1991082200,20.7,88.2,25.0,Depression,UNNAMED,1991
199151I,1991082203,20.9,87.9,25.0,Depression,UNNAMED,1991
199151I,1991082206,21.3,87.5,25.0,Depression,UNNAMED,1991
199151I,1991082209,21.9,86.8,25.0,Depression,UNNAMED,1991
199151I,1991082212,22.5,86.0,25.0,Depression,UNNAMED,1991
199151I,1991082215,22.6,85.0,25.0,Depression,UNNAMED,1991
199151I,1991082218,22.5,84.0,25.0,Depression,UNNAMED,1991
199151I,1991082221,22.6,83.5,25.0,Depression,UNNAMED,1991
199151I,1991082300,22.7,83.0,25.0,Depression,UNNAMED,1991
199151I,1991082303,22.8,82.3,25.0,Depression,UNNAMED,1991
199151I,1991082306,23.0,81.5,25.0,Depression,UNNAMED,1991
199151I,1991082309,23.4,80.8,25.0,Depression,UNNAMED,1991
199151I,1991082312,23.8,80.2,25.0,Depression,UNNAMED,1991
199151I,1991082315,23.9,80.0,25.0,Depression,UNNAMED,1991
199151I,1991082318,24.0,80.0,25.0,Depression,UNNAMED,1991
199151I,1991082321,24.3,79.9,25.0,Depression,UNNAMED,1991
199151I,1991082400,24.5,79.8,25.0,Depression,UNNAMED,1991
199151I,1991082403,24.5,79.8,25.0,Depression,UNNAMED,1991
199151I,1991082406,24.5,79.8,25.0,Depression,UNNAMED,1991
199151I,1991082409,24.5,79.9,25.0,Depression,UNNAMED,1991
199151I,1991082412,24.5,79.8,25.0,Depression,UNNAMED,1991
199151I,1991082415,24.7,79.2,25.0,Depression,UNNAMED,1991
199151I,1991082418,25.0,78.6,25.0,Depression,UNNAMED,1991
199151I,1991082421,25.6,78.5,25.0,Depression,UNNAMED,1991
199151I,1991082500,26.2,78.5,25.0,Depression,UNNAMED,1991
199151I,1991082503,26.6,78.5,25.0,Depression,UNNAMED,1991
199151I,1991082506,26.8,78.5,25.0,Depression,UNNAMED,1991
199151I,1991082509,26.9,78.5,25.0,Depression,UNNAMED,1991
199151I,1991082512,27.0,78.5,25.0,Depression,UNNAMED,1991
199151I,1991082515,27.3,78.5,25.0,Depression,UNNAMED,1991
199151I,1991082518,27.5,78.5,25.0,Depression,UNNAMED,1991
199151I,1991082521,27.5,78.5,25.0,Depression,UNNAMED,1991
199151I,1991082600,27.5,78.5,25.0,Depression,UNNAMED,1991
199151I,1991082603,27.7,78.5,20.0,Depression,UNNAMED,1991
199151I,1991082606,28.0,78.4,15.0,Depression,UNNAMED,1991
199151I,1991082609,28.3,78.3,15.0,Depression,UNNAMED,1991
199151I,1991082612,28.5,78.2,15.0,Depression,UNNAMED,1991
199151I,1991082615,28.6,78.2,15.0,Depression,UNNAMED,1991
199151I,1991082618,28.7,78.2,15.0,Depression,UNNAMED,1991
199168I,1991092106,15.5,83.5,25.0,Depression,UNNAMED,1991
199168I,1991092109,15.8,83.0,25.0,Depression,UNNAMED,1991
199168I,1991092112,16.0,82.5,25.0,Depression,UNNAMED,1991
199168I,1991092115,16.3,82.0,25.0,Depression,UNNAMED,1991
199168I,1991092118,16.5,81.5,25.0,Depression,UNNAMED,1991
199168I,1991092121,16.7,81.2,25.0,Depression,UNNAMED,1991
199168I,1991092200,17.0,81.0,25.0,Depression,UNNAMED,1991
199168I,1991092203,17.5,80.8,25.0,Depression,UNNAMED,1991
199168I,1991092206,18.0,80.5,25.0,Depression,UNNAMED,1991
199168I,1991092209,18.3,80.2,20.0,Depression,UNNAMED,1991
199168I,1991092212,18.5,80.0,15.0,Depression,UNNAMED,1991
199168I,1991092215,18.7,79.9,15.0,Depression,UNNAMED,1991
199168I,1991092218,19.0,80.0,15.0,Depression,UNNAMED,1991
199174I,1991101212,18.0,87.0,25.0,Depression,UNNAMED,1991
199174I,1991101215,18.3,86.8,25.0,Depression,UNNAMED,1991
199174I,1991101218,18.5,87.0,25.0,Depression,UNNAMED,1991
199174I,1991101221,19.0,87.4,25.0,Depression,UNNAMED,1991
199174I,1991101300,19.5,88.0,25.0,Depression,UNNAMED,1991
199174I,1991101303,20.0,88.4,25.0,Depression,UNNAMED,1991
199174I,1991101306,20.5,88.7,25.0,Depression,UNNAMED,1991
199174I,1991101309,20.8,89.1,25.0,Depression,UNNAMED,1991
199174I,1991101312,21.0,89.5,25.0,Depression,UNNAMED,1991
199174I,1991101315,21.2,89.6,25.0,Depression,UNNAMED,1991
199174I,1991101318,21.5,89.7,25.0,Depression,UNNAMED,1991
199174I,1991101321,21.8,89.9,25.0,Depression,UNNAMED,1991
199174I,1991101400,22.0,90.0,25.0,Depression,UNNAMED,1991
199174I,1991101403,22.2,90.0,20.0,Depression,UNNAMED,1991
199174I,1991101406,22.5,90.0,15.0,Depression,UNNAMED,1991
199183I,1991102806,10.5,82.0,25.0,Depression,UNNAMED,1991
199183I,1991102809,10.7,81.7,25.0,Depression,UNNAMED,1991
199183I,1991102812,11.0,81.5,25.0,Depression,UNNAMED,1991
199183I,1991102815,11.2,81.2,25.0,Depression,UNNAMED,1991
199183I,1991102818,11.5,81.0,25.0,Depression,UNNAMED,1991
199183I,1991102821,11.7,80.8,25.0,Depression,UNNAMED,1991
199183I,1991102900,12.0,80.5,25.0,Depression,UNNAMED,1991
199183I,1991102903,12.3,80.0,25.0,Depression,UNNAMED,1991
199183I,1991102906,12.5,79.5,25.0,Depression,UNNAMED,1991
199183I,1991102909,12.5,79.2,25.0,Depression,UNNAMED,1991
199183I,1991102912,12.5,79.0,25.0,Depression,UNNAMED,1991
199183I,1991102915,12.7,78.8,25.0,Depression,UNNAMED,1991
199183I,1991102918,13.0,78.5,25.0,Depression,UNNAMED,1991
199183I,1991102921,13.0,78.2,25.0,Depression,UNNAMED,1991
199183I,1991103000,13.0,78.0,25.0,Depression,UNNAMED,1991
199183I,1991103003,13.0,77.7,25.0,Depression,UNNAMED,1991
199183I,1991103006,13.0,77.5,25.0,Depression,UNNAMED,1991
199183I,1991103009,13.0,77.5,20.0,Depression,UNNAMED,1991
199183I,1991103012,13.0,77.5,15.0,Depression,UNNAMED,1991
199183I,1991103015,13.0,77.3,15.0,Depression,UNNAMED,1991
199183I,1991103018,13.0,77.0,15.0,Depression,UNNAMED,1991
199188I,1991110906,10.0,95.0,15.0,Depression,UNNAMED,1991
199188I,1991110909,10.1,94.7,15.0,Depression,UNNAMED,1991
199188I,1991110912,10.2,94.4,15.0,Depression,UNNAMED,1991
199188I,1991110915,10.2,94.1,15.0,Depression,UNNAMED,1991
199188I,1991110918,10.3,93.8,15.0,Depression,UNNAMED,1991
199188I,1991110921,10.4,93.5,15.0,Depression,UNNAMED,1991
199188I,1991111000,10.5,93.3,15.0,Depression,UNNAMED,1991
199188I,1991111003,10.6,93.1,15.0,Depression,UNNAMED,1991
199188I,1991111006,10.6,92.8,15.0,Depression,UNNAMED,1991
199188I,1991111009,10.6,92.5,18.0,Depression,UNNAMED,1991
199188I,1991111012,10.7,92.2,20.0,Depression,UNNAMED,1991
199188I,1991111015,10.7,91.9,20.0,Depression,UNNAMED,1991
199188I,1991111018,10.8,91.6,20.0,Depression,UNNAMED,1991
199188I,1991111021,10.8,91.3,20.0,Depression,UNNAMED,1991
199188I,1991111100,10.7,91.1,20.0,Depression,UNNAMED,1991
199188I,1991111103,10.7,90.7,20.0,Depression,UNNAMED,1991
199188I,1991111106,10.8,90.2,20.0,Depression,UNNAMED,1991
199188I,1991111109,10.9,89.3,20.0,Depression,UNNAMED,1991
199188I,1991111112,11.1,88.6,25.0,Depression,UNNAMED,1991
199188I,1991111115,11.1,88.3,25.0,Depression,UNNAMED,1991
199188I,1991111118,11.1,88.2,25.0,Depression,UNNAMED,1991
199188I,1991111121,11.1,87.9,25.0,Depression,UNNAMED,1991
199188I,1991111200,11.2,87.6,25.0,Depression,UNNAMED,1991
199188I,1991111203,11.2,87.2,25.0,Depression,UNNAMED,1991
199188I,1991111206,11.2,86.9,25.0,Depression,UNNAMED,1991
199188I,1991111209,11.2,86.6,25.0,Depression,UNNAMED,1991
199188I,1991111212,11.3,86.3,25.0,Depression,UNNAMED,1991
199188I,1991111215,11.3,85.8,25.0,Depression,UNNAMED,1991
199188I,1991111218,11.3,85.4,25.0,Depression,UNNAMED,1991
199188I,1991111221,11.3,85.0,25.0,Depression,UNNAMED,1991
199188I,1991111300,11.3,84.7,25.0,Depression,UNNAMED,1991
199188I,1991111303,11.2,84.2,28.0,Depression,UNNAMED,1991
199188I,1991111306,11.2,83.8,30.0,Depression,UNNAMED,1991
199188I,1991111309,11.2,83.4,33.0,Depression,UNNAMED,1991
199188I,1991111312,11.2,83.1,35.0,Cyclonic Storm,UNNAMED,1991
199188I,1991111315,11.1,82.6,35.0,Cyclonic Storm,UNNAMED,1991
199188I,1991111318,11.1,82.2,35.0,Cyclonic Storm,UNNAMED,1991
199188I,1991111321,11.1,81.8,35.0,Cyclonic Storm,UNNAMED,1991
199188I,1991111400,11.1,81.4,35.0,Cyclonic Storm,UNNAMED,1991
199188I,1991111403,10.9,81.1,40.0,Cyclonic Storm,UNNAMED,1991
199188I,1991111406,10.8,81.0,45.0,Cyclonic Storm,UNNAMED,1991
199188I,1991111409,10.9,80.8,45.0,Cyclonic Storm,UNNAMED,1991
199188I,1991111412,11.0,80.7,45.0,Cyclonic Storm,UNNAMED,1991
199188I,1991111415,11.1,80.4,45.0,Cyclonic Storm,UNNAMED,1991
199188I,1991111418,11.1,80.2,45.0,Cyclonic Storm,UNNAMED,1991
199188I,1991111421,11.2,79.9,40.0,Cyclonic Storm,UNNAMED,1991
199188I,1991111500,11.3,79.6,35.0,Cyclonic Storm,UNNAMED,1991
199188I,1991111503,11.5,79.4,33.0,Depression,UNNAMED,1991
199188I,1991111506,11.7,79.1,30.0,Depression,UNNAMED,1991
199188I,1991111509,11.9,78.8,28.0,Depression,UNNAMED,1991
199188I,1991111512,12.0,78.5,25.0,Depression,UNNAMED,1991
199188I,1991111515,12.1,78.2,20.0,Depression,UNNAMED,1991
199188I,1991111518,12.1,77.9,15.0,Depression,UNNAMED,1991
199188I,1991111521,12.1,77.4,20.0,Depression,UNNAMED,1991
199188I,1991111600,12.3,77.1,20.0,Depression,UNNAMED,1991
199188I,1991111603,12.4,76.8,18.0,Depression,UNNAMED,1991
199188I,1991111606,12.6,76.5,15.0,Depression,UNNAMED,1991
199188I,1991111609,12.8,76.2,15.0,Depression,UNNAMED,1991
199188I,1991111612,13.0,75.9,15.0,Depression,UNNAMED,1991
1992110I,1992103112,12.1,92.8,20.0,Depression,UNNAMED,1992
1992110I,1992103115,12.2,92.5,20.0,Depression,UNNAMED,1992
1992110I,1992103118,12.3,92.3,20.0,Depression,UNNAMED,1992
1992110I,1992103121,12.5,92.1,20.0,Depression,UNNAMED,1992
1992110I,1992110100,12.7,92.0,20.0,Depression,UNNAMED,1992
1992110I,1992110103,12.9,91.9,20.0,Depression,UNNAMED,1992
1992110I,1992110106,13.1,91.8,20.0,Depression,UNNAMED,1992
1992110I,1992110109,13.3,91.7,20.0,Depression,UNNAMED,1992
1992110I,1992110112,13.5,91.7,20.0,Depression,UNNAMED,1992
1992110I,1992110115,13.7,91.6,20.0,Depression,UNNAMED,1992
1992110I,1992110118,13.8,91.6,20.0,Depression,UNNAMED,1992
1992110I,1992110121,14.0,91.6,20.0,Depression,UNNAMED,1992
1992110I,1992110200,14.1,91.5,20.0,Depression,UNNAMED,1992
1992110I,1992110203,14.2,91.4,20.0,Depression,UNNAMED,1992
1992110I,1992110206,14.3,91.3,20.0,Depression,UNNAMED,1992
1992110I,1992110209,14.4,91.2,23.0,Depression,UNNAMED,1992
1992110I,1992110212,14.5,91.0,25.0,Depression,UNNAMED,1992
1992110I,1992110215,14.6,90.8,25.0,Depression,UNNAMED,1992
1992110I,1992110218,14.7,90.6,25.0,Depression,UNNAMED,1992
1992110I,1992110221,14.8,90.4,28.0,Depression,UNNAMED,1992
1992110I,1992110300,14.9,90.2,30.0,Depression,UNNAMED,1992
1992110I,1992110303,15.0,90.0,30.0,Depression,UNNAMED,1992
1992110I,1992110306,15.0,89.9,30.0,Depression,UNNAMED,1992
1992110I,1992110309,15.2,89.8,30.0,Depression,UNNAMED,1992
1992110I,1992110312,15.3,89.5,30.0,Depression,UNNAMED,1992
1992110I,1992110315,15.3,89.2,30.0,Depression,UNNAMED,1992
1992110I,1992110318,15.4,89.0,30.0,Depression,UNNAMED,1992
1992110I,1992110321,15.4,88.8,33.0,Depression,UNNAMED,1992
1992110I,1992110400,15.5,88.7,35.0,Cyclonic Storm,UNNAMED,1992
1992110I,1992110403,15.5,88.1,35.0,Cyclonic Storm,UNNAMED,1992
1992110I,1992110406,15.6,87.6,35.0,Cyclonic Storm,UNNAMED,1992
1992110I,1992110409,15.7,87.4,35.0,Cyclonic Storm,UNNAMED,1992
1992110I,1992110412,15.8,87.3,35.0,Cyclonic Storm,UNNAMED,1992
1992110I,1992110415,15.8,87.2,35.0,Cyclonic Storm,UNNAMED,1992
1992110I,1992110418,15.9,87.1,35.0,Cyclonic Storm,UNNAMED,1992
1992110I,1992110421,16.0,86.8,40.0,Cyclonic Storm,UNNAMED,1992
1992110I,1992110500,16.2,86.5,45.0,Cyclonic Storm,UNNAMED,1992
1992110I,1992110503,16.2,86.2,45.0,Cyclonic Storm,UNNAMED,1992
1992110I,1992110506,16.2,86.1,45.0,Cyclonic Storm,UNNAMED,1992
1992110I,1992110509,16.2,86.0,45.0,Cyclonic Storm,UNNAMED,1992
1992110I,1992110512,16.3,86.0,45.0,Cyclonic Storm,UNNAMED,1992
1992110I,1992110515,16.2,86.0,45.0,Cyclonic Storm,UNNAMED,1992
1992110I,1992110518,16.3,85.9,45.0,Cyclonic Storm,UNNAMED,1992
1992110I,1992110521,16.4,85.7,45.0,Cyclonic Storm,UNNAMED,1992
1992110I,1992110600,16.5,85.6,45.0,Cyclonic Storm,UNNAMED,1992
1992110I,1992110603,16.4,85.5,45.0,Cyclonic Storm,UNNAMED,1992
1992110I,1992110606,16.4,85.4,45.0,Cyclonic Storm,UNNAMED,1992
1992110I,1992110609,16.4,85.3,40.0,Cyclonic Storm,UNNAMED,1992
1992110I,1992110612,16.4,85.2,35.0,Cyclonic Storm,UNNAMED,1992
1992110I,1992110615,16.4,84.9,33.0,Depression,UNNAMED,1992
1992110I,1992110618,16.3,84.5,30.0,Depression,UNNAMED,1992
1992110I,1992110621,16.1,84.0,30.0,Depression,UNNAMED,1992
1992110I,1992110700,15.8,83.6,30.0,Depression,UNNAMED,1992
1992110I,1992110703,15.5,83.3,38.0,Cyclonic Storm,UNNAMED,1992
1992110I,1992110706,15.0,83.1,35.0,Cyclonic Storm,UNNAMED,1992
1992110I,1992110709,14.3,83.0,33.0,Depression,UNNAMED,1992
1992110I,1992110712,13.9,82.7,30.0,Depression,UNNAMED,1992
1992110I,1992110715,13.5,82.4,28.0,Depression,UNNAMED,1992
1992110I,1992110718,13.2,82.1,25.0,Depression,UNNAMED,1992
1992110I,1992110721,13.0,81.9,25.0,Depression,UNNAMED,1992
1992110I,1992110800,12.8,81.7,25.0,Depression,UNNAMED,1992
1992111I,1992110815,7.8,99.9,13.0,Depression,UNNAMED,1992
1992111I,1992110818,7.8,99.2,10.0,Depression,UNNAMED,1992
1992111I,1992110821,7.7,98.4,10.0,Depression,UNNAMED,1992
1992111I,1992110900,7.7,97.5,10.0,Depression,UNNAMED,1992
1992111I,1992110903,7.6,96.7,13.0,Depression,UNNAMED,1992
1992111I,1992110906,7.6,95.8,15.0,Depression,UNNAMED,1992
1992111I,1992110909,7.5,94.9,15.0,Depression,UNNAMED,1992
1992111I,1992110912,7.5,94.1,15.0,Depression,UNNAMED,1992
1992111I,1992110915,7.4,93.3,15.0,Depression,UNNAMED,1992
1992111I,1992110918,7.4,92.5,15.0,Depression,UNNAMED,1992
1992111I,1992110921,7.3,91.8,18.0,Depression,UNNAMED,1992
1992111I,1992111000,7.3,91.2,20.0,Depression,UNNAMED,1992
1992111I,1992111003,7.3,90.6,20.0,Depression,UNNAMED,1992
1992111I,1992111006,7.3,90.0,20.0,Depression,UNNAMED,1992
1992111I,1992111009,7.3,89.4,23.0,Depression,UNNAMED,1992
1992111I,1992111012,7.3,88.8,25.0,Depression,UNNAMED,1992
1992111I,1992111015,7.3,88.2,25.0,Depression,UNNAMED,1992
1992111I,1992111018,7.2,87.7,25.0,Depression,UNNAMED,1992
1992111I,1992111021,7.1,87.2,28.0,Depression,UNNAMED,1992
1992111I,1992111100,7.2,86.6,30.0,Depression,UNNAMED,1992
1992111I,1992111103,7.2,86.0,33.0,Depression,UNNAMED,1992
1992111I,1992111106,7.2,85.5,30.0,Depression,UNNAMED,1992
1992111I,1992111109,7.2,85.0,38.0,Cyclonic Storm,UNNAMED,1992
1992111I,1992111112,7.2,84.5,45.0,Cyclonic Storm,UNNAMED,1992
1992111I,1992111115,7.2,83.9,45.0,Cyclonic Storm,UNNAMED,1992
1992111I,1992111118,7.1,83.4,45.0,Cyclonic Storm,UNNAMED,1992
1992111I,1992111121,6.9,82.9,45.0,Cyclonic Storm,UNNAMED,1992
1992111I,1992111200,6.8,82.4,45.0,Cyclonic Storm,UNNAMED,1992
1992111I,1992111203,6.7,81.9,40.0,Cyclonic Storm,UNNAMED,1992
1992111I,1992111206,6.7,81.4,35.0,Cyclonic Storm,UNNAMED,1992
1992111I,1992111209,6.8,80.8,35.0,Cyclonic Storm,UNNAMED,1992
1992111I,1992111212,7.0,80.2,35.0,Cyclonic Storm,UNNAMED,1992
1992111I,1992111215,7.0,79.7,35.0,Cyclonic Storm,UNNAMED,1992
1992111I,1992111218,7.0,79.4,35.0,Cyclonic Storm,UNNAMED,1992
1992111I,1992111221,7.1,79.1,35.0,Cyclonic Storm,UNNAMED,1992
1992111I,1992111300,7.3,78.8,35.0,Cyclonic Storm,UNNAMED,1992
1992111I,1992111303,7.6,78.6,45.0,Cyclonic Storm,UNNAMED,1992
1992111I,1992111306,7.9,78.3,55.0,Severe Cyclonic Storm,UNNAMED,1992
1992111I,1992111309,8.4,77.9,50.0,Severe Cyclonic Storm,UNNAMED,1992
1992111I,1992111312,8.8,77.6,45.0,Cyclonic Storm,UNNAMED,1992
1992111I,1992111315,9.1,77.4,38.0,Cyclonic Storm,UNNAMED,1992
1992111I,1992111318,9.4,77.3,30.0,Depression,UNNAMED,1992
1992111I,1992111321,9.6,77.0,30.0,Depression,UNNAMED,1992
1992111I,1992111400,9.9,76.8,30.0,Depression,UNNAMED,1992
1992111I,1992111403,10.1,76.5,28.0,Depression,UNNAMED,1992
1992111I,1992111406,10.4,76.4,25.0,Depression,UNNAMED,1992
1992111I,1992111409,10.5,76.1,25.0,Depression,UNNAMED,1992
1992111I,1992111412,10.5,75.9,25.0,Depression,UNNAMED,1992
1992111I,1992111415,10.5,75.7,25.0,Depression,UNNAMED,1992
1992111I,1992111418,10.6,75.4,25.0,Depression,UNNAMED,1992
1992111I,1992111421,10.7,75.1,25.0,Depression,UNNAMED,1992
1992111I,1992111500,10.8,74.9,25.0,Depression,UNNAMED,1992
1992111I,1992111503,11.0,74.7,28.0,Depression,UNNAMED,1992
1992111I,1992111506,11.3,74.5,30.0,Depression,UNNAMED,1992
1992111I,1992111509,11.6,74.4,30.0,Depression,UNNAMED,1992
1992111I,1992111512,11.8,74.4,30.0,Depression,UNNAMED,1992
1992111I,1992111515,12.0,74.4,30.0,Depression,UNNAMED,1992
1992111I,1992111518,12.3,74.4,30.0,Depression,UNNAMED,1992
1992111I,1992111521,12.5,74.3,30.0,Depression,UNNAMED,1992
1992111I,1992111600,12.7,74.3,30.0,Depression,UNNAMED,1992
1992111I,1992111603,12.8,74.3,30.0,Depression,UNNAMED,1992
1992111I,1992111606,13.0,74.3,30.0,Depression,UNNAMED,1992
1992111I,1992111609,13.3,74.3,30.0,Depression,UNNAMED,1992
1992111I,1992111612,13.7,74.3,30.0,Depression,UNNAMED,1992
1992111I,1992111615,13.8,74.3,30.0,Depression,UNNAMED,1992
1992111I,1992111618,13.9,74.3,30.0,Depression,UNNAMED,1992
1992111I,1992111621,14.2,74.3,30.0,Depression,UNNAMED,1992
1992111I,1992111700,14.5,74.4,30.0,Depression,UNNAMED,1992
1992111I,1992111703,14.7,74.4,28.0,Depression,UNNAMED,1992
1992111I,1992111706,14.9,74.6,25.0,Depression,UNNAMED,1992
1992111I,1992111709,15.1,74.8,33.0,Depression,UNNAMED,1992
1992111I,1992111712,15.4,75.0,30.0,Depression,UNNAMED,1992
1992111I,1992111715,15.7,75.2,28.0,Depression,UNNAMED,1992
1992111I,1992111718,15.9,75.3,25.0,Depression,UNNAMED,1992
1992112I,1992111509,8.4,99.9,55.0,Severe Cyclonic Storm,FORREST,1992
1992112I,1992111512,8.6,99.2,55.0,Severe Cyclonic Storm,FORREST,1992
1992112I,1992111515,8.7,98.3,55.0,Severe Cyclonic Storm,FORREST,1992
1992112I,1992111518,8.8,97.5,55.0,Severe Cyclonic Storm,FORREST,1992
1992112I,1992111521,8.9,96.7,53.0,Severe Cyclonic Storm,FORREST,1992
1992112I,1992111600,9.1,96.2,50.0,Severe Cyclonic Storm,FORREST,1992
1992112I,1992111603,9.2,95.6,48.0,Severe Cyclonic Storm,FORREST,1992
1992112I,1992111606,9.3,95.1,25.0,Depression,FORREST,1992
1992112I,1992111609,9.4,94.5,25.0,Depression,FORREST,1992
1992112I,1992111612,9.5,94.0,25.0,Depression,FORREST,1992
1992112I,1992111615,9.5,93.5,28.0,Depression,FORREST,1992
1992112I,1992111618,9.5,93.0,30.0,Depression,FORREST,1992
1992112I,1992111621,9.6,92.4,33.0,Depression,FORREST,1992
1992112I,1992111700,9.6,91.8,35.0,Cyclonic Storm,FORREST,1992
1992112I,1992111703,9.7,91.1,40.0,Cyclonic Storm,FORREST,1992
1992112I,1992111706,9.8,90.5,45.0,Cyclonic Storm,FORREST,1992
1992112I,1992111709,9.9,90.0,50.0,Severe Cyclonic Storm,FORREST,1992
1992112I,1992111712,10.2,89.6,55.0,Severe Cyclonic Storm,FORREST,1992
1992112I,1992111715,10.5,89.3,60.0,Severe Cyclonic Storm,FORREST,1992
1992112I,1992111718,10.8,88.9,65.0,Very Severe Cyclonic Storm,FORREST,1992
1992112I,1992111721,11.2,88.6,71.0,Very Severe Cyclonic Storm,FORREST,1992
1992112I,1992111800,11.6,88.3,77.0,Very Severe Cyclonic Storm,FORREST,1992
1992112I,1992111803,12.0,88.0,77.0,Very Severe Cyclonic Storm,FORREST,1992
1992112I,1992111806,12.6,87.8,77.0,Very Severe Cyclonic Storm,FORREST,1992
1992112I,1992111809,13.2,87.7,77.0,Very Severe Cyclonic Storm,FORREST,1992
1992112I,1992111812,13.8,87.6,77.0,Very Severe Cyclonic Storm,FORREST,1992
1992112I,1992111815,14.3,87.6,77.0,Very Severe Cyclonic Storm,FORREST,1992
1992112I,1992111818,14.8,87.6,77.0,Very Severe Cyclonic Storm,FORREST,1992
1992112I,1992111821,15.4,87.6,84.0,Very Severe Cyclonic Storm,FORREST,1992
1992112I,1992111900,15.9,87.7,90.0,Extremely Severe/Super Cyclone,FORREST,1992
1992112I,1992111903,16.3,87.7,96.0,Extremely Severe/Super Cyclone,FORREST,1992
1992112I,1992111906,16.6,87.8,102.0,Extremely Severe/Super Cyclone,FORREST,1992
1992112I,1992111909,17.0,88.1,102.0,Extremely Severe/Super Cyclone,FORREST,1992
1992112I,1992111912,17.4,88.4,102.0,Extremely Severe/Super Cyclone,FORREST,1992
1992112I,1992111915,17.7,88.5,102.0,Extremely Severe/Super Cyclone,FORREST,1992
1992112I,1992111918,17.9,88.6,102.0,Extremely Severe/Super Cyclone,FORREST,1992
1992112I,1992111921,18.2,88.7,102.0,Extremely Severe/Super Cyclone,FORREST,1992
1992112I,1992112000,18.5,89.0,102.0,Extremely Severe/Super Cyclone,FORREST,1992
1992112I,1992112003,18.8,89.2,102.0,Extremely Severe/Super Cyclone,FORREST,1992
1992112I,1992112006,19.0,89.4,102.0,Extremely Severe/Super Cyclone,FORREST,1992
1992112I,1992112009,19.2,89.7,96.0,Extremely Severe/Super Cyclone,FORREST,1992
1992112I,1992112012,19.4,90.0,90.0,Extremely Severe/Super Cyclone,FORREST,1992
1992112I,1992112015,19.5,90.4,90.0,Extremely Severe/Super Cyclone,FORREST,1992
1992112I,1992112018,19.6,90.8,90.0,Extremely Severe/Super Cyclone,FORREST,1992
1992112I,1992112021,19.7,91.1,90.0,Extremely Severe/Super Cyclone,FORREST,1992
1992112I,1992112100,19.9,91.4,90.0,Extremely Severe/Super Cyclone,FORREST,1992
1992112I,1992112103,20.0,91.8,68.0,Very Severe Cyclonic Storm,FORREST,1992
1992112I,1992112106,20.1,92.3,45.0,Cyclonic Storm,FORREST,1992
1992112I,1992112109,20.2,92.8,40.0,Cyclonic Storm,FORREST,1992
1992112I,1992112112,20.4,93.3,35.0,Cyclonic Storm,FORREST,1992
1992112I,1992112115,20.5,93.7,25.0,Depression,FORREST,1992
1992112I,1992112118,20.4,93.9,15.0,Depression,FORREST,1992
1992112I,1992112121,20.1,94.2,38.0,Cyclonic Storm,FORREST,1992
1992112I,1992112200,19.9,94.5,30.0,Depression,FORREST,1992
1992117I,1992112912,2.8,76.5,15.0,Depression,UNNAMED,1992
1992117I,1992112915,2.8,76.8,18.0,Depression,UNNAMED,1992
1992117I,1992112918,2.9,77.1,20.0,Depression,UNNAMED,1992
1992117I,1992112921,3.0,77.4,23.0,Depression,UNNAMED,1992
1992117I,1992113000,3.1,77.7,25.0,Depression,UNNAMED,1992
1992117I,1992113003,3.2,78.0,28.0,Depression,UNNAMED,1992
1992117I,1992113006,3.3,78.3,30.0,Depression,UNNAMED,1992
1992117I,1992113009,3.4,78.5,30.0,Depression,UNNAMED,1992
1992117I,1992113012,3.6,78.7,30.0,Depression,UNNAMED,1992
1992117I,1992113015,3.8,78.8,33.0,Depression,UNNAMED,1992
1992117I,1992113018,4.0,78.8,35.0,Cyclonic Storm,UNNAMED,1992
1992117I,1992113021,4.2,78.7,35.0,Cyclonic Storm,UNNAMED,1992
1992117I,1992120100,4.5,78.6,35.0,Cyclonic Storm,UNNAMED,1992
1992117I,1992120103,4.7,78.4,38.0,Cyclonic Storm,UNNAMED,1992
1992117I,1992120106,4.9,78.1,40.0,Cyclonic Storm,UNNAMED,1992
1992117I,1992120109,5.0,77.8,40.0,Cyclonic Storm,UNNAMED,1992
1992117I,1992120112,5.1,77.5,40.0,Cyclonic Storm,UNNAMED,1992
1992117I,1992120115,5.2,77.2,43.0,Cyclonic Storm,UNNAMED,1992
1992117I,1992120118,5.2,77.0,45.0,Cyclonic Storm,UNNAMED,1992
1992117I,1992120121,5.2,76.9,48.0,Severe Cyclonic Storm,UNNAMED,1992
1992117I,1992120200,5.3,76.8,50.0,Severe Cyclonic Storm,UNNAMED,1992
1992117I,1992120203,5.3,76.7,48.0,Severe Cyclonic Storm,UNNAMED,1992
1992117I,1992120206,5.4,76.6,45.0,Cyclonic Storm,UNNAMED,1992
1992117I,1992120209,5.4,76.5,45.0,Cyclonic Storm,UNNAMED,1992
1992117I,1992120212,5.5,76.3,45.0,Cyclonic Storm,UNNAMED,1992
1992117I,1992120215,5.6,76.1,43.0,Cyclonic Storm,UNNAMED,1992
1992117I,1992120218,5.6,75.9,40.0,Cyclonic Storm,UNNAMED,1992
1992117I,1992120221,5.6,75.7,38.0,Cyclonic Storm,UNNAMED,1992
1992117I,1992120300,5.7,75.5,35.0,Cyclonic Storm,UNNAMED,1992
1992117I,1992120303,5.8,75.3,33.0,Depression,UNNAMED,1992
1992117I,1992120306,5.9,75.0,30.0,Depression,UNNAMED,1992
1992117I,1992120309,6.0,74.7,30.0,Depression,UNNAMED,1992
1992117I,1992120312,6.1,74.4,30.0,Depression,UNNAMED,1992
1992117I,1992120315,6.2,74.1,28.0,Depression,UNNAMED,1992
1992117I,1992120318,6.4,73.7,25.0,Depression,UNNAMED,1992
1992117I,1992120321,6.6,73.3,23.0,Depression,UNNAMED,1992
1992117I,1992120400,6.8,73.0,20.0,Depression,UNNAMED,1992
1992120I,1992121812,2.6,74.5,25.0,Depression,UNNAMED,1992
1992120I,1992121815,2.6,74.1,25.0,Depression,UNNAMED,1992
1992120I,1992121818,2.7,73.7,25.0,Depression,UNNAMED,1992
1992120I,1992121821,2.8,73.3,25.0,Depression,UNNAMED,1992
1992120I,1992121900,2.9,72.9,25.0,Depression,UNNAMED,1992
1992120I,1992121903,3.1,72.5,25.0,Depression,UNNAMED,1992
1992120I,1992121906,3.3,72.2,25.0,Depression,UNNAMED,1992
1992120I,1992121909,3.4,71.8,25.0,Depression,UNNAMED,1992
1992120I,1992121912,3.6,71.5,25.0,Depression,UNNAMED,1992
1992120I,1992121915,3.8,71.2,25.0,Depression,UNNAMED,1992
1992120I,1992121918,4.0,70.9,25.0,Depression,UNNAMED,1992
1992120I,1992121921,4.2,70.6,28.0,Depression,UNNAMED,1992
1992120I,1992122000,4.4,70.4,30.0,Depression,UNNAMED,1992
1992120I,1992122003,4.6,70.1,30.0,Depression,UNNAMED,1992
1992120I,1992122006,4.7,69.9,30.0,Depression,UNNAMED,1992
1992120I,1992122009,4.8,69.7,30.0,Depression,UNNAMED,1992
1992120I,1992122012,5.0,69.4,30.0,Depression,UNNAMED,1992
1992120I,1992122015,5.2,69.0,33.0,Depression,UNNAMED,1992
1992120I,1992122018,5.5,68.6,35.0,Cyclonic Storm,UNNAMED,1992
1992120I,1992122021,5.7,68.1,38.0,Cyclonic Storm,UNNAMED,1992
1992120I,1992122100,5.8,67.6,40.0,Cyclonic Storm,UNNAMED,1992
1992120I,1992122103,5.9,67.0,40.0,Cyclonic Storm,UNNAMED,1992
1992120I,1992122106,6.0,66.4,40.0,Cyclonic Storm,UNNAMED,1992
1992120I,1992122109,6.1,65.7,40.0,Cyclonic Storm,UNNAMED,1992
1992120I,1992122112,6.2,65.0,40.0,Cyclonic Storm,UNNAMED,1992
1992120I,1992122115,6.3,64.3,40.0,Cyclonic Storm,UNNAMED,1992
1992120I,1992122118,6.3,63.6,40.0,Cyclonic Storm,UNNAMED,1992
1992120I,1992122121,6.3,62.9,40.0,Cyclonic Storm,UNNAMED,1992
1992120I,1992122200,6.2,62.1,40.0,Cyclonic Storm,UNNAMED,1992
1992120I,1992122203,6.1,61.3,40.0,Cyclonic Storm,UNNAMED,1992
1992120I,1992122206,6.0,60.5,40.0,Cyclonic Storm,UNNAMED,1992
1992120I,1992122209,6.0,59.7,40.0,Cyclonic Storm,UNNAMED,1992
1992120I,1992122212,6.1,58.9,40.0,Cyclonic Storm,UNNAMED,1992
1992120I,1992122215,6.2,58.1,43.0,Cyclonic Storm,UNNAMED,1992
1992120I,1992122218,6.4,57.4,45.0,Cyclonic Storm,UNNAMED,1992
1992120I,1992122221,6.6,56.7,45.0,Cyclonic Storm,UNNAMED,1992
1992120I,1992122300,6.9,56.0,45.0,Cyclonic Storm,UNNAMED,1992
1992120I,1992122303,7.1,55.3,45.0,Cyclonic Storm,UNNAMED,1992
1992120I,1992122306,7.3,54.6,45.0,Cyclonic Storm,UNNAMED,1992
1992120I,1992122309,7.4,53.9,48.0,Severe Cyclonic Storm,UNNAMED,1992
1992120I,1992122312,7.6,53.3,50.0,Severe Cyclonic Storm,UNNAMED,1992
1992120I,1992122315,7.8,52.6,50.0,Severe Cyclonic Storm,UNNAMED,1992
1992120I,1992122318,8.0,52.0,50.0,Severe Cyclonic Storm,UNNAMED,1992
1992120I,1992122321,8.1,51.6,50.0,Severe Cyclonic Storm,UNNAMED,1992
1992120I,1992122400,8.2,51.2,50.0,Severe Cyclonic Storm,UNNAMED,1992
1992120I,1992122403,8.4,50.7,48.0,Severe Cyclonic Storm,UNNAMED,1992
1992120I,1992122406,8.6,50.3,45.0,Cyclonic Storm,UNNAMED,1992
1992120I,1992122409,8.8,49.9,35.0,Cyclonic Storm,UNNAMED,1992
1992120I,1992122412,9.0,49.6,25.0,Depression,UNNAMED,1992
1992120I,1992122415,9.2,49.3,20.0,Depression,UNNAMED,1992
1992120I,1992122418,9.4,49.0,15.0,Depression,UNNAMED,1992
199231I,1992051500,9.6,90.3,20.0,Depression,UNNAMED,1992
199231I,1992051503,9.8,90.0,20.0,Depression,UNNAMED,1992
199231I,1992051506,10.0,89.7,20.0,Depression,UNNAMED,1992
199231I,1992051509,10.2,89.4,20.0,Depression,UNNAMED,1992
199231I,1992051512,10.5,89.2,20.0,Depression,UNNAMED,1992
199231I,1992051515,10.7,88.9,20.0,Depression,UNNAMED,1992
199231I,1992051518,10.6,88.8,20.0,Depression,UNNAMED,1992
199231I,1992051521,11.0,88.4,23.0,Depression,UNNAMED,1992
199231I,1992051600,11.4,88.0,25.0,Depression,UNNAMED,1992
199231I,1992051603,11.7,87.6,25.0,Depression,UNNAMED,1992
199231I,1992051606,11.9,87.5,25.0,Depression,UNNAMED,1992
199231I,1992051609,12.1,87.3,25.0,Depression,UNNAMED,1992
199231I,1992051612,12.4,87.3,25.0,Depression,UNNAMED,1992
199231I,1992051615,12.5,87.3,25.0,Depression,UNNAMED,1992
199231I,1992051618,12.7,87.3,25.0,Depression,UNNAMED,1992
199231I,1992051621,13.2,87.3,28.0,Depression,UNNAMED,1992
199231I,1992051700,13.8,87.4,30.0,Depression,UNNAMED,1992
199231I,1992051703,14.1,87.6,30.0,Depression,UNNAMED,1992
199231I,1992051706,14.3,87.8,30.0,Depression,UNNAMED,1992
199231I,1992051709,14.4,88.1,30.0,Depression,UNNAMED,1992
199231I,1992051712,14.5,88.3,30.0,Depression,UNNAMED,1992
199231I,1992051715,14.6,88.4,30.0,Depression,UNNAMED,1992
199231I,1992051718,14.8,88.6,30.0,Depression,UNNAMED,1992
199231I,1992051721,15.0,89.0,33.0,Depression,UNNAMED,1992
199231I,1992051800,15.4,89.6,35.0,Cyclonic Storm,UNNAMED,1992
199231I,1992051803,15.8,90.2,35.0,Cyclonic Storm,UNNAMED,1992
199231I,1992051806,16.2,90.7,35.0,Cyclonic Storm,UNNAMED,1992
199231I,1992051809,16.4,91.0,35.0,Cyclonic Storm,UNNAMED,1992
199231I,1992051812,16.7,91.3,35.0,Cyclonic Storm,UNNAMED,1992
199231I,1992051815,16.9,91.7,35.0,Cyclonic Storm,UNNAMED,1992
199231I,1992051818,17.3,92.3,35.0,Cyclonic Storm,UNNAMED,1992
199231I,1992051821,17.9,92.9,35.0,Cyclonic Storm,UNNAMED,1992
199231I,1992051900,18.5,93.6,35.0,Cyclonic Storm,UNNAMED,1992
199231I,1992051903,19.0,94.1,30.0,Depression,UNNAMED,1992
199231I,1992051906,19.4,94.6,25.0,Depression,UNNAMED,1992
199231I,1992051909,19.9,95.2,53.0,Severe Cyclonic Storm,UNNAMED,1992
199231I,1992051912,20.5,96.0,45.0,Cyclonic Storm,UNNAMED,1992
199231I,1992051915,21.4,97.1,40.0,Cyclonic Storm,UNNAMED,1992
199231I,1992051918,22.2,98.0,35.0,Cyclonic Storm,UNNAMED,1992
199231I,1992051921,23.0,98.9,30.0,Depression,UNNAMED,1992
199231I,1992052000,23.9,99.7,25.0,Depression,UNNAMED,1992
199233I,1992060306,9.9,70.3,20.0,Depression,UNNAMED,1992
199233I,1992060309,9.9,70.4,23.0,Depression,UNNAMED,1992
199233I,1992060312,10.0,70.4,25.0,Depression,UNNAMED,1992
199233I,1992060315,10.1,70.4,25.0,Depression,UNNAMED,1992
199233I,1992060318,10.3,70.4,25.0,Depression,UNNAMED,1992
199233I,1992060321,10.4,70.4,25.0,Depression,UNNAMED,1992
199233I,1992060400,10.5,70.3,25.0,Depression,UNNAMED,1992
199233I,1992060403,10.5,70.1,25.0,Depression,UNNAMED,1992
199233I,1992060406,10.5,69.9,25.0,Depression,UNNAMED,1992
199233I,1992060409,10.5,69.6,25.0,Depression,UNNAMED,1992
199233I,1992060412,10.4,69.2,25.0,Depression,UNNAMED,1992
199233I,1992060415,10.3,68.8,28.0,Depression,UNNAMED,1992
199233I,1992060418,10.2,68.3,30.0,Depression,UNNAMED,1992
199233I,1992060421,10.1,67.9,30.0,Depression,UNNAMED,1992
199233I,1992060500,10.1,67.4,30.0,Depression,UNNAMED,1992
199233I,1992060503,10.1,67.0,30.0,Depression,UNNAMED,1992
199233I,1992060506,10.1,66.5,30.0,Depression,UNNAMED,1992
199233I,1992060509,10.1,66.0,30.0,Depression,UNNAMED,1992
199233I,1992060512,10.1,65.6,30.0,Depression,UNNAMED,1992
199233I,1992060515,10.1,65.1,30.0,Depression,UNNAMED,1992
199233I,1992060518,10.2,64.7,30.0,Depression,UNNAMED,1992
199233I,1992060521,10.2,64.3,33.0,Depression,UNNAMED,1992
199233I,1992060600,10.3,63.9,35.0,Cyclonic Storm,UNNAMED,1992
199233I,1992060603,10.3,63.5,35.0,Cyclonic Storm,UNNAMED,1992
199233I,1992060606,10.4,63.2,35.0,Cyclonic Storm,UNNAMED,1992
199233I,1992060609,10.4,63.0,35.0,Cyclonic Storm,UNNAMED,1992
199233I,1992060612,10.5,62.8,35.0,Cyclonic Storm,UNNAMED,1992
199233I,1992060615,10.5,62.7,35.0,Cyclonic Storm,UNNAMED,1992
199233I,1992060618,10.6,62.6,35.0,Cyclonic Storm,UNNAMED,1992
199233I,1992060621,10.7,62.5,35.0,Cyclonic Storm,UNNAMED,1992
199233I,1992060700,10.8,62.5,35.0,Cyclonic Storm,UNNAMED,1992
199233I,1992060703,10.9,62.5,35.0,Cyclonic Storm,UNNAMED,1992
199233I,1992060706,10.9,62.5,35.0,Cyclonic Storm,UNNAMED,1992
199233I,1992060709,10.9,62.5,35.0,Cyclonic Storm,UNNAMED,1992
199233I,1992060712,11.0,62.6,35.0,Cyclonic Storm,UNNAMED,1992
199233I,1992060715,11.1,62.7,35.0,Cyclonic Storm,UNNAMED,1992
199233I,1992060718,11.1,62.8,35.0,Cyclonic Storm,UNNAMED,1992
199233I,1992060721,11.1,62.9,35.0,Cyclonic Storm,UNNAMED,1992
199233I,1992060800,11.2,63.0,35.0,Cyclonic Storm,UNNAMED,1992
199233I,1992060803,11.2,63.1,35.0,Cyclonic Storm,UNNAMED,1992
199233I,1992060806,11.3,63.2,35.0,Cyclonic Storm,UNNAMED,1992
199233I,1992060809,11.4,63.2,35.0,Cyclonic Storm,UNNAMED,1992
199233I,1992060812,11.5,63.2,25.0,Depression,UNNAMED,1992
199233I,1992060815,11.6,63.1,25.0,Depression,UNNAMED,1992
199233I,1992060818,11.6,63.0,25.0,Depression,UNNAMED,1992
199233I,1992060821,11.6,62.9,25.0,Depression,UNNAMED,1992
199233I,1992060900,11.7,62.8,25.0,Depression,UNNAMED,1992
199233I,1992060903,11.8,62.6,28.0,Depression,UNNAMED,1992
199233I,1992060906,11.8,62.4,30.0,Depression,UNNAMED,1992
199233I,1992060909,11.8,62.2,30.0,Depression,UNNAMED,1992
199233I,1992060912,11.9,62.0,30.0,Depression,UNNAMED,1992
199233I,1992060915,11.9,61.8,30.0,Depression,UNNAMED,1992
199233I,1992060918,12.0,61.3,30.0,Depression,UNNAMED,1992
199233I,1992060921,12.1,61.0,30.0,Depression,UNNAMED,1992
199233I,1992061000,12.3,60.7,30.0,Depression,UNNAMED,1992
199233I,1992061003,12.4,60.3,30.0,Depression,UNNAMED,1992
199233I,1992061006,12.4,60.1,30.0,Depression,UNNAMED,1992
199233I,1992061009,12.5,60.1,30.0,Depression,UNNAMED,1992
199233I,1992061012,12.6,60.1,30.0,Depression,UNNAMED,1992
199233I,1992061015,12.8,59.7,30.0,Depression,UNNAMED,1992
199233I,1992061018,13.0,59.2,30.0,Depression,UNNAMED,1992
199233I,1992061021,13.1,58.9,30.0,Depression,UNNAMED,1992
199233I,1992061100,13.3,58.6,30.0,Depression,UNNAMED,1992
199233I,1992061103,13.3,58.0,33.0,Depression,UNNAMED,1992
199233I,1992061106,13.4,57.4,35.0,Cyclonic Storm,UNNAMED,1992
199233I,1992061109,13.6,56.9,40.0,Cyclonic Storm,UNNAMED,1992
199233I,1992061112,13.8,56.5,45.0,Cyclonic Storm,UNNAMED,1992
199233I,1992061115,13.8,56.1,45.0,Cyclonic Storm,UNNAMED,1992
199233I,1992061118,13.9,55.8,45.0,Cyclonic Storm,UNNAMED,1992
199233I,1992061121,14.0,55.5,40.0,Cyclonic Storm,UNNAMED,1992
199233I,1992061200,14.1,55.0,35.0,Cyclonic Storm,UNNAMED,1992
199233I,1992061203,14.1,54.2,30.0,Depression,UNNAMED,1992
199233I,1992061206,14.0,53.2,25.0,Depression,UNNAMED,1992
199233I,1992061209,14.0,52.7,25.0,Depression,UNNAMED,1992
199233I,1992061212,14.0,52.5,25.0,Depression,UNNAMED,1992
199234I,1992061412,12.2,88.1,25.0,Depression,UNNAMED,1992
199234I,1992061415,12.5,88.1,25.0,Depression,UNNAMED,1992
199234I,1992061418,12.9,88.1,25.0,Depression,UNNAMED,1992
199234I,1992061421,13.3,88.2,25.0,Depression,UNNAMED,1992
199234I,1992061500,13.6,88.4,25.0,Depression,UNNAMED,1992
199234I,1992061503,14.0,88.6,25.0,Depression,UNNAMED,1992
199234I,1992061506,14.3,88.7,25.0,Depression,UNNAMED,1992
199234I,1992061509,14.6,88.9,25.0,Depression,UNNAMED,1992
199234I,1992061512,14.9,89.0,25.0,Depression,UNNAMED,1992
199234I,1992061515,15.2,89.1,25.0,Depression,UNNAMED,1992
199234I,1992061518,15.6,89.1,25.0,Depression,UNNAMED,1992
199234I,1992061521,15.9,89.1,25.0,Depression,UNNAMED,1992
199234I,1992061600,16.3,89.1,25.0,Depression,UNNAMED,1992
199234I,1992061603,16.6,89.1,25.0,Depression,UNNAMED,1992
199234I,1992061606,17.0,89.0,25.0,Depression,UNNAMED,1992
199234I,1992061609,17.4,88.9,25.0,Depression,UNNAMED,1992
199234I,1992061612,17.7,88.8,25.0,Depression,UNNAMED,1992
199234I,1992061615,18.1,88.7,28.0,Depression,UNNAMED,1992
199234I,1992061618,18.4,88.6,30.0,Depression,UNNAMED,1992
199234I,1992061621,18.7,88.5,30.0,Depression,UNNAMED,1992
199234I,1992061700,19.0,88.3,30.0,Depression,UNNAMED,1992
199234I,1992061703,19.3,88.2,30.0,Depression,UNNAMED,1992
199234I,1992061706,19.5,88.0,30.0,Depression,UNNAMED,1992
199234I,1992061709,19.8,87.8,33.0,Depression,UNNAMED,1992
199234I,1992061712,20.0,87.5,35.0,Cyclonic Storm,UNNAMED,1992
199234I,1992061715,20.2,87.3,40.0,Cyclonic Storm,UNNAMED,1992
199234I,1992061718,20.4,87.0,45.0,Cyclonic Storm,UNNAMED,1992
199234I,1992061721,20.5,86.7,40.0,Cyclonic Storm,UNNAMED,1992
199234I,1992061800,20.6,86.2,35.0,Cyclonic Storm,UNNAMED,1992
199234I,1992061803,20.7,85.5,30.0,Depression,UNNAMED,1992
199234I,1992061806,20.9,84.7,25.0,Depression,UNNAMED,1992
199234I,1992061809,21.1,83.8,25.0,Depression,UNNAMED,1992
199234I,1992061812,21.4,82.8,25.0,Depression,UNNAMED,1992
199250I,1992072418,18.1,89.7,20.0,Depression,UNNAMED,1992
199250I,1992072421,18.1,89.4,20.0,Depression,UNNAMED,1992
199250I,1992072500,18.1,89.1,20.0,Depression,UNNAMED,1992
199250I,1992072503,18.1,88.8,23.0,Depression,UNNAMED,1992
199250I,1992072506,18.1,88.5,25.0,Depression,UNNAMED,1992
199250I,1992072509,18.1,88.1,25.0,Depression,UNNAMED,1992
199250I,1992072512,18.2,87.9,25.0,Depression,UNNAMED,1992
199250I,1992072515,18.4,87.9,25.0,Depression,UNNAMED,1992
199250I,1992072518,18.7,88.0,25.0,Depression,UNNAMED,1992
199250I,1992072521,19.0,88.0,25.0,Depression,UNNAMED,1992
199250I,1992072600,19.2,87.9,25.0,Depression,UNNAMED,1992
199250I,1992072603,19.4,87.8,28.0,Depression,UNNAMED,1992
199250I,1992072606,19.6,87.6,30.0,Depression,UNNAMED,1992
199250I,1992072609,19.8,87.4,33.0,Depression,UNNAMED,1992
199250I,1992072612,20.0,87.1,35.0,Cyclonic Storm,UNNAMED,1992
199250I,1992072615,20.2,86.8,38.0,Cyclonic Storm,UNNAMED,1992
199250I,1992072618,20.3,86.4,40.0,Cyclonic Storm,UNNAMED,1992
199250I,1992072621,20.4,85.9,38.0,Cyclonic Storm,UNNAMED,1992
199250I,1992072700,20.5,85.4,35.0,Cyclonic Storm,UNNAMED,1992
199250I,1992072703,20.6,84.9,33.0,Depression,UNNAMED,1992
199250I,1992072706,20.8,84.4,30.0,Depression,UNNAMED,1992
199250I,1992072709,21.0,83.9,28.0,Depression,UNNAMED,1992
199250I,1992072712,21.2,83.4,25.0,Depression,UNNAMED,1992
199250I,1992072715,21.5,83.0,23.0,Depression,UNNAMED,1992
199250I,1992072718,21.9,82.6,20.0,Depression,UNNAMED,1992
199250I,1992072721,22.3,82.2,20.0,Depression,UNNAMED,1992
199250I,1992072800,22.8,81.9,20.0,Depression,UNNAMED,1992
199285I,1992092100,18.1,98.9,20.0,Depression,UNNAMED,1992
199285I,1992092103,18.1,98.1,20.0,Depression,UNNAMED,1992
199285I,1992092106,18.1,97.2,20.0,Depression,UNNAMED,1992
199285I,1992092109,18.1,96.3,20.0,Depression,UNNAMED,1992
199285I,1992092112,18.2,95.5,20.0,Depression,UNNAMED,1992
199285I,1992092115,18.3,94.8,23.0,Depression,UNNAMED,1992
199285I,1992092118,18.4,94.2,25.0,Depression,UNNAMED,1992
199285I,1992092121,18.5,93.6,28.0,Depression,UNNAMED,1992
199285I,1992092200,18.6,93.0,30.0,Depression,UNNAMED,1992
199285I,1992092203,18.9,92.4,30.0,Depression,UNNAMED,1992
199285I,1992092206,19.3,92.0,30.0,Depression,UNNAMED,1992
199285I,1992092209,19.6,91.7,30.0,Depression,UNNAMED,1992
199285I,1992092212,20.0,91.5,30.0,Depression,UNNAMED,1992
199285I,1992092215,20.4,91.3,30.0,Depression,UNNAMED,1992
199285I,1992092218,20.7,91.1,30.0,Depression,UNNAMED,1992
199285I,1992092221,20.9,90.8,30.0,Depression,UNNAMED,1992
199285I,1992092300,21.1,90.5,30.0,Depression,UNNAMED,1992
199285I,1992092303,21.2,90.3,30.0,Depression,UNNAMED,1992
199285I,1992092306,21.2,90.2,30.0,Depression,UNNAMED,1992
199285I,1992092309,21.2,90.1,30.0,Depression,UNNAMED,1992
199285I,1992092312,21.3,90.0,30.0,Depression,UNNAMED,1992
199285I,1992092315,21.4,89.9,30.0,Depression,UNNAMED,1992
199285I,1992092318,21.5,89.7,30.0,Depression,UNNAMED,1992
199285I,1992092321,21.6,89.6,28.0,Depression,UNNAMED,1992
199285I,1992092400,21.6,89.4,25.0,Depression,UNNAMED,1992
199285I,1992092403,21.7,89.2,25.0,Depression,UNNAMED,1992
199285I,1992092406,21.7,89.0,25.0,Depression,UNNAMED,1992
199285I,1992092409,21.7,88.8,25.0,Depression,UNNAMED,1992
199285I,1992092412,21.7,88.6,25.0,Depression,UNNAMED,1992
199285I,1992092415,21.7,88.4,25.0,Depression,UNNAMED,1992
199285I,1992092418,21.7,88.1,25.0,Depression,UNNAMED,1992
199285I,1992092421,21.7,87.9,25.0,Depression,UNNAMED,1992
199285I,1992092500,21.7,87.7,25.0,Depression,UNNAMED,1992
199292I,1992092900,12.0,77.3,10.0,Depression,UNNAMED,1992
199292I,1992092903,12.0,76.6,10.0,Depression,UNNAMED,1992
199292I,1992092906,12.0,75.9,10.0,Depression,UNNAMED,1992
199292I,1992092909,12.1,75.2,13.0,Depression,UNNAMED,1992
199292I,1992092912,12.2,74.5,15.0,Depression,UNNAMED,1992
199292I,1992092915,12.4,73.8,15.0,Depression,UNNAMED,1992
199292I,1992092918,12.8,73.2,15.0,Depression,UNNAMED,1992
199292I,1992092921,13.2,72.6,18.0,Depression,UNNAMED,1992
199292I,1992093000,13.7,72.1,20.0,Depression,UNNAMED,1992
199292I,1992093003,14.2,71.6,20.0,Depression,UNNAMED,1992
199292I,1992093006,14.7,71.1,20.0,Depression,UNNAMED,1992
199292I,1992093009,15.2,70.6,23.0,Depression,UNNAMED,1992
199292I,1992093012,15.7,70.0,25.0,Depression,UNNAMED,1992
199292I,1992093015,16.2,69.4,25.0,Depression,UNNAMED,1992
199292I,1992093018,16.6,68.8,25.0,Depression,UNNAMED,1992
199292I,1992093021,16.9,68.2,28.0,Depression,UNNAMED,1992
199292I,1992100100,17.0,67.5,25.0,Depression,UNNAMED,1992
199292I,1992100103,17.1,66.8,28.0,Depression,UNNAMED,1992
199292I,1992100106,17.3,66.2,30.0,Depression,UNNAMED,1992
199292I,1992100109,17.5,65.5,33.0,Depression,UNNAMED,1992
199292I,1992100112,17.6,65.0,35.0,Cyclonic Storm,UNNAMED,1992
199292I,1992100115,17.6,64.4,35.0,Cyclonic Storm,UNNAMED,1992
199292I,1992100118,17.6,63.8,35.0,Cyclonic Storm,UNNAMED,1992
199292I,1992100121,17.6,63.2,35.0,Cyclonic Storm,UNNAMED,1992
199292I,1992100200,17.6,62.7,35.0,Cyclonic Storm,UNNAMED,1992
199292I,1992100203,17.6,62.2,40.0,Cyclonic Storm,UNNAMED,1992
199292I,1992100206,17.7,61.7,45.0,Cyclonic Storm,UNNAMED,1992
199292I,1992100209,18.0,61.0,40.0,Cyclonic Storm,UNNAMED,1992
199292I,1992100212,18.5,60.4,35.0,Cyclonic Storm,UNNAMED,1992
199292I,1992100215,19.0,59.9,35.0,Cyclonic Storm,UNNAMED,1992
199292I,1992100218,19.4,59.5,35.0,Cyclonic Storm,UNNAMED,1992
199292I,1992100221,19.5,59.0,40.0,Cyclonic Storm,UNNAMED,1992
199292I,1992100300,19.7,58.5,45.0,Cyclonic Storm,UNNAMED,1992
199292I,1992100303,19.9,57.7,40.0,Cyclonic Storm,UNNAMED,1992
199292I,1992100306,20.1,56.9,35.0,Cyclonic Storm,UNNAMED,1992
199292I,1992100309,20.4,56.5,35.0,Cyclonic Storm,UNNAMED,1992
199292I,1992100312,20.6,56.1,35.0,Cyclonic Storm,UNNAMED,1992
199292I,1992100315,20.6,55.7,40.0,Cyclonic Storm,UNNAMED,1992
199292I,1992100318,20.7,55.2,35.0,Cyclonic Storm,UNNAMED,1992
199292I,1992100321,20.8,54.7,30.0,Depression,UNNAMED,1992
199292I,1992100400,20.9,54.2,25.0,Depression,UNNAMED,1992
199292I,1992100403,20.9,53.7,25.0,Depression,UNNAMED,1992
199292I,1992100406,21.0,53.2,25.0,Depression,UNNAMED,1992
199292I,1992100409,21.1,52.7,25.0,Depression,UNNAMED,1992
199292I,1992100412,21.2,52.3,25.0,Depression,UNNAMED,1992
199296I,1992100412,10.0,96.8,15.0,Depression,UNNAMED,1992
199296I,1992100415,10.1,96.2,15.0,Depression,UNNAMED,1992
199296I,1992100418,10.2,95.5,15.0,Depression,UNNAMED,1992
199296I,1992100421,10.3,94.8,15.0,Depression,UNNAMED,1992
199296I,1992100500,10.3,94.2,15.0,Depression,UNNAMED,1992
199296I,1992100503,10.4,93.6,18.0,Depression,UNNAMED,1992
199296I,1992100506,10.4,93.0,20.0,Depression,UNNAMED,1992
199296I,1992100509,10.4,92.4,20.0,Depression,UNNAMED,1992
199296I,1992100512,10.4,91.8,20.0,Depression,UNNAMED,1992
199296I,1992100515,10.4,91.2,20.0,Depression,UNNAMED,1992
199296I,1992100518,10.4,90.6,20.0,Depression,UNNAMED,1992
199296I,1992100521,10.3,90.0,20.0,Depression,UNNAMED,1992
199296I,1992100600,10.3,89.5,20.0,Depression,UNNAMED,1992
199296I,1992100603,10.4,89.0,23.0,Depression,UNNAMED,1992
199296I,1992100606,10.6,88.5,25.0,Depression,UNNAMED,1992
199296I,1992100609,11.0,88.1,25.0,Depression,UNNAMED,1992
199296I,1992100612,11.4,87.8,25.0,Depression,UNNAMED,1992
199296I,1992100615,11.8,87.5,25.0,Depression,UNNAMED,1992
199296I,1992100618,12.2,87.3,25.0,Depression,UNNAMED,1992
199296I,1992100621,12.5,87.1,28.0,Depression,UNNAMED,1992
199296I,1992100700,12.8,86.9,30.0,Depression,UNNAMED,1992
199296I,1992100703,13.0,86.7,30.0,Depression,UNNAMED,1992
199296I,1992100706,13.2,86.5,30.0,Depression,UNNAMED,1992
199296I,1992100709,13.4,86.3,30.0,Depression,UNNAMED,1992
199296I,1992100712,13.6,86.0,30.0,Depression,UNNAMED,1992
199296I,1992100715,13.7,85.6,33.0,Depression,UNNAMED,1992
199296I,1992100718,13.8,85.2,35.0,Cyclonic Storm,UNNAMED,1992
199296I,1992100721,13.9,84.8,38.0,Cyclonic Storm,UNNAMED,1992
199296I,1992100800,14.0,84.4,40.0,Cyclonic Storm,UNNAMED,1992
199296I,1992100803,14.1,84.0,43.0,Cyclonic Storm,UNNAMED,1992
199296I,1992100806,14.3,83.7,45.0,Cyclonic Storm,UNNAMED,1992
199296I,1992100809,14.6,83.3,45.0,Cyclonic Storm,UNNAMED,1992
199296I,1992100812,14.9,82.9,45.0,Cyclonic Storm,UNNAMED,1992
199296I,1992100815,15.2,82.5,45.0,Cyclonic Storm,UNNAMED,1992
199296I,1992100818,15.5,82.1,45.0,Cyclonic Storm,UNNAMED,1992
199296I,1992100821,15.8,81.7,43.0,Cyclonic Storm,UNNAMED,1992
199296I,1992100900,16.2,81.3,40.0,Cyclonic Storm,UNNAMED,1992
199296I,1992100903,16.7,80.9,35.0,Cyclonic Storm,UNNAMED,1992
199296I,1992100906,17.2,80.4,30.0,Depression,UNNAMED,1992
199296I,1992100909,17.8,79.8,28.0,Depression,UNNAMED,1992
199296I,1992100912,18.4,79.2,25.0,Depression,UNNAMED,1992
199299I,1992101318,10.1,89.1,15.0,Depression,UNNAMED,1992
199299I,1992101321,10.1,88.6,15.0,Depression,UNNAMED,1992
199299I,1992101400,10.1,88.1,15.0,Depression,UNNAMED,1992
199299I,1992101403,10.1,87.6,15.0,Depression,UNNAMED,1992
199299I,1992101406,10.1,87.1,15.0,Depression,UNNAMED,1992
199299I,1992101409,10.1,86.6,15.0,Depression,UNNAMED,1992
199299I,1992101412,10.1,86.1,15.0,Depression,UNNAMED,1992
199299I,1992101415,10.2,85.6,15.0,Depression,UNNAMED,1992
199299I,1992101418,10.3,85.3,15.0,Depression,UNNAMED,1992
199299I,1992101421,10.5,85.1,15.0,Depression,UNNAMED,1992
199299I,1992101500,10.8,85.0,15.0,Depression,UNNAMED,1992
199299I,1992101503,11.1,84.9,15.0,Depression,UNNAMED,1992
199299I,1992101506,11.4,84.9,15.0,Depression,UNNAMED,1992
199299I,1992101509,11.6,84.9,15.0,Depression,UNNAMED,1992
199299I,1992101512,11.8,84.8,15.0,Depression,UNNAMED,1992
199299I,1992101515,12.0,84.7,15.0,Depression,UNNAMED,1992
199299I,1992101518,12.1,84.5,15.0,Depression,UNNAMED,1992
199299I,1992101521,12.2,84.4,15.0,Depression,UNNAMED,1992
199299I,1992101600,12.2,84.2,15.0,Depression,UNNAMED,1992
199299I,1992101603,12.3,84.0,15.0,Depression,UNNAMED,1992
199299I,1992101606,12.4,83.8,15.0,Depression,UNNAMED,1992
199299I,1992101609,12.5,83.6,15.0,Depression,UNNAMED,1992
199299I,1992101612,12.5,83.4,15.0,Depression,UNNAMED,1992
199299I,1992101615,12.5,83.2,15.0,Depression,UNNAMED,1992
199299I,1992101618,12.6,83.0,15.0,Depression,UNNAMED,1992
199299I,1992101621,12.8,82.9,15.0,Depression,UNNAMED,1992
199299I,1992101700,13.0,82.9,15.0,Depression,UNNAMED,1992
199299I,1992101703,13.2,82.9,15.0,Depression,UNNAMED,1992
199299I,1992101706,13.4,83.0,15.0,Depression,UNNAMED,1992
199299I,1992101709,13.6,83.1,15.0,Depression,UNNAMED,1992
199299I,1992101712,13.7,83.2,15.0,Depression,UNNAMED,1992
199299I,1992101715,13.9,83.3,15.0,Depression,UNNAMED,1992
199299I,1992101718,14.0,83.5,15.0,Depression,UNNAMED,1992
199299I,1992101721,14.1,83.7,15.0,Depression,UNNAMED,1992
199299I,1992101800,14.2,83.8,15.0,Depression,UNNAMED,1992
199299I,1992101803,14.3,84.0,15.0,Depression,UNNAMED,1992
199299I,1992101806,14.5,84.1,15.0,Depression,UNNAMED,1992
199299I,1992101809,14.6,84.3,15.0,Depression,UNNAMED,1992
199299I,1992101812,14.8,84.4,15.0,Depression,UNNAMED,1992
199299I,1992101815,15.0,84.5,18.0,Depression,UNNAMED,1992
199299I,1992101818,15.2,84.7,20.0,Depression,UNNAMED,1992
199299I,1992101821,15.4,84.9,20.0,Depression,UNNAMED,1992
199299I,1992101900,15.6,85.1,20.0,Depression,UNNAMED,1992
199299I,1992101903,15.9,85.4,20.0,Depression,UNNAMED,1992
199299I,1992101906,16.2,85.7,20.0,Depression,UNNAMED,1992
199299I,1992101909,16.5,86.0,20.0,Depression,UNNAMED,1992
199299I,1992101912,16.9,86.2,20.0,Depression,UNNAMED,1992
199299I,1992101915,17.2,86.5,20.0,Depression,UNNAMED,1992
199299I,1992101918,17.5,86.8,20.0,Depression,UNNAMED,1992
199299I,1992101921,17.8,87.1,20.0,Depression,UNNAMED,1992
199299I,1992102000,18.0,87.6,20.0,Depression,UNNAMED,1992
199299I,1992102003,18.2,88.1,23.0,Depression,UNNAMED,1992
199299I,1992102006,18.4,88.5,25.0,Depression,UNNAMED,1992
199299I,1992102009,18.5,88.8,25.0,Depression,UNNAMED,1992
199299I,1992102012,18.7,89.0,25.0,Depression,UNNAMED,1992
199299I,1992102015,18.9,89.2,25.0,Depression,UNNAMED,1992
199299I,1992102018,19.1,89.4,25.0,Depression,UNNAMED,1992
199299I,1992102021,19.2,89.6,28.0,Depression,UNNAMED,1992
199299I,1992102100,19.4,90.0,30.0,Depression,UNNAMED,1992
199299I,1992102103,19.8,90.3,33.0,Depression,UNNAMED,1992
199299I,1992102106,20.2,90.8,35.0,Cyclonic Storm,UNNAMED,1992
199299I,1992102109,20.6,91.3,35.0,Cyclonic Storm,UNNAMED,1992
199299I,1992102112,21.0,91.8,35.0,Cyclonic Storm,UNNAMED,1992
199299I,1992102115,21.2,92.2,35.0,Cyclonic Storm,UNNAMED,1992
199299I,1992102118,21.3,92.6,35.0,Cyclonic Storm,UNNAMED,1992
199299I,1992102121,21.6,93.4,30.0,Depression,UNNAMED,1992
199299I,1992102200,22.0,94.2,25.0,Depression,UNNAMED,1992
199383I,1993110500,5.6,72.4,20.0,Depression,UNNAMED,1993
199383I,1993110503,5.7,72.5,20.0,Depression,UNNAMED,1993
199383I,1993110506,5.8,72.7,20.0,Depression,UNNAMED,1993
199383I,1993110509,5.9,72.9,23.0,Depression,UNNAMED,1993
199383I,1993110512,5.9,73.1,25.0,Depression,UNNAMED,1993
199383I,1993110515,6.0,73.3,25.0,Depression,UNNAMED,1993
199383I,1993110518,6.1,73.5,25.0,Depression,UNNAMED,1993
199383I,1993110521,6.2,73.7,25.0,Depression,UNNAMED,1993
199383I,1993110600,6.2,74.0,25.0,Depression,UNNAMED,1993
199383I,1993110603,6.2,74.3,25.0,Depression,UNNAMED,1993
199383I,1993110606,6.3,74.5,25.0,Depression,UNNAMED,1993
199383I,1993110609,6.3,74.8,28.0,Depression,UNNAMED,1993
199383I,1993110612,6.4,75.0,30.0,Depression,UNNAMED,1993
199383I,1993110615,6.4,75.3,30.0,Depression,UNNAMED,1993
199383I,1993110618,6.5,75.5,30.0,Depression,UNNAMED,1993
199383I,1993110621,6.5,75.8,30.0,Depression,UNNAMED,1993
199383I,1993110700,6.6,76.0,30.0,Depression,UNNAMED,1993
199383I,1993110703,6.7,76.3,30.0,Depression,UNNAMED,1993
199383I,1993110706,6.8,76.5,30.0,Depression,UNNAMED,1993
199383I,1993110709,6.9,76.8,30.0,Depression,UNNAMED,1993
199383I,1993110712,7.0,77.0,30.0,Depression,UNNAMED,1993
199383I,1993110715,7.1,77.2,28.0,Depression,UNNAMED,1993
199383I,1993110718,7.3,77.4,25.0,Depression,UNNAMED,1993
199383I,1993110721,7.5,77.5,25.0,Depression,UNNAMED,1993
199383I,1993110800,7.7,77.5,25.0,Depression,UNNAMED,1993
199383I,1993110803,7.9,77.6,25.0,Depression,UNNAMED,1993
199383I,1993110806,8.1,77.6,25.0,Depression,UNNAMED,1993
199383I,1993110809,8.3,77.6,23.0,Depression,UNNAMED,1993
199383I,1993110812,8.5,77.5,20.0,Depression,UNNAMED,1993
199383I,1993110815,8.7,77.4,20.0,Depression,UNNAMED,1993
199383I,1993110818,8.8,77.2,20.0,Depression,UNNAMED,1993
199383I,1993110821,9.0,77.1,20.0,Depression,UNNAMED,1993
199383I,1993110900,9.2,76.9,20.0,Depression,UNNAMED,1993
199383I,1993110903,9.4,76.7,20.0,Depression,UNNAMED,1993
199383I,1993110906,9.6,76.5,20.0,Depression,UNNAMED,1993
199383I,1993110909,9.8,76.2,20.0,Depression,UNNAMED,1993
199383I,1993110912,10.0,75.8,20.0,Depression,UNNAMED,1993
199383I,1993110915,10.2,75.4,20.0,Depression,UNNAMED,1993
199383I,1993110918,10.4,75.0,20.0,Depression,UNNAMED,1993
199383I,1993110921,10.5,74.6,20.0,Depression,UNNAMED,1993
199383I,1993111000,10.6,74.1,20.0,Depression,UNNAMED,1993
199383I,1993111003,10.7,73.6,20.0,Depression,UNNAMED,1993
199383I,1993111006,10.8,73.1,20.0,Depression,UNNAMED,1993
199383I,1993111009,10.9,72.6,20.0,Depression,UNNAMED,1993
199383I,1993111012,11.0,72.1,20.0,Depression,UNNAMED,1993
199383I,1993111015,11.1,71.6,20.0,Depression,UNNAMED,1993
199383I,1993111018,11.2,71.2,20.0,Depression,UNNAMED,1993
199383I,1993111021,11.3,70.7,23.0,Depression,UNNAMED,1993
199383I,1993111100,11.5,70.3,25.0,Depression,UNNAMED,1993
199383I,1993111103,11.6,69.8,25.0,Depression,UNNAMED,1993
199383I,1993111106,11.8,69.4,25.0,Depression,UNNAMED,1993
199383I,1993111109,11.9,68.9,25.0,Depression,UNNAMED,1993
199383I,1993111112,12.1,68.5,25.0,Depression,UNNAMED,1993
199383I,1993111115,12.3,68.1,25.0,Depression,UNNAMED,1993
199383I,1993111118,12.5,67.7,25.0,Depression,UNNAMED,1993
199383I,1993111121,12.8,67.3,28.0,Depression,UNNAMED,1993
199383I,1993111200,13.1,67.0,30.0,Depression,UNNAMED,1993
199383I,1993111203,13.4,66.6,30.0,Depression,UNNAMED,1993
199383I,1993111206,13.8,66.3,30.0,Depression,UNNAMED,1993
199383I,1993111209,14.1,65.9,33.0,Depression,UNNAMED,1993
199383I,1993111212,14.5,65.6,35.0,Cyclonic Storm,UNNAMED,1993
199383I,1993111215,14.9,65.2,38.0,Cyclonic Storm,UNNAMED,1993
199383I,1993111218,15.3,64.9,40.0,Cyclonic Storm,UNNAMED,1993
199383I,1993111221,15.6,64.6,43.0,Cyclonic Storm,UNNAMED,1993
199383I,1993111300,16.0,64.3,45.0,Cyclonic Storm,UNNAMED,1993
199384I,1993110803,6.5,78.5,25.0,Depression,UNNAMED,1993
199384I,1993110806,6.5,78.5,25.0,Depression,UNNAMED,1993
199384I,1993110809,6.7,78.5,25.0,Depression,UNNAMED,1993
199384I,1993110812,7.0,78.5,25.0,Depression,UNNAMED,1993
199384I,1993110815,7.2,78.5,25.0,Depression,UNNAMED,1993
199384I,1993110818,7.5,78.5,25.0,Depression,UNNAMED,1993
199384I,1993110821,8.0,78.5,25.0,Depression,UNNAMED,1993
199384I,1993110900,8.5,78.5,25.0,Depression,UNNAMED,1993
199384I,1993110903,9.0,78.5,25.0,Depression,UNNAMED,1993
199384I,1993110906,9.0,78.0,25.0,Depression,UNNAMED,1993
199384I,1993110909,9.0,77.7,25.0,Depression,UNNAMED,1993
199384I,1993110912,9.0,77.5,25.0,Depression,UNNAMED,1993
199384I,1993110915,9.0,77.3,25.0,Depression,UNNAMED,1993
199384I,1993110918,9.0,77.0,25.0,Depression,UNNAMED,1993
199384I,1993110921,9.2,76.6,20.0,Depression,UNNAMED,1993
199384I,1993111000,9.5,76.0,15.0,Depression,UNNAMED,1993
199387I,1993111200,11.0,69.5,15.0,Depression,UNNAMED,1993
199387I,1993111203,11.5,69.0,25.0,Depression,UNNAMED,1993
199387I,1993111206,12.0,68.5,25.0,Depression,UNNAMED,1993
199387I,1993111209,13.0,68.0,28.0,Depression,UNNAMED,1993
199387I,1993111212,14.0,67.5,30.0,Depression,UNNAMED,1993
199387I,1993111215,14.1,67.0,30.0,Depression,UNNAMED,1993
199387I,1993111218,14.0,66.5,30.0,Depression,UNNAMED,1993
199387I,1993111221,14.3,66.0,33.0,Depression,UNNAMED,1993
199387I,1993111300,15.0,65.5,35.0,Cyclonic Storm,UNNAMED,1993
199387I,1993111303,16.0,65.0,45.0,Cyclonic Storm,UNNAMED,1993
199387I,1993111306,16.5,64.4,45.0,Cyclonic Storm,UNNAMED,1993
199387I,1993111309,17.0,64.2,45.0,Cyclonic Storm,UNNAMED,1993
199387I,1993111312,17.5,64.2,45.0,Cyclonic Storm,UNNAMED,1993
199387I,1993111315,18.0,64.1,45.0,Cyclonic Storm,UNNAMED,1993
199387I,1993111318,18.5,64.0,45.0,Cyclonic Storm,UNNAMED,1993
199387I,1993111321,18.9,64.0,45.0,Cyclonic Storm,UNNAMED,1993
199387I,1993111400,19.4,64.1,45.0,Cyclonic Storm,UNNAMED,1993
199387I,1993111403,19.9,64.1,45.0,Cyclonic Storm,UNNAMED,1993
199387I,1993111406,20.0,64.2,55.0,Severe Cyclonic Storm,UNNAMED,1993
199387I,1993111409,20.3,64.2,60.0,Severe Cyclonic Storm,UNNAMED,1993
199387I,1993111412,20.6,64.4,65.0,Very Severe Cyclonic Storm,UNNAMED,1993
199387I,1993111415,21.1,64.8,65.0,Very Severe Cyclonic Storm,UNNAMED,1993
199387I,1993111418,21.5,65.3,65.0,Very Severe Cyclonic Storm,UNNAMED,1993
199387I,1993111421,21.9,65.9,60.0,Severe Cyclonic Storm,UNNAMED,1993
199387I,1993111500,22.4,66.5,55.0,Severe Cyclonic Storm,UNNAMED,1993
199387I,1993111503,23.1,66.9,45.0,Cyclonic Storm,UNNAMED,1993
199387I,1993111506,23.2,67.0,35.0,Cyclonic Storm,UNNAMED,1993
199387I,1993111509,23.2,67.2,33.0,Depression,UNNAMED,1993
199387I,1993111512,23.2,67.3,30.0,Depression,UNNAMED,1993
199387I,1993111515,23.2,67.4,30.0,Depression,UNNAMED,1993
199387I,1993111518,23.2,67.5,30.0,Depression,UNNAMED,1993
199387I,1993111521,23.2,67.6,23.0,Depression,UNNAMED,1993
199387I,1993111600,23.1,67.6,15.0,Depression,UNNAMED,1993
199392I,1993112821,7.8,99.6,20.0,Depression,UNNAMED,1993
199392I,1993112900,7.9,99.1,20.0,Depression,UNNAMED,1993
199392I,1993112903,7.9,98.6,20.0,Depression,UNNAMED,1993
199392I,1993112906,7.9,98.1,20.0,Depression,UNNAMED,1993
199392I,1993112909,7.9,97.6,20.0,Depression,UNNAMED,1993
199392I,1993112912,7.9,97.0,20.0,Depression,UNNAMED,1993
199392I,1993112915,7.9,96.4,20.0,Depression,UNNAMED,1993
199392I,1993112918,7.9,95.8,20.0,Depression,UNNAMED,1993
199392I,1993112921,7.8,95.2,23.0,Depression,UNNAMED,1993
199392I,1993113000,7.6,94.5,25.0,Depression,UNNAMED,1993
199392I,1993113003,7.5,93.7,25.0,Depression,UNNAMED,1993
199392I,1993113006,7.5,92.9,25.0,Depression,UNNAMED,1993
199392I,1993113009,7.5,92.3,25.0,Depression,UNNAMED,1993
199392I,1993113012,7.6,91.8,25.0,Depression,UNNAMED,1993
199392I,1993113015,7.7,91.3,28.0,Depression,UNNAMED,1993
199392I,1993113018,7.8,90.9,30.0,Depression,UNNAMED,1993
199392I,1993113021,7.9,90.4,30.0,Depression,UNNAMED,1993
199392I,1993120100,8.0,89.9,30.0,Depression,UNNAMED,1993
199392I,1993120103,8.1,89.8,15.0,Depression,UNNAMED,1993
199392I,1993120106,7.8,89.7,25.0,Depression,UNNAMED,1993
199392I,1993120109,7.8,89.3,28.0,Depression,UNNAMED,1993
199392I,1993120112,8.2,88.6,30.0,Depression,UNNAMED,1993
199392I,1993120115,8.2,88.1,30.0,Depression,UNNAMED,1993
199392I,1993120118,8.3,87.7,30.0,Depression,UNNAMED,1993
199392I,1993120121,8.3,87.4,30.0,Depression,UNNAMED,1993
199392I,1993120200,8.4,87.1,30.0,Depression,UNNAMED,1993
199392I,1993120203,8.4,86.6,30.0,Depression,UNNAMED,1993
199392I,1993120206,8.7,86.2,30.0,Depression,UNNAMED,1993
199392I,1993120209,8.8,85.7,38.0,Cyclonic Storm,UNNAMED,1993
199392I,1993120212,9.0,85.3,45.0,Cyclonic Storm,UNNAMED,1993
199392I,1993120215,9.0,85.0,45.0,Cyclonic Storm,UNNAMED,1993
199392I,1993120218,9.0,84.7,45.0,Cyclonic Storm,UNNAMED,1993
199392I,1993120221,9.2,84.4,45.0,Cyclonic Storm,UNNAMED,1993
199392I,1993120300,9.3,84.0,45.0,Cyclonic Storm,UNNAMED,1993
199392I,1993120303,9.3,83.2,55.0,Severe Cyclonic Storm,UNNAMED,1993
199392I,1993120306,9.4,82.8,55.0,Severe Cyclonic Storm,UNNAMED,1993
199392I,1993120309,9.6,82.3,60.0,Severe Cyclonic Storm,UNNAMED,1993
199392I,1993120312,9.8,81.9,65.0,Very Severe Cyclonic Storm,UNNAMED,1993
199392I,1993120315,10.0,81.6,65.0,Very Severe Cyclonic Storm,UNNAMED,1993
199392I,1993120318,10.2,81.3,65.0,Very Severe Cyclonic Storm,UNNAMED,1993
199392I,1993120321,10.4,81.0,71.0,Very Severe Cyclonic Storm,UNNAMED,1993
199392I,1993120400,10.7,80.6,77.0,Very Severe Cyclonic Storm,UNNAMED,1993
199392I,1993120403,10.9,80.0,77.0,Very Severe Cyclonic Storm,UNNAMED,1993
199392I,1993120406,11.4,79.3,90.0,Extremely Severe/Super Cyclone,UNNAMED,1993
199392I,1993120409,11.7,78.8,60.0,Severe Cyclonic Storm,UNNAMED,1993
199392I,1993120412,11.9,78.5,30.0,Depression,UNNAMED,1993
199392I,1993120415,12.1,78.1,23.0,Depression,UNNAMED,1993
199392I,1993120418,12.4,77.5,15.0,Depression,UNNAMED,1993
199392I,1993120421,12.7,76.8,35.0,Cyclonic Storm,UNNAMED,1993
199392I,1993120500,13.0,76.3,30.0,Depression,UNNAMED,1993
199392I,1993120503,13.3,75.7,28.0,Depression,UNNAMED,1993
199392I,1993120506,13.6,75.2,25.0,Depression,UNNAMED,1993
199392I,1993120509,13.8,74.6,25.0,Depression,UNNAMED,1993
199392I,1993120512,14.0,74.1,25.0,Depression,UNNAMED,1993
199392I,1993120515,14.1,73.6,25.0,Depression,UNNAMED,1993
199392I,1993120518,14.2,73.0,25.0,Depression,UNNAMED,1993
199393I,1993121600,7.5,100.0,25.0,Depression,MANNY,1993
199393I,1993121603,8.0,99.3,23.0,Depression,MANNY,1993
199393I,1993121606,8.2,98.8,20.0,Depression,MANNY,1993
199397I,1993121900,8.5,83.5,25.0,Depression,UNNAMED,1993
199397I,1993121903,8.5,83.5,25.0,Depression,UNNAMED,1993
199397I,1993121906,9.0,82.5,25.0,Depression,UNNAMED,1993
199397I,1993121909,9.3,82.1,28.0,Depression,UNNAMED,1993
199397I,1993121912,9.5,82.0,30.0,Depression,UNNAMED,1993
199397I,1993121915,9.8,81.5,30.0,Depression,UNNAMED,1993
199397I,1993121918,10.0,81.0,30.0,Depression,UNNAMED,1993
199397I,1993121921,10.2,80.7,28.0,Depression,UNNAMED,1993
199397I,1993122000,10.5,80.5,25.0,Depression,UNNAMED,1993
199397I,1993122003,11.0,80.5,25.0,Depression,UNNAMED,1993
199397I,1993122006,11.0,80.5,25.0,Depression,UNNAMED,1993
199397I,1993122009,11.0,80.5,25.0,Depression,UNNAMED,1993
199397I,1993122012,11.0,80.0,15.0,Depression,UNNAMED,1993
1994103I,1994102812,11.0,85.5,15.0,Depression,UNNAMED,1994
1994103I,1994102815,11.1,85.3,18.0,Depression,UNNAMED,1994
1994103I,1994102818,11.2,85.2,20.0,Depression,UNNAMED,1994
1994103I,1994102821,11.3,85.1,20.0,Depression,UNNAMED,1994
1994103I,1994102900,11.4,84.9,20.0,Depression,UNNAMED,1994
1994103I,1994102903,11.1,84.8,25.0,Depression,UNNAMED,1994
1994103I,1994102906,11.0,84.5,25.0,Depression,UNNAMED,1994
1994103I,1994102909,11.0,84.3,28.0,Depression,UNNAMED,1994
1994103I,1994102912,11.0,84.3,30.0,Depression,UNNAMED,1994
1994103I,1994102915,11.2,84.0,30.0,Depression,UNNAMED,1994
1994103I,1994102918,11.4,83.7,30.0,Depression,UNNAMED,1994
1994103I,1994102921,11.5,83.4,30.0,Depression,UNNAMED,1994
1994103I,1994103000,11.7,82.9,30.0,Depression,UNNAMED,1994
1994103I,1994103003,11.9,82.2,35.0,Cyclonic Storm,UNNAMED,1994
1994103I,1994103006,12.0,81.8,45.0,Cyclonic Storm,UNNAMED,1994
1994103I,1994103009,12.1,81.5,50.0,Severe Cyclonic Storm,UNNAMED,1994
1994103I,1994103012,12.2,81.2,55.0,Severe Cyclonic Storm,UNNAMED,1994
1994103I,1994103015,12.4,80.9,58.0,Severe Cyclonic Storm,UNNAMED,1994
1994103I,1994103018,12.5,80.6,60.0,Severe Cyclonic Storm,UNNAMED,1994
1994103I,1994103021,12.7,80.4,60.0,Severe Cyclonic Storm,UNNAMED,1994
1994103I,1994103100,12.9,80.2,60.0,Severe Cyclonic Storm,UNNAMED,1994
1994103I,1994103103,13.1,79.9,55.0,Severe Cyclonic Storm,UNNAMED,1994
1994103I,1994103106,13.5,79.6,35.0,Cyclonic Storm,UNNAMED,1994
1994103I,1994103109,13.7,79.2,33.0,Depression,UNNAMED,1994
1994103I,1994103112,14.0,78.9,30.0,Depression,UNNAMED,1994
1994103I,1994103115,14.2,78.6,18.0,Depression,UNNAMED,1994
1994103I,1994103118,14.6,78.5,15.0,Depression,UNNAMED,1994
1994107I,1994111300,7.5,69.5,15.0,Depression,UNNAMED,1994
1994107I,1994111303,7.7,69.3,15.0,Depression,UNNAMED,1994
1994107I,1994111306,8.0,69.2,15.0,Depression,UNNAMED,1994
1994107I,1994111309,8.3,69.1,15.0,Depression,UNNAMED,1994
1994107I,1994111312,8.5,68.9,15.0,Depression,UNNAMED,1994
1994107I,1994111315,8.7,68.7,15.0,Depression,UNNAMED,1994
1994107I,1994111318,8.9,68.5,15.0,Depression,UNNAMED,1994
1994107I,1994111321,9.1,68.3,15.0,Depression,UNNAMED,1994
1994107I,1994111400,9.3,68.1,15.0,Depression,UNNAMED,1994
1994107I,1994111403,9.5,67.9,18.0,Depression,UNNAMED,1994
1994107I,1994111406,9.6,67.6,20.0,Depression,UNNAMED,1994
1994107I,1994111409,9.8,67.3,20.0,Depression,UNNAMED,1994
1994107I,1994111412,9.9,67.1,20.0,Depression,UNNAMED,1994
1994107I,1994111415,10.0,66.8,20.0,Depression,UNNAMED,1994
1994107I,1994111418,10.1,66.6,20.0,Depression,UNNAMED,1994
1994107I,1994111421,10.2,66.4,23.0,Depression,UNNAMED,1994
1994107I,1994111500,10.2,66.2,15.0,Depression,UNNAMED,1994
1994107I,1994111503,9.8,65.8,25.0,Depression,UNNAMED,1994
1994107I,1994111506,9.6,65.7,25.0,Depression,UNNAMED,1994
1994107I,1994111509,9.5,65.6,25.0,Depression,UNNAMED,1994
1994107I,1994111512,9.5,65.5,25.0,Depression,UNNAMED,1994
1994107I,1994111515,9.4,65.2,25.0,Depression,UNNAMED,1994
1994107I,1994111518,9.4,65.0,25.0,Depression,UNNAMED,1994
1994107I,1994111521,9.5,64.8,25.0,Depression,UNNAMED,1994
1994107I,1994111600,9.5,64.6,25.0,Depression,UNNAMED,1994
1994107I,1994111603,9.4,64.2,30.0,Depression,UNNAMED,1994
1994107I,1994111606,9.4,64.1,30.0,Depression,UNNAMED,1994
1994107I,1994111609,9.3,64.0,33.0,Depression,UNNAMED,1994
1994107I,1994111612,9.3,63.9,35.0,Cyclonic Storm,UNNAMED,1994
1994107I,1994111615,9.2,63.7,38.0,Cyclonic Storm,UNNAMED,1994
1994107I,1994111618,9.2,63.6,40.0,Cyclonic Storm,UNNAMED,1994
1994107I,1994111621,9.2,63.3,40.0,Cyclonic Storm,UNNAMED,1994
1994107I,1994111700,9.2,63.0,40.0,Cyclonic Storm,UNNAMED,1994
1994107I,1994111703,8.9,62.6,40.0,Cyclonic Storm,UNNAMED,1994
1994107I,1994111706,8.9,61.9,35.0,Cyclonic Storm,UNNAMED,1994
1994107I,1994111709,8.7,61.4,35.0,Cyclonic Storm,UNNAMED,1994
1994107I,1994111712,8.6,61.0,35.0,Cyclonic Storm,UNNAMED,1994
1994107I,1994111715,8.4,60.7,35.0,Cyclonic Storm,UNNAMED,1994
1994107I,1994111718,8.3,60.4,35.0,Cyclonic Storm,UNNAMED,1994
1994107I,1994111721,8.2,60.0,38.0,Cyclonic Storm,UNNAMED,1994
1994107I,1994111800,8.2,59.7,40.0,Cyclonic Storm,UNNAMED,1994
1994107I,1994111803,8.2,59.4,40.0,Cyclonic Storm,UNNAMED,1994
1994107I,1994111806,8.2,58.1,40.0,Cyclonic Storm,UNNAMED,1994
1994107I,1994111809,8.1,57.4,40.0,Cyclonic Storm,UNNAMED,1994
1994107I,1994111812,8.1,57.0,40.0,Cyclonic Storm,UNNAMED,1994
1994107I,1994111815,8.1,56.6,43.0,Cyclonic Storm,UNNAMED,1994
1994107I,1994111818,8.1,56.1,45.0,Cyclonic Storm,UNNAMED,1994
1994107I,1994111821,8.0,55.3,50.0,Severe Cyclonic Storm,UNNAMED,1994
1994107I,1994111900,8.0,54.4,55.0,Severe Cyclonic Storm,UNNAMED,1994
1994107I,1994111903,8.0,53.8,65.0,Very Severe Cyclonic Storm,UNNAMED,1994
1994107I,1994111906,8.0,52.9,65.0,Very Severe Cyclonic Storm,UNNAMED,1994
1994107I,1994111909,7.9,51.9,60.0,Severe Cyclonic Storm,UNNAMED,1994
1994107I,1994111912,7.9,51.1,55.0,Severe Cyclonic Storm,UNNAMED,1994
1994107I,1994111915,7.9,50.5,50.0,Severe Cyclonic Storm,UNNAMED,1994
1994107I,1994111918,7.8,50.1,45.0,Cyclonic Storm,UNNAMED,1994
1994107I,1994111921,7.8,49.5,40.0,Cyclonic Storm,UNNAMED,1994
1994107I,1994112000,7.8,48.9,35.0,Cyclonic Storm,UNNAMED,1994
1994107I,1994112003,7.7,48.1,35.0,Cyclonic Storm,UNNAMED,1994
1994107I,1994112006,7.5,46.7,15.0,Depression,UNNAMED,1994
199420I,1994031818,6.3,96.1,15.0,Depression,UNNAMED,1994
199420I,1994031821,6.3,95.8,15.0,Depression,UNNAMED,1994
199420I,1994031900,6.3,95.5,15.0,Depression,UNNAMED,1994
199420I,1994031903,6.3,95.1,15.0,Depression,UNNAMED,1994
199420I,1994031906,6.4,94.8,15.0,Depression,UNNAMED,1994
199420I,1994031909,6.5,94.5,15.0,Depression,UNNAMED,1994
199420I,1994031912,6.7,94.2,15.0,Depression,UNNAMED,1994
199420I,1994031915,6.8,93.9,15.0,Depression,UNNAMED,1994
199420I,1994031918,7.0,93.6,15.0,Depression,UNNAMED,1994
199420I,1994031921,7.2,93.3,18.0,Depression,UNNAMED,1994
199420I,1994032000,7.4,93.1,20.0,Depression,UNNAMED,1994
199420I,1994032003,7.6,92.9,20.0,Depression,UNNAMED,1994
199420I,1994032006,7.9,92.7,20.0,Depression,UNNAMED,1994
199420I,1994032009,8.1,92.5,20.0,Depression,UNNAMED,1994
199420I,1994032012,8.3,92.3,20.0,Depression,UNNAMED,1994
199420I,1994032015,8.5,92.1,20.0,Depression,UNNAMED,1994
199420I,1994032018,8.8,92.0,20.0,Depression,UNNAMED,1994
199420I,1994032021,9.0,91.8,23.0,Depression,UNNAMED,1994
199420I,1994032100,9.3,91.7,25.0,Depression,UNNAMED,1994
199420I,1994032103,9.5,91.5,25.0,Depression,UNNAMED,1994
199420I,1994032106,9.8,91.4,25.0,Depression,UNNAMED,1994
199420I,1994032109,10.1,91.2,25.0,Depression,UNNAMED,1994
199420I,1994032112,10.3,91.1,25.0,Depression,UNNAMED,1994
199420I,1994032115,10.5,91.0,25.0,Depression,UNNAMED,1994
199420I,1994032118,10.8,90.9,25.0,Depression,UNNAMED,1994
199420I,1994032121,11.0,90.8,25.0,Depression,UNNAMED,1994
199420I,1994032200,11.3,90.7,25.0,Depression,UNNAMED,1994
199420I,1994032203,11.6,90.6,28.0,Depression,UNNAMED,1994
199420I,1994032206,11.8,90.5,30.0,Depression,UNNAMED,1994
199420I,1994032209,12.0,90.4,30.0,Depression,UNNAMED,1994
199420I,1994032212,12.2,90.4,30.0,Depression,UNNAMED,1994
199420I,1994032215,12.4,90.3,33.0,Depression,UNNAMED,1994
199420I,1994032218,12.6,90.3,35.0,Cyclonic Storm,UNNAMED,1994
199420I,1994032221,12.8,90.3,35.0,Cyclonic Storm,UNNAMED,1994
199420I,1994032300,13.0,90.4,35.0,Cyclonic Storm,UNNAMED,1994
199420I,1994032303,13.2,90.4,38.0,Cyclonic Storm,UNNAMED,1994
199420I,1994032306,13.3,90.3,40.0,Cyclonic Storm,UNNAMED,1994
199420I,1994032309,13.3,90.2,40.0,Cyclonic Storm,UNNAMED,1994
199420I,1994032312,13.3,90.1,40.0,Cyclonic Storm,UNNAMED,1994
199420I,1994032315,13.2,90.0,38.0,Cyclonic Storm,UNNAMED,1994
199420I,1994032318,13.1,89.8,35.0,Cyclonic Storm,UNNAMED,1994
199420I,1994032321,12.9,89.7,35.0,Cyclonic Storm,UNNAMED,1994
199420I,1994032400,12.6,89.6,35.0,Cyclonic Storm,UNNAMED,1994
199420I,1994032403,12.4,89.6,33.0,Depression,UNNAMED,1994
199420I,1994032406,12.2,89.5,30.0,Depression,UNNAMED,1994
199420I,1994032409,12.0,89.4,30.0,Depression,UNNAMED,1994
199420I,1994032412,11.7,89.3,30.0,Depression,UNNAMED,1994
199420I,1994032415,11.5,89.3,30.0,Depression,UNNAMED,1994
199420I,1994032418,11.3,89.2,30.0,Depression,UNNAMED,1994
199420I,1994032421,11.0,89.1,28.0,Depression,UNNAMED,1994
199420I,1994032500,10.7,88.9,25.0,Depression,UNNAMED,1994
199420I,1994032503,10.4,88.7,25.0,Depression,UNNAMED,1994
199420I,1994032506,10.0,88.4,25.0,Depression,UNNAMED,1994
199420I,1994032509,9.6,88.0,23.0,Depression,UNNAMED,1994
199420I,1994032512,9.2,87.5,20.0,Depression,UNNAMED,1994
199429I,1994042618,7.4,95.5,15.0,Depression,UNNAMED,1994
199429I,1994042621,7.5,95.3,15.0,Depression,UNNAMED,1994
199429I,1994042700,7.6,95.0,15.0,Depression,UNNAMED,1994
199429I,1994042703,7.7,94.7,15.0,Depression,UNNAMED,1994
199429I,1994042706,7.8,94.5,15.0,Depression,UNNAMED,1994
199429I,1994042709,7.9,94.2,18.0,Depression,UNNAMED,1994
199429I,1994042712,8.0,94.0,20.0,Depression,UNNAMED,1994
199429I,1994042715,8.1,93.7,20.0,Depression,UNNAMED,1994
199429I,1994042718,8.2,93.5,20.0,Depression,UNNAMED,1994
199429I,1994042721,8.3,93.2,20.0,Depression,UNNAMED,1994
199429I,1994042800,8.4,93.0,20.0,Depression,UNNAMED,1994
199429I,1994042803,8.5,92.7,23.0,Depression,UNNAMED,1994
199429I,1994042806,8.6,92.5,25.0,Depression,UNNAMED,1994
199429I,1994042809,8.7,92.2,25.0,Depression,UNNAMED,1994
199429I,1994042812,8.8,92.0,25.0,Depression,UNNAMED,1994
199429I,1994042815,8.9,91.7,28.0,Depression,UNNAMED,1994
199429I,1994042818,9.1,91.5,30.0,Depression,UNNAMED,1994
199429I,1994042821,9.2,91.3,30.0,Depression,UNNAMED,1994
199429I,1994042900,9.2,91.3,25.0,Depression,UNNAMED,1994
199429I,1994042903,9.4,91.1,30.0,Depression,UNNAMED,1994
199429I,1994042906,9.5,91.0,30.0,Depression,UNNAMED,1994
199429I,1994042909,9.8,90.9,33.0,Depression,UNNAMED,1994
199429I,1994042912,10.1,90.8,35.0,Cyclonic Storm,UNNAMED,1994
199429I,1994042915,10.3,90.7,40.0,Cyclonic Storm,UNNAMED,1994
199429I,1994042918,10.5,90.6,45.0,Cyclonic Storm,UNNAMED,1994
199429I,1994042921,10.8,90.5,45.0,Cyclonic Storm,UNNAMED,1994
199429I,1994043000,11.1,90.5,45.0,Cyclonic Storm,UNNAMED,1994
199429I,1994043003,11.3,90.4,45.0,Cyclonic Storm,UNNAMED,1994
199429I,1994043006,11.7,90.4,45.0,Cyclonic Storm,UNNAMED,1994
199429I,1994043009,12.0,90.3,50.0,Severe Cyclonic Storm,UNNAMED,1994
199429I,1994043012,12.3,90.4,55.0,Severe Cyclonic Storm,UNNAMED,1994
199429I,1994043015,12.7,90.3,55.0,Severe Cyclonic Storm,UNNAMED,1994
199429I,1994043018,13.2,90.2,55.0,Severe Cyclonic Storm,UNNAMED,1994
199429I,1994043021,13.6,90.2,58.0,Severe Cyclonic Storm,UNNAMED,1994
199429I,1994050100,14.0,90.2,60.0,Severe Cyclonic Storm,UNNAMED,1994
199429I,1994050103,14.4,90.2,60.0,Severe Cyclonic Storm,UNNAMED,1994
199429I,1994050106,15.2,90.3,60.0,Severe Cyclonic Storm,UNNAMED,1994
199429I,1994050109,15.8,90.4,69.0,Very Severe Cyclonic Storm,UNNAMED,1994
199429I,1994050112,16.3,90.6,77.0,Very Severe Cyclonic Storm,UNNAMED,1994
199429I,1994050115,16.8,90.6,84.0,Very Severe Cyclonic Storm,UNNAMED,1994
199429I,1994050118,17.3,90.8,90.0,Extremely Severe/Super Cyclone,UNNAMED,1994
199429I,1994050121,18.0,91.0,96.0,Extremely Severe/Super Cyclone,UNNAMED,1994
199429I,1994050200,18.6,91.3,102.0,Extremely Severe/Super Cyclone,UNNAMED,1994
199429I,1994050203,19.1,91.4,102.0,Extremely Severe/Super Cyclone,UNNAMED,1994
199429I,1994050206,19.6,91.6,102.0,Extremely Severe/Super Cyclone,UNNAMED,1994
199429I,1994050209,20.1,91.8,109.0,Extremely Severe/Super Cyclone,UNNAMED,1994
199429I,1994050212,20.7,92.1,115.0,Extremely Severe/Super Cyclone,UNNAMED,1994
199429I,1994050215,21.2,92.3,95.0,Extremely Severe/Super Cyclone,UNNAMED,1994
199429I,1994050217,21.5,92.5,85.0,Very Severe Cyclonic Storm,UNNAMED,1994
199429I,1994050218,21.7,92.6,80.0,Very Severe Cyclonic Storm,UNNAMED,1994
199429I,1994050221,22.1,93.0,65.0,Very Severe Cyclonic Storm,UNNAMED,1994
199429I,1994050300,22.4,93.5,50.0,Severe Cyclonic Storm,UNNAMED,1994
199429I,1994050303,22.7,94.0,40.0,Cyclonic Storm,UNNAMED,1994
199429I,1994050306,23.0,94.5,30.0,Depression,UNNAMED,1994
199429I,1994050309,23.3,95.0,25.0,Depression,UNNAMED,1994
199429I,1994050312,23.5,95.6,20.0,Depression,UNNAMED,1994
199433I,1994060512,16.6,73.7,15.0,Depression,UNNAMED,1994
199433I,1994060515,16.7,73.3,20.0,Depression,UNNAMED,1994
199433I,1994060518,16.9,72.9,25.0,Depression,UNNAMED,1994
199433I,1994060521,16.9,72.5,25.0,Depression,UNNAMED,1994
199433I,1994060600,17.2,72.1,25.0,Depression,UNNAMED,1994
199433I,1994060603,17.8,71.4,30.0,Depression,UNNAMED,1994
199433I,1994060606,17.9,71.1,30.0,Depression,UNNAMED,1994
199433I,1994060609,18.0,70.4,33.0,Depression,UNNAMED,1994
199433I,1994060612,18.3,69.7,35.0,Cyclonic Storm,UNNAMED,1994
199433I,1994060615,18.6,69.0,35.0,Cyclonic Storm,UNNAMED,1994
199433I,1994060618,18.9,68.4,35.0,Cyclonic Storm,UNNAMED,1994
199433I,1994060621,19.0,67.6,35.0,Cyclonic Storm,UNNAMED,1994
199433I,1994060700,19.2,66.9,35.0,Cyclonic Storm,UNNAMED,1994
199433I,1994060703,19.2,66.1,35.0,Cyclonic Storm,UNNAMED,1994
199433I,1994060706,19.2,65.0,45.0,Cyclonic Storm,UNNAMED,1994
199433I,1994060709,19.1,64.4,50.0,Severe Cyclonic Storm,UNNAMED,1994
199433I,1994060712,19.2,64.0,55.0,Severe Cyclonic Storm,UNNAMED,1994
199433I,1994060715,19.2,63.4,50.0,Severe Cyclonic Storm,UNNAMED,1994
199433I,1994060718,19.2,63.0,45.0,Cyclonic Storm,UNNAMED,1994
199433I,1994060721,19.2,62.5,40.0,Cyclonic Storm,UNNAMED,1994
199433I,1994060800,19.3,62.1,35.0,Cyclonic Storm,UNNAMED,1994
199433I,1994060803,19.3,61.7,35.0,Cyclonic Storm,UNNAMED,1994
199433I,1994060806,19.4,61.6,35.0,Cyclonic Storm,UNNAMED,1994
199433I,1994060809,19.5,61.3,33.0,Depression,UNNAMED,1994
199433I,1994060812,19.6,61.0,30.0,Depression,UNNAMED,1994
199433I,1994060815,19.6,60.6,30.0,Depression,UNNAMED,1994
199433I,1994060818,19.7,60.4,30.0,Depression,UNNAMED,1994
199433I,1994060821,19.7,60.1,28.0,Depression,UNNAMED,1994
199433I,1994060900,19.8,59.8,25.0,Depression,UNNAMED,1994
199433I,1994060903,19.8,59.3,25.0,Depression,UNNAMED,1994
199433I,1994060906,20.1,58.9,25.0,Depression,UNNAMED,1994
199433I,1994060909,20.3,58.6,20.0,Depression,UNNAMED,1994
199433I,1994060912,20.3,58.3,15.0,Depression,UNNAMED,1994
199433I,1994060915,20.5,57.8,25.0,Depression,UNNAMED,1994
199433I,1994060918,20.6,57.5,25.0,Depression,UNNAMED,1994
199519I,1995050521,11.0,80.5,25.0,Depression,UNNAMED,1995
199519I,1995050600,11.5,80.5,25.0,Depression,UNNAMED,1995
199519I,1995050603,11.5,80.5,25.0,Depression,UNNAMED,1995
199519I,1995050606,11.5,80.5,25.0,Depression,UNNAMED,1995
199519I,1995050609,11.5,80.0,30.0,Depression,UNNAMED,1995
199520I,1995050809,14.5,81.5,25.0,Depression,UNNAMED,1995
199520I,1995050812,15.0,81.5,25.0,Depression,UNNAMED,1995
199520I,1995050815,15.3,81.5,25.0,Depression,UNNAMED,1995
199520I,1995050818,15.5,81.5,25.0,Depression,UNNAMED,1995
199520I,1995050821,15.4,81.3,25.0,Depression,UNNAMED,1995
199520I,1995050900,15.5,81.5,25.0,Depression,UNNAMED,1995
199520I,1995050903,16.0,82.5,25.0,Depression,UNNAMED,1995
199520I,1995050906,16.5,82.5,25.0,Depression,UNNAMED,1995
199520I,1995050909,16.5,82.5,30.0,Depression,UNNAMED,1995
199520I,1995050912,16.5,82.5,30.0,Depression,UNNAMED,1995
199521I,1995051418,19.5,86.5,25.0,Depression,UNNAMED,1995
199521I,1995051421,19.7,86.6,25.0,Depression,UNNAMED,1995
199521I,1995051500,20.0,86.8,25.0,Depression,UNNAMED,1995
199521I,1995051503,20.5,87.0,30.0,Depression,UNNAMED,1995
199521I,1995051506,21.0,87.3,30.0,Depression,UNNAMED,1995
199521I,1995051509,21.3,87.4,30.0,Depression,UNNAMED,1995
199521I,1995051512,21.5,87.5,30.0,Depression,UNNAMED,1995
199521I,1995051515,21.5,87.7,30.0,Depression,UNNAMED,1995
199521I,1995051518,21.5,88.0,30.0,Depression,UNNAMED,1995
199521I,1995051521,21.8,88.3,30.0,Depression,UNNAMED,1995
199521I,1995051600,22.0,88.5,30.0,Depression,UNNAMED,1995
199521I,1995051603,22.0,88.5,30.0,Depression,UNNAMED,1995
199546I,1995083015,18.2,99.6,25.0,Depression,LOIS,1995
199546I,1995083018,18.2,98.9,20.0,Depression,LOIS,1995
199546I,1995083021,18.2,97.9,20.0,Depression,LOIS,1995
199546I,1995083100,18.2,96.7,20.0,Depression,LOIS,1995
199561I,1995091215,15.8,99.9,15.0,Depression,UNNAMED,1995
199561I,1995091218,15.9,99.0,15.0,Depression,UNNAMED,1995
199561I,1995091221,16.0,98.1,15.0,Depression,UNNAMED,1995
199561I,1995091300,16.0,97.3,15.0,Depression,UNNAMED,1995
199561I,1995091303,16.1,96.5,18.0,Depression,UNNAMED,1995
199561I,1995091306,16.2,95.8,20.0,Depression,UNNAMED,1995
199561I,1995091309,16.3,95.0,20.0,Depression,UNNAMED,1995
199561I,1995091312,16.5,94.2,20.0,Depression,UNNAMED,1995
199561I,1995091315,16.9,93.6,20.0,Depression,UNNAMED,1995
199561I,1995091318,17.4,93.2,20.0,Depression,UNNAMED,1995
199561I,1995091321,17.8,92.9,20.0,Depression,UNNAMED,1995
199561I,1995091400,18.2,92.7,20.0,Depression,UNNAMED,1995
199561I,1995091403,18.5,92.4,23.0,Depression,UNNAMED,1995
199561I,1995091406,18.7,92.2,25.0,Depression,UNNAMED,1995
199561I,1995091409,18.9,92.0,25.0,Depression,UNNAMED,1995
199561I,1995091412,19.1,91.8,25.0,Depression,UNNAMED,1995
199561I,1995091415,19.2,91.6,28.0,Depression,UNNAMED,1995
199561I,1995091418,19.3,91.4,30.0,Depression,UNNAMED,1995
199561I,1995091421,19.4,91.2,30.0,Depression,UNNAMED,1995
199561I,1995091500,19.5,91.0,30.0,Depression,UNNAMED,1995
199561I,1995091503,19.6,90.7,30.0,Depression,UNNAMED,1995
199561I,1995091506,19.6,90.5,30.0,Depression,UNNAMED,1995
199561I,1995091509,19.7,90.3,30.0,Depression,UNNAMED,1995
199561I,1995091512,19.7,90.1,30.0,Depression,UNNAMED,1995
199561I,1995091515,19.7,89.9,28.0,Depression,UNNAMED,1995
199561I,1995091518,19.7,89.6,25.0,Depression,UNNAMED,1995
199561I,1995091521,19.6,89.5,25.0,Depression,UNNAMED,1995
199561I,1995091600,19.7,89.2,25.0,Depression,UNNAMED,1995
199561I,1995091603,19.9,89.0,25.0,Depression,UNNAMED,1995
199561I,1995091606,20.1,88.8,25.0,Depression,UNNAMED,1995
199561I,1995091609,20.6,88.4,25.0,Depression,UNNAMED,1995
199561I,1995091612,21.1,88.1,25.0,Depression,UNNAMED,1995
199561I,1995091615,21.1,87.8,25.0,Depression,UNNAMED,1995
199561I,1995091618,21.3,87.5,25.0,Depression,UNNAMED,1995
199561I,1995091621,21.8,86.9,43.0,Cyclonic Storm,UNNAMED,1995
199561I,1995091700,22.1,86.6,40.0,Cyclonic Storm,UNNAMED,1995
199561I,1995091703,22.4,86.2,38.0,Cyclonic Storm,UNNAMED,1995
199561I,1995091706,22.8,85.8,35.0,Cyclonic Storm,UNNAMED,1995
199561I,1995091709,23.0,85.5,33.0,Depression,UNNAMED,1995
199561I,1995091712,23.2,85.2,30.0,Depression,UNNAMED,1995
199561I,1995091715,23.4,84.8,28.0,Depression,UNNAMED,1995
199561I,1995091718,23.7,84.4,25.0,Depression,UNNAMED,1995
199561I,1995091721,23.9,83.9,25.0,Depression,UNNAMED,1995
199561I,1995091800,24.2,83.5,25.0,Depression,UNNAMED,1995
199561I,1995091803,24.5,83.1,23.0,Depression,UNNAMED,1995
199561I,1995091806,24.9,82.7,20.0,Depression,UNNAMED,1995
199561I,1995091809,25.2,82.4,18.0,Depression,UNNAMED,1995
199561I,1995091812,25.5,82.2,15.0,Depression,UNNAMED,1995
199561I,1995091815,25.8,81.9,15.0,Depression,UNNAMED,1995
199561I,1995091818,26.0,81.6,15.0,Depression,UNNAMED,1995
199561I,1995091821,26.2,81.4,15.0,Depression,UNNAMED,1995
199561I,1995091900,26.4,81.1,15.0,Depression,UNNAMED,1995
199561I,1995091903,26.6,80.8,15.0,Depression,UNNAMED,1995
199561I,1995091906,26.8,80.4,15.0,Depression,UNNAMED,1995
199561I,1995091909,27.0,80.1,15.0,Depression,UNNAMED,1995
199561I,1995091912,27.2,79.7,15.0,Depression,UNNAMED,1995
199561I,1995091915,27.4,79.3,15.0,Depression,UNNAMED,1995
199561I,1995091918,27.5,78.9,15.0,Depression,UNNAMED,1995
199561I,1995091921,27.6,78.5,15.0,Depression,UNNAMED,1995
199561I,1995092000,27.8,78.0,15.0,Depression,UNNAMED,1995
199568I,1995092603,21.5,87.5,25.0,Depression,UNNAMED,1995
199577I,1995101100,16.9,73.5,20.0,Depression,UNNAMED,1995
199577I,1995101103,16.8,73.1,20.0,Depression,UNNAMED,1995
199577I,1995101106,16.7,72.7,20.0,Depression,UNNAMED,1995
199577I,1995101109,16.6,72.4,20.0,Depression,UNNAMED,1995
199577I,1995101112,16.6,72.1,20.0,Depression,UNNAMED,1995
199577I,1995101115,16.6,71.8,23.0,Depression,UNNAMED,1995
199577I,1995101118,16.6,71.5,25.0,Depression,UNNAMED,1995
199577I,1995101121,16.6,71.2,25.0,Depression,UNNAMED,1995
199577I,1995101200,16.6,71.0,25.0,Depression,UNNAMED,1995
199577I,1995101203,16.6,70.8,25.0,Depression,UNNAMED,1995
199577I,1995101206,16.6,70.5,25.0,Depression,UNNAMED,1995
199577I,1995101209,16.6,70.2,28.0,Depression,UNNAMED,1995
199577I,1995101212,16.6,70.0,25.0,Depression,UNNAMED,1995
199577I,1995101215,16.6,69.8,25.0,Depression,UNNAMED,1995
199577I,1995101218,16.7,69.6,25.0,Depression,UNNAMED,1995
199577I,1995101221,16.8,69.2,25.0,Depression,UNNAMED,1995
199577I,1995101300,17.0,69.0,25.0,Depression,UNNAMED,1995
199577I,1995101303,17.0,68.9,25.0,Depression,UNNAMED,1995
199577I,1995101306,17.0,68.8,25.0,Depression,UNNAMED,1995
199577I,1995101309,17.0,68.6,28.0,Depression,UNNAMED,1995
199577I,1995101312,17.1,68.4,30.0,Depression,UNNAMED,1995
199577I,1995101315,17.2,68.2,30.0,Depression,UNNAMED,1995
199577I,1995101318,17.3,68.0,30.0,Depression,UNNAMED,1995
199577I,1995101321,17.4,67.7,33.0,Depression,UNNAMED,1995
199577I,1995101400,17.5,67.6,35.0,Cyclonic Storm,UNNAMED,1995
199577I,1995101403,17.5,67.5,35.0,Cyclonic Storm,UNNAMED,1995
199577I,1995101406,17.8,67.2,35.0,Cyclonic Storm,UNNAMED,1995
199577I,1995101409,17.9,67.1,40.0,Cyclonic Storm,UNNAMED,1995
199577I,1995101412,17.9,67.1,45.0,Cyclonic Storm,UNNAMED,1995
199577I,1995101415,17.9,67.0,45.0,Cyclonic Storm,UNNAMED,1995
199577I,1995101418,18.0,67.0,45.0,Cyclonic Storm,UNNAMED,1995
199577I,1995101421,18.0,66.9,40.0,Cyclonic Storm,UNNAMED,1995
199577I,1995101500,18.1,66.8,35.0,Cyclonic Storm,UNNAMED,1995
199577I,1995101503,18.1,66.7,35.0,Cyclonic Storm,UNNAMED,1995
199577I,1995101506,18.2,66.6,35.0,Cyclonic Storm,UNNAMED,1995
199577I,1995101509,18.3,66.3,35.0,Cyclonic Storm,UNNAMED,1995
199577I,1995101512,18.5,66.0,35.0,Cyclonic Storm,UNNAMED,1995
199577I,1995101515,18.6,65.8,35.0,Cyclonic Storm,UNNAMED,1995
199577I,1995101518,18.7,65.8,35.0,Cyclonic Storm,UNNAMED,1995
199577I,1995101521,18.9,65.7,35.0,Cyclonic Storm,UNNAMED,1995
199577I,1995101600,19.1,65.6,35.0,Cyclonic Storm,UNNAMED,1995
199577I,1995101603,19.1,65.3,35.0,Cyclonic Storm,UNNAMED,1995
199577I,1995101606,19.2,65.2,35.0,Cyclonic Storm,UNNAMED,1995
199577I,1995101609,19.4,65.0,33.0,Depression,UNNAMED,1995
199577I,1995101612,19.7,64.8,30.0,Depression,UNNAMED,1995
199577I,1995101615,19.7,64.6,30.0,Depression,UNNAMED,1995
199577I,1995101618,19.8,64.5,30.0,Depression,UNNAMED,1995
199577I,1995101621,19.7,64.4,30.0,Depression,UNNAMED,1995
199577I,1995101700,19.7,64.2,30.0,Depression,UNNAMED,1995
199577I,1995101703,19.6,63.7,25.0,Depression,UNNAMED,1995
199577I,1995101706,19.6,63.2,25.0,Depression,UNNAMED,1995
199577I,1995101709,19.4,62.7,25.0,Depression,UNNAMED,1995
199577I,1995101712,19.2,62.1,25.0,Depression,UNNAMED,1995
199577I,1995101715,18.8,61.3,30.0,Depression,UNNAMED,1995
199577I,1995101718,18.4,60.8,30.0,Depression,UNNAMED,1995
199577I,1995101721,18.0,60.3,28.0,Depression,UNNAMED,1995
199577I,1995101800,17.6,59.8,25.0,Depression,UNNAMED,1995
199577I,1995101803,17.4,59.3,25.0,Depression,UNNAMED,1995
199577I,1995101806,17.4,58.8,25.0,Depression,UNNAMED,1995
199577I,1995101809,17.4,58.3,23.0,Depression,UNNAMED,1995
199577I,1995101812,17.5,57.8,20.0,Depression,UNNAMED,1995
199579I,1995102712,13.8,99.6,20.0,Depression,YVETTE,1995
199579I,1995102715,13.9,98.7,20.0,Depression,YVETTE,1995
199579I,1995102718,14.1,97.8,20.0,Depression,YVETTE,1995
199585I,1995110512,8.6,96.4,15.0,Depression,UNNAMED,1995
199585I,1995110515,8.8,95.8,15.0,Depression,UNNAMED,1995
199585I,1995110518,9.1,95.3,15.0,Depression,UNNAMED,1995
199585I,1995110521,9.4,94.8,18.0,Depression,UNNAMED,1995
199585I,1995110600,9.6,94.3,20.0,Depression,UNNAMED,1995
199585I,1995110603,9.8,93.9,20.0,Depression,UNNAMED,1995
199585I,1995110606,9.9,93.6,20.0,Depression,UNNAMED,1995
199585I,1995110609,10.0,93.2,20.0,Depression,UNNAMED,1995
199585I,1995110612,10.2,92.9,20.0,Depression,UNNAMED,1995
199585I,1995110615,10.4,92.6,23.0,Depression,UNNAMED,1995
199585I,1995110618,10.6,92.2,25.0,Depression,UNNAMED,1995
199585I,1995110621,10.9,91.8,28.0,Depression,UNNAMED,1995
199585I,1995110700,11.3,91.4,30.0,Depression,UNNAMED,1995
199585I,1995110703,11.5,91.0,25.0,Depression,UNNAMED,1995
199585I,1995110706,11.8,90.6,25.0,Depression,UNNAMED,1995
199585I,1995110709,12.2,90.0,28.0,Depression,UNNAMED,1995
199585I,1995110712,12.6,89.4,30.0,Depression,UNNAMED,1995
199585I,1995110715,12.8,88.9,30.0,Depression,UNNAMED,1995
199585I,1995110718,13.0,88.5,30.0,Depression,UNNAMED,1995
199585I,1995110721,13.1,88.1,33.0,Depression,UNNAMED,1995
199585I,1995110800,13.4,87.7,35.0,Cyclonic Storm,UNNAMED,1995
199585I,1995110803,13.9,87.0,45.0,Cyclonic Storm,UNNAMED,1995
199585I,1995110806,14.4,86.3,45.0,Cyclonic Storm,UNNAMED,1995
199585I,1995110809,14.9,85.7,50.0,Severe Cyclonic Storm,UNNAMED,1995
199585I,1995110812,15.6,85.3,55.0,Severe Cyclonic Storm,UNNAMED,1995
199585I,1995110815,16.2,85.0,60.0,Severe Cyclonic Storm,UNNAMED,1995
199585I,1995110818,16.8,84.7,65.0,Very Severe Cyclonic Storm,UNNAMED,1995
199585I,1995110821,17.2,84.5,65.0,Very Severe Cyclonic Storm,UNNAMED,1995
199585I,1995110900,17.8,84.3,65.0,Very Severe Cyclonic Storm,UNNAMED,1995
199585I,1995110903,18.7,84.2,77.0,Very Severe Cyclonic Storm,UNNAMED,1995
199585I,1995110906,19.4,84.2,55.0,Severe Cyclonic Storm,UNNAMED,1995
199585I,1995110909,20.2,84.2,48.0,Severe Cyclonic Storm,UNNAMED,1995
199585I,1995110912,21.2,84.2,40.0,Cyclonic Storm,UNNAMED,1995
199585I,1995110915,22.1,84.2,35.0,Cyclonic Storm,UNNAMED,1995
199585I,1995110918,22.9,84.4,30.0,Depression,UNNAMED,1995
199585I,1995110921,23.7,84.6,28.0,Depression,UNNAMED,1995
199585I,1995111000,24.3,84.9,25.0,Depression,UNNAMED,1995
199585I,1995111003,24.8,85.2,25.0,Depression,UNNAMED,1995
199585I,1995111006,25.4,85.6,25.0,Depression,UNNAMED,1995
199585I,1995111009,25.9,86.1,20.0,Depression,UNNAMED,1995
199585I,1995111012,26.0,86.8,15.0,Depression,UNNAMED,1995
199585I,1995111015,26.3,87.2,15.0,Depression,UNNAMED,1995
199585I,1995111018,26.5,87.6,15.0,Depression,UNNAMED,1995
199588I,1995111818,5.4,97.2,20.0,Depression,UNNAMED,1995
199588I,1995111821,5.5,96.9,20.0,Depression,UNNAMED,1995
199588I,1995111900,5.5,96.6,20.0,Depression,UNNAMED,1995
199588I,1995111903,5.5,96.3,20.0,Depression,UNNAMED,1995
199588I,1995111906,5.6,96.0,20.0,Depression,UNNAMED,1995
199588I,1995111909,5.7,95.7,20.0,Depression,UNNAMED,1995
199588I,1995111912,5.8,95.4,20.0,Depression,UNNAMED,1995
199588I,1995111915,5.9,95.1,20.0,Depression,UNNAMED,1995
199588I,1995111918,6.0,94.7,20.0,Depression,UNNAMED,1995
199588I,1995111921,6.1,94.3,20.0,Depression,UNNAMED,1995
199588I,1995112000,6.1,94.0,20.0,Depression,UNNAMED,1995
199588I,1995112003,6.1,93.6,20.0,Depression,UNNAMED,1995
199588I,1995112006,6.2,93.3,20.0,Depression,UNNAMED,1995
199588I,1995112009,6.3,92.9,20.0,Depression,UNNAMED,1995
199588I,1995112012,6.4,92.6,20.0,Depression,UNNAMED,1995
199588I,1995112015,6.5,92.3,20.0,Depression,UNNAMED,1995
199588I,1995112018,6.5,92.0,20.0,Depression,UNNAMED,1995
199588I,1995112021,6.5,91.7,20.0,Depression,UNNAMED,1995
199588I,1995112100,6.6,91.5,20.0,Depression,UNNAMED,1995
199588I,1995112103,6.7,91.2,23.0,Depression,UNNAMED,1995
199588I,1995112106,6.8,90.9,25.0,Depression,UNNAMED,1995
199588I,1995112109,6.9,90.6,25.0,Depression,UNNAMED,1995
199588I,1995112112,6.8,90.4,25.0,Depression,UNNAMED,1995
199588I,1995112115,6.9,90.1,25.0,Depression,UNNAMED,1995
199588I,1995112118,7.0,89.8,25.0,Depression,UNNAMED,1995
199588I,1995112121,7.2,89.5,25.0,Depression,UNNAMED,1995
199588I,1995112200,7.4,89.3,25.0,Depression,UNNAMED,1995
199588I,1995112203,7.4,89.1,30.0,Depression,UNNAMED,1995
199588I,1995112206,7.8,88.5,30.0,Depression,UNNAMED,1995
199588I,1995112209,8.0,88.2,33.0,Depression,UNNAMED,1995
199588I,1995112212,8.4,88.1,35.0,Cyclonic Storm,UNNAMED,1995
199588I,1995112215,8.8,87.7,40.0,Cyclonic Storm,UNNAMED,1995
199588I,1995112218,9.2,87.3,45.0,Cyclonic Storm,UNNAMED,1995
199588I,1995112221,9.5,86.8,45.0,Cyclonic Storm,UNNAMED,1995
199588I,1995112300,9.7,86.4,45.0,Cyclonic Storm,UNNAMED,1995
199588I,1995112303,9.8,86.0,55.0,Severe Cyclonic Storm,UNNAMED,1995
199588I,1995112306,10.2,85.6,55.0,Severe Cyclonic Storm,UNNAMED,1995
199588I,1995112309,10.5,85.2,55.0,Severe Cyclonic Storm,UNNAMED,1995
199588I,1995112312,10.9,85.0,55.0,Severe Cyclonic Storm,UNNAMED,1995
199588I,1995112315,11.4,84.9,60.0,Severe Cyclonic Storm,UNNAMED,1995
199588I,1995112318,12.0,85.0,65.0,Very Severe Cyclonic Storm,UNNAMED,1995
199588I,1995112321,12.7,85.0,71.0,Very Severe Cyclonic Storm,UNNAMED,1995
199588I,1995112400,13.6,85.1,77.0,Very Severe Cyclonic Storm,UNNAMED,1995
199588I,1995112403,14.4,85.2,90.0,Extremely Severe/Super Cyclone,UNNAMED,1995
199588I,1995112406,15.1,85.4,90.0,Extremely Severe/Super Cyclone,UNNAMED,1995
199588I,1995112409,15.8,85.7,96.0,Extremely Severe/Super Cyclone,UNNAMED,1995
199588I,1995112412,16.6,86.4,102.0,Extremely Severe/Super Cyclone,UNNAMED,1995
199588I,1995112415,17.3,87.3,96.0,Extremely Severe/Super Cyclone,UNNAMED,1995
199588I,1995112418,18.1,88.2,90.0,Extremely Severe/Super Cyclone,UNNAMED,1995
199588I,1995112421,18.6,88.6,84.0,Very Severe Cyclonic Storm,UNNAMED,1995
199588I,1995112500,19.3,89.2,77.0,Very Severe Cyclonic Storm,UNNAMED,1995
199588I,1995112503,20.1,90.4,77.0,Very Severe Cyclonic Storm,UNNAMED,1995
199588I,1995112506,20.9,91.5,65.0,Very Severe Cyclonic Storm,UNNAMED,1995
199588I,1995112509,21.6,92.6,65.0,Very Severe Cyclonic Storm,UNNAMED,1995
199588I,1995112512,22.4,93.5,45.0,Cyclonic Storm,UNNAMED,1995
199588I,1995112515,23.0,94.5,38.0,Cyclonic Storm,UNNAMED,1995
199588I,1995112518,23.6,95.5,30.0,Depression,UNNAMED,1995
1996103I,1996110100,15.0,97.3,15.0,Depression,UNNAMED,1996
1996103I,1996110103,15.4,96.9,15.0,Depression,UNNAMED,1996
1996103I,1996110106,15.7,96.5,15.0,Depression,UNNAMED,1996
1996103I,1996110109,15.8,96.2,15.0,Depression,UNNAMED,1996
1996103I,1996110112,15.9,96.0,15.0,Depression,UNNAMED,1996
1996103I,1996110115,16.0,95.6,15.0,Depression,UNNAMED,1996
1996103I,1996110118,16.2,95.2,15.0,Depression,UNNAMED,1996
1996103I,1996110121,16.3,94.8,15.0,Depression,UNNAMED,1996
1996103I,1996110200,16.4,94.3,15.0,Depression,UNNAMED,1996
1996103I,1996110203,16.4,93.9,15.0,Depression,UNNAMED,1996
1996103I,1996110206,16.4,93.5,15.0,Depression,UNNAMED,1996
1996103I,1996110209,16.4,93.2,15.0,Depression,UNNAMED,1996
1996103I,1996110212,16.4,92.9,15.0,Depression,UNNAMED,1996
1996103I,1996110215,16.3,92.5,15.0,Depression,UNNAMED,1996
1996103I,1996110218,16.2,92.1,15.0,Depression,UNNAMED,1996
1996103I,1996110221,16.1,91.7,18.0,Depression,UNNAMED,1996
1996103I,1996110300,16.1,91.4,20.0,Depression,UNNAMED,1996
1996103I,1996110303,16.0,91.1,20.0,Depression,UNNAMED,1996
1996103I,1996110306,16.0,90.8,20.0,Depression,UNNAMED,1996
1996103I,1996110309,16.0,90.5,23.0,Depression,UNNAMED,1996
1996103I,1996110312,16.0,90.2,25.0,Depression,UNNAMED,1996
1996103I,1996110315,16.0,89.9,25.0,Depression,UNNAMED,1996
1996103I,1996110318,16.0,89.5,25.0,Depression,UNNAMED,1996
1996103I,1996110321,16.0,89.1,28.0,Depression,UNNAMED,1996
1996103I,1996110400,16.0,88.8,30.0,Depression,UNNAMED,1996
1996103I,1996110403,16.0,88.5,33.0,Depression,UNNAMED,1996
1996103I,1996110406,16.0,88.3,35.0,Cyclonic Storm,UNNAMED,1996
1996103I,1996110409,16.1,88.0,38.0,Cyclonic Storm,UNNAMED,1996
1996103I,1996110412,16.1,87.7,40.0,Cyclonic Storm,UNNAMED,1996
1996103I,1996110415,16.0,87.5,25.0,Depression,UNNAMED,1996
1996103I,1996110418,16.0,87.2,25.0,Depression,UNNAMED,1996
1996103I,1996110421,16.0,86.9,25.0,Depression,UNNAMED,1996
1996103I,1996110500,16.0,86.7,25.0,Depression,UNNAMED,1996
1996103I,1996110503,16.0,86.2,30.0,Depression,UNNAMED,1996
1996103I,1996110506,16.0,86.1,30.0,Depression,UNNAMED,1996
1996103I,1996110509,16.0,85.6,35.0,Cyclonic Storm,UNNAMED,1996
1996103I,1996110512,16.0,85.2,45.0,Cyclonic Storm,UNNAMED,1996
1996103I,1996110515,16.0,84.8,45.0,Cyclonic Storm,UNNAMED,1996
1996103I,1996110518,16.0,84.6,45.0,Cyclonic Storm,UNNAMED,1996
1996103I,1996110521,16.0,84.4,45.0,Cyclonic Storm,UNNAMED,1996
1996103I,1996110600,16.0,84.1,45.0,Cyclonic Storm,UNNAMED,1996
1996103I,1996110601,16.1,83.8,55.0,Severe Cyclonic Storm,UNNAMED,1996
1996103I,1996110603,16.1,83.5,55.0,Severe Cyclonic Storm,UNNAMED,1996
1996103I,1996110606,16.2,83.2,65.0,Very Severe Cyclonic Storm,UNNAMED,1996
1996103I,1996110609,16.3,82.8,77.0,Very Severe Cyclonic Storm,UNNAMED,1996
1996103I,1996110612,16.5,82.5,77.0,Very Severe Cyclonic Storm,UNNAMED,1996
1996103I,1996110615,16.6,82.2,66.0,Very Severe Cyclonic Storm,UNNAMED,1996
1996103I,1996110618,16.8,81.9,55.0,Severe Cyclonic Storm,UNNAMED,1996
1996103I,1996110621,16.9,81.5,98.0,Extremely Severe/Super Cyclone,UNNAMED,1996
1996103I,1996110700,17.1,80.9,80.0,Very Severe Cyclonic Storm,UNNAMED,1996
1996103I,1996110703,17.3,80.1,65.0,Very Severe Cyclonic Storm,UNNAMED,1996
1996103I,1996110706,17.5,79.5,50.0,Severe Cyclonic Storm,UNNAMED,1996
1996103I,1996110709,17.5,79.2,40.0,Cyclonic Storm,UNNAMED,1996
1996103I,1996110712,17.6,78.8,30.0,Depression,UNNAMED,1996
1996103I,1996110715,17.7,78.3,25.0,Depression,UNNAMED,1996
1996103I,1996110718,17.8,77.7,20.0,Depression,UNNAMED,1996
1996107I,1996111803,10.6,99.6,23.0,Depression,ERNIE,1996
1996107I,1996111806,10.7,99.2,20.0,Depression,ERNIE,1996
1996113I,1996112612,8.9,92.3,20.0,Depression,UNNAMED,1996
1996113I,1996112615,9.1,91.8,20.0,Depression,UNNAMED,1996
1996113I,1996112618,9.2,91.3,20.0,Depression,UNNAMED,1996
1996113I,1996112621,9.3,90.8,23.0,Depression,UNNAMED,1996
1996113I,1996112700,9.4,90.3,25.0,Depression,UNNAMED,1996
1996113I,1996112703,9.5,89.8,25.0,Depression,UNNAMED,1996
1996113I,1996112706,9.6,89.2,25.0,Depression,UNNAMED,1996
1996113I,1996112709,9.8,88.6,25.0,Depression,UNNAMED,1996
1996113I,1996112712,10.0,87.9,25.0,Depression,UNNAMED,1996
1996113I,1996112715,10.2,87.3,25.0,Depression,UNNAMED,1996
1996113I,1996112718,10.4,86.8,25.0,Depression,UNNAMED,1996
1996113I,1996112721,10.7,86.3,28.0,Depression,UNNAMED,1996
1996113I,1996112800,11.1,85.9,30.0,Depression,UNNAMED,1996
1996113I,1996112803,11.4,85.7,25.0,Depression,UNNAMED,1996
1996113I,1996112806,11.8,85.5,25.0,Depression,UNNAMED,1996
1996113I,1996112809,12.2,85.3,25.0,Depression,UNNAMED,1996
1996113I,1996112812,12.5,85.2,25.0,Depression,UNNAMED,1996
1996113I,1996112815,12.7,85.1,25.0,Depression,UNNAMED,1996
1996113I,1996112818,13.0,85.1,25.0,Depression,UNNAMED,1996
1996113I,1996112821,13.2,85.0,25.0,Depression,UNNAMED,1996
1996113I,1996112900,13.3,85.0,25.0,Depression,UNNAMED,1996
1996113I,1996112903,13.2,84.7,30.0,Depression,UNNAMED,1996
1996113I,1996112906,13.6,85.0,30.0,Depression,UNNAMED,1996
1996113I,1996112909,13.8,85.1,30.0,Depression,UNNAMED,1996
1996113I,1996112912,14.1,85.4,30.0,Depression,UNNAMED,1996
1996113I,1996112915,14.3,85.8,30.0,Depression,UNNAMED,1996
1996113I,1996112918,14.5,86.4,30.0,Depression,UNNAMED,1996
1996113I,1996112921,14.7,86.8,30.0,Depression,UNNAMED,1996
1996113I,1996113000,14.9,87.2,30.0,Depression,UNNAMED,1996
1996113I,1996113003,14.9,87.5,30.0,Depression,UNNAMED,1996
1996113I,1996113006,15.2,88.0,30.0,Depression,UNNAMED,1996
1996113I,1996113009,15.3,88.3,28.0,Depression,UNNAMED,1996
1996113I,1996113012,15.3,88.7,25.0,Depression,UNNAMED,1996
1996113I,1996113015,15.1,88.9,25.0,Depression,UNNAMED,1996
1996113I,1996113018,14.9,89.1,25.0,Depression,UNNAMED,1996
1996113I,1996113021,14.6,89.1,25.0,Depression,UNNAMED,1996
1996113I,1996120100,14.4,89.0,25.0,Depression,UNNAMED,1996
1996113I,1996120103,14.3,88.9,25.0,Depression,UNNAMED,1996
1996113I,1996120106,14.3,88.6,25.0,Depression,UNNAMED,1996
1996113I,1996120109,14.2,88.4,28.0,Depression,UNNAMED,1996
1996113I,1996120112,14.2,88.3,30.0,Depression,UNNAMED,1996
1996113I,1996120115,14.2,88.1,30.0,Depression,UNNAMED,1996
1996113I,1996120118,14.2,87.8,30.0,Depression,UNNAMED,1996
1996113I,1996120121,14.1,87.4,33.0,Depression,UNNAMED,1996
1996113I,1996120200,13.9,87.1,35.0,Cyclonic Storm,UNNAMED,1996
1996113I,1996120203,13.9,86.9,35.0,Cyclonic Storm,UNNAMED,1996
1996113I,1996120206,13.9,86.8,35.0,Cyclonic Storm,UNNAMED,1996
1996113I,1996120209,13.9,86.5,35.0,Cyclonic Storm,UNNAMED,1996
1996113I,1996120212,13.9,86.1,35.0,Cyclonic Storm,UNNAMED,1996
1996113I,1996120215,14.0,85.8,35.0,Cyclonic Storm,UNNAMED,1996
1996113I,1996120218,14.0,85.5,35.0,Cyclonic Storm,UNNAMED,1996
1996113I,1996120221,14.0,85.3,40.0,Cyclonic Storm,UNNAMED,1996
1996113I,1996120300,14.1,85.0,45.0,Cyclonic Storm,UNNAMED,1996
1996113I,1996120303,14.1,84.5,55.0,Severe Cyclonic Storm,UNNAMED,1996
1996113I,1996120306,14.3,84.2,55.0,Severe Cyclonic Storm,UNNAMED,1996
1996113I,1996120309,14.3,83.9,60.0,Severe Cyclonic Storm,UNNAMED,1996
1996113I,1996120312,14.4,83.7,65.0,Very Severe Cyclonic Storm,UNNAMED,1996
1996113I,1996120315,14.4,83.4,65.0,Very Severe Cyclonic Storm,UNNAMED,1996
1996113I,1996120318,14.5,83.2,65.0,Very Severe Cyclonic Storm,UNNAMED,1996
1996113I,1996120321,14.5,83.1,65.0,Very Severe Cyclonic Storm,UNNAMED,1996
1996113I,1996120400,14.6,83.0,65.0,Very Severe Cyclonic Storm,UNNAMED,1996
1996113I,1996120403,14.6,82.5,65.0,Very Severe Cyclonic Storm,UNNAMED,1996
1996113I,1996120406,14.8,82.3,65.0,Very Severe Cyclonic Storm,UNNAMED,1996
1996113I,1996120409,14.9,82.1,65.0,Very Severe Cyclonic Storm,UNNAMED,1996
1996113I,1996120412,14.9,81.9,65.0,Very Severe Cyclonic Storm,UNNAMED,1996
1996113I,1996120415,15.0,81.8,65.0,Very Severe Cyclonic Storm,UNNAMED,1996
1996113I,1996120418,15.0,81.8,65.0,Very Severe Cyclonic Storm,UNNAMED,1996
1996113I,1996120421,14.9,81.7,60.0,Severe Cyclonic Storm,UNNAMED,1996
1996113I,1996120500,14.8,81.7,55.0,Severe Cyclonic Storm,UNNAMED,1996
1996113I,1996120503,14.5,82.0,55.0,Severe Cyclonic Storm,UNNAMED,1996
1996113I,1996120506,14.5,81.8,45.0,Cyclonic Storm,UNNAMED,1996
1996113I,1996120509,14.4,81.7,45.0,Cyclonic Storm,UNNAMED,1996
1996113I,1996120512,14.3,81.6,45.0,Cyclonic Storm,UNNAMED,1996
1996113I,1996120515,14.1,81.5,45.0,Cyclonic Storm,UNNAMED,1996
1996113I,1996120518,14.0,81.4,45.0,Cyclonic Storm,UNNAMED,1996
1996113I,1996120521,13.9,81.3,45.0,Cyclonic Storm,UNNAMED,1996
1996113I,1996120600,13.8,81.1,45.0,Cyclonic Storm,UNNAMED,1996
1996113I,1996120603,13.7,81.0,45.0,Cyclonic Storm,UNNAMED,1996
1996113I,1996120606,13.5,80.8,45.0,Cyclonic Storm,UNNAMED,1996
1996113I,1996120609,13.3,80.6,45.0,Cyclonic Storm,UNNAMED,1996
1996113I,1996120612,13.1,80.5,45.0,Cyclonic Storm,UNNAMED,1996
1996113I,1996120615,12.7,80.2,40.0,Cyclonic Storm,UNNAMED,1996
1996113I,1996120618,12.4,79.8,35.0,Cyclonic Storm,UNNAMED,1996
1996113I,1996120621,12.3,79.3,33.0,Depression,UNNAMED,1996
1996113I,1996120700,12.2,78.8,30.0,Depression,UNNAMED,1996
1996113I,1996120703,12.1,78.2,25.0,Depression,UNNAMED,1996
1996113I,1996120706,12.1,77.5,20.0,Depression,UNNAMED,1996
1996113I,1996120709,12.0,76.9,18.0,Depression,UNNAMED,1996
1996113I,1996120712,11.9,76.3,15.0,Depression,UNNAMED,1996
199631I,1996050106,7.5,91.5,20.0,Depression,UNNAMED,1996
199631I,1996050109,7.7,91.5,23.0,Depression,UNNAMED,1996
199631I,1996050112,7.9,91.4,25.0,Depression,UNNAMED,1996
199631I,1996050115,8.1,91.4,25.0,Depression,UNNAMED,1996
199631I,1996050118,8.4,91.3,25.0,Depression,UNNAMED,1996
199631I,1996050121,8.7,91.2,25.0,Depression,UNNAMED,1996
199631I,1996050200,8.9,91.2,25.0,Depression,UNNAMED,1996
199631I,1996050203,9.1,91.2,25.0,Depression,UNNAMED,1996
199631I,1996050206,9.4,91.2,25.0,Depression,UNNAMED,1996
199631I,1996050209,9.6,91.2,25.0,Depression,UNNAMED,1996
199631I,1996050212,9.9,91.1,25.0,Depression,UNNAMED,1996
199631I,1996050215,10.2,91.1,25.0,Depression,UNNAMED,1996
199631I,1996050218,10.5,91.1,25.0,Depression,UNNAMED,1996
199631I,1996050221,10.8,91.1,25.0,Depression,UNNAMED,1996
199631I,1996050300,11.0,91.0,25.0,Depression,UNNAMED,1996
199631I,1996050303,11.2,90.9,25.0,Depression,UNNAMED,1996
199631I,1996050306,11.5,90.9,25.0,Depression,UNNAMED,1996
199631I,1996050309,11.8,90.9,25.0,Depression,UNNAMED,1996
199631I,1996050312,12.1,90.8,25.0,Depression,UNNAMED,1996
199631I,1996050315,12.3,90.7,25.0,Depression,UNNAMED,1996
199631I,1996050318,12.5,90.6,25.0,Depression,UNNAMED,1996
199631I,1996050321,12.7,90.5,25.0,Depression,UNNAMED,1996
199631I,1996050400,12.9,90.3,25.0,Depression,UNNAMED,1996
199631I,1996050403,13.1,90.2,25.0,Depression,UNNAMED,1996
199631I,1996050406,13.3,90.0,25.0,Depression,UNNAMED,1996
199631I,1996050409,13.5,89.8,25.0,Depression,UNNAMED,1996
199631I,1996050412,13.6,89.6,25.0,Depression,UNNAMED,1996
199631I,1996050415,13.7,89.4,25.0,Depression,UNNAMED,1996
199631I,1996050418,13.9,89.3,25.0,Depression,UNNAMED,1996
199631I,1996050421,14.0,89.1,25.0,Depression,UNNAMED,1996
199631I,1996050500,14.2,89.0,25.0,Depression,UNNAMED,1996
199631I,1996050503,14.4,88.8,25.0,Depression,UNNAMED,1996
199631I,1996050506,14.6,88.7,25.0,Depression,UNNAMED,1996
199631I,1996050509,14.7,88.6,25.0,Depression,UNNAMED,1996
199631I,1996050512,14.9,88.5,25.0,Depression,UNNAMED,1996
199631I,1996050515,15.1,88.4,25.0,Depression,UNNAMED,1996
199631I,1996050518,15.4,88.3,25.0,Depression,UNNAMED,1996
199631I,1996050521,15.6,88.2,25.0,Depression,UNNAMED,1996
199631I,1996050600,15.9,88.2,25.0,Depression,UNNAMED,1996
199631I,1996050603,16.2,88.2,25.0,Depression,UNNAMED,1996
199631I,1996050606,16.6,88.2,25.0,Depression,UNNAMED,1996
199631I,1996050609,17.0,88.2,25.0,Depression,UNNAMED,1996
199631I,1996050612,17.3,88.3,25.0,Depression,UNNAMED,1996
199631I,1996050615,17.6,88.4,28.0,Depression,UNNAMED,1996
199631I,1996050618,17.8,88.5,30.0,Depression,UNNAMED,1996
199631I,1996050621,18.1,88.7,30.0,Depression,UNNAMED,1996
199631I,1996050700,18.3,88.9,30.0,Depression,UNNAMED,1996
199631I,1996050703,18.6,89.1,15.0,Depression,UNNAMED,1996
199631I,1996050706,18.9,89.2,25.0,Depression,UNNAMED,1996
199631I,1996050709,19.3,89.4,25.0,Depression,UNNAMED,1996
199631I,1996050712,19.8,89.7,25.0,Depression,UNNAMED,1996
199631I,1996050715,20.1,90.1,28.0,Depression,UNNAMED,1996
199631I,1996050718,20.4,90.7,30.0,Depression,UNNAMED,1996
199631I,1996050721,20.9,91.5,30.0,Depression,UNNAMED,1996
199631I,1996050800,21.3,92.2,30.0,Depression,UNNAMED,1996
199631I,1996050803,21.8,92.7,38.0,Cyclonic Storm,UNNAMED,1996
199631I,1996050806,22.2,93.4,35.0,Cyclonic Storm,UNNAMED,1996
199631I,1996050809,22.6,94.1,33.0,Depression,UNNAMED,1996
199631I,1996050812,23.0,94.8,30.0,Depression,UNNAMED,1996
199631I,1996050815,23.4,95.5,28.0,Depression,UNNAMED,1996
199631I,1996050818,23.7,96.2,25.0,Depression,UNNAMED,1996
199637I,1996060900,16.6,62.7,15.0,Depression,UNNAMED,1996
199637I,1996060903,16.8,62.6,15.0,Depression,UNNAMED,1996
199637I,1996060906,16.9,62.4,15.0,Depression,UNNAMED,1996
199637I,1996060909,17.0,62.2,15.0,Depression,UNNAMED,1996
199637I,1996060912,17.1,62.0,15.0,Depression,UNNAMED,1996
199637I,1996060915,17.2,61.8,18.0,Depression,UNNAMED,1996
199637I,1996060918,17.3,61.6,20.0,Depression,UNNAMED,1996
199637I,1996060921,17.4,61.4,23.0,Depression,UNNAMED,1996
199637I,1996061000,17.5,61.1,25.0,Depression,UNNAMED,1996
199637I,1996061003,17.6,60.9,25.0,Depression,UNNAMED,1996
199637I,1996061006,17.7,60.6,25.0,Depression,UNNAMED,1996
199637I,1996061009,17.8,60.3,28.0,Depression,UNNAMED,1996
199637I,1996061012,17.9,60.0,30.0,Depression,UNNAMED,1996
199637I,1996061015,18.0,59.6,33.0,Depression,UNNAMED,1996
199637I,1996061018,18.2,59.3,35.0,Cyclonic Storm,UNNAMED,1996
199637I,1996061021,18.4,59.0,38.0,Cyclonic Storm,UNNAMED,1996
199637I,1996061100,18.6,58.7,40.0,Cyclonic Storm,UNNAMED,1996
199637I,1996061103,18.9,58.3,40.0,Cyclonic Storm,UNNAMED,1996
199637I,1996061106,19.2,58.0,40.0,Cyclonic Storm,UNNAMED,1996
199637I,1996061109,19.6,57.8,38.0,Cyclonic Storm,UNNAMED,1996
199637I,1996061112,20.1,57.6,35.0,Cyclonic Storm,UNNAMED,1996
199637I,1996061115,20.4,57.4,35.0,Cyclonic Storm,UNNAMED,1996
199637I,1996061118,20.7,57.2,35.0,Cyclonic Storm,UNNAMED,1996
199637I,1996061121,20.9,56.9,33.0,Depression,UNNAMED,1996
199637I,1996061200,21.0,56.5,30.0,Depression,UNNAMED,1996
199637I,1996061203,21.0,56.2,25.0,Depression,UNNAMED,1996
199637I,1996061206,21.0,55.9,20.0,Depression,UNNAMED,1996
199637I,1996061209,21.0,55.6,18.0,Depression,UNNAMED,1996
199637I,1996061212,21.0,55.4,15.0,Depression,UNNAMED,1996
199638I,1996061100,8.2,87.8,15.0,Depression,UNNAMED,1996
199638I,1996061103,8.4,87.7,18.0,Depression,UNNAMED,1996
199638I,1996061106,8.5,87.7,20.0,Depression,UNNAMED,1996
199638I,1996061109,8.6,87.7,20.0,Depression,UNNAMED,1996
199638I,1996061112,8.8,87.6,20.0,Depression,UNNAMED,1996
199638I,1996061115,9.0,87.5,20.0,Depression,UNNAMED,1996
199638I,1996061118,9.3,87.4,20.0,Depression,UNNAMED,1996
199638I,1996061121,9.6,87.2,23.0,Depression,UNNAMED,1996
199638I,1996061200,9.9,86.9,25.0,Depression,UNNAMED,1996
199638I,1996061203,10.2,86.6,28.0,Depression,UNNAMED,1996
199638I,1996061206,10.4,86.2,30.0,Depression,UNNAMED,1996
199638I,1996061209,10.6,85.9,33.0,Depression,UNNAMED,1996
199638I,1996061212,10.9,85.6,25.0,Depression,UNNAMED,1996
199638I,1996061215,11.2,85.2,25.0,Depression,UNNAMED,1996
199638I,1996061218,11.5,84.8,25.0,Depression,UNNAMED,1996
199638I,1996061221,11.8,84.4,25.0,Depression,UNNAMED,1996
199638I,1996061300,12.1,83.9,25.0,Depression,UNNAMED,1996
199638I,1996061303,12.5,83.1,30.0,Depression,UNNAMED,1996
199638I,1996061306,12.8,83.0,30.0,Depression,UNNAMED,1996
199638I,1996061309,13.0,82.6,30.0,Depression,UNNAMED,1996
199638I,1996061312,13.2,82.2,30.0,Depression,UNNAMED,1996
199638I,1996061315,13.5,81.8,30.0,Depression,UNNAMED,1996
199638I,1996061318,13.7,81.5,30.0,Depression,UNNAMED,1996
199638I,1996061321,13.7,81.2,33.0,Depression,UNNAMED,1996
199638I,1996061400,13.8,81.2,35.0,Cyclonic Storm,UNNAMED,1996
199638I,1996061403,14.1,81.1,35.0,Cyclonic Storm,UNNAMED,1996
199638I,1996061406,14.5,81.3,35.0,Cyclonic Storm,UNNAMED,1996
199638I,1996061409,14.8,81.4,35.0,Cyclonic Storm,UNNAMED,1996
199638I,1996061412,15.1,81.6,35.0,Cyclonic Storm,UNNAMED,1996
199638I,1996061415,15.5,81.9,35.0,Cyclonic Storm,UNNAMED,1996
199638I,1996061418,15.9,82.3,35.0,Cyclonic Storm,UNNAMED,1996
199638I,1996061421,16.2,82.6,35.0,Cyclonic Storm,UNNAMED,1996
199638I,1996061500,16.5,82.8,35.0,Cyclonic Storm,UNNAMED,1996
199638I,1996061503,16.6,82.8,35.0,Cyclonic Storm,UNNAMED,1996
199638I,1996061506,16.8,83.2,35.0,Cyclonic Storm,UNNAMED,1996
199638I,1996061509,17.0,83.4,40.0,Cyclonic Storm,UNNAMED,1996
199638I,1996061512,17.1,83.6,45.0,Cyclonic Storm,UNNAMED,1996
199638I,1996061515,17.2,83.6,45.0,Cyclonic Storm,UNNAMED,1996
199638I,1996061518,17.3,83.6,45.0,Cyclonic Storm,UNNAMED,1996
199638I,1996061521,17.4,83.6,45.0,Cyclonic Storm,UNNAMED,1996
199638I,1996061600,17.6,83.6,45.0,Cyclonic Storm,UNNAMED,1996
199638I,1996061603,17.8,83.6,45.0,Cyclonic Storm,UNNAMED,1996
199638I,1996061606,17.9,83.5,45.0,Cyclonic Storm,UNNAMED,1996
199638I,1996061609,18.1,83.3,45.0,Cyclonic Storm,UNNAMED,1996
199638I,1996061612,18.2,83.1,45.0,Cyclonic Storm,UNNAMED,1996
199638I,1996061615,18.3,82.9,43.0,Cyclonic Storm,UNNAMED,1996
199638I,1996061618,18.3,82.7,40.0,Cyclonic Storm,UNNAMED,1996
199638I,1996061621,18.3,82.5,38.0,Cyclonic Storm,UNNAMED,1996
199638I,1996061700,18.4,82.2,35.0,Cyclonic Storm,UNNAMED,1996
199638I,1996061703,18.4,81.9,33.0,Depression,UNNAMED,1996
199638I,1996061706,18.5,81.6,30.0,Depression,UNNAMED,1996
199638I,1996061709,18.6,81.4,30.0,Depression,UNNAMED,1996
199638I,1996061712,18.8,81.2,30.0,Depression,UNNAMED,1996
199638I,1996061715,19.0,81.1,28.0,Depression,UNNAMED,1996
199638I,1996061718,19.3,81.0,25.0,Depression,UNNAMED,1996
199638I,1996061721,19.5,80.9,25.0,Depression,UNNAMED,1996
199638I,1996061800,19.8,80.9,25.0,Depression,UNNAMED,1996
199638I,1996061803,20.1,80.8,25.0,Depression,UNNAMED,1996
199638I,1996061806,20.4,80.8,25.0,Depression,UNNAMED,1996
199638I,1996061809,20.8,80.7,25.0,Depression,UNNAMED,1996
199638I,1996061812,21.3,80.7,25.0,Depression,UNNAMED,1996
199638I,1996061815,21.7,80.7,25.0,Depression,UNNAMED,1996
199638I,1996061818,22.1,80.7,25.0,Depression,UNNAMED,1996
199639I,1996061500,15.6,72.0,15.0,Depression,UNNAMED,1996
199639I,1996061503,15.7,72.0,15.0,Depression,UNNAMED,1996
199639I,1996061506,15.9,72.0,15.0,Depression,UNNAMED,1996
199639I,1996061509,16.1,72.0,15.0,Depression,UNNAMED,1996
199639I,1996061512,16.2,71.9,15.0,Depression,UNNAMED,1996
199639I,1996061515,16.3,71.9,15.0,Depression,UNNAMED,1996
199639I,1996061518,16.5,71.8,15.0,Depression,UNNAMED,1996
199639I,1996061521,16.6,71.8,20.0,Depression,UNNAMED,1996
199639I,1996061600,16.8,71.7,25.0,Depression,UNNAMED,1996
199639I,1996061603,17.0,71.6,23.0,Depression,UNNAMED,1996
199639I,1996061606,17.2,71.4,20.0,Depression,UNNAMED,1996
199639I,1996061609,17.3,71.2,20.0,Depression,UNNAMED,1996
199639I,1996061612,17.4,71.0,20.0,Depression,UNNAMED,1996
199639I,1996061615,17.5,70.8,23.0,Depression,UNNAMED,1996
199639I,1996061618,17.5,70.5,25.0,Depression,UNNAMED,1996
199639I,1996061621,17.5,70.0,25.0,Depression,UNNAMED,1996
199639I,1996061700,17.5,69.6,25.0,Depression,UNNAMED,1996
199639I,1996061703,17.5,69.3,25.0,Depression,UNNAMED,1996
199639I,1996061706,17.6,69.1,25.0,Depression,UNNAMED,1996
199639I,1996061709,17.8,69.1,25.0,Depression,UNNAMED,1996
199639I,1996061712,18.1,69.2,25.0,Depression,UNNAMED,1996
199639I,1996061715,18.2,69.3,28.0,Depression,UNNAMED,1996
199639I,1996061718,18.2,69.5,30.0,Depression,UNNAMED,1996
199639I,1996061721,18.5,69.8,30.0,Depression,UNNAMED,1996
199639I,1996061800,18.8,70.1,30.0,Depression,UNNAMED,1996
199639I,1996061803,19.0,70.3,30.0,Depression,UNNAMED,1996
199639I,1996061806,19.4,70.4,30.0,Depression,UNNAMED,1996
199639I,1996061809,19.5,70.5,35.0,Cyclonic Storm,UNNAMED,1996
199639I,1996061812,19.9,70.6,45.0,Cyclonic Storm,UNNAMED,1996
199639I,1996061815,20.1,70.6,50.0,Severe Cyclonic Storm,UNNAMED,1996
199639I,1996061818,20.4,70.7,55.0,Severe Cyclonic Storm,UNNAMED,1996
199639I,1996061821,20.6,70.7,58.0,Severe Cyclonic Storm,UNNAMED,1996
199639I,1996061900,20.9,70.9,60.0,Severe Cyclonic Storm,UNNAMED,1996
199639I,1996061903,21.5,71.2,58.0,Severe Cyclonic Storm,UNNAMED,1996
199639I,1996061906,22.0,71.3,55.0,Severe Cyclonic Storm,UNNAMED,1996
199639I,1996061909,22.4,71.4,50.0,Severe Cyclonic Storm,UNNAMED,1996
199639I,1996061912,22.8,71.5,45.0,Cyclonic Storm,UNNAMED,1996
199639I,1996061915,23.1,71.5,40.0,Cyclonic Storm,UNNAMED,1996
199639I,1996061918,23.4,71.6,35.0,Cyclonic Storm,UNNAMED,1996
199639I,1996061921,23.7,71.7,33.0,Depression,UNNAMED,1996
199639I,1996062000,24.1,71.8,30.0,Depression,UNNAMED,1996
199639I,1996062003,24.6,71.9,30.0,Depression,UNNAMED,1996
199639I,1996062006,25.0,72.1,30.0,Depression,UNNAMED,1996
199639I,1996062009,25.4,72.3,28.0,Depression,UNNAMED,1996
199639I,1996062012,25.6,72.4,25.0,Depression,UNNAMED,1996
199639I,1996062015,25.8,72.5,25.0,Depression,UNNAMED,1996
199639I,1996062018,26.0,72.6,25.0,Depression,UNNAMED,1996
199639I,1996062021,26.2,72.7,25.0,Depression,UNNAMED,1996
199639I,1996062100,26.3,72.9,25.0,Depression,UNNAMED,1996
199639I,1996062103,26.4,73.1,25.0,Depression,UNNAMED,1996
199639I,1996062106,26.6,73.2,25.0,Depression,UNNAMED,1996
199639I,1996062109,26.8,73.4,25.0,Depression,UNNAMED,1996
199639I,1996062112,26.9,73.5,25.0,Depression,UNNAMED,1996
199639I,1996062115,27.0,73.7,25.0,Depression,UNNAMED,1996
199639I,1996062118,27.1,73.8,25.0,Depression,UNNAMED,1996
199639I,1996062121,27.2,74.0,25.0,Depression,UNNAMED,1996
199639I,1996062200,27.3,74.1,25.0,Depression,UNNAMED,1996
199639I,1996062203,27.4,74.2,25.0,Depression,UNNAMED,1996
199639I,1996062206,27.5,74.4,25.0,Depression,UNNAMED,1996
199639I,1996062209,27.6,74.6,25.0,Depression,UNNAMED,1996
199639I,1996062212,27.7,74.8,25.0,Depression,UNNAMED,1996
199639I,1996062215,27.8,75.0,25.0,Depression,UNNAMED,1996
199639I,1996062218,27.9,75.1,25.0,Depression,UNNAMED,1996
199639I,1996062221,28.0,75.2,23.0,Depression,UNNAMED,1996
199639I,1996062300,28.1,75.4,20.0,Depression,UNNAMED,1996
199639I,1996062303,28.2,75.6,20.0,Depression,UNNAMED,1996
199639I,1996062306,28.3,75.8,20.0,Depression,UNNAMED,1996
199639I,1996062309,28.4,76.0,20.0,Depression,UNNAMED,1996
199639I,1996062312,28.5,76.1,20.0,Depression,UNNAMED,1996
199639I,1996062315,28.6,76.3,20.0,Depression,UNNAMED,1996
199639I,1996062318,28.7,76.4,20.0,Depression,UNNAMED,1996
199639I,1996062321,28.8,76.6,20.0,Depression,UNNAMED,1996
199639I,1996062400,28.9,76.7,20.0,Depression,UNNAMED,1996
199639I,1996062403,29.0,76.8,20.0,Depression,UNNAMED,1996
199639I,1996062406,29.1,77.0,20.0,Depression,UNNAMED,1996
199639I,1996062409,29.1,77.1,18.0,Depression,UNNAMED,1996
199639I,1996062412,29.2,77.3,15.0,Depression,UNNAMED,1996
199639I,1996062415,29.3,77.5,15.0,Depression,UNNAMED,1996
199639I,1996062418,29.4,77.7,15.0,Depression,UNNAMED,1996
199639I,1996062421,29.5,77.9,15.0,Depression,UNNAMED,1996
199639I,1996062500,29.5,78.1,15.0,Depression,UNNAMED,1996
199639I,1996062503,29.5,78.3,15.0,Depression,UNNAMED,1996
199639I,1996062506,29.6,78.6,15.0,Depression,UNNAMED,1996
199639I,1996062509,29.7,78.9,15.0,Depression,UNNAMED,1996
199639I,1996062512,29.7,79.2,15.0,Depression,UNNAMED,1996
199688I,1996100103,15.0,82.0,25.0,Depression,UNNAMED,1996
199688I,1996100106,15.0,81.5,25.0,Depression,UNNAMED,1996
199688I,1996100109,15.0,81.0,25.0,Depression,UNNAMED,1996
199688I,1996100112,15.0,80.5,25.0,Depression,UNNAMED,1996
199688I,1996100115,15.0,80.2,25.0,Depression,UNNAMED,1996
199688I,1996100118,15.0,80.0,25.0,Depression,UNNAMED,1996
199694I,1996101400,9.1,91.7,15.0,Depression,UNNAMED,1996
199694I,1996101403,9.3,91.1,15.0,Depression,UNNAMED,1996
199694I,1996101406,9.5,90.5,15.0,Depression,UNNAMED,1996
199694I,1996101409,9.7,89.9,15.0,Depression,UNNAMED,1996
199694I,1996101412,10.0,89.2,15.0,Depression,UNNAMED,1996
199694I,1996101415,10.3,88.5,15.0,Depression,UNNAMED,1996
199694I,1996101418,10.6,87.9,15.0,Depression,UNNAMED,1996
199694I,1996101421,10.9,87.2,15.0,Depression,UNNAMED,1996
199694I,1996101500,11.3,86.6,15.0,Depression,UNNAMED,1996
199694I,1996101503,11.6,86.0,15.0,Depression,UNNAMED,1996
199694I,1996101506,11.9,85.4,15.0,Depression,UNNAMED,1996
199694I,1996101509,12.2,84.9,15.0,Depression,UNNAMED,1996
199694I,1996101512,12.4,84.4,15.0,Depression,UNNAMED,1996
199694I,1996101515,12.7,84.0,15.0,Depression,UNNAMED,1996
199694I,1996101518,12.9,83.7,15.0,Depression,UNNAMED,1996
199694I,1996101521,13.1,83.4,15.0,Depression,UNNAMED,1996
199694I,1996101600,13.3,83.2,15.0,Depression,UNNAMED,1996
199694I,1996101603,13.4,82.9,18.0,Depression,UNNAMED,1996
199694I,1996101606,13.4,82.7,20.0,Depression,UNNAMED,1996
199694I,1996101609,13.4,82.5,20.0,Depression,UNNAMED,1996
199694I,1996101612,13.4,82.3,20.0,Depression,UNNAMED,1996
199694I,1996101615,13.4,82.1,20.0,Depression,UNNAMED,1996
199694I,1996101618,13.3,82.0,20.0,Depression,UNNAMED,1996
199694I,1996101621,13.2,81.9,20.0,Depression,UNNAMED,1996
199694I,1996101700,13.1,81.7,20.0,Depression,UNNAMED,1996
199694I,1996101703,13.0,81.5,20.0,Depression,UNNAMED,1996
199694I,1996101706,12.9,81.3,20.0,Depression,UNNAMED,1996
199694I,1996101709,12.8,81.0,20.0,Depression,UNNAMED,1996
199694I,1996101712,12.8,80.8,20.0,Depression,UNNAMED,1996
199694I,1996101715,12.8,80.6,20.0,Depression,UNNAMED,1996
199694I,1996101718,12.9,80.4,20.0,Depression,UNNAMED,1996
199694I,1996101721,13.0,80.2,18.0,Depression,UNNAMED,1996
199694I,1996101800,13.0,80.1,15.0,Depression,UNNAMED,1996
199694I,1996101803,13.0,79.9,15.0,Depression,UNNAMED,1996
199694I,1996101806,13.0,79.8,15.0,Depression,UNNAMED,1996
199694I,1996101809,13.0,79.7,15.0,Depression,UNNAMED,1996
199694I,1996101812,13.0,79.5,15.0,Depression,UNNAMED,1996
199694I,1996101815,13.0,79.2,15.0,Depression,UNNAMED,1996
199694I,1996101818,13.0,78.8,15.0,Depression,UNNAMED,1996
199694I,1996101821,13.0,78.4,15.0,Depression,UNNAMED,1996
199694I,1996101900,13.0,78.1,15.0,Depression,UNNAMED,1996
199694I,1996101903,13.0,77.8,15.0,Depression,UNNAMED,1996
199694I,1996101906,13.0,77.5,15.0,Depression,UNNAMED,1996
199694I,1996101909,13.0,77.2,15.0,Depression,UNNAMED,1996
199694I,1996101912,13.0,76.9,15.0,Depression,UNNAMED,1996
199694I,1996101915,13.0,76.6,15.0,Depression,UNNAMED,1996
199694I,1996101918,13.0,76.3,15.0,Depression,UNNAMED,1996
199694I,1996101921,13.0,75.9,15.0,Depression,UNNAMED,1996
199694I,1996102000,13.1,75.4,15.0,Depression,UNNAMED,1996
199694I,1996102003,13.2,74.9,15.0,Depression,UNNAMED,1996
199694I,1996102006,13.2,74.4,15.0,Depression,UNNAMED,1996
199694I,1996102009,13.2,73.8,18.0,Depression,UNNAMED,1996
199694I,1996102012,13.2,73.2,20.0,Depression,UNNAMED,1996
199694I,1996102015,13.2,72.6,20.0,Depression,UNNAMED,1996
199694I,1996102018,13.2,72.1,20.0,Depression,UNNAMED,1996
199694I,1996102021,13.2,71.7,20.0,Depression,UNNAMED,1996
199694I,1996102100,13.3,71.3,20.0,Depression,UNNAMED,1996
199694I,1996102103,13.4,71.0,23.0,Depression,UNNAMED,1996
199694I,1996102106,13.5,70.7,25.0,Depression,UNNAMED,1996
199694I,1996102109,13.6,70.5,25.0,Depression,UNNAMED,1996
199694I,1996102112,13.7,70.3,25.0,Depression,UNNAMED,1996
199694I,1996102115,13.8,70.1,25.0,Depression,UNNAMED,1996
199694I,1996102118,13.8,70.0,25.0,Depression,UNNAMED,1996
199694I,1996102121,13.8,69.9,28.0,Depression,UNNAMED,1996
199694I,1996102200,13.9,69.8,30.0,Depression,UNNAMED,1996
199694I,1996102203,13.9,69.7,33.0,Depression,UNNAMED,1996
199694I,1996102206,14.0,69.7,35.0,Cyclonic Storm,UNNAMED,1996
199694I,1996102209,14.1,69.5,25.0,Depression,UNNAMED,1996
199694I,1996102212,14.3,69.6,25.0,Depression,UNNAMED,1996
199694I,1996102215,14.4,69.6,28.0,Depression,UNNAMED,1996
199694I,1996102218,14.4,69.6,30.0,Depression,UNNAMED,1996
199694I,1996102221,14.6,69.8,30.0,Depression,UNNAMED,1996
199694I,1996102300,14.8,70.0,30.0,Depression,UNNAMED,1996
199694I,1996102303,14.9,70.0,30.0,Depression,UNNAMED,1996
199694I,1996102306,15.3,70.3,30.0,Depression,UNNAMED,1996
199694I,1996102309,15.4,70.3,35.0,Cyclonic Storm,UNNAMED,1996
199694I,1996102312,15.9,70.4,45.0,Cyclonic Storm,UNNAMED,1996
199694I,1996102315,16.3,70.4,50.0,Severe Cyclonic Storm,UNNAMED,1996
199694I,1996102318,16.7,70.4,55.0,Severe Cyclonic Storm,UNNAMED,1996
199694I,1996102321,17.2,70.3,55.0,Severe Cyclonic Storm,UNNAMED,1996
199694I,1996102400,17.7,70.3,55.0,Severe Cyclonic Storm,UNNAMED,1996
199694I,1996102403,18.0,70.2,60.0,Severe Cyclonic Storm,UNNAMED,1996
199694I,1996102406,18.2,70.2,60.0,Severe Cyclonic Storm,UNNAMED,1996
199694I,1996102409,18.6,70.1,58.0,Severe Cyclonic Storm,UNNAMED,1996
199694I,1996102412,19.0,70.0,55.0,Severe Cyclonic Storm,UNNAMED,1996
199694I,1996102415,19.2,70.0,55.0,Severe Cyclonic Storm,UNNAMED,1996
199694I,1996102418,19.3,70.0,55.0,Severe Cyclonic Storm,UNNAMED,1996
199694I,1996102421,19.4,70.0,50.0,Severe Cyclonic Storm,UNNAMED,1996
199694I,1996102500,19.7,70.1,45.0,Cyclonic Storm,UNNAMED,1996
199694I,1996102503,20.0,70.1,35.0,Cyclonic Storm,UNNAMED,1996
199694I,1996102506,20.0,70.1,30.0,Depression,UNNAMED,1996
199694I,1996102509,20.0,70.0,28.0,Depression,UNNAMED,1996
199694I,1996102512,20.1,70.0,25.0,Depression,UNNAMED,1996
199694I,1996102515,20.0,69.9,25.0,Depression,UNNAMED,1996
199694I,1996102518,20.0,69.9,25.0,Depression,UNNAMED,1996
199694I,1996102521,20.0,69.8,25.0,Depression,UNNAMED,1996
199694I,1996102600,19.9,69.9,25.0,Depression,UNNAMED,1996
199694I,1996102603,19.9,69.9,25.0,Depression,UNNAMED,1996
199694I,1996102606,19.8,69.9,25.0,Depression,UNNAMED,1996
199694I,1996102609,19.8,69.9,25.0,Depression,UNNAMED,1996
199694I,1996102612,19.7,69.9,25.0,Depression,UNNAMED,1996
199694I,1996102615,19.6,69.8,25.0,Depression,UNNAMED,1996
199694I,1996102618,19.5,69.8,25.0,Depression,UNNAMED,1996
199694I,1996102621,19.4,69.7,25.0,Depression,UNNAMED,1996
199694I,1996102700,19.2,69.7,25.0,Depression,UNNAMED,1996
199694I,1996102703,18.8,69.6,25.0,Depression,UNNAMED,1996
199694I,1996102706,18.5,69.4,25.0,Depression,UNNAMED,1996
199694I,1996102709,17.9,69.2,25.0,Depression,UNNAMED,1996
199694I,1996102712,17.3,68.8,25.0,Depression,UNNAMED,1996
199694I,1996102715,16.6,68.4,43.0,Cyclonic Storm,UNNAMED,1996
199694I,1996102718,16.2,68.1,40.0,Cyclonic Storm,UNNAMED,1996
199694I,1996102721,15.8,67.8,38.0,Cyclonic Storm,UNNAMED,1996
199694I,1996102800,15.5,67.5,35.0,Cyclonic Storm,UNNAMED,1996
199694I,1996102803,15.2,67.2,35.0,Cyclonic Storm,UNNAMED,1996
199694I,1996102806,15.0,67.0,35.0,Cyclonic Storm,UNNAMED,1996
199694I,1996102809,14.9,66.8,35.0,Cyclonic Storm,UNNAMED,1996
199694I,1996102812,14.8,66.6,35.0,Cyclonic Storm,UNNAMED,1996
199694I,1996102815,14.6,66.3,35.0,Cyclonic Storm,UNNAMED,1996
199694I,1996102818,14.5,66.0,35.0,Cyclonic Storm,UNNAMED,1996
199694I,1996102821,14.4,65.6,35.0,Cyclonic Storm,UNNAMED,1996
199694I,1996102900,14.3,65.1,35.0,Cyclonic Storm,UNNAMED,1996
199694I,1996102903,14.2,64.6,35.0,Cyclonic Storm,UNNAMED,1996
199694I,1996102906,14.1,64.1,35.0,Cyclonic Storm,UNNAMED,1996
199694I,1996102909,14.0,63.5,35.0,Cyclonic Storm,UNNAMED,1996
199694I,1996102912,13.9,62.8,35.0,Cyclonic Storm,UNNAMED,1996
199694I,1996102915,13.8,62.2,35.0,Cyclonic Storm,UNNAMED,1996
199694I,1996102918,13.7,61.6,35.0,Cyclonic Storm,UNNAMED,1996
199694I,1996102921,13.7,61.1,35.0,Cyclonic Storm,UNNAMED,1996
199694I,1996103000,13.7,60.6,35.0,Cyclonic Storm,UNNAMED,1996
199694I,1996103003,13.7,60.0,35.0,Cyclonic Storm,UNNAMED,1996
199694I,1996103006,13.7,59.4,35.0,Cyclonic Storm,UNNAMED,1996
199694I,1996103009,13.7,58.8,35.0,Cyclonic Storm,UNNAMED,1996
199694I,1996103012,13.7,58.3,35.0,Cyclonic Storm,UNNAMED,1996
199694I,1996103015,13.7,57.9,35.0,Cyclonic Storm,UNNAMED,1996
199694I,1996103018,13.6,57.6,35.0,Cyclonic Storm,UNNAMED,1996
199694I,1996103021,13.6,57.1,33.0,Depression,UNNAMED,1996
199694I,1996103100,13.5,56.7,30.0,Depression,UNNAMED,1996
199694I,1996103103,13.4,56.4,30.0,Depression,UNNAMED,1996
199694I,1996103106,13.3,56.1,30.0,Depression,UNNAMED,1996
199694I,1996103109,13.2,55.8,30.0,Depression,UNNAMED,1996
199694I,1996103112,13.0,55.4,30.0,Depression,UNNAMED,1996
199694I,1996103115,12.7,55.1,28.0,Depression,UNNAMED,1996
199694I,1996103118,12.3,54.8,25.0,Depression,UNNAMED,1996
199694I,1996103121,12.1,54.5,25.0,Depression,UNNAMED,1996
199694I,1996110100,11.8,54.3,25.0,Depression,UNNAMED,1996
199694I,1996110103,11.4,54.0,25.0,Depression,UNNAMED,1996
199694I,1996110106,10.9,53.8,25.0,Depression,UNNAMED,1996
199694I,1996110109,10.5,53.6,25.0,Depression,UNNAMED,1996
199694I,1996110112,10.1,53.3,25.0,Depression,UNNAMED,1996
199694I,1996110115,9.7,53.0,25.0,Depression,UNNAMED,1996
199694I,1996110118,9.3,52.8,25.0,Depression,UNNAMED,1996
199694I,1996110121,8.9,52.6,23.0,Depression,UNNAMED,1996
199694I,1996110200,8.5,52.4,20.0,Depression,UNNAMED,1996
199694I,1996110203,8.1,52.2,20.0,Depression,UNNAMED,1996
199694I,1996110206,7.7,51.9,20.0,Depression,UNNAMED,1996
199698I,1996102118,9.1,93.2,20.0,Depression,UNNAMED,1996
199698I,1996102121,9.3,93.2,23.0,Depression,UNNAMED,1996
199698I,1996102200,9.5,93.1,25.0,Depression,UNNAMED,1996
199698I,1996102203,9.7,93.1,25.0,Depression,UNNAMED,1996
199698I,1996102206,9.9,93.0,25.0,Depression,UNNAMED,1996
199698I,1996102209,10.1,93.0,25.0,Depression,UNNAMED,1996
199698I,1996102212,10.2,92.9,25.0,Depression,UNNAMED,1996
199698I,1996102215,10.4,92.9,25.0,Depression,UNNAMED,1996
199698I,1996102218,10.5,92.8,25.0,Depression,UNNAMED,1996
199698I,1996102221,10.6,92.7,25.0,Depression,UNNAMED,1996
199698I,1996102300,10.7,92.6,25.0,Depression,UNNAMED,1996
199698I,1996102303,10.8,92.4,25.0,Depression,UNNAMED,1996
199698I,1996102306,10.9,92.2,25.0,Depression,UNNAMED,1996
199698I,1996102309,10.9,92.0,25.0,Depression,UNNAMED,1996
199698I,1996102312,10.9,91.7,25.0,Depression,UNNAMED,1996
199698I,1996102315,10.9,91.3,25.0,Depression,UNNAMED,1996
199698I,1996102318,11.0,90.9,25.0,Depression,UNNAMED,1996
199698I,1996102321,11.1,90.4,25.0,Depression,UNNAMED,1996
199698I,1996102400,11.2,90.0,25.0,Depression,UNNAMED,1996
199698I,1996102403,11.3,89.6,25.0,Depression,UNNAMED,1996
199698I,1996102406,11.4,89.3,25.0,Depression,UNNAMED,1996
199698I,1996102409,11.5,89.0,25.0,Depression,UNNAMED,1996
199698I,1996102412,11.6,88.7,25.0,Depression,UNNAMED,1996
199698I,1996102415,11.7,88.4,25.0,Depression,UNNAMED,1996
199698I,1996102418,11.8,88.2,25.0,Depression,UNNAMED,1996
199698I,1996102421,11.9,88.0,25.0,Depression,UNNAMED,1996
199698I,1996102500,12.0,87.8,25.0,Depression,UNNAMED,1996
199698I,1996102503,12.1,87.6,28.0,Depression,UNNAMED,1996
199698I,1996102506,12.2,87.4,30.0,Depression,UNNAMED,1996
199698I,1996102509,12.3,87.2,30.0,Depression,UNNAMED,1996
199698I,1996102512,12.4,87.0,30.0,Depression,UNNAMED,1996
199698I,1996102515,12.5,86.8,33.0,Depression,UNNAMED,1996
199698I,1996102518,12.6,86.6,35.0,Cyclonic Storm,UNNAMED,1996
199698I,1996102521,12.7,86.4,35.0,Cyclonic Storm,UNNAMED,1996
199698I,1996102600,12.9,86.2,35.0,Cyclonic Storm,UNNAMED,1996
199698I,1996102603,13.0,85.9,38.0,Cyclonic Storm,UNNAMED,1996
199698I,1996102606,13.2,85.7,40.0,Cyclonic Storm,UNNAMED,1996
199698I,1996102609,13.4,85.5,43.0,Cyclonic Storm,UNNAMED,1996
199698I,1996102612,13.6,85.4,45.0,Cyclonic Storm,UNNAMED,1996
199698I,1996102615,13.9,85.3,45.0,Cyclonic Storm,UNNAMED,1996
199698I,1996102618,14.2,85.3,45.0,Cyclonic Storm,UNNAMED,1996
199698I,1996102621,14.4,85.3,45.0,Cyclonic Storm,UNNAMED,1996
199698I,1996102700,14.7,85.3,45.0,Cyclonic Storm,UNNAMED,1996
199698I,1996102703,15.1,85.5,25.0,Depression,UNNAMED,1996
199698I,1996102706,15.5,85.4,25.0,Depression,UNNAMED,1996
199698I,1996102709,15.8,85.5,25.0,Depression,UNNAMED,1996
199698I,1996102712,16.1,85.6,25.0,Depression,UNNAMED,1996
199698I,1996102715,16.5,85.8,28.0,Depression,UNNAMED,1996
199698I,1996102718,17.0,86.1,30.0,Depression,UNNAMED,1996
199698I,1996102721,17.4,86.5,30.0,Depression,UNNAMED,1996
199698I,1996102800,18.0,86.9,30.0,Depression,UNNAMED,1996
199698I,1996102803,18.8,87.3,30.0,Depression,UNNAMED,1996
199698I,1996102806,19.6,87.8,30.0,Depression,UNNAMED,1996
199698I,1996102809,20.3,88.2,30.0,Depression,UNNAMED,1996
199698I,1996102812,21.0,88.6,30.0,Depression,UNNAMED,1996
199698I,1996102815,21.4,88.9,30.0,Depression,UNNAMED,1996
199698I,1996102818,21.9,89.2,30.0,Depression,UNNAMED,1996
199698I,1996102821,22.7,89.4,35.0,Cyclonic Storm,UNNAMED,1996
199698I,1996102900,23.7,89.7,30.0,Depression,UNNAMED,1996
199698I,1996102903,24.6,89.9,28.0,Depression,UNNAMED,1996
199698I,1996102906,25.6,90.2,25.0,Depression,UNNAMED,1996
199699I,1996103012,11.4,99.6,15.0,Depression,UNNAMED,1996
199699I,1996103015,11.5,98.9,18.0,Depression,UNNAMED,1996
199699I,1996103018,11.7,98.3,20.0,Depression,UNNAMED,1996
199699I,1996103021,12.0,97.7,23.0,Depression,UNNAMED,1996
199699I,1996103100,12.4,97.3,25.0,Depression,UNNAMED,1996
199699I,1996103103,12.9,96.9,25.0,Depression,UNNAMED,1996
199699I,1996103106,13.4,96.7,25.0,Depression,UNNAMED,1996
199699I,1996103109,14.0,96.9,23.0,Depression,UNNAMED,1996
199699I,1996103112,14.6,97.2,20.0,Depression,UNNAMED,1996
199699I,1996103115,15.2,97.6,18.0,Depression,UNNAMED,1996
199699I,1996103118,15.7,97.9,15.0,Depression,UNNAMED,1996
199727I,1997051300,3.2,91.9,15.0,Depression,UNNAMED,1997
199727I,1997051303,3.2,91.9,15.0,Depression,UNNAMED,1997
199727I,1997051306,3.3,91.9,15.0,Depression,UNNAMED,1997
199727I,1997051309,3.4,91.9,15.0,Depression,UNNAMED,1997
199727I,1997051312,3.5,91.8,15.0,Depression,UNNAMED,1997
199727I,1997051315,3.6,91.8,15.0,Depression,UNNAMED,1997
199727I,1997051318,3.7,91.7,15.0,Depression,UNNAMED,1997
199727I,1997051321,3.8,91.6,18.0,Depression,UNNAMED,1997
199727I,1997051400,4.0,91.6,20.0,Depression,UNNAMED,1997
199727I,1997051403,4.2,91.6,23.0,Depression,UNNAMED,1997
199727I,1997051406,4.4,91.6,25.0,Depression,UNNAMED,1997
199727I,1997051409,4.7,91.5,28.0,Depression,UNNAMED,1997
199727I,1997051412,5.1,91.4,30.0,Depression,UNNAMED,1997
199727I,1997051415,5.6,91.1,33.0,Depression,UNNAMED,1997
199727I,1997051418,6.2,90.8,35.0,Cyclonic Storm,UNNAMED,1997
199727I,1997051421,6.7,90.6,38.0,Cyclonic Storm,UNNAMED,1997
199727I,1997051500,7.2,90.4,40.0,Cyclonic Storm,UNNAMED,1997
199727I,1997051503,7.7,90.3,43.0,Cyclonic Storm,UNNAMED,1997
199727I,1997051506,7.7,90.3,25.0,Depression,UNNAMED,1997
199727I,1997051509,7.8,90.3,25.0,Depression,UNNAMED,1997
199727I,1997051512,8.0,90.4,30.0,Depression,UNNAMED,1997
199727I,1997051515,8.1,90.4,30.0,Depression,UNNAMED,1997
199727I,1997051518,8.3,90.5,30.0,Depression,UNNAMED,1997
199727I,1997051521,8.5,90.5,30.0,Depression,UNNAMED,1997
199727I,1997051600,8.8,90.6,30.0,Depression,UNNAMED,1997
199727I,1997051603,9.2,90.6,35.0,Cyclonic Storm,UNNAMED,1997
199727I,1997051606,9.5,90.8,35.0,Cyclonic Storm,UNNAMED,1997
199727I,1997051609,9.8,90.8,35.0,Cyclonic Storm,UNNAMED,1997
199727I,1997051612,10.3,91.2,35.0,Cyclonic Storm,UNNAMED,1997
199727I,1997051615,10.7,91.3,35.0,Cyclonic Storm,UNNAMED,1997
199727I,1997051618,11.0,91.4,35.0,Cyclonic Storm,UNNAMED,1997
199727I,1997051621,11.3,91.4,35.0,Cyclonic Storm,UNNAMED,1997
199727I,1997051700,11.8,91.5,35.0,Cyclonic Storm,UNNAMED,1997
199727I,1997051703,12.6,91.4,35.0,Cyclonic Storm,UNNAMED,1997
199727I,1997051706,13.3,91.4,45.0,Cyclonic Storm,UNNAMED,1997
199727I,1997051709,13.8,91.2,55.0,Severe Cyclonic Storm,UNNAMED,1997
199727I,1997051712,14.2,90.9,55.0,Severe Cyclonic Storm,UNNAMED,1997
199727I,1997051715,14.6,90.7,55.0,Severe Cyclonic Storm,UNNAMED,1997
199727I,1997051718,15.1,90.7,55.0,Severe Cyclonic Storm,UNNAMED,1997
199727I,1997051721,15.6,90.7,55.0,Severe Cyclonic Storm,UNNAMED,1997
199727I,1997051800,16.1,90.6,55.0,Severe Cyclonic Storm,UNNAMED,1997
199727I,1997051803,16.6,90.4,65.0,Very Severe Cyclonic Storm,UNNAMED,1997
199727I,1997051806,17.1,90.4,65.0,Very Severe Cyclonic Storm,UNNAMED,1997
199727I,1997051809,17.6,90.4,65.0,Very Severe Cyclonic Storm,UNNAMED,1997
199727I,1997051812,18.2,90.5,65.0,Very Severe Cyclonic Storm,UNNAMED,1997
199727I,1997051815,18.7,90.4,71.0,Very Severe Cyclonic Storm,UNNAMED,1997
199727I,1997051818,19.3,90.4,77.0,Very Severe Cyclonic Storm,UNNAMED,1997
199727I,1997051821,19.7,90.6,84.0,Very Severe Cyclonic Storm,UNNAMED,1997
199727I,1997051900,20.1,90.8,90.0,Extremely Severe/Super Cyclone,UNNAMED,1997
199727I,1997051903,20.5,91.1,90.0,Extremely Severe/Super Cyclone,UNNAMED,1997
199727I,1997051906,20.8,91.2,90.0,Extremely Severe/Super Cyclone,UNNAMED,1997
199727I,1997051909,21.6,91.4,90.0,Extremely Severe/Super Cyclone,UNNAMED,1997
199727I,1997051912,22.1,91.6,90.0,Extremely Severe/Super Cyclone,UNNAMED,1997
199727I,1997051915,22.6,91.8,103.0,Extremely Severe/Super Cyclone,UNNAMED,1997
199727I,1997051918,23.2,92.3,90.0,Extremely Severe/Super Cyclone,UNNAMED,1997
199727I,1997051921,24.3,93.3,78.0,Very Severe Cyclonic Storm,UNNAMED,1997
199727I,1997052000,25.5,94.7,65.0,Very Severe Cyclonic Storm,UNNAMED,1997
199727I,1997052003,26.7,96.1,58.0,Severe Cyclonic Storm,UNNAMED,1997
199727I,1997052006,27.8,97.5,50.0,Severe Cyclonic Storm,UNNAMED,1997
199740I,1997062603,21.0,89.5,25.0,Depression,UNNAMED,1997
199740I,1997062606,21.0,89.0,25.0,Depression,UNNAMED,1997
199740I,1997062609,21.2,88.7,28.0,Depression,UNNAMED,1997
199740I,1997062612,21.5,88.5,30.0,Depression,UNNAMED,1997
199740I,1997062615,21.5,88.5,30.0,Depression,UNNAMED,1997
199740I,1997062618,21.5,88.5,30.0,Depression,UNNAMED,1997
199740I,1997062621,21.7,88.3,30.0,Depression,UNNAMED,1997
199740I,1997062700,22.0,88.0,30.0,Depression,UNNAMED,1997
199756I,1997072903,21.0,89.0,25.0,Depression,UNNAMED,1997
199756I,1997072906,21.0,89.0,25.0,Depression,UNNAMED,1997
199756I,1997072909,21.0,88.3,25.0,Depression,UNNAMED,1997
199756I,1997072912,21.0,87.5,25.0,Depression,UNNAMED,1997
199756I,1997072915,21.0,87.4,25.0,Depression,UNNAMED,1997
199756I,1997072918,21.0,87.5,25.0,Depression,UNNAMED,1997
199756I,1997072921,21.0,87.5,25.0,Depression,UNNAMED,1997
199756I,1997073000,21.0,87.5,25.0,Depression,UNNAMED,1997
199756I,1997073003,21.0,87.5,30.0,Depression,UNNAMED,1997
199756I,1997073006,21.0,87.0,30.0,Depression,UNNAMED,1997
199758I,1997080406,20.0,91.0,25.0,Depression,UNNAMED,1997
199758I,1997080409,21.5,90.0,25.0,Depression,UNNAMED,1997
199758I,1997080412,21.0,89.5,25.0,Depression,UNNAMED,1997
199758I,1997080415,21.1,89.4,25.0,Depression,UNNAMED,1997
199758I,1997080418,21.5,89.5,25.0,Depression,UNNAMED,1997
199758I,1997080421,21.4,89.4,25.0,Depression,UNNAMED,1997
199758I,1997080500,21.5,89.0,25.0,Depression,UNNAMED,1997
199758I,1997080503,22.0,88.0,30.0,Depression,UNNAMED,1997
199766I,1997082003,20.5,87.5,25.0,Depression,UNNAMED,1997
199766I,1997082006,20.5,87.0,30.0,Depression,UNNAMED,1997
199771I,1997082803,19.5,87.0,25.0,Depression,UNNAMED,1997
199771I,1997082806,19.5,86.0,25.0,Depression,UNNAMED,1997
199780I,1997091918,14.2,84.0,15.0,Depression,UNNAMED,1997
199780I,1997091921,13.5,83.9,15.0,Depression,UNNAMED,1997
199780I,1997092000,13.1,83.8,15.0,Depression,UNNAMED,1997
199780I,1997092003,13.1,83.7,15.0,Depression,UNNAMED,1997
199780I,1997092006,13.2,83.7,15.0,Depression,UNNAMED,1997
199780I,1997092009,13.2,83.6,15.0,Depression,UNNAMED,1997
199780I,1997092012,13.3,83.6,15.0,Depression,UNNAMED,1997
199780I,1997092015,13.4,83.5,15.0,Depression,UNNAMED,1997
199780I,1997092018,13.4,83.5,15.0,Depression,UNNAMED,1997
199780I,1997092021,13.4,83.5,18.0,Depression,UNNAMED,1997
199780I,1997092100,13.5,83.5,20.0,Depression,UNNAMED,1997
199780I,1997092103,13.6,83.5,20.0,Depression,UNNAMED,1997
199780I,1997092106,13.7,83.4,20.0,Depression,UNNAMED,1997
199780I,1997092109,13.8,83.4,20.0,Depression,UNNAMED,1997
199780I,1997092112,13.9,83.4,20.0,Depression,UNNAMED,1997
199780I,1997092115,14.0,83.4,23.0,Depression,UNNAMED,1997
199780I,1997092118,14.1,83.3,25.0,Depression,UNNAMED,1997
199780I,1997092121,14.2,83.2,25.0,Depression,UNNAMED,1997
199780I,1997092200,14.3,83.2,25.0,Depression,UNNAMED,1997
199780I,1997092203,14.4,83.1,25.0,Depression,UNNAMED,1997
199780I,1997092206,14.5,83.1,25.0,Depression,UNNAMED,1997
199780I,1997092209,14.6,83.1,25.0,Depression,UNNAMED,1997
199780I,1997092212,14.7,83.1,25.0,Depression,UNNAMED,1997
199780I,1997092215,14.9,83.1,25.0,Depression,UNNAMED,1997
199780I,1997092218,15.0,83.0,25.0,Depression,UNNAMED,1997
199780I,1997092221,15.1,83.0,25.0,Depression,UNNAMED,1997
199780I,1997092300,15.2,82.9,25.0,Depression,UNNAMED,1997
199780I,1997092303,15.3,82.8,25.0,Depression,UNNAMED,1997
199780I,1997092306,15.5,82.6,25.0,Depression,UNNAMED,1997
199780I,1997092309,15.6,82.5,25.0,Depression,UNNAMED,1997
199780I,1997092312,15.7,82.5,30.0,Depression,UNNAMED,1997
199780I,1997092315,15.7,82.4,30.0,Depression,UNNAMED,1997
199780I,1997092318,15.9,82.4,30.0,Depression,UNNAMED,1997
199780I,1997092321,16.1,82.4,30.0,Depression,UNNAMED,1997
199780I,1997092400,16.3,82.4,30.0,Depression,UNNAMED,1997
199780I,1997092403,16.4,82.4,30.0,Depression,UNNAMED,1997
199780I,1997092406,16.5,82.5,30.0,Depression,UNNAMED,1997
199780I,1997092409,16.6,82.6,35.0,Cyclonic Storm,UNNAMED,1997
199780I,1997092412,16.8,82.8,35.0,Cyclonic Storm,UNNAMED,1997
199780I,1997092415,16.9,82.9,35.0,Cyclonic Storm,UNNAMED,1997
199780I,1997092418,17.0,83.1,35.0,Cyclonic Storm,UNNAMED,1997
199780I,1997092421,17.1,83.4,35.0,Cyclonic Storm,UNNAMED,1997
199780I,1997092500,17.3,83.7,35.0,Cyclonic Storm,UNNAMED,1997
199780I,1997092503,17.4,83.9,35.0,Cyclonic Storm,UNNAMED,1997
199780I,1997092506,17.7,84.2,35.0,Cyclonic Storm,UNNAMED,1997
199780I,1997092509,17.9,84.6,35.0,Cyclonic Storm,UNNAMED,1997
199780I,1997092512,18.1,85.0,35.0,Cyclonic Storm,UNNAMED,1997
199780I,1997092515,18.3,85.4,35.0,Cyclonic Storm,UNNAMED,1997
199780I,1997092518,18.7,85.9,35.0,Cyclonic Storm,UNNAMED,1997
199780I,1997092521,19.0,86.5,35.0,Cyclonic Storm,UNNAMED,1997
199780I,1997092600,19.5,87.1,35.0,Cyclonic Storm,UNNAMED,1997
199780I,1997092603,19.8,87.4,35.0,Cyclonic Storm,UNNAMED,1997
199780I,1997092606,20.3,88.3,40.0,Cyclonic Storm,UNNAMED,1997
199780I,1997092609,20.7,88.6,45.0,Cyclonic Storm,UNNAMED,1997
199780I,1997092612,21.3,89.5,45.0,Cyclonic Storm,UNNAMED,1997
199780I,1997092615,21.6,90.2,50.0,Severe Cyclonic Storm,UNNAMED,1997
199780I,1997092618,21.9,90.7,55.0,Severe Cyclonic Storm,UNNAMED,1997
199780I,1997092621,22.3,91.0,65.0,Very Severe Cyclonic Storm,UNNAMED,1997
199780I,1997092700,22.8,91.4,65.0,Very Severe Cyclonic Storm,UNNAMED,1997
199780I,1997092703,23.3,92.1,65.0,Very Severe Cyclonic Storm,UNNAMED,1997
199780I,1997092706,23.8,92.4,65.0,Very Severe Cyclonic Storm,UNNAMED,1997
199780I,1997092709,24.2,92.8,50.0,Severe Cyclonic Storm,UNNAMED,1997
199780I,1997092712,24.6,93.3,35.0,Cyclonic Storm,UNNAMED,1997
199780I,1997092715,25.4,93.9,30.0,Depression,UNNAMED,1997
199780I,1997092718,26.0,94.4,25.0,Depression,UNNAMED,1997
199794I,1997110321,12.1,99.4,48.0,Severe Cyclonic Storm,LINDA,1997
199794I,1997110400,12.4,98.8,45.0,Cyclonic Storm,LINDA,1997
199794I,1997110403,12.6,98.2,35.0,Cyclonic Storm,LINDA,1997
199794I,1997110406,12.9,97.5,35.0,Cyclonic Storm,LINDA,1997
199794I,1997110409,13.0,97.0,35.0,Cyclonic Storm,LINDA,1997
199794I,1997110412,13.3,96.5,35.0,Cyclonic Storm,LINDA,1997
199794I,1997110415,13.6,96.1,35.0,Cyclonic Storm,LINDA,1997
199794I,1997110418,13.7,95.8,35.0,Cyclonic Storm,LINDA,1997
199794I,1997110421,13.8,95.3,35.0,Cyclonic Storm,LINDA,1997
199794I,1997110500,13.9,94.8,35.0,Cyclonic Storm,LINDA,1997
199794I,1997110503,13.9,94.6,35.0,Cyclonic Storm,LINDA,1997
199794I,1997110506,14.0,94.3,35.0,Cyclonic Storm,LINDA,1997
199794I,1997110509,14.1,94.0,35.0,Cyclonic Storm,LINDA,1997
199794I,1997110512,14.3,93.7,35.0,Cyclonic Storm,LINDA,1997
199794I,1997110515,14.3,93.5,35.0,Cyclonic Storm,LINDA,1997
199794I,1997110518,14.4,93.4,35.0,Cyclonic Storm,LINDA,1997
199794I,1997110521,14.5,93.2,35.0,Cyclonic Storm,LINDA,1997
199794I,1997110600,14.6,93.0,35.0,Cyclonic Storm,LINDA,1997
199794I,1997110603,14.8,92.8,35.0,Cyclonic Storm,LINDA,1997
199794I,1997110606,14.8,92.5,35.0,Cyclonic Storm,LINDA,1997
199794I,1997110609,14.9,92.0,35.0,Cyclonic Storm,LINDA,1997
199794I,1997110612,14.9,91.9,35.0,Cyclonic Storm,LINDA,1997
199794I,1997110615,15.0,91.9,35.0,Cyclonic Storm,LINDA,1997
199794I,1997110618,15.1,91.8,35.0,Cyclonic Storm,LINDA,1997
199794I,1997110621,15.2,91.8,35.0,Cyclonic Storm,LINDA,1997
199794I,1997110700,15.2,91.7,35.0,Cyclonic Storm,LINDA,1997
199794I,1997110703,15.2,91.3,35.0,Cyclonic Storm,LINDA,1997
199794I,1997110706,15.2,91.2,35.0,Cyclonic Storm,LINDA,1997
199794I,1997110709,15.2,91.1,35.0,Cyclonic Storm,LINDA,1997
199794I,1997110712,15.2,91.1,35.0,Cyclonic Storm,LINDA,1997
199794I,1997110715,15.1,91.0,35.0,Cyclonic Storm,LINDA,1997
199794I,1997110718,15.1,91.0,35.0,Cyclonic Storm,LINDA,1997
199794I,1997110721,15.1,91.0,35.0,Cyclonic Storm,LINDA,1997
199794I,1997110800,15.1,91.0,35.0,Cyclonic Storm,LINDA,1997
199794I,1997110803,15.1,90.7,35.0,Cyclonic Storm,LINDA,1997
199794I,1997110806,15.1,90.5,35.0,Cyclonic Storm,LINDA,1997
199794I,1997110809,15.1,90.4,35.0,Cyclonic Storm,LINDA,1997
199794I,1997110812,15.1,90.4,35.0,Cyclonic Storm,LINDA,1997
199794I,1997110815,15.1,90.3,35.0,Cyclonic Storm,LINDA,1997
199794I,1997110818,15.2,90.3,35.0,Cyclonic Storm,LINDA,1997
199794I,1997110821,15.2,90.4,35.0,Cyclonic Storm,LINDA,1997
199794I,1997110900,15.3,90.4,35.0,Cyclonic Storm,LINDA,1997
199794I,1997110903,15.3,90.1,30.0,Depression,LINDA,1997
199794I,1997110906,15.4,90.2,30.0,Depression,LINDA,1997
199794I,1997110909,15.4,90.3,30.0,Depression,LINDA,1997
199794I,1997110912,15.5,90.5,25.0,Depression,LINDA,1997
199798I,1997110212,7.9,81.6,15.0,Depression,UNNAMED,1997
199798I,1997110215,7.8,81.5,15.0,Depression,UNNAMED,1997
199798I,1997110218,7.7,81.5,15.0,Depression,UNNAMED,1997
199798I,1997110221,7.6,81.5,15.0,Depression,UNNAMED,1997
199798I,1997110300,7.5,81.4,15.0,Depression,UNNAMED,1997
199798I,1997110303,7.4,81.4,15.0,Depression,UNNAMED,1997
199798I,1997110306,7.4,81.3,15.0,Depression,UNNAMED,1997
199798I,1997110309,7.4,81.3,15.0,Depression,UNNAMED,1997
199798I,1997110312,7.3,81.2,15.0,Depression,UNNAMED,1997
199798I,1997110315,7.2,81.1,15.0,Depression,UNNAMED,1997
199798I,1997110318,7.2,81.1,15.0,Depression,UNNAMED,1997
199798I,1997110321,7.2,81.1,15.0,Depression,UNNAMED,1997
199798I,1997110400,7.2,81.0,15.0,Depression,UNNAMED,1997
199798I,1997110403,7.2,80.9,15.0,Depression,UNNAMED,1997
199798I,1997110406,7.2,80.8,15.0,Depression,UNNAMED,1997
199798I,1997110409,7.2,80.7,15.0,Depression,UNNAMED,1997
199798I,1997110412,7.3,80.7,15.0,Depression,UNNAMED,1997
199798I,1997110415,7.3,80.6,15.0,Depression,UNNAMED,1997
199798I,1997110418,7.4,80.6,15.0,Depression,UNNAMED,1997
199798I,1997110421,7.5,80.6,15.0,Depression,UNNAMED,1997
199798I,1997110500,7.6,80.5,15.0,Depression,UNNAMED,1997
199798I,1997110503,7.7,80.5,18.0,Depression,UNNAMED,1997
199798I,1997110506,7.8,80.4,20.0,Depression,UNNAMED,1997
199798I,1997110509,7.9,80.4,20.0,Depression,UNNAMED,1997
199798I,1997110512,8.0,80.3,20.0,Depression,UNNAMED,1997
199798I,1997110515,8.1,80.2,20.0,Depression,UNNAMED,1997
199798I,1997110518,8.2,80.2,20.0,Depression,UNNAMED,1997
199798I,1997110521,8.3,80.1,20.0,Depression,UNNAMED,1997
199798I,1997110600,8.5,80.1,20.0,Depression,UNNAMED,1997
199798I,1997110603,8.8,80.1,20.0,Depression,UNNAMED,1997
199798I,1997110606,9.1,80.1,20.0,Depression,UNNAMED,1997
199798I,1997110609,9.4,80.1,20.0,Depression,UNNAMED,1997
199798I,1997110612,9.7,80.2,20.0,Depression,UNNAMED,1997
199798I,1997110615,9.9,80.2,20.0,Depression,UNNAMED,1997
199798I,1997110618,10.0,80.2,20.0,Depression,UNNAMED,1997
199798I,1997110621,10.1,80.2,20.0,Depression,UNNAMED,1997
199798I,1997110700,10.2,80.1,20.0,Depression,UNNAMED,1997
199798I,1997110703,10.2,80.0,20.0,Depression,UNNAMED,1997
199798I,1997110706,10.2,79.9,20.0,Depression,UNNAMED,1997
199798I,1997110709,10.2,79.7,20.0,Depression,UNNAMED,1997
199798I,1997110712,10.2,79.5,20.0,Depression,UNNAMED,1997
199798I,1997110715,10.2,79.3,20.0,Depression,UNNAMED,1997
199798I,1997110718,10.3,79.0,20.0,Depression,UNNAMED,1997
199798I,1997110721,10.3,78.6,20.0,Depression,UNNAMED,1997
199798I,1997110800,10.3,78.1,20.0,Depression,UNNAMED,1997
199798I,1997110803,10.3,77.6,20.0,Depression,UNNAMED,1997
199798I,1997110806,10.3,77.1,20.0,Depression,UNNAMED,1997
199798I,1997110809,10.3,76.6,23.0,Depression,UNNAMED,1997
199798I,1997110812,10.3,76.0,25.0,Depression,UNNAMED,1997
199798I,1997110815,10.3,75.5,25.0,Depression,UNNAMED,1997
199798I,1997110818,10.3,74.9,25.0,Depression,UNNAMED,1997
199798I,1997110821,10.3,74.3,25.0,Depression,UNNAMED,1997
199798I,1997110900,10.3,73.7,25.0,Depression,UNNAMED,1997
199798I,1997110903,10.5,73.1,25.0,Depression,UNNAMED,1997
199798I,1997110906,10.7,72.6,25.0,Depression,UNNAMED,1997
199798I,1997110909,10.9,72.1,25.0,Depression,UNNAMED,1997
199798I,1997110912,11.0,71.6,25.0,Depression,UNNAMED,1997
199798I,1997110915,11.2,71.1,28.0,Depression,UNNAMED,1997
199798I,1997110918,11.3,70.6,30.0,Depression,UNNAMED,1997
199798I,1997110921,11.4,70.2,30.0,Depression,UNNAMED,1997
199798I,1997111000,11.5,69.8,30.0,Depression,UNNAMED,1997
199798I,1997111003,11.6,69.4,33.0,Depression,UNNAMED,1997
199798I,1997111006,11.7,69.0,35.0,Cyclonic Storm,UNNAMED,1997
199798I,1997111009,11.8,68.6,35.0,Cyclonic Storm,UNNAMED,1997
199798I,1997111012,11.9,68.2,35.0,Cyclonic Storm,UNNAMED,1997
199798I,1997111015,12.0,67.8,40.0,Cyclonic Storm,UNNAMED,1997
199798I,1997111018,12.0,67.7,25.0,Depression,UNNAMED,1997
199798I,1997111021,11.9,67.8,25.0,Depression,UNNAMED,1997
199798I,1997111100,11.9,67.7,25.0,Depression,UNNAMED,1997
199798I,1997111103,12.1,67.2,30.0,Depression,UNNAMED,1997
199798I,1997111106,12.4,66.1,30.0,Depression,UNNAMED,1997
199798I,1997111109,12.8,65.6,30.0,Depression,UNNAMED,1997
199798I,1997111112,13.1,65.5,30.0,Depression,UNNAMED,1997
199798I,1997111115,13.2,65.4,30.0,Depression,UNNAMED,1997
199798I,1997111118,13.3,65.3,30.0,Depression,UNNAMED,1997
199798I,1997111121,13.3,65.2,30.0,Depression,UNNAMED,1997
199798I,1997111200,13.4,65.2,30.0,Depression,UNNAMED,1997
199798I,1997111203,13.7,65.3,30.0,Depression,UNNAMED,1997
199798I,1997111206,14.1,65.5,30.0,Depression,UNNAMED,1997
199798I,1997111209,14.2,65.0,30.0,Depression,UNNAMED,1997
199798I,1997111212,14.2,64.4,30.0,Depression,UNNAMED,1997
199798I,1997111215,14.4,64.2,30.0,Depression,UNNAMED,1997
199798I,1997111218,14.6,64.1,30.0,Depression,UNNAMED,1997
199798I,1997111221,14.6,63.7,30.0,Depression,UNNAMED,1997
199798I,1997111300,14.6,63.4,30.0,Depression,UNNAMED,1997
199798I,1997111303,14.6,63.2,30.0,Depression,UNNAMED,1997
199798I,1997111306,14.6,62.7,30.0,Depression,UNNAMED,1997
199798I,1997111309,14.7,62.4,25.0,Depression,UNNAMED,1997
199798I,1997111312,14.5,61.9,35.0,Cyclonic Storm,UNNAMED,1997
199798I,1997111315,14.4,61.6,33.0,Depression,UNNAMED,1997
199798I,1997111318,14.2,61.2,30.0,Depression,UNNAMED,1997
199798I,1997111321,14.0,60.8,30.0,Depression,UNNAMED,1997
199798I,1997111400,13.7,60.4,30.0,Depression,UNNAMED,1997
199799I,1997110400,7.8,68.7,15.0,Depression,UNNAMED,1997
199799I,1997110403,7.8,68.5,15.0,Depression,UNNAMED,1997
199799I,1997110406,7.8,68.3,15.0,Depression,UNNAMED,1997
199799I,1997110409,7.8,68.1,15.0,Depression,UNNAMED,1997
199799I,1997110412,7.9,67.9,15.0,Depression,UNNAMED,1997
199799I,1997110415,8.0,67.7,15.0,Depression,UNNAMED,1997
199799I,1997110418,8.0,67.6,15.0,Depression,UNNAMED,1997
199799I,1997110421,8.0,67.5,15.0,Depression,UNNAMED,1997
199799I,1997110500,8.0,67.3,15.0,Depression,UNNAMED,1997
199799I,1997110503,8.0,67.1,15.0,Depression,UNNAMED,1997
199799I,1997110506,8.1,66.8,15.0,Depression,UNNAMED,1997
199799I,1997110509,8.2,66.4,15.0,Depression,UNNAMED,1997
199799I,1997110512,8.3,66.0,15.0,Depression,UNNAMED,1997
199799I,1997110515,8.4,65.6,15.0,Depression,UNNAMED,1997
199799I,1997110518,8.5,65.2,15.0,Depression,UNNAMED,1997
199799I,1997110521,8.7,64.9,15.0,Depression,UNNAMED,1997
199799I,1997110600,8.9,64.5,15.0,Depression,UNNAMED,1997
199799I,1997110603,9.0,64.1,15.0,Depression,UNNAMED,1997
199799I,1997110606,9.1,63.6,15.0,Depression,UNNAMED,1997
199799I,1997110609,9.1,63.1,15.0,Depression,UNNAMED,1997
199799I,1997110612,9.2,62.6,15.0,Depression,UNNAMED,1997
199799I,1997110615,9.3,62.0,15.0,Depression,UNNAMED,1997
199799I,1997110618,9.4,61.3,15.0,Depression,UNNAMED,1997
199799I,1997110621,9.5,60.8,18.0,Depression,UNNAMED,1997
199799I,1997110700,9.5,60.3,20.0,Depression,UNNAMED,1997
199799I,1997110703,9.5,59.8,23.0,Depression,UNNAMED,1997
199799I,1997110706,9.5,59.3,25.0,Depression,UNNAMED,1997
199799I,1997110709,9.6,58.8,25.0,Depression,UNNAMED,1997
199799I,1997110712,9.8,58.2,25.0,Depression,UNNAMED,1997
199799I,1997110715,10.0,57.4,28.0,Depression,UNNAMED,1997
199799I,1997110718,10.1,56.6,30.0,Depression,UNNAMED,1997
199799I,1997110721,10.2,56.0,33.0,Depression,UNNAMED,1997
199799I,1997110800,10.2,55.5,35.0,Cyclonic Storm,UNNAMED,1997
199799I,1997110803,10.2,55.0,35.0,Cyclonic Storm,UNNAMED,1997
199799I,1997110806,10.3,54.6,35.0,Cyclonic Storm,UNNAMED,1997
199799I,1997110809,10.4,54.1,35.0,Cyclonic Storm,UNNAMED,1997
199799I,1997110812,10.5,53.6,35.0,Cyclonic Storm,UNNAMED,1997
199799I,1997110815,10.5,53.1,33.0,Depression,UNNAMED,1997
199799I,1997110818,10.6,52.7,30.0,Depression,UNNAMED,1997
199799I,1997110821,10.7,52.2,30.0,Depression,UNNAMED,1997
199799I,1997110900,10.9,51.7,30.0,Depression,UNNAMED,1997
199799I,1997110903,11.1,51.3,33.0,Depression,UNNAMED,1997
199799I,1997110906,11.2,51.1,35.0,Cyclonic Storm,UNNAMED,1997
199799I,1997110909,11.3,51.0,35.0,Cyclonic Storm,UNNAMED,1997
199799I,1997110912,11.4,50.9,35.0,Cyclonic Storm,UNNAMED,1997
199799I,1997110915,11.5,50.8,28.0,Depression,UNNAMED,1997
199799I,1997110918,11.7,50.8,20.0,Depression,UNNAMED,1997
199799I,1997110921,11.8,50.8,20.0,Depression,UNNAMED,1997
199799I,1997111000,11.9,50.7,20.0,Depression,UNNAMED,1997
199799I,1997111003,12.1,50.6,20.0,Depression,UNNAMED,1997
199799I,1997111006,12.3,50.5,20.0,Depression,UNNAMED,1997
1998100I,1998121218,7.8,99.9,25.0,Depression,GIL,1998
1998100I,1998121221,7.9,99.8,23.0,Depression,GIL,1998
1998100I,1998121300,8.0,99.8,20.0,Depression,GIL,1998
1998101I,1998121118,10.3,71.9,20.0,Depression,UNNAMED,1998
1998101I,1998121121,10.3,71.3,23.0,Depression,UNNAMED,1998
1998101I,1998121200,10.3,70.8,25.0,Depression,UNNAMED,1998
1998101I,1998121203,10.3,70.3,25.0,Depression,UNNAMED,1998
1998101I,1998121206,10.3,69.9,25.0,Depression,UNNAMED,1998
1998101I,1998121209,10.3,69.6,25.0,Depression,UNNAMED,1998
1998101I,1998121212,10.3,69.3,25.0,Depression,UNNAMED,1998
1998101I,1998121215,10.3,69.1,28.0,Depression,UNNAMED,1998
1998101I,1998121218,10.4,68.9,30.0,Depression,UNNAMED,1998
1998101I,1998121221,10.4,68.8,33.0,Depression,UNNAMED,1998
1998101I,1998121300,10.6,68.6,25.0,Depression,UNNAMED,1998
1998101I,1998121303,10.8,68.4,30.0,Depression,UNNAMED,1998
1998101I,1998121306,11.0,68.2,35.0,Cyclonic Storm,UNNAMED,1998
1998101I,1998121309,11.2,67.9,35.0,Cyclonic Storm,UNNAMED,1998
1998101I,1998121312,11.5,67.6,35.0,Cyclonic Storm,UNNAMED,1998
1998101I,1998121315,11.8,67.4,35.0,Cyclonic Storm,UNNAMED,1998
1998101I,1998121318,12.1,67.4,35.0,Cyclonic Storm,UNNAMED,1998
1998101I,1998121321,12.2,67.4,35.0,Cyclonic Storm,UNNAMED,1998
1998101I,1998121400,12.4,67.4,35.0,Cyclonic Storm,UNNAMED,1998
1998101I,1998121403,12.8,67.3,45.0,Cyclonic Storm,UNNAMED,1998
1998101I,1998121406,13.1,67.2,45.0,Cyclonic Storm,UNNAMED,1998
1998101I,1998121409,13.5,67.0,55.0,Severe Cyclonic Storm,UNNAMED,1998
1998101I,1998121412,14.0,66.9,55.0,Severe Cyclonic Storm,UNNAMED,1998
1998101I,1998121415,14.5,66.8,55.0,Severe Cyclonic Storm,UNNAMED,1998
1998101I,1998121418,14.9,66.8,55.0,Severe Cyclonic Storm,UNNAMED,1998
1998101I,1998121421,15.2,66.8,55.0,Severe Cyclonic Storm,UNNAMED,1998
1998101I,1998121500,15.6,66.6,55.0,Severe Cyclonic Storm,UNNAMED,1998
1998101I,1998121503,16.3,66.0,55.0,Severe Cyclonic Storm,UNNAMED,1998
1998101I,1998121506,16.7,65.7,55.0,Severe Cyclonic Storm,UNNAMED,1998
1998101I,1998121509,16.7,65.4,55.0,Severe Cyclonic Storm,UNNAMED,1998
1998101I,1998121512,17.1,65.0,55.0,Severe Cyclonic Storm,UNNAMED,1998
1998101I,1998121515,17.3,64.6,55.0,Severe Cyclonic Storm,UNNAMED,1998
1998101I,1998121518,17.4,64.3,55.0,Severe Cyclonic Storm,UNNAMED,1998
1998101I,1998121521,17.6,64.0,55.0,Severe Cyclonic Storm,UNNAMED,1998
1998101I,1998121600,17.8,63.5,55.0,Severe Cyclonic Storm,UNNAMED,1998
1998101I,1998121603,18.0,62.7,45.0,Cyclonic Storm,UNNAMED,1998
1998101I,1998121606,18.3,62.0,35.0,Cyclonic Storm,UNNAMED,1998
1998101I,1998121609,18.2,61.4,30.0,Depression,UNNAMED,1998
1998101I,1998121612,18.5,60.7,25.0,Depression,UNNAMED,1998
1998101I,1998121615,18.7,60.1,25.0,Depression,UNNAMED,1998
1998101I,1998121618,18.8,59.8,25.0,Depression,UNNAMED,1998
1998101I,1998121621,18.8,59.3,25.0,Depression,UNNAMED,1998
1998101I,1998121700,18.7,58.9,25.0,Depression,UNNAMED,1998
1998101I,1998121703,18.7,58.3,25.0,Depression,UNNAMED,1998
1998101I,1998121706,18.7,57.4,35.0,Cyclonic Storm,UNNAMED,1998
1998101I,1998121709,19.1,56.8,33.0,Depression,UNNAMED,1998
1998101I,1998121712,19.5,56.3,30.0,Depression,UNNAMED,1998
1998101I,1998121715,20.0,55.9,28.0,Depression,UNNAMED,1998
1998101I,1998121718,20.4,55.5,25.0,Depression,UNNAMED,1998
199828I,1998051300,4.0,85.5,15.0,Depression,UNNAMED,1998
199828I,1998051303,4.6,85.8,18.0,Depression,UNNAMED,1998
199828I,1998051306,5.2,86.0,20.0,Depression,UNNAMED,1998
199828I,1998051309,5.7,86.2,20.0,Depression,UNNAMED,1998
199828I,1998051312,6.2,86.4,20.0,Depression,UNNAMED,1998
199828I,1998051315,6.8,86.6,20.0,Depression,UNNAMED,1998
199828I,1998051318,7.3,86.7,20.0,Depression,UNNAMED,1998
199828I,1998051321,7.8,86.7,20.0,Depression,UNNAMED,1998
199828I,1998051400,8.2,86.6,20.0,Depression,UNNAMED,1998
199828I,1998051403,8.6,86.4,20.0,Depression,UNNAMED,1998
199828I,1998051406,8.9,86.1,20.0,Depression,UNNAMED,1998
199828I,1998051409,9.1,85.7,20.0,Depression,UNNAMED,1998
199828I,1998051412,9.3,85.3,20.0,Depression,UNNAMED,1998
199828I,1998051415,9.4,84.8,20.0,Depression,UNNAMED,1998
199828I,1998051418,9.4,84.4,20.0,Depression,UNNAMED,1998
199828I,1998051421,9.4,84.0,20.0,Depression,UNNAMED,1998
199828I,1998051500,9.5,83.6,20.0,Depression,UNNAMED,1998
199828I,1998051503,9.6,83.1,20.0,Depression,UNNAMED,1998
199828I,1998051506,9.7,82.5,20.0,Depression,UNNAMED,1998
199828I,1998051509,9.8,82.0,20.0,Depression,UNNAMED,1998
199828I,1998051512,9.9,81.5,20.0,Depression,UNNAMED,1998
199828I,1998051515,10.0,81.0,23.0,Depression,UNNAMED,1998
199828I,1998051518,10.1,80.6,25.0,Depression,UNNAMED,1998
199828I,1998051521,10.3,80.4,25.0,Depression,UNNAMED,1998
199828I,1998051600,10.5,80.3,25.0,Depression,UNNAMED,1998
199828I,1998051603,10.7,80.3,25.0,Depression,UNNAMED,1998
199828I,1998051606,11.0,80.5,25.0,Depression,UNNAMED,1998
199828I,1998051609,11.2,81.1,25.0,Depression,UNNAMED,1998
199828I,1998051612,11.4,81.9,25.0,Depression,UNNAMED,1998
199828I,1998051615,11.8,82.7,25.0,Depression,UNNAMED,1998
199828I,1998051618,12.2,83.6,25.0,Depression,UNNAMED,1998
199828I,1998051621,12.6,84.3,25.0,Depression,UNNAMED,1998
199828I,1998051700,12.9,85.0,25.0,Depression,UNNAMED,1998
199828I,1998051703,13.3,85.7,25.0,Depression,UNNAMED,1998
199828I,1998051706,13.6,86.3,25.0,Depression,UNNAMED,1998
199828I,1998051709,13.9,86.8,25.0,Depression,UNNAMED,1998
199828I,1998051712,14.2,87.3,25.0,Depression,UNNAMED,1998
199828I,1998051715,14.5,87.7,25.0,Depression,UNNAMED,1998
199828I,1998051718,14.7,88.0,25.0,Depression,UNNAMED,1998
199828I,1998051721,14.9,88.3,25.0,Depression,UNNAMED,1998
199828I,1998051800,15.1,88.5,25.0,Depression,UNNAMED,1998
199828I,1998051803,15.5,88.6,25.0,Depression,UNNAMED,1998
199828I,1998051806,16.0,88.7,30.0,Depression,UNNAMED,1998
199828I,1998051809,16.5,89.1,35.0,Cyclonic Storm,UNNAMED,1998
199828I,1998051812,17.0,89.4,35.0,Cyclonic Storm,UNNAMED,1998
199828I,1998051815,17.5,89.5,35.0,Cyclonic Storm,UNNAMED,1998
199828I,1998051818,18.0,89.6,35.0,Cyclonic Storm,UNNAMED,1998
199828I,1998051821,18.5,89.7,35.0,Cyclonic Storm,UNNAMED,1998
199828I,1998051900,19.1,90.0,35.0,Cyclonic Storm,UNNAMED,1998
199828I,1998051903,19.6,90.4,35.0,Cyclonic Storm,UNNAMED,1998
199828I,1998051906,20.1,90.5,55.0,Severe Cyclonic Storm,UNNAMED,1998
199828I,1998051909,20.5,90.5,55.0,Severe Cyclonic Storm,UNNAMED,1998
199828I,1998051912,20.7,90.7,55.0,Severe Cyclonic Storm,UNNAMED,1998
199828I,1998051915,20.9,90.8,58.0,Severe Cyclonic Storm,UNNAMED,1998
199828I,1998051918,21.2,91.1,60.0,Severe Cyclonic Storm,UNNAMED,1998
199828I,1998051921,21.4,91.2,60.0,Severe Cyclonic Storm,UNNAMED,1998
199828I,1998052000,21.7,91.5,60.0,Severe Cyclonic Storm,UNNAMED,1998
199828I,1998052003,22.1,92.1,65.0,Very Severe Cyclonic Storm,UNNAMED,1998
199828I,1998052006,22.5,92.4,60.0,Severe Cyclonic Storm,UNNAMED,1998
199828I,1998052009,23.1,92.6,50.0,Severe Cyclonic Storm,UNNAMED,1998
199828I,1998052012,23.7,92.8,40.0,Cyclonic Storm,UNNAMED,1998
199828I,1998052015,24.1,93.4,33.0,Depression,UNNAMED,1998
199828I,1998052018,24.3,93.8,25.0,Depression,UNNAMED,1998
199829I,1998052706,11.2,61.4,30.0,Depression,UNNAMED,1998
199829I,1998052709,11.6,61.1,30.0,Depression,UNNAMED,1998
199829I,1998052712,11.9,60.9,30.0,Depression,UNNAMED,1998
199829I,1998052715,12.2,60.7,30.0,Depression,UNNAMED,1998
199829I,1998052718,12.5,60.6,30.0,Depression,UNNAMED,1998
199829I,1998052721,12.6,60.5,33.0,Depression,UNNAMED,1998
199829I,1998052800,12.8,60.4,35.0,Cyclonic Storm,UNNAMED,1998
199829I,1998052803,13.1,60.1,35.0,Cyclonic Storm,UNNAMED,1998
199829I,1998052806,13.4,59.7,35.0,Cyclonic Storm,UNNAMED,1998
199829I,1998052809,13.5,59.5,35.0,Cyclonic Storm,UNNAMED,1998
199829I,1998052812,13.6,59.3,35.0,Cyclonic Storm,UNNAMED,1998
199829I,1998052815,13.7,59.2,33.0,Depression,UNNAMED,1998
199829I,1998052818,13.9,59.1,30.0,Depression,UNNAMED,1998
199829I,1998052821,14.1,59.0,30.0,Depression,UNNAMED,1998
199829I,1998052900,14.3,59.0,30.0,Depression,UNNAMED,1998
199830I,1998060106,10.6,74.7,25.0,Depression,UNNAMED,1998
199830I,1998060109,10.7,74.5,28.0,Depression,UNNAMED,1998
199830I,1998060112,10.7,74.4,30.0,Depression,UNNAMED,1998
199830I,1998060115,10.7,74.3,33.0,Depression,UNNAMED,1998
199830I,1998060118,10.7,74.2,35.0,Cyclonic Storm,UNNAMED,1998
199830I,1998060121,10.8,74.1,35.0,Cyclonic Storm,UNNAMED,1998
199830I,1998060200,10.8,73.9,35.0,Cyclonic Storm,UNNAMED,1998
199830I,1998060203,10.8,73.8,35.0,Cyclonic Storm,UNNAMED,1998
199830I,1998060206,10.8,73.7,35.0,Cyclonic Storm,UNNAMED,1998
199830I,1998060209,10.8,73.6,35.0,Cyclonic Storm,UNNAMED,1998
199830I,1998060212,10.8,73.4,35.0,Cyclonic Storm,UNNAMED,1998
199830I,1998060215,10.8,73.2,35.0,Cyclonic Storm,UNNAMED,1998
199830I,1998060218,10.8,73.0,35.0,Cyclonic Storm,UNNAMED,1998
199830I,1998060221,10.8,72.9,35.0,Cyclonic Storm,UNNAMED,1998
199830I,1998060300,10.9,72.7,35.0,Cyclonic Storm,UNNAMED,1998
199830I,1998060303,11.0,72.5,35.0,Cyclonic Storm,UNNAMED,1998
199830I,1998060306,11.0,72.3,35.0,Cyclonic Storm,UNNAMED,1998
199830I,1998060309,11.0,72.1,33.0,Depression,UNNAMED,1998
199830I,1998060312,11.0,72.0,30.0,Depression,UNNAMED,1998
199830I,1998060315,11.0,71.9,30.0,Depression,UNNAMED,1998
199830I,1998060318,11.1,71.8,30.0,Depression,UNNAMED,1998
199830I,1998060321,11.1,71.7,30.0,Depression,UNNAMED,1998
199830I,1998060400,11.2,71.6,30.0,Depression,UNNAMED,1998
199830I,1998060403,11.2,71.5,30.0,Depression,UNNAMED,1998
199830I,1998060406,11.1,71.0,25.0,Depression,UNNAMED,1998
199830I,1998060409,11.2,70.6,28.0,Depression,UNNAMED,1998
199830I,1998060412,11.2,70.3,30.0,Depression,UNNAMED,1998
199830I,1998060415,11.2,70.0,30.0,Depression,UNNAMED,1998
199830I,1998060418,11.2,70.0,30.0,Depression,UNNAMED,1998
199830I,1998060421,11.2,70.1,33.0,Depression,UNNAMED,1998
199830I,1998060500,11.2,70.2,35.0,Cyclonic Storm,UNNAMED,1998
199830I,1998060503,11.3,70.3,30.0,Depression,UNNAMED,1998
199830I,1998060506,11.6,70.5,30.0,Depression,UNNAMED,1998
199830I,1998060509,12.2,70.2,35.0,Cyclonic Storm,UNNAMED,1998
199830I,1998060512,12.0,70.1,35.0,Cyclonic Storm,UNNAMED,1998
199830I,1998060515,11.9,69.8,35.0,Cyclonic Storm,UNNAMED,1998
199830I,1998060518,12.0,69.6,35.0,Cyclonic Storm,UNNAMED,1998
199830I,1998060521,12.2,69.4,35.0,Cyclonic Storm,UNNAMED,1998
199830I,1998060600,12.4,69.3,35.0,Cyclonic Storm,UNNAMED,1998
199830I,1998060603,12.4,69.2,45.0,Cyclonic Storm,UNNAMED,1998
199830I,1998060606,12.5,69.2,55.0,Severe Cyclonic Storm,UNNAMED,1998
199830I,1998060609,12.7,69.1,55.0,Severe Cyclonic Storm,UNNAMED,1998
199830I,1998060612,13.1,69.0,55.0,Severe Cyclonic Storm,UNNAMED,1998
199830I,1998060615,13.3,68.7,55.0,Severe Cyclonic Storm,UNNAMED,1998
199830I,1998060618,13.6,68.5,55.0,Severe Cyclonic Storm,UNNAMED,1998
199830I,1998060621,13.8,68.3,55.0,Severe Cyclonic Storm,UNNAMED,1998
199830I,1998060700,14.2,68.1,55.0,Severe Cyclonic Storm,UNNAMED,1998
199830I,1998060703,14.6,68.0,55.0,Severe Cyclonic Storm,UNNAMED,1998
199830I,1998060706,15.0,68.0,55.0,Severe Cyclonic Storm,UNNAMED,1998
199830I,1998060709,15.4,67.9,65.0,Very Severe Cyclonic Storm,UNNAMED,1998
199830I,1998060712,15.9,67.9,80.0,Very Severe Cyclonic Storm,UNNAMED,1998
199830I,1998060715,16.2,67.8,80.0,Very Severe Cyclonic Storm,UNNAMED,1998
199830I,1998060718,16.6,67.9,80.0,Very Severe Cyclonic Storm,UNNAMED,1998
199830I,1998060721,17.0,67.9,80.0,Very Severe Cyclonic Storm,UNNAMED,1998
199830I,1998060800,17.6,67.9,80.0,Very Severe Cyclonic Storm,UNNAMED,1998
199830I,1998060803,18.1,67.6,80.0,Very Severe Cyclonic Storm,UNNAMED,1998
199830I,1998060806,18.6,67.9,90.0,Extremely Severe/Super Cyclone,UNNAMED,1998
199830I,1998060809,19.1,67.9,90.0,Extremely Severe/Super Cyclone,UNNAMED,1998
199830I,1998060812,19.6,67.9,90.0,Extremely Severe/Super Cyclone,UNNAMED,1998
199830I,1998060815,20.0,68.1,85.0,Very Severe Cyclonic Storm,UNNAMED,1998
199830I,1998060818,20.5,68.4,80.0,Very Severe Cyclonic Storm,UNNAMED,1998
199830I,1998060821,21.0,68.6,80.0,Very Severe Cyclonic Storm,UNNAMED,1998
199830I,1998060900,21.5,69.0,80.0,Very Severe Cyclonic Storm,UNNAMED,1998
199830I,1998060903,22.1,69.5,93.0,Extremely Severe/Super Cyclone,UNNAMED,1998
199830I,1998060906,22.6,69.7,80.0,Very Severe Cyclonic Storm,UNNAMED,1998
199830I,1998060909,23.1,70.1,70.0,Very Severe Cyclonic Storm,UNNAMED,1998
199830I,1998060912,23.6,70.6,60.0,Severe Cyclonic Storm,UNNAMED,1998
199832I,1998061315,17.5,87.5,25.0,Depression,UNNAMED,1998
199832I,1998061318,17.5,86.0,30.0,Depression,UNNAMED,1998
199832I,1998061321,17.5,85.3,30.0,Depression,UNNAMED,1998
199832I,1998061400,17.5,85.0,30.0,Depression,UNNAMED,1998
199832I,1998061403,17.5,84.5,30.0,Depression,UNNAMED,1998
199832I,1998061406,17.5,83.5,30.0,Depression,UNNAMED,1998
199832I,1998061409,17.4,83.2,30.0,Depression,UNNAMED,1998
199832I,1998061412,17.5,83.0,30.0,Depression,UNNAMED,1998
199872I,1998092818,18.4,67.7,25.0,Depression,UNNAMED,1998
199872I,1998092821,18.4,67.6,25.0,Depression,UNNAMED,1998
199872I,1998092900,18.4,67.5,25.0,Depression,UNNAMED,1998
199872I,1998092903,18.4,67.4,25.0,Depression,UNNAMED,1998
199872I,1998092906,18.4,67.3,25.0,Depression,UNNAMED,1998
199872I,1998092909,18.4,67.1,25.0,Depression,UNNAMED,1998
199872I,1998092912,18.3,66.8,25.0,Depression,UNNAMED,1998
199872I,1998092915,18.2,66.6,28.0,Depression,UNNAMED,1998
199872I,1998092918,18.2,66.4,30.0,Depression,UNNAMED,1998
199872I,1998092921,18.2,66.1,33.0,Depression,UNNAMED,1998
199872I,1998093000,18.2,65.7,35.0,Cyclonic Storm,UNNAMED,1998
199872I,1998093003,18.2,65.2,35.0,Cyclonic Storm,UNNAMED,1998
199872I,1998093006,18.2,64.8,35.0,Cyclonic Storm,UNNAMED,1998
199872I,1998093009,18.2,64.5,35.0,Cyclonic Storm,UNNAMED,1998
199872I,1998093012,18.1,64.2,35.0,Cyclonic Storm,UNNAMED,1998
199872I,1998093015,18.0,63.9,33.0,Depression,UNNAMED,1998
199872I,1998093018,17.9,63.6,30.0,Depression,UNNAMED,1998
199872I,1998093021,17.8,63.4,30.0,Depression,UNNAMED,1998
199872I,1998100100,17.7,63.2,30.0,Depression,UNNAMED,1998
199879I,1998100612,14.0,69.0,25.0,Depression,UNNAMED,1998
199879I,1998100615,14.0,69.0,25.0,Depression,UNNAMED,1998
199879I,1998100618,14.0,69.0,25.0,Depression,UNNAMED,1998
199879I,1998100621,14.0,69.0,25.0,Depression,UNNAMED,1998
199879I,1998100700,14.0,69.0,25.0,Depression,UNNAMED,1998
199879I,1998100703,14.0,69.0,25.0,Depression,UNNAMED,1998
199879I,1998100706,14.0,68.0,25.0,Depression,UNNAMED,1998
199879I,1998100709,14.0,67.8,25.0,Depression,UNNAMED,1998
199879I,1998100712,14.0,68.0,25.0,Depression,UNNAMED,1998
199879I,1998100715,14.0,67.8,25.0,Depression,UNNAMED,1998
199879I,1998100718,14.0,67.5,25.0,Depression,UNNAMED,1998
199879I,1998100721,14.0,67.2,28.0,Depression,UNNAMED,1998
199879I,1998100800,14.0,67.0,30.0,Depression,UNNAMED,1998
199879I,1998100803,14.0,67.0,30.0,Depression,UNNAMED,1998
199879I,1998100806,14.0,67.0,30.0,Depression,UNNAMED,1998
199879I,1998100809,13.9,66.6,30.0,Depression,UNNAMED,1998
199879I,1998100812,14.0,66.0,30.0,Depression,UNNAMED,1998
199879I,1998100815,14.5,65.8,30.0,Depression,UNNAMED,1998
199879I,1998100818,15.0,65.5,30.0,Depression,UNNAMED,1998
199879I,1998100821,15.1,64.9,30.0,Depression,UNNAMED,1998
199879I,1998100900,15.0,64.5,30.0,Depression,UNNAMED,1998
199879I,1998100903,15.0,64.5,30.0,Depression,UNNAMED,1998
199879I,1998100906,15.0,64.0,30.0,Depression,UNNAMED,1998
199879I,1998100909,15.0,63.7,28.0,Depression,UNNAMED,1998
199879I,1998100912,15.0,63.5,25.0,Depression,UNNAMED,1998
199885I,1998101112,14.0,67.5,25.0,Depression,UNNAMED,1998
199885I,1998101115,14.6,67.0,25.0,Depression,UNNAMED,1998
199885I,1998101118,15.0,66.5,25.0,Depression,UNNAMED,1998
199885I,1998101121,15.2,66.1,25.0,Depression,UNNAMED,1998
199885I,1998101200,15.0,66.0,25.0,Depression,UNNAMED,1998
199885I,1998101203,14.5,66.5,25.0,Depression,UNNAMED,1998
199885I,1998101206,14.0,66.0,25.0,Depression,UNNAMED,1998
199885I,1998101209,14.5,66.5,30.0,Depression,UNNAMED,1998
199885I,1998101212,15.0,66.0,30.0,Depression,UNNAMED,1998
199885I,1998101215,15.1,65.7,30.0,Depression,UNNAMED,1998
199885I,1998101218,15.0,65.5,30.0,Depression,UNNAMED,1998
199885I,1998101221,14.9,65.6,30.0,Depression,UNNAMED,1998
199885I,1998101300,15.0,65.5,30.0,Depression,UNNAMED,1998
199885I,1998101303,15.5,65.0,30.0,Depression,UNNAMED,1998
199885I,1998101306,15.5,64.5,30.0,Depression,UNNAMED,1998
199885I,1998101309,15.7,64.2,28.0,Depression,UNNAMED,1998
199885I,1998101312,16.0,64.0,25.0,Depression,UNNAMED,1998
199885I,1998101315,16.0,64.0,25.0,Depression,UNNAMED,1998
199885I,1998101318,16.0,64.0,25.0,Depression,UNNAMED,1998
199885I,1998101321,16.2,63.8,25.0,Depression,UNNAMED,1998
199885I,1998101400,16.5,63.5,25.0,Depression,UNNAMED,1998
199885I,1998101403,17.0,63.0,25.0,Depression,UNNAMED,1998
199885I,1998101406,17.0,62.5,25.0,Depression,UNNAMED,1998
199885I,1998101409,17.3,62.2,25.0,Depression,UNNAMED,1998
199885I,1998101412,17.5,62.0,25.0,Depression,UNNAMED,1998
199885I,1998101415,17.0,61.3,25.0,Depression,UNNAMED,1998
199885I,1998101418,16.5,61.0,25.0,Depression,UNNAMED,1998
199885I,1998101421,16.5,61.6,25.0,Depression,UNNAMED,1998
199885I,1998101500,16.6,62.4,25.0,Depression,UNNAMED,1998
199885I,1998101503,16.4,62.9,25.0,Depression,UNNAMED,1998
199885I,1998101506,16.5,63.3,25.0,Depression,UNNAMED,1998
199885I,1998101509,16.7,63.6,28.0,Depression,UNNAMED,1998
199885I,1998101512,16.8,63.9,30.0,Depression,UNNAMED,1998
199885I,1998101515,16.8,64.1,30.0,Depression,UNNAMED,1998
199885I,1998101518,16.8,64.4,30.0,Depression,UNNAMED,1998
199885I,1998101521,16.9,64.7,30.0,Depression,UNNAMED,1998
199885I,1998101600,17.1,65.1,30.0,Depression,UNNAMED,1998
199885I,1998101603,17.2,65.4,30.0,Depression,UNNAMED,1998
199885I,1998101606,18.1,66.6,30.0,Depression,UNNAMED,1998
199885I,1998101609,18.5,67.5,33.0,Depression,UNNAMED,1998
199885I,1998101612,18.7,68.3,35.0,Cyclonic Storm,UNNAMED,1998
199885I,1998101615,19.2,68.8,35.0,Cyclonic Storm,UNNAMED,1998
199885I,1998101618,19.7,69.3,35.0,Cyclonic Storm,UNNAMED,1998
199885I,1998101621,19.9,69.2,35.0,Cyclonic Storm,UNNAMED,1998
199885I,1998101700,20.3,69.5,35.0,Cyclonic Storm,UNNAMED,1998
199885I,1998101703,20.9,70.1,35.0,Cyclonic Storm,UNNAMED,1998
199885I,1998101706,20.7,69.5,35.0,Cyclonic Storm,UNNAMED,1998
199885I,1998101709,20.9,69.6,33.0,Depression,UNNAMED,1998
199885I,1998101712,21.1,69.7,30.0,Depression,UNNAMED,1998
199885I,1998101715,21.4,69.9,28.0,Depression,UNNAMED,1998
199885I,1998101718,21.6,70.2,25.0,Depression,UNNAMED,1998
199885I,1998101721,21.7,70.5,25.0,Depression,UNNAMED,1998
199885I,1998101800,21.8,70.7,25.0,Depression,UNNAMED,1998
199886I,1998101312,15.5,82.5,25.0,Depression,UNNAMED,1998
199886I,1998101315,15.5,82.2,28.0,Depression,UNNAMED,1998
199886I,1998101318,15.5,82.0,30.0,Depression,UNNAMED,1998
199886I,1998101321,15.5,82.0,30.0,Depression,UNNAMED,1998
199886I,1998101400,15.5,82.0,30.0,Depression,UNNAMED,1998
199886I,1998101403,15.5,82.0,30.0,Depression,UNNAMED,1998
199886I,1998101406,15.5,82.0,30.0,Depression,UNNAMED,1998
199886I,1998101409,15.7,81.8,30.0,Depression,UNNAMED,1998
199886I,1998101412,16.0,81.5,30.0,Depression,UNNAMED,1998
199889I,1998102609,11.0,90.0,25.0,Depression,UNNAMED,1998
199889I,1998102612,11.5,88.5,25.0,Depression,UNNAMED,1998
199889I,1998102615,11.8,88.0,25.0,Depression,UNNAMED,1998
199889I,1998102618,12.0,88.0,25.0,Depression,UNNAMED,1998
199889I,1998102621,12.0,88.0,25.0,Depression,UNNAMED,1998
199889I,1998102700,12.0,88.0,25.0,Depression,UNNAMED,1998
199889I,1998102703,12.0,88.0,25.0,Depression,UNNAMED,1998
199889I,1998102706,12.5,87.0,25.0,Depression,UNNAMED,1998
199889I,1998102709,12.8,86.9,28.0,Depression,UNNAMED,1998
199889I,1998102712,13.0,87.0,30.0,Depression,UNNAMED,1998
199889I,1998102715,13.0,86.5,30.0,Depression,UNNAMED,1998
199889I,1998102718,13.0,86.0,30.0,Depression,UNNAMED,1998
199889I,1998102721,13.0,85.8,30.0,Depression,UNNAMED,1998
199889I,1998102800,13.0,85.5,30.0,Depression,UNNAMED,1998
199889I,1998102803,13.0,85.0,30.0,Depression,UNNAMED,1998
199889I,1998102806,13.0,84.5,30.0,Depression,UNNAMED,1998
199889I,1998102809,13.0,84.2,30.0,Depression,UNNAMED,1998
199889I,1998102812,13.0,84.0,30.0,Depression,UNNAMED,1998
199889I,1998102815,13.0,83.8,30.0,Depression,UNNAMED,1998
199889I,1998102818,13.0,83.5,30.0,Depression,UNNAMED,1998
199889I,1998102821,12.9,83.2,30.0,Depression,UNNAMED,1998
199889I,1998102900,13.0,83.0,30.0,Depression,UNNAMED,1998
199889I,1998102903,13.5,83.0,30.0,Depression,UNNAMED,1998
199889I,1998102906,13.8,83.0,30.0,Depression,UNNAMED,1998
199889I,1998102909,14.0,82.5,25.0,Depression,UNNAMED,1998
199892I,1998111300,11.4,87.3,20.0,Depression,UNNAMED,1998
199892I,1998111303,11.5,87.4,23.0,Depression,UNNAMED,1998
199892I,1998111306,11.7,87.5,25.0,Depression,UNNAMED,1998
199892I,1998111309,11.9,87.5,25.0,Depression,UNNAMED,1998
199892I,1998111312,12.3,87.4,25.0,Depression,UNNAMED,1998
199892I,1998111315,12.5,87.3,28.0,Depression,UNNAMED,1998
199892I,1998111318,12.7,87.2,30.0,Depression,UNNAMED,1998
199892I,1998111321,12.9,87.0,35.0,Cyclonic Storm,UNNAMED,1998
199892I,1998111400,13.2,86.7,40.0,Cyclonic Storm,UNNAMED,1998
199892I,1998111403,13.7,86.3,30.0,Depression,UNNAMED,1998
199892I,1998111406,14.2,85.9,30.0,Depression,UNNAMED,1998
199892I,1998111409,14.4,85.7,35.0,Cyclonic Storm,UNNAMED,1998
199892I,1998111412,14.8,85.3,45.0,Cyclonic Storm,UNNAMED,1998
199892I,1998111415,15.1,85.0,50.0,Severe Cyclonic Storm,UNNAMED,1998
199892I,1998111418,15.3,84.8,55.0,Severe Cyclonic Storm,UNNAMED,1998
199892I,1998111421,15.5,84.5,55.0,Severe Cyclonic Storm,UNNAMED,1998
199892I,1998111500,15.8,84.2,55.0,Severe Cyclonic Storm,UNNAMED,1998
199892I,1998111503,16.2,83.8,65.0,Very Severe Cyclonic Storm,UNNAMED,1998
199892I,1998111506,16.7,83.4,77.0,Very Severe Cyclonic Storm,UNNAMED,1998
199892I,1998111509,17.1,83.2,65.0,Very Severe Cyclonic Storm,UNNAMED,1998
199892I,1998111512,17.7,82.9,85.0,Very Severe Cyclonic Storm,UNNAMED,1998
199892I,1998111515,18.5,82.5,80.0,Very Severe Cyclonic Storm,UNNAMED,1998
199892I,1998111518,19.5,82.2,75.0,Very Severe Cyclonic Storm,UNNAMED,1998
199892I,1998111521,20.1,82.0,63.0,Severe Cyclonic Storm,UNNAMED,1998
199892I,1998111600,20.6,82.0,50.0,Severe Cyclonic Storm,UNNAMED,1998
199893I,1998111618,10.3,99.9,25.0,Depression,UNNAMED,1998
199893I,1998111621,10.3,99.5,25.0,Depression,UNNAMED,1998
199893I,1998111700,10.3,99.0,25.0,Depression,UNNAMED,1998
199893I,1998111703,10.4,98.5,25.0,Depression,UNNAMED,1998
199893I,1998111706,10.4,98.0,25.0,Depression,UNNAMED,1998
199893I,1998111709,10.4,97.6,25.0,Depression,UNNAMED,1998
199893I,1998111712,10.4,97.2,25.0,Depression,UNNAMED,1998
199893I,1998111715,10.4,96.8,25.0,Depression,UNNAMED,1998
199893I,1998111718,10.4,96.4,25.0,Depression,UNNAMED,1998
199893I,1998111721,10.4,95.9,25.0,Depression,UNNAMED,1998
199893I,1998111800,10.4,95.5,25.0,Depression,UNNAMED,1998
199893I,1998111803,10.4,95.1,25.0,Depression,UNNAMED,1998
199893I,1998111806,10.5,94.7,25.0,Depression,UNNAMED,1998
199893I,1998111809,10.5,94.4,25.0,Depression,UNNAMED,1998
199893I,1998111812,10.6,94.1,25.0,Depression,UNNAMED,1998
199893I,1998111815,10.8,93.7,25.0,Depression,UNNAMED,1998
199893I,1998111818,11.0,93.4,25.0,Depression,UNNAMED,1998
199893I,1998111821,11.2,93.1,25.0,Depression,UNNAMED,1998
199893I,1998111900,11.4,92.9,25.0,Depression,UNNAMED,1998
199893I,1998111903,11.7,92.6,25.0,Depression,UNNAMED,1998
199893I,1998111906,11.9,92.3,25.0,Depression,UNNAMED,1998
199893I,1998111909,12.2,91.9,28.0,Depression,UNNAMED,1998
199893I,1998111912,12.5,91.4,30.0,Depression,UNNAMED,1998
199893I,1998111915,12.7,91.1,30.0,Depression,UNNAMED,1998
199893I,1998111918,12.9,90.6,30.0,Depression,UNNAMED,1998
199893I,1998111921,13.4,89.8,30.0,Depression,UNNAMED,1998
199893I,1998112000,14.0,89.0,30.0,Depression,UNNAMED,1998
199893I,1998112003,14.5,88.5,35.0,Cyclonic Storm,UNNAMED,1998
199893I,1998112006,15.0,88.1,35.0,Cyclonic Storm,UNNAMED,1998
199893I,1998112009,15.4,88.0,35.0,Cyclonic Storm,UNNAMED,1998
199893I,1998112012,15.6,88.0,45.0,Cyclonic Storm,UNNAMED,1998
199893I,1998112015,15.9,87.9,45.0,Cyclonic Storm,UNNAMED,1998
199893I,1998112018,16.2,87.9,45.0,Cyclonic Storm,UNNAMED,1998
199893I,1998112021,16.4,87.7,45.0,Cyclonic Storm,UNNAMED,1998
199893I,1998112100,16.7,87.6,45.0,Cyclonic Storm,UNNAMED,1998
199893I,1998112103,17.1,87.4,55.0,Severe Cyclonic Storm,UNNAMED,1998
199893I,1998112106,17.6,87.4,55.0,Severe Cyclonic Storm,UNNAMED,1998
199893I,1998112109,18.1,87.3,55.0,Severe Cyclonic Storm,UNNAMED,1998
199893I,1998112112,18.9,87.4,65.0,Very Severe Cyclonic Storm,UNNAMED,1998
199893I,1998112115,19.2,87.4,65.0,Very Severe Cyclonic Storm,UNNAMED,1998
199893I,1998112118,19.5,87.5,65.0,Very Severe Cyclonic Storm,UNNAMED,1998
199893I,1998112121,19.7,87.6,65.0,Very Severe Cyclonic Storm,UNNAMED,1998
199893I,1998112200,20.1,87.9,65.0,Very Severe Cyclonic Storm,UNNAMED,1998
199893I,1998112203,20.7,88.2,60.0,Severe Cyclonic Storm,UNNAMED,1998
199893I,1998112206,21.1,88.6,55.0,Severe Cyclonic Storm,UNNAMED,1998
199893I,1998112209,21.5,89.0,48.0,Severe Cyclonic Storm,UNNAMED,1998
199893I,1998112212,21.9,89.5,40.0,Cyclonic Storm,UNNAMED,1998
199893I,1998112215,22.1,89.9,38.0,Cyclonic Storm,UNNAMED,1998
199893I,1998112218,22.4,90.3,35.0,Cyclonic Storm,UNNAMED,1998
199893I,1998112221,22.7,90.5,35.0,Cyclonic Storm,UNNAMED,1998
199893I,1998112300,22.9,90.7,35.0,Cyclonic Storm,UNNAMED,1998
199910I,1999013012,7.7,92.0,20.0,Depression,UNNAMED,1999
199910I,1999013015,7.8,91.9,23.0,Depression,UNNAMED,1999
199910I,1999013018,8.0,91.8,25.0,Depression,UNNAMED,1999
199910I,1999013021,8.2,91.5,25.0,Depression,UNNAMED,1999
199910I,1999013100,8.3,91.2,25.0,Depression,UNNAMED,1999
199910I,1999013103,8.4,90.9,25.0,Depression,UNNAMED,1999
199910I,1999013106,8.4,90.6,25.0,Depression,UNNAMED,1999
199910I,1999013109,8.4,90.3,25.0,Depression,UNNAMED,1999
199910I,1999013112,8.4,90.0,25.0,Depression,UNNAMED,1999
199910I,1999013115,8.4,89.6,25.0,Depression,UNNAMED,1999
199910I,1999013118,8.3,89.2,25.0,Depression,UNNAMED,1999
199910I,1999013121,8.2,88.8,25.0,Depression,UNNAMED,1999
199910I,1999020100,8.1,88.5,25.0,Depression,UNNAMED,1999
199910I,1999020103,8.3,88.3,25.0,Depression,UNNAMED,1999
199910I,1999020106,8.4,88.0,25.0,Depression,UNNAMED,1999
199910I,1999020109,8.5,87.8,25.0,Depression,UNNAMED,1999
199910I,1999020112,8.6,87.5,25.0,Depression,UNNAMED,1999
199910I,1999020115,8.7,87.2,25.0,Depression,UNNAMED,1999
199910I,1999020118,8.9,86.8,25.0,Depression,UNNAMED,1999
199910I,1999020121,9.1,86.5,25.0,Depression,UNNAMED,1999
199910I,1999020200,9.3,86.1,25.0,Depression,UNNAMED,1999
199910I,1999020203,9.4,85.7,25.0,Depression,UNNAMED,1999
199910I,1999020206,9.6,85.4,30.0,Depression,UNNAMED,1999
199910I,1999020209,9.7,85.3,30.0,Depression,UNNAMED,1999
199910I,1999020212,10.0,85.0,30.0,Depression,UNNAMED,1999
199910I,1999020215,10.4,84.8,33.0,Depression,UNNAMED,1999
199910I,1999020218,10.7,84.9,35.0,Cyclonic Storm,UNNAMED,1999
199910I,1999020221,10.9,85.1,43.0,Cyclonic Storm,UNNAMED,1999
199910I,1999020300,11.1,85.3,50.0,Severe Cyclonic Storm,UNNAMED,1999
199910I,1999020303,11.1,85.3,50.0,Severe Cyclonic Storm,UNNAMED,1999
199910I,1999020306,11.4,85.3,35.0,Cyclonic Storm,UNNAMED,1999
199910I,1999020309,11.5,85.2,30.0,Depression,UNNAMED,1999
199910I,1999020312,11.4,85.3,25.0,Depression,UNNAMED,1999
199910I,1999020315,11.4,85.1,25.0,Depression,UNNAMED,1999
199910I,1999020318,11.3,84.7,25.0,Depression,UNNAMED,1999
199910I,1999020321,11.2,84.3,35.0,Cyclonic Storm,UNNAMED,1999
199910I,1999020400,11.3,84.2,35.0,Cyclonic Storm,UNNAMED,1999
199910I,1999020403,11.4,84.1,35.0,Cyclonic Storm,UNNAMED,1999
199910I,1999020406,11.5,84.1,35.0,Cyclonic Storm,UNNAMED,1999
199910I,1999020409,11.7,84.0,30.0,Depression,UNNAMED,1999
199910I,1999020412,11.8,84.0,25.0,Depression,UNNAMED,1999
199910I,1999020415,11.9,84.0,28.0,Depression,UNNAMED,1999
199910I,1999020418,12.0,84.0,30.0,Depression,UNNAMED,1999
199932I,1999051500,12.0,72.5,25.0,Depression,UNNAMED,1999
199932I,1999051503,12.1,72.5,25.0,Depression,UNNAMED,1999
199932I,1999051506,12.1,72.5,25.0,Depression,UNNAMED,1999
199932I,1999051509,12.2,72.5,25.0,Depression,UNNAMED,1999
199932I,1999051512,12.2,72.5,25.0,Depression,UNNAMED,1999
199932I,1999051515,12.2,72.5,25.0,Depression,UNNAMED,1999
199932I,1999051518,12.3,72.5,25.0,Depression,UNNAMED,1999
199932I,1999051521,12.3,72.5,28.0,Depression,UNNAMED,1999
199932I,1999051600,12.4,72.4,30.0,Depression,UNNAMED,1999
199932I,1999051603,12.5,72.3,30.0,Depression,UNNAMED,1999
199932I,1999051606,12.6,72.2,30.0,Depression,UNNAMED,1999
199932I,1999051609,12.8,72.0,33.0,Depression,UNNAMED,1999
199932I,1999051612,13.0,71.8,25.0,Depression,UNNAMED,1999
199932I,1999051615,13.2,71.5,25.0,Depression,UNNAMED,1999
199932I,1999051618,13.4,71.3,25.0,Depression,UNNAMED,1999
199932I,1999051621,13.6,71.1,30.0,Depression,UNNAMED,1999
199932I,1999051700,14.0,70.7,30.0,Depression,UNNAMED,1999
199932I,1999051703,14.7,70.2,35.0,Cyclonic Storm,UNNAMED,1999
199932I,1999051706,15.1,69.9,45.0,Cyclonic Storm,UNNAMED,1999
199932I,1999051709,15.2,69.4,55.0,Severe Cyclonic Storm,UNNAMED,1999
199932I,1999051712,15.4,69.3,64.0,Very Severe Cyclonic Storm,UNNAMED,1999
199932I,1999051715,15.7,68.9,64.0,Very Severe Cyclonic Storm,UNNAMED,1999
199932I,1999051718,16.2,68.6,64.0,Very Severe Cyclonic Storm,UNNAMED,1999
199932I,1999051721,16.3,68.4,64.0,Very Severe Cyclonic Storm,UNNAMED,1999
199932I,1999051800,16.8,68.3,80.0,Very Severe Cyclonic Storm,UNNAMED,1999
199932I,1999051803,17.3,67.7,80.0,Very Severe Cyclonic Storm,UNNAMED,1999
199932I,1999051806,18.0,67.6,90.0,Extremely Severe/Super Cyclone,UNNAMED,1999
199932I,1999051809,18.1,67.5,90.0,Extremely Severe/Super Cyclone,UNNAMED,1999
199932I,1999051812,18.7,67.4,105.0,Extremely Severe/Super Cyclone,UNNAMED,1999
199932I,1999051815,18.9,67.4,105.0,Extremely Severe/Super Cyclone,UNNAMED,1999
199932I,1999051818,19.3,67.4,105.0,Extremely Severe/Super Cyclone,UNNAMED,1999
199932I,1999051821,20.0,67.3,105.0,Extremely Severe/Super Cyclone,UNNAMED,1999
199932I,1999051900,20.4,67.3,105.0,Extremely Severe/Super Cyclone,UNNAMED,1999
199932I,1999051903,20.9,67.3,105.0,Extremely Severe/Super Cyclone,UNNAMED,1999
199932I,1999051906,21.1,67.3,105.0,Extremely Severe/Super Cyclone,UNNAMED,1999
199932I,1999051909,21.2,67.3,105.0,Extremely Severe/Super Cyclone,UNNAMED,1999
199932I,1999051912,21.7,67.4,105.0,Extremely Severe/Super Cyclone,UNNAMED,1999
199932I,1999051915,22.1,67.5,105.0,Extremely Severe/Super Cyclone,UNNAMED,1999
199932I,1999051918,22.5,67.6,105.0,Extremely Severe/Super Cyclone,UNNAMED,1999
199932I,1999051921,22.9,67.6,105.0,Extremely Severe/Super Cyclone,UNNAMED,1999
199932I,1999052000,23.2,67.7,105.0,Extremely Severe/Super Cyclone,UNNAMED,1999
199932I,1999052003,23.4,68.3,105.0,Extremely Severe/Super Cyclone,UNNAMED,1999
199932I,1999052006,23.7,68.4,105.0,Extremely Severe/Super Cyclone,UNNAMED,1999
199932I,1999052009,24.0,68.2,105.0,Extremely Severe/Super Cyclone,UNNAMED,1999
199932I,1999052012,24.3,68.2,100.0,Extremely Severe/Super Cyclone,UNNAMED,1999
199932I,1999052015,24.4,68.4,100.0,Extremely Severe/Super Cyclone,UNNAMED,1999
199932I,1999052018,24.6,68.7,100.0,Extremely Severe/Super Cyclone,UNNAMED,1999
199932I,1999052021,24.7,68.9,95.0,Extremely Severe/Super Cyclone,UNNAMED,1999
199932I,1999052100,24.9,69.1,90.0,Extremely Severe/Super Cyclone,UNNAMED,1999
199932I,1999052103,24.9,69.2,78.0,Very Severe Cyclonic Storm,UNNAMED,1999
199932I,1999052106,25.0,69.6,65.0,Very Severe Cyclonic Storm,UNNAMED,1999
199932I,1999052109,25.2,69.9,60.0,Severe Cyclonic Storm,UNNAMED,1999
199932I,1999052112,25.5,70.1,55.0,Severe Cyclonic Storm,UNNAMED,1999
199932I,1999052115,25.8,70.3,55.0,Severe Cyclonic Storm,UNNAMED,1999
199932I,1999052118,26.0,70.5,55.0,Severe Cyclonic Storm,UNNAMED,1999
199936I,1999060806,18.5,91.4,20.0,Depression,UNNAMED,1999
199936I,1999060809,18.5,91.3,23.0,Depression,UNNAMED,1999
199936I,1999060812,18.5,91.2,25.0,Depression,UNNAMED,1999
199936I,1999060815,18.5,91.1,25.0,Depression,UNNAMED,1999
199936I,1999060818,18.5,91.0,25.0,Depression,UNNAMED,1999
199936I,1999060821,18.5,90.9,25.0,Depression,UNNAMED,1999
199936I,1999060900,18.6,90.9,25.0,Depression,UNNAMED,1999
199936I,1999060903,18.7,90.8,25.0,Depression,UNNAMED,1999
199936I,1999060906,18.9,90.7,25.0,Depression,UNNAMED,1999
199936I,1999060909,19.1,90.6,25.0,Depression,UNNAMED,1999
199936I,1999060912,19.3,90.5,25.0,Depression,UNNAMED,1999
199936I,1999060915,19.6,90.4,25.0,Depression,UNNAMED,1999
199936I,1999060918,19.9,90.3,25.0,Depression,UNNAMED,1999
199936I,1999060921,20.1,90.2,25.0,Depression,UNNAMED,1999
199936I,1999061000,20.3,90.0,25.0,Depression,UNNAMED,1999
199936I,1999061003,20.5,89.8,25.0,Depression,UNNAMED,1999
199936I,1999061006,20.7,89.5,25.0,Depression,UNNAMED,1999
199936I,1999061009,20.9,89.0,30.0,Depression,UNNAMED,1999
199936I,1999061012,21.1,88.4,35.0,Cyclonic Storm,UNNAMED,1999
199936I,1999061015,21.6,87.8,35.0,Cyclonic Storm,UNNAMED,1999
199936I,1999061018,22.1,87.2,35.0,Cyclonic Storm,UNNAMED,1999
199936I,1999061021,22.5,86.4,30.0,Depression,UNNAMED,1999
199936I,1999061100,22.9,85.8,25.0,Depression,UNNAMED,1999
199936I,1999061103,23.2,85.5,23.0,Depression,UNNAMED,1999
199936I,1999061106,23.5,85.3,20.0,Depression,UNNAMED,1999
199936I,1999061109,23.8,85.0,20.0,Depression,UNNAMED,1999
199936I,1999061112,24.2,84.8,20.0,Depression,UNNAMED,1999
199936I,1999061115,24.6,84.6,20.0,Depression,UNNAMED,1999
199936I,1999061118,25.0,84.4,20.0,Depression,UNNAMED,1999
199938I,1999061703,18.5,86.0,25.0,Depression,UNNAMED,1999
199938I,1999061706,18.5,86.0,30.0,Depression,UNNAMED,1999
199938I,1999061709,18.7,85.6,30.0,Depression,UNNAMED,1999
199938I,1999061712,19.0,85.0,30.0,Depression,UNNAMED,1999
199938I,1999061715,19.3,84.7,30.0,Depression,UNNAMED,1999
199938I,1999061718,19.5,84.5,30.0,Depression,UNNAMED,1999
199952I,1999072703,21.0,89.0,20.0,Depression,UNNAMED,1999
199952I,1999072706,21.0,88.5,20.0,Depression,UNNAMED,1999
199952I,1999072709,21.5,88.5,23.0,Depression,UNNAMED,1999
199952I,1999072712,22.0,88.5,25.0,Depression,UNNAMED,1999
199952I,1999072715,22.0,88.0,25.0,Depression,UNNAMED,1999
199952I,1999072718,22.0,87.5,25.0,Depression,UNNAMED,1999
199952I,1999072721,22.2,87.3,25.0,Depression,UNNAMED,1999
199952I,1999072800,22.5,87.0,25.0,Depression,UNNAMED,1999
199957I,1999080612,21.0,88.5,20.0,Depression,UNNAMED,1999
199957I,1999080615,20.9,88.5,20.0,Depression,UNNAMED,1999
199957I,1999080618,21.0,88.5,20.0,Depression,UNNAMED,1999
199957I,1999080621,21.5,88.4,20.0,Depression,UNNAMED,1999
199957I,1999080700,22.1,88.1,20.0,Depression,UNNAMED,1999
199957I,1999080703,22.5,87.5,20.0,Depression,UNNAMED,1999
199957I,1999080706,22.5,86.5,20.0,Depression,UNNAMED,1999
199957I,1999080709,22.5,86.1,20.0,Depression,UNNAMED,1999
199957I,1999080712,22.5,86.0,20.0,Depression,UNNAMED,1999
199957I,1999080715,22.5,86.0,20.0,Depression,UNNAMED,1999
199957I,1999080718,22.5,86.0,20.0,Depression,UNNAMED,1999
199957I,1999080721,22.5,85.9,20.0,Depression,UNNAMED,1999
199957I,1999080800,22.5,85.6,20.0,Depression,UNNAMED,1999
199957I,1999080803,22.5,85.0,20.0,Depression,UNNAMED,1999
199957I,1999080806,22.5,84.0,20.0,Depression,UNNAMED,1999
199957I,1999080809,22.5,83.3,20.0,Depression,UNNAMED,1999
199957I,1999080812,22.5,83.0,20.0,Depression,UNNAMED,1999
199957I,1999080815,22.4,83.0,20.0,Depression,UNNAMED,1999
199957I,1999080818,22.5,83.0,20.0,Depression,UNNAMED,1999
199957I,1999080821,22.9,82.4,20.0,Depression,UNNAMED,1999
199957I,1999080900,23.5,81.5,20.0,Depression,UNNAMED,1999
199989I,1999101500,14.5,92.7,20.0,Depression,UNNAMED,1999
199989I,1999101503,14.4,92.2,20.0,Depression,UNNAMED,1999
199989I,1999101506,14.7,91.4,20.0,Depression,UNNAMED,1999
199989I,1999101509,15.0,90.7,20.0,Depression,UNNAMED,1999
199989I,1999101512,15.2,90.1,20.0,Depression,UNNAMED,1999
199989I,1999101515,15.4,89.7,20.0,Depression,UNNAMED,1999
199989I,1999101518,15.5,89.4,20.0,Depression,UNNAMED,1999
199989I,1999101521,15.6,88.9,25.0,Depression,UNNAMED,1999
199989I,1999101600,15.9,88.4,30.0,Depression,UNNAMED,1999
199989I,1999101603,16.2,88.2,35.0,Cyclonic Storm,UNNAMED,1999
199989I,1999101606,16.6,87.7,35.0,Cyclonic Storm,UNNAMED,1999
199989I,1999101609,16.9,87.2,45.0,Cyclonic Storm,UNNAMED,1999
199989I,1999101612,17.3,86.5,45.0,Cyclonic Storm,UNNAMED,1999
199989I,1999101615,17.5,86.1,55.0,Severe Cyclonic Storm,UNNAMED,1999
199989I,1999101618,17.6,85.9,55.0,Severe Cyclonic Storm,UNNAMED,1999
199989I,1999101621,17.7,85.8,55.0,Severe Cyclonic Storm,UNNAMED,1999
199989I,1999101700,17.7,85.7,65.0,Very Severe Cyclonic Storm,UNNAMED,1999
199989I,1999101703,17.9,85.3,80.0,Very Severe Cyclonic Storm,UNNAMED,1999
199989I,1999101706,18.0,85.0,80.0,Very Severe Cyclonic Storm,UNNAMED,1999
199989I,1999101709,18.4,84.9,80.0,Very Severe Cyclonic Storm,UNNAMED,1999
199989I,1999101712,18.8,84.9,80.0,Very Severe Cyclonic Storm,UNNAMED,1999
199989I,1999101715,18.9,84.8,80.0,Very Severe Cyclonic Storm,UNNAMED,1999
199989I,1999101718,19.2,84.9,90.0,Extremely Severe/Super Cyclone,UNNAMED,1999
199989I,1999101721,19.4,84.8,90.0,Extremely Severe/Super Cyclone,UNNAMED,1999
199989I,1999101800,19.8,84.8,90.0,Extremely Severe/Super Cyclone,UNNAMED,1999
199989I,1999101803,20.5,84.8,78.0,Very Severe Cyclonic Storm,UNNAMED,1999
199989I,1999101806,20.8,84.8,65.0,Very Severe Cyclonic Storm,UNNAMED,1999
199989I,1999101809,20.9,84.9,53.0,Severe Cyclonic Storm,UNNAMED,1999
199989I,1999101812,21.7,86.1,40.0,Cyclonic Storm,UNNAMED,1999
199991I,1999102500,11.5,99.2,25.0,Depression,UNNAMED,1999
199991I,1999102503,11.7,98.5,25.0,Depression,UNNAMED,1999
199991I,1999102506,12.0,98.1,25.0,Depression,UNNAMED,1999
199991I,1999102509,12.4,97.7,25.0,Depression,UNNAMED,1999
199991I,1999102512,12.6,97.4,25.0,Depression,UNNAMED,1999
199991I,1999102515,12.7,97.3,25.0,Depression,UNNAMED,1999
199991I,1999102518,12.9,97.2,25.0,Depression,UNNAMED,1999
199991I,1999102521,13.3,96.7,28.0,Depression,UNNAMED,1999
199991I,1999102600,13.7,96.0,30.0,Depression,UNNAMED,1999
199991I,1999102603,13.8,95.4,35.0,Cyclonic Storm,UNNAMED,1999
199991I,1999102606,13.9,95.0,35.0,Cyclonic Storm,UNNAMED,1999
199991I,1999102609,14.3,94.5,35.0,Cyclonic Storm,UNNAMED,1999
199991I,1999102612,14.8,94.0,45.0,Cyclonic Storm,UNNAMED,1999
199991I,1999102615,15.2,93.5,45.0,Cyclonic Storm,UNNAMED,1999
199991I,1999102618,15.3,93.3,45.0,Cyclonic Storm,UNNAMED,1999
199991I,1999102621,15.4,92.8,45.0,Cyclonic Storm,UNNAMED,1999
199991I,1999102700,15.8,92.7,45.0,Cyclonic Storm,UNNAMED,1999
199991I,1999102703,16.1,91.9,55.0,Severe Cyclonic Storm,UNNAMED,1999
199991I,1999102706,16.5,91.5,55.0,Severe Cyclonic Storm,UNNAMED,1999
199991I,1999102709,16.5,91.1,55.0,Severe Cyclonic Storm,UNNAMED,1999
199991I,1999102712,16.9,90.7,55.0,Severe Cyclonic Storm,UNNAMED,1999
199991I,1999102715,16.9,90.5,65.0,Very Severe Cyclonic Storm,UNNAMED,1999
199991I,1999102718,17.0,90.4,65.0,Very Severe Cyclonic Storm,UNNAMED,1999
199991I,1999102721,17.1,89.8,65.0,Very Severe Cyclonic Storm,UNNAMED,1999
199991I,1999102800,17.6,89.6,65.0,Very Severe Cyclonic Storm,UNNAMED,1999
199991I,1999102803,17.9,88.8,77.0,Very Severe Cyclonic Storm,UNNAMED,1999
199991I,1999102806,18.1,88.4,90.0,Extremely Severe/Super Cyclone,UNNAMED,1999
199991I,1999102809,18.4,88.0,102.0,Extremely Severe/Super Cyclone,UNNAMED,1999
199991I,1999102812,18.6,87.9,115.0,Extremely Severe/Super Cyclone,UNNAMED,1999
199991I,1999102815,18.9,87.5,127.0,Extremely Severe/Super Cyclone,UNNAMED,1999
199991I,1999102818,19.2,87.1,140.0,Extremely Severe/Super Cyclone,UNNAMED,1999
199991I,1999102821,19.3,87.1,140.0,Extremely Severe/Super Cyclone,UNNAMED,1999
199991I,1999102900,19.6,86.9,140.0,Extremely Severe/Super Cyclone,UNNAMED,1999
199991I,1999102903,19.9,86.6,140.0,Extremely Severe/Super Cyclone,UNNAMED,1999
199991I,1999102906,20.2,86.2,140.0,Extremely Severe/Super Cyclone,UNNAMED,1999
199991I,1999102909,20.4,86.0,125.0,Extremely Severe/Super Cyclone,UNNAMED,1999
199991I,1999102912,20.4,86.0,115.0,Extremely Severe/Super Cyclone,UNNAMED,1999
199991I,1999102915,20.5,86.0,108.0,Extremely Severe/Super Cyclone,UNNAMED,1999
199991I,1999102918,20.6,86.0,100.0,Extremely Severe/Super Cyclone,UNNAMED,1999
199991I,1999102921,20.6,86.0,90.0,Extremely Severe/Super Cyclone,UNNAMED,1999
199991I,1999103000,20.6,86.0,80.0,Very Severe Cyclonic Storm,UNNAMED,1999
199991I,1999103003,20.5,85.9,68.0,Very Severe Cyclonic Storm,UNNAMED,1999
199991I,1999103006,20.5,85.9,55.0,Severe Cyclonic Storm,UNNAMED,1999
199991I,1999103009,20.4,85.9,50.0,Severe Cyclonic Storm,UNNAMED,1999
199991I,1999103012,20.4,85.9,45.0,Cyclonic Storm,UNNAMED,1999
199991I,1999103015,20.4,85.9,45.0,Cyclonic Storm,UNNAMED,1999
199991I,1999103018,20.3,86.0,45.0,Cyclonic Storm,UNNAMED,1999
199991I,1999103021,20.2,85.9,43.0,Cyclonic Storm,UNNAMED,1999
199991I,1999103100,20.1,85.9,40.0,Cyclonic Storm,UNNAMED,1999
199991I,1999103103,20.0,86.1,40.0,Cyclonic Storm,UNNAMED,1999
199991I,1999103106,19.6,85.9,40.0,Cyclonic Storm,UNNAMED,1999
199991I,1999103109,19.4,85.9,38.0,Cyclonic Storm,UNNAMED,1999
199991I,1999103112,19.2,85.8,35.0,Cyclonic Storm,UNNAMED,1999
199991I,1999103115,19.1,85.7,35.0,Cyclonic Storm,UNNAMED,1999
199991I,1999103118,19.0,85.6,35.0,Cyclonic Storm,UNNAMED,1999
199991I,1999103121,19.0,85.6,33.0,Depression,UNNAMED,1999
199991I,1999110100,18.9,85.5,30.0,Depression,UNNAMED,1999
199991I,1999110103,18.8,85.4,28.0,Depression,UNNAMED,1999
199991I,1999110106,18.6,85.3,25.0,Depression,UNNAMED,1999
199991I,1999110109,18.3,85.2,25.0,Depression,UNNAMED,1999
199991I,1999110112,17.9,85.1,25.0,Depression,UNNAMED,1999
199991I,1999110115,17.5,85.0,25.0,Depression,UNNAMED,1999
199991I,1999110118,17.0,84.9,25.0,Depression,UNNAMED,1999
199991I,1999110121,16.5,84.8,25.0,Depression,UNNAMED,1999
199991I,1999110200,16.1,84.8,25.0,Depression,UNNAMED,1999
199991I,1999110203,15.9,84.8,23.0,Depression,UNNAMED,1999
199991I,1999110206,15.9,84.7,20.0,Depression,UNNAMED,1999
199991I,1999110209,15.8,84.6,18.0,Depression,UNNAMED,1999
199991I,1999110212,15.8,84.5,15.0,Depression,UNNAMED,1999
199991I,1999110215,15.7,84.3,15.0,Depression,UNNAMED,1999
199991I,1999110218,15.7,84.1,15.0,Depression,UNNAMED,1999
199991I,1999110221,15.7,83.9,15.0,Depression,UNNAMED,1999
199991I,1999110300,15.8,83.7,15.0,Depression,UNNAMED,1999
199991I,1999110303,15.9,83.5,15.0,Depression,UNNAMED,1999
199991I,1999110306,16.0,83.3,15.0,Depression,UNNAMED,1999
199997I,1999120406,9.6,99.7,25.0,Depression,UNNAMED,1999
199997I,1999120409,9.7,99.5,25.0,Depression,UNNAMED,1999
199997I,1999120412,9.8,99.4,25.0,Depression,UNNAMED,1999
199997I,1999120415,9.9,99.3,25.0,Depression,UNNAMED,1999
199997I,1999120418,10.1,99.1,25.0,Depression,UNNAMED,1999
199997I,1999120421,10.4,98.8,23.0,Depression,UNNAMED,1999
199997I,1999120500,10.8,98.3,20.0,Depression,UNNAMED,1999
199997I,1999120503,11.3,97.7,20.0,Depression,UNNAMED,1999
199997I,1999120506,11.9,97.1,20.0,Depression,UNNAMED,1999
199999I,1999120806,9.5,88.5,15.0,Depression,UNNAMED,1999
199999I,1999120809,9.5,88.0,15.0,Depression,UNNAMED,1999
199999I,1999120811,10.5,87.5,25.0,Depression,UNNAMED,1999
199999I,1999120812,10.6,87.5,25.0,Depression,UNNAMED,1999
199999I,1999120815,10.5,87.5,25.0,Depression,UNNAMED,1999
199999I,1999120818,10.5,87.0,25.0,Depression,UNNAMED,1999
199999I,1999120821,10.5,87.0,25.0,Depression,UNNAMED,1999
199999I,1999120900,10.5,86.3,25.0,Depression,UNNAMED,1999
199999I,1999120903,10.5,85.5,25.0,Depression,UNNAMED,1999
199999I,1999120906,10.5,85.0,25.0,Depression,UNNAMED,1999
199999I,1999120909,10.5,85.0,25.0,Depression,UNNAMED,1999
199999I,1999120912,10.5,85.0,25.0,Depression,UNNAMED,1999
199999I,1999120915,10.5,85.0,25.0,Depression,UNNAMED,1999
199999I,1999120918,10.5,85.0,25.0,Depression,UNNAMED,1999
199999I,1999120921,10.5,85.0,25.0,Depression,UNNAMED,1999
199999I,1999121000,11.0,84.5,25.0,Depression,UNNAMED,1999
199999I,1999121003,11.0,84.5,25.0,Depression,UNNAMED,1999
199999I,1999121006,11.0,84.0,25.0,Depression,UNNAMED,1999
199999I,1999121009,11.0,84.0,25.0,Depression,UNNAMED,1999
2000105I,2000112603,8.5,91.5,25.0,Depression,UNNAMED,2000
2000105I,2000112606,9.3,90.8,25.0,Depression,UNNAMED,2000
2000105I,2000112609,9.3,90.9,25.0,Depression,UNNAMED,2000
2000105I,2000112612,9.7,89.8,25.0,Depression,UNNAMED,2000
2000105I,2000112615,9.8,89.9,30.0,Depression,UNNAMED,2000
2000105I,2000112618,9.9,89.6,30.0,Depression,UNNAMED,2000
2000105I,2000112621,10.1,88.9,30.0,Depression,UNNAMED,2000
2000105I,2000112700,10.4,88.1,30.0,Depression,UNNAMED,2000
2000105I,2000112703,10.8,87.5,30.0,Depression,UNNAMED,2000
2000105I,2000112706,10.9,87.0,30.0,Depression,UNNAMED,2000
2000105I,2000112709,10.9,86.4,35.0,Cyclonic Storm,UNNAMED,2000
2000105I,2000112712,11.0,85.9,45.0,Cyclonic Storm,UNNAMED,2000
2000105I,2000112715,11.0,85.3,45.0,Cyclonic Storm,UNNAMED,2000
2000105I,2000112718,11.1,84.8,45.0,Cyclonic Storm,UNNAMED,2000
2000105I,2000112721,11.2,84.3,45.0,Cyclonic Storm,UNNAMED,2000
2000105I,2000112800,11.5,83.8,55.0,Severe Cyclonic Storm,UNNAMED,2000
2000105I,2000112803,11.6,83.3,55.0,Severe Cyclonic Storm,UNNAMED,2000
2000105I,2000112806,11.5,82.8,65.0,Very Severe Cyclonic Storm,UNNAMED,2000
2000105I,2000112809,11.5,82.3,65.0,Very Severe Cyclonic Storm,UNNAMED,2000
2000105I,2000112812,11.5,82.0,77.0,Very Severe Cyclonic Storm,UNNAMED,2000
2000105I,2000112815,11.5,81.7,90.0,Extremely Severe/Super Cyclone,UNNAMED,2000
2000105I,2000112818,11.5,81.5,102.0,Extremely Severe/Super Cyclone,UNNAMED,2000
2000105I,2000112821,11.5,81.1,102.0,Extremely Severe/Super Cyclone,UNNAMED,2000
2000105I,2000112900,11.5,80.9,90.0,Extremely Severe/Super Cyclone,UNNAMED,2000
2000105I,2000112903,11.5,80.5,90.0,Extremely Severe/Super Cyclone,UNNAMED,2000
2000105I,2000112906,11.6,80.4,77.0,Very Severe Cyclonic Storm,UNNAMED,2000
2000105I,2000112909,11.6,80.0,77.0,Very Severe Cyclonic Storm,UNNAMED,2000
2000105I,2000112912,11.6,79.9,55.0,Severe Cyclonic Storm,UNNAMED,2000
2000105I,2000112915,11.4,79.3,50.0,Severe Cyclonic Storm,UNNAMED,2000
2000105I,2000112918,11.3,78.6,45.0,Cyclonic Storm,UNNAMED,2000
2000105I,2000112921,11.3,78.3,40.0,Cyclonic Storm,UNNAMED,2000
2000105I,2000113000,11.4,78.1,35.0,Cyclonic Storm,UNNAMED,2000
2000105I,2000113003,11.4,77.7,30.0,Depression,UNNAMED,2000
2000105I,2000113006,11.4,77.2,25.0,Depression,UNNAMED,2000
2000105I,2000113009,11.5,76.9,33.0,Depression,UNNAMED,2000
2000105I,2000113012,11.5,76.5,30.0,Depression,UNNAMED,2000
2000105I,2000113015,11.5,76.1,28.0,Depression,UNNAMED,2000
2000105I,2000113018,11.5,75.7,25.0,Depression,UNNAMED,2000
2000105I,2000113021,11.5,75.4,28.0,Depression,UNNAMED,2000
2000105I,2000120100,11.5,75.1,30.0,Depression,UNNAMED,2000
2000105I,2000120103,11.5,74.7,30.0,Depression,UNNAMED,2000
2000105I,2000120106,11.6,74.4,30.0,Depression,UNNAMED,2000
2000105I,2000120109,11.6,74.1,28.0,Depression,UNNAMED,2000
2000105I,2000120112,11.7,73.9,25.0,Depression,UNNAMED,2000
2000105I,2000120115,11.7,73.6,28.0,Depression,UNNAMED,2000
2000105I,2000120118,11.8,73.2,30.0,Depression,UNNAMED,2000
2000105I,2000120121,11.9,72.8,30.0,Depression,UNNAMED,2000
2000105I,2000120200,11.9,72.2,30.0,Depression,UNNAMED,2000
2000105I,2000120203,11.9,71.3,30.0,Depression,UNNAMED,2000
2000105I,2000120206,11.8,70.4,30.0,Depression,UNNAMED,2000
2000105I,2000120209,11.7,70.0,30.0,Depression,UNNAMED,2000
2000105I,2000120212,11.7,69.8,30.0,Depression,UNNAMED,2000
2000105I,2000120215,11.7,69.4,30.0,Depression,UNNAMED,2000
2000105I,2000120218,11.6,69.0,30.0,Depression,UNNAMED,2000
2000105I,2000120221,11.4,68.8,30.0,Depression,UNNAMED,2000
2000105I,2000120300,11.3,68.5,30.0,Depression,UNNAMED,2000
2000105I,2000120303,11.2,67.7,33.0,Depression,UNNAMED,2000
2000105I,2000120306,11.2,66.8,35.0,Cyclonic Storm,UNNAMED,2000
2000105I,2000120309,11.2,66.2,35.0,Cyclonic Storm,UNNAMED,2000
2000105I,2000120312,11.2,65.7,35.0,Cyclonic Storm,UNNAMED,2000
2000105I,2000120315,11.0,65.1,33.0,Depression,UNNAMED,2000
2000105I,2000120318,10.8,64.4,30.0,Depression,UNNAMED,2000
2000105I,2000120321,10.9,63.8,30.0,Depression,UNNAMED,2000
2000105I,2000120400,11.0,63.2,30.0,Depression,UNNAMED,2000
2000105I,2000120403,10.7,62.6,30.0,Depression,UNNAMED,2000
2000105I,2000120406,10.3,61.9,30.0,Depression,UNNAMED,2000
2000105I,2000120409,10.1,61.2,28.0,Depression,UNNAMED,2000
2000105I,2000120412,9.9,60.6,25.0,Depression,UNNAMED,2000
2000105I,2000120415,9.7,60.0,25.0,Depression,UNNAMED,2000
2000105I,2000120418,9.6,59.4,25.0,Depression,UNNAMED,2000
2000105I,2000120421,9.5,58.9,25.0,Depression,UNNAMED,2000
2000105I,2000120500,9.5,58.4,25.0,Depression,UNNAMED,2000
2000105I,2000120503,9.4,57.9,25.0,Depression,UNNAMED,2000
2000105I,2000120506,9.3,57.5,25.0,Depression,UNNAMED,2000
2000105I,2000120509,9.2,57.1,25.0,Depression,UNNAMED,2000
2000105I,2000120512,9.1,56.6,25.0,Depression,UNNAMED,2000
2000105I,2000120515,8.9,56.1,25.0,Depression,UNNAMED,2000
2000105I,2000120518,8.6,55.6,25.0,Depression,UNNAMED,2000
2000105I,2000120521,8.3,55.0,25.0,Depression,UNNAMED,2000
2000105I,2000120600,8.0,54.5,25.0,Depression,UNNAMED,2000
2000110I,2000122303,8.0,86.0,25.0,Depression,UNNAMED,2000
2000110I,2000122306,7.8,85.8,25.0,Depression,UNNAMED,2000
2000110I,2000122309,7.8,85.4,25.0,Depression,UNNAMED,2000
2000110I,2000122312,7.8,85.0,25.0,Depression,UNNAMED,2000
2000110I,2000122315,7.8,84.8,25.0,Depression,UNNAMED,2000
2000110I,2000122318,7.9,84.6,25.0,Depression,UNNAMED,2000
2000110I,2000122321,7.8,84.3,28.0,Depression,UNNAMED,2000
2000110I,2000122400,7.9,84.2,30.0,Depression,UNNAMED,2000
2000110I,2000122403,8.2,84.1,30.0,Depression,UNNAMED,2000
2000110I,2000122406,8.2,84.1,30.0,Depression,UNNAMED,2000
2000110I,2000122409,8.2,83.9,30.0,Depression,UNNAMED,2000
2000110I,2000122412,8.2,83.7,30.0,Depression,UNNAMED,2000
2000110I,2000122415,8.2,83.7,30.0,Depression,UNNAMED,2000
2000110I,2000122418,8.3,83.7,30.0,Depression,UNNAMED,2000
2000110I,2000122421,8.3,83.5,30.0,Depression,UNNAMED,2000
2000110I,2000122500,8.3,83.4,30.0,Depression,UNNAMED,2000
2000110I,2000122503,8.3,83.3,35.0,Cyclonic Storm,UNNAMED,2000
2000110I,2000122506,8.4,83.3,45.0,Cyclonic Storm,UNNAMED,2000
2000110I,2000122509,8.4,83.3,50.0,Severe Cyclonic Storm,UNNAMED,2000
2000110I,2000122512,8.4,83.2,55.0,Severe Cyclonic Storm,UNNAMED,2000
2000110I,2000122515,8.4,83.1,60.0,Severe Cyclonic Storm,UNNAMED,2000
2000110I,2000122518,8.5,83.0,65.0,Very Severe Cyclonic Storm,UNNAMED,2000
2000110I,2000122521,8.5,82.7,65.0,Very Severe Cyclonic Storm,UNNAMED,2000
2000110I,2000122600,8.6,82.4,65.0,Very Severe Cyclonic Storm,UNNAMED,2000
2000110I,2000122603,8.6,82.3,65.0,Very Severe Cyclonic Storm,UNNAMED,2000
2000110I,2000122606,8.6,81.9,77.0,Very Severe Cyclonic Storm,UNNAMED,2000
2000110I,2000122609,8.5,81.5,77.0,Very Severe Cyclonic Storm,UNNAMED,2000
2000110I,2000122612,8.5,81.0,90.0,Extremely Severe/Super Cyclone,UNNAMED,2000
2000110I,2000122615,8.5,80.8,90.0,Extremely Severe/Super Cyclone,UNNAMED,2000
2000110I,2000122618,8.4,80.7,77.0,Very Severe Cyclonic Storm,UNNAMED,2000
2000110I,2000122621,8.3,80.5,77.0,Very Severe Cyclonic Storm,UNNAMED,2000
2000110I,2000122700,8.3,80.4,77.0,Very Severe Cyclonic Storm,UNNAMED,2000
2000110I,2000122703,8.3,79.7,77.0,Very Severe Cyclonic Storm,UNNAMED,2000
2000110I,2000122706,8.3,79.4,77.0,Very Severe Cyclonic Storm,UNNAMED,2000
2000110I,2000122709,8.3,79.0,77.0,Very Severe Cyclonic Storm,UNNAMED,2000
2000110I,2000122712,8.3,78.7,65.0,Very Severe Cyclonic Storm,UNNAMED,2000
2000110I,2000122715,8.3,78.6,55.0,Severe Cyclonic Storm,UNNAMED,2000
2000110I,2000122718,8.4,78.5,55.0,Severe Cyclonic Storm,UNNAMED,2000
2000110I,2000122721,8.4,78.1,55.0,Severe Cyclonic Storm,UNNAMED,2000
2000110I,2000122800,8.4,77.8,35.0,Cyclonic Storm,UNNAMED,2000
2000110I,2000122803,8.4,77.7,35.0,Cyclonic Storm,UNNAMED,2000
2000110I,2000122806,8.5,77.3,30.0,Depression,UNNAMED,2000
2000110I,2000122809,8.7,77.0,28.0,Depression,UNNAMED,2000
2000110I,2000122812,8.9,76.7,25.0,Depression,UNNAMED,2000
200021I,2000032712,7.5,90.0,25.0,Depression,UNNAMED,2000
200021I,2000032715,8.0,89.4,25.0,Depression,UNNAMED,2000
200021I,2000032718,8.5,89.0,25.0,Depression,UNNAMED,2000
200021I,2000032721,9.0,89.0,25.0,Depression,UNNAMED,2000
200021I,2000032800,9.5,89.0,25.0,Depression,UNNAMED,2000
200021I,2000032803,10.0,88.5,25.0,Depression,UNNAMED,2000
200021I,2000032806,10.7,88.2,25.0,Depression,UNNAMED,2000
200021I,2000032809,11.5,88.0,25.0,Depression,UNNAMED,2000
200021I,2000032812,12.0,88.0,25.0,Depression,UNNAMED,2000
200021I,2000032815,12.0,88.0,25.0,Depression,UNNAMED,2000
200021I,2000032818,12.0,88.0,25.0,Depression,UNNAMED,2000
200021I,2000032821,12.2,88.0,25.0,Depression,UNNAMED,2000
200021I,2000032900,12.5,88.0,25.0,Depression,UNNAMED,2000
200021I,2000032903,13.0,88.0,30.0,Depression,UNNAMED,2000
200021I,2000032906,13.5,88.0,30.0,Depression,UNNAMED,2000
200021I,2000032909,13.7,88.2,33.0,Depression,UNNAMED,2000
200021I,2000032912,14.0,88.5,35.0,Cyclonic Storm,UNNAMED,2000
200021I,2000032915,14.5,89.0,35.0,Cyclonic Storm,UNNAMED,2000
200021I,2000032918,15.0,89.5,35.0,Cyclonic Storm,UNNAMED,2000
200021I,2000032921,15.0,89.5,45.0,Cyclonic Storm,UNNAMED,2000
200021I,2000033000,15.0,89.5,45.0,Cyclonic Storm,UNNAMED,2000
200021I,2000033003,15.5,90.0,45.0,Cyclonic Storm,UNNAMED,2000
200021I,2000033006,15.5,90.0,35.0,Cyclonic Storm,UNNAMED,2000
200021I,2000033009,15.0,90.0,30.0,Depression,UNNAMED,2000
200021I,2000033012,16.0,90.5,25.0,Depression,UNNAMED,2000
200068I,2000082303,16.5,83.5,25.0,Depression,UNNAMED,2000
200068I,2000082306,16.5,83.0,25.0,Depression,UNNAMED,2000
200068I,2000082309,16.4,82.7,25.0,Depression,UNNAMED,2000
200068I,2000082312,16.5,82.5,25.0,Depression,UNNAMED,2000
200068I,2000082315,17.0,82.4,25.0,Depression,UNNAMED,2000
200068I,2000082318,17.5,82.0,25.0,Depression,UNNAMED,2000
200068I,2000082321,17.8,81.0,25.0,Depression,UNNAMED,2000
200068I,2000082400,18.0,79.5,25.0,Depression,UNNAMED,2000
200093I,2000101418,14.7,89.0,25.0,Depression,UNNAMED,2000
200093I,2000101421,14.7,88.7,25.0,Depression,UNNAMED,2000
200093I,2000101500,14.6,88.4,25.0,Depression,UNNAMED,2000
200093I,2000101503,14.5,88.2,25.0,Depression,UNNAMED,2000
200093I,2000101506,14.5,87.8,25.0,Depression,UNNAMED,2000
200093I,2000101509,14.5,87.4,25.0,Depression,UNNAMED,2000
200093I,2000101512,14.5,87.1,25.0,Depression,UNNAMED,2000
200093I,2000101515,14.4,86.7,28.0,Depression,UNNAMED,2000
200093I,2000101518,14.4,86.5,30.0,Depression,UNNAMED,2000
200093I,2000101521,14.4,86.3,30.0,Depression,UNNAMED,2000
200093I,2000101600,14.4,86.2,30.0,Depression,UNNAMED,2000
200093I,2000101603,14.3,85.9,30.0,Depression,UNNAMED,2000
200093I,2000101606,14.3,85.5,30.0,Depression,UNNAMED,2000
200093I,2000101609,14.3,85.2,30.0,Depression,UNNAMED,2000
200093I,2000101612,14.3,85.1,30.0,Depression,UNNAMED,2000
200093I,2000101615,14.1,85.0,30.0,Depression,UNNAMED,2000
200093I,2000101618,14.0,84.9,30.0,Depression,UNNAMED,2000
200093I,2000101621,14.0,84.7,33.0,Depression,UNNAMED,2000
200093I,2000101700,14.0,84.5,35.0,Cyclonic Storm,UNNAMED,2000
200093I,2000101703,14.0,84.4,35.0,Cyclonic Storm,UNNAMED,2000
200093I,2000101706,14.0,84.3,35.0,Cyclonic Storm,UNNAMED,2000
200093I,2000101709,14.0,84.0,35.0,Cyclonic Storm,UNNAMED,2000
200093I,2000101712,14.1,84.0,35.0,Cyclonic Storm,UNNAMED,2000
200093I,2000101715,14.1,83.9,35.0,Cyclonic Storm,UNNAMED,2000
200093I,2000101718,14.2,83.9,35.0,Cyclonic Storm,UNNAMED,2000
200093I,2000101721,14.2,83.8,35.0,Cyclonic Storm,UNNAMED,2000
200093I,2000101800,14.6,83.5,35.0,Cyclonic Storm,UNNAMED,2000
200093I,2000101803,14.4,83.4,30.0,Depression,UNNAMED,2000
200093I,2000101806,14.4,83.3,30.0,Depression,UNNAMED,2000
200093I,2000101809,14.5,83.1,30.0,Depression,UNNAMED,2000
200093I,2000101812,14.5,82.9,30.0,Depression,UNNAMED,2000
200093I,2000101815,14.6,82.6,28.0,Depression,UNNAMED,2000
200093I,2000101818,14.7,82.4,25.0,Depression,UNNAMED,2000
200093I,2000101821,14.6,82.3,25.0,Depression,UNNAMED,2000
200093I,2000101900,14.5,82.1,25.0,Depression,UNNAMED,2000
200093I,2000101903,14.5,82.0,25.0,Depression,UNNAMED,2000
200093I,2000101906,14.5,82.0,25.0,Depression,UNNAMED,2000
200099I,2000102509,13.5,93.0,25.0,Depression,UNNAMED,2000
200099I,2000102512,14.0,92.5,25.0,Depression,UNNAMED,2000
200099I,2000102515,14.3,92.2,25.0,Depression,UNNAMED,2000
200099I,2000102518,14.8,91.6,25.0,Depression,UNNAMED,2000
200099I,2000102521,15.2,91.1,25.0,Depression,UNNAMED,2000
200099I,2000102600,15.6,90.6,25.0,Depression,UNNAMED,2000
200099I,2000102603,15.9,89.7,25.0,Depression,UNNAMED,2000
200099I,2000102606,16.4,89.5,25.0,Depression,UNNAMED,2000
200099I,2000102609,16.5,89.1,25.0,Depression,UNNAMED,2000
200099I,2000102612,16.5,88.7,25.0,Depression,UNNAMED,2000
200099I,2000102615,16.7,88.5,25.0,Depression,UNNAMED,2000
200099I,2000102618,17.0,88.4,25.0,Depression,UNNAMED,2000
200099I,2000102621,17.3,88.2,25.0,Depression,UNNAMED,2000
200099I,2000102700,17.7,88.1,25.0,Depression,UNNAMED,2000
200099I,2000102703,18.2,88.2,30.0,Depression,UNNAMED,2000
200099I,2000102706,18.7,88.3,30.0,Depression,UNNAMED,2000
200099I,2000102709,18.9,88.3,30.0,Depression,UNNAMED,2000
200099I,2000102712,19.3,88.4,30.0,Depression,UNNAMED,2000
200099I,2000102715,19.8,88.4,33.0,Depression,UNNAMED,2000
200099I,2000102718,20.4,88.5,35.0,Cyclonic Storm,UNNAMED,2000
200099I,2000102721,21.0,88.5,35.0,Cyclonic Storm,UNNAMED,2000
200099I,2000102800,21.6,89.0,35.0,Cyclonic Storm,UNNAMED,2000
200099I,2000102803,22.5,89.1,30.0,Depression,UNNAMED,2000
200099I,2000102806,23.1,89.6,30.0,Depression,UNNAMED,2000
200099I,2000102809,23.3,89.9,28.0,Depression,UNNAMED,2000
200099I,2000102812,23.5,90.5,25.0,Depression,UNNAMED,2000
200099I,2000102815,23.8,91.7,25.0,Depression,UNNAMED,2000
200099I,2000102818,24.0,93.0,25.0,Depression,UNNAMED,2000
200099I,2000102821,24.0,93.7,25.0,Depression,UNNAMED,2000
200099I,2000102900,24.0,94.0,25.0,Depression,UNNAMED,2000
2001104I,2001122818,2.0,99.9,25.0,Depression,VAMEI,2001
2001104I,2001122821,2.1,99.3,23.0,Depression,VAMEI,2001
2001104I,2001122900,2.3,98.7,20.0,Depression,VAMEI,2001
2001104I,2001122903,2.5,98.3,20.0,Depression,VAMEI,2001
2001104I,2001122906,2.6,97.9,20.0,Depression,VAMEI,2001
2001104I,2001122909,2.7,97.5,23.0,Depression,VAMEI,2001
2001104I,2001122912,2.8,97.1,25.0,Depression,VAMEI,2001
2001104I,2001122915,3.0,96.4,25.0,Depression,VAMEI,2001
2001104I,2001122918,3.3,95.7,25.0,Depression,VAMEI,2001
2001104I,2001122921,3.6,95.0,25.0,Depression,VAMEI,2001
2001104I,2001123000,3.8,94.3,25.0,Depression,VAMEI,2001
2001104I,2001123003,4.0,93.8,25.0,Depression,VAMEI,2001
2001104I,2001123006,4.1,93.3,25.0,Depression,VAMEI,2001
2001104I,2001123009,4.3,92.9,25.0,Depression,VAMEI,2001
2001104I,2001123012,4.4,92.5,25.0,Depression,VAMEI,2001
2001104I,2001123015,4.5,92.1,30.0,Depression,VAMEI,2001
2001104I,2001123018,4.6,91.8,35.0,Cyclonic Storm,VAMEI,2001
2001104I,2001123021,4.6,91.5,35.0,Cyclonic Storm,VAMEI,2001
2001104I,2001123100,4.6,91.2,35.0,Cyclonic Storm,VAMEI,2001
2001104I,2001123103,4.6,91.0,35.0,Cyclonic Storm,VAMEI,2001
2001104I,2001123106,4.5,90.8,35.0,Cyclonic Storm,VAMEI,2001
2001104I,2001123109,4.4,90.6,35.0,Cyclonic Storm,VAMEI,2001
2001104I,2001123112,4.2,90.5,35.0,Cyclonic Storm,VAMEI,2001
2001104I,2001123115,4.0,90.4,33.0,Depression,VAMEI,2001
2001104I,2001123118,3.8,90.3,30.0,Depression,VAMEI,2001
2001104I,2001123121,3.6,90.2,28.0,Depression,VAMEI,2001
2001104I,2002010100,3.4,90.0,25.0,Depression,VAMEI,2001
2001104I,2002010103,3.2,89.7,25.0,Depression,VAMEI,2001
2001104I,2002010106,3.0,89.3,25.0,Depression,VAMEI,2001
200123I,2001052106,13.7,68.1,25.0,Depression,UNNAMED,2001
200123I,2001052109,13.7,68.5,28.0,Depression,UNNAMED,2001
200123I,2001052112,13.7,69.0,25.0,Depression,UNNAMED,2001
200123I,2001052115,13.6,69.5,25.0,Depression,UNNAMED,2001
200123I,2001052118,13.6,69.9,25.0,Depression,UNNAMED,2001
200123I,2001052121,13.6,70.1,30.0,Depression,UNNAMED,2001
200123I,2001052200,13.9,70.8,30.0,Depression,UNNAMED,2001
200123I,2001052203,14.0,71.2,40.0,Cyclonic Storm,UNNAMED,2001
200123I,2001052206,14.1,71.4,45.0,Cyclonic Storm,UNNAMED,2001
200123I,2001052209,14.1,71.5,45.0,Cyclonic Storm,UNNAMED,2001
200123I,2001052212,14.3,71.6,45.0,Cyclonic Storm,UNNAMED,2001
200123I,2001052215,14.3,71.6,55.0,Severe Cyclonic Storm,UNNAMED,2001
200123I,2001052218,14.4,71.6,55.0,Severe Cyclonic Storm,UNNAMED,2001
200123I,2001052221,14.8,71.5,65.0,Very Severe Cyclonic Storm,UNNAMED,2001
200123I,2001052300,15.0,71.5,65.0,Very Severe Cyclonic Storm,UNNAMED,2001
200123I,2001052303,15.3,71.3,77.0,Very Severe Cyclonic Storm,UNNAMED,2001
200123I,2001052306,15.6,71.0,90.0,Extremely Severe/Super Cyclone,UNNAMED,2001
200123I,2001052309,15.9,70.8,90.0,Extremely Severe/Super Cyclone,UNNAMED,2001
200123I,2001052312,16.0,70.5,90.0,Extremely Severe/Super Cyclone,UNNAMED,2001
200123I,2001052315,16.1,70.4,90.0,Extremely Severe/Super Cyclone,UNNAMED,2001
200123I,2001052318,16.2,70.4,90.0,Extremely Severe/Super Cyclone,UNNAMED,2001
200123I,2001052321,16.3,70.0,90.0,Extremely Severe/Super Cyclone,UNNAMED,2001
200123I,2001052400,16.4,69.7,90.0,Extremely Severe/Super Cyclone,UNNAMED,2001
200123I,2001052403,16.6,69.5,102.0,Extremely Severe/Super Cyclone,UNNAMED,2001
200123I,2001052406,16.9,69.0,102.0,Extremely Severe/Super Cyclone,UNNAMED,2001
200123I,2001052409,16.9,68.5,115.0,Extremely Severe/Super Cyclone,UNNAMED,2001
200123I,2001052412,16.9,68.4,115.0,Extremely Severe/Super Cyclone,UNNAMED,2001
200123I,2001052415,16.9,68.3,115.0,Extremely Severe/Super Cyclone,UNNAMED,2001
200123I,2001052418,17.0,68.3,115.0,Extremely Severe/Super Cyclone,UNNAMED,2001
200123I,2001052421,17.0,68.0,115.0,Extremely Severe/Super Cyclone,UNNAMED,2001
200123I,2001052500,17.0,67.8,115.0,Extremely Severe/Super Cyclone,UNNAMED,2001
200123I,2001052503,17.1,68.0,102.0,Extremely Severe/Super Cyclone,UNNAMED,2001
200123I,2001052506,17.1,67.9,90.0,Extremely Severe/Super Cyclone,UNNAMED,2001
200123I,2001052509,17.1,67.8,90.0,Extremely Severe/Super Cyclone,UNNAMED,2001
200123I,2001052512,17.2,67.6,77.0,Very Severe Cyclonic Storm,UNNAMED,2001
200123I,2001052515,17.1,67.8,77.0,Very Severe Cyclonic Storm,UNNAMED,2001
200123I,2001052518,17.1,67.9,77.0,Very Severe Cyclonic Storm,UNNAMED,2001
200123I,2001052521,17.0,67.7,77.0,Very Severe Cyclonic Storm,UNNAMED,2001
200123I,2001052600,17.3,67.7,65.0,Very Severe Cyclonic Storm,UNNAMED,2001
200123I,2001052603,17.3,67.7,55.0,Severe Cyclonic Storm,UNNAMED,2001
200123I,2001052606,17.4,67.7,55.0,Severe Cyclonic Storm,UNNAMED,2001
200123I,2001052609,17.4,67.6,55.0,Severe Cyclonic Storm,UNNAMED,2001
200123I,2001052612,17.6,67.7,55.0,Severe Cyclonic Storm,UNNAMED,2001
200123I,2001052615,17.7,67.6,55.0,Severe Cyclonic Storm,UNNAMED,2001
200123I,2001052618,17.8,67.6,55.0,Severe Cyclonic Storm,UNNAMED,2001
200123I,2001052621,18.1,67.6,55.0,Severe Cyclonic Storm,UNNAMED,2001
200123I,2001052700,18.2,67.6,55.0,Severe Cyclonic Storm,UNNAMED,2001
200123I,2001052703,18.2,67.5,45.0,Cyclonic Storm,UNNAMED,2001
200123I,2001052706,18.3,67.6,45.0,Cyclonic Storm,UNNAMED,2001
200123I,2001052709,18.4,67.5,45.0,Cyclonic Storm,UNNAMED,2001
200123I,2001052712,19.0,67.6,45.0,Cyclonic Storm,UNNAMED,2001
200123I,2001052715,19.1,67.8,35.0,Cyclonic Storm,UNNAMED,2001
200123I,2001052718,19.3,67.9,35.0,Cyclonic Storm,UNNAMED,2001
200123I,2001052721,19.6,67.8,35.0,Cyclonic Storm,UNNAMED,2001
200123I,2001052800,19.7,67.9,35.0,Cyclonic Storm,UNNAMED,2001
200123I,2001052803,20.0,68.0,35.0,Cyclonic Storm,UNNAMED,2001
200123I,2001052806,20.1,68.1,35.0,Cyclonic Storm,UNNAMED,2001
200123I,2001052809,20.3,68.2,35.0,Cyclonic Storm,UNNAMED,2001
200123I,2001052812,21.0,68.5,30.0,Depression,UNNAMED,2001
200123I,2001052815,21.2,68.3,30.0,Depression,UNNAMED,2001
200123I,2001052818,21.7,68.4,25.0,Depression,UNNAMED,2001
200123I,2001052821,21.9,68.2,25.0,Depression,UNNAMED,2001
200123I,2001052900,22.1,68.0,25.0,Depression,UNNAMED,2001
200123I,2001052903,22.5,67.9,23.0,Depression,UNNAMED,2001
200123I,2001052906,22.8,68.2,20.0,Depression,UNNAMED,2001
200123I,2001052909,23.1,68.5,38.0,Cyclonic Storm,UNNAMED,2001
200123I,2001052912,23.4,68.8,55.0,Severe Cyclonic Storm,UNNAMED,2001
200126I,2001061203,19.5,87.0,25.0,Depression,UNNAMED,2001
200126I,2001061206,19.6,86.8,25.0,Depression,UNNAMED,2001
200126I,2001061209,19.8,86.7,25.0,Depression,UNNAMED,2001
200126I,2001061212,20.0,86.5,25.0,Depression,UNNAMED,2001
200126I,2001061303,21.0,85.5,25.0,Depression,UNNAMED,2001
200126I,2001061306,20.9,85.3,25.0,Depression,UNNAMED,2001
200126I,2001061309,21.0,85.0,25.0,Depression,UNNAMED,2001
200172I,2001092400,16.6,69.8,25.0,Depression,UNNAMED,2001
200172I,2001092403,16.6,69.7,25.0,Depression,UNNAMED,2001
200172I,2001092406,16.7,69.5,25.0,Depression,UNNAMED,2001
200172I,2001092409,16.8,69.4,25.0,Depression,UNNAMED,2001
200172I,2001092412,16.9,69.3,25.0,Depression,UNNAMED,2001
200172I,2001092415,16.9,69.1,28.0,Depression,UNNAMED,2001
200172I,2001092418,16.9,69.0,30.0,Depression,UNNAMED,2001
200172I,2001092421,16.9,68.9,30.0,Depression,UNNAMED,2001
200172I,2001092500,17.0,68.9,30.0,Depression,UNNAMED,2001
200172I,2001092503,17.0,68.5,30.0,Depression,UNNAMED,2001
200172I,2001092506,17.1,68.2,30.0,Depression,UNNAMED,2001
200172I,2001092509,17.1,68.1,30.0,Depression,UNNAMED,2001
200172I,2001092512,17.2,68.1,35.0,Cyclonic Storm,UNNAMED,2001
200172I,2001092515,17.2,68.0,35.0,Cyclonic Storm,UNNAMED,2001
200172I,2001092518,17.3,67.9,35.0,Cyclonic Storm,UNNAMED,2001
200172I,2001092521,17.3,68.2,35.0,Cyclonic Storm,UNNAMED,2001
200172I,2001092600,17.4,67.6,35.0,Cyclonic Storm,UNNAMED,2001
200172I,2001092603,18.0,67.2,35.0,Cyclonic Storm,UNNAMED,2001
200172I,2001092606,17.9,66.8,35.0,Cyclonic Storm,UNNAMED,2001
200172I,2001092609,18.2,66.4,35.0,Cyclonic Storm,UNNAMED,2001
200172I,2001092612,18.4,66.0,35.0,Cyclonic Storm,UNNAMED,2001
200172I,2001092615,18.6,65.8,35.0,Cyclonic Storm,UNNAMED,2001
200172I,2001092618,18.6,65.3,35.0,Cyclonic Storm,UNNAMED,2001
200172I,2001092621,18.6,65.1,35.0,Cyclonic Storm,UNNAMED,2001
200172I,2001092700,18.7,64.7,35.0,Cyclonic Storm,UNNAMED,2001
200172I,2001092703,18.7,64.0,35.0,Cyclonic Storm,UNNAMED,2001
200172I,2001092706,18.7,63.8,35.0,Cyclonic Storm,UNNAMED,2001
200172I,2001092709,18.7,63.5,33.0,Depression,UNNAMED,2001
200172I,2001092712,18.8,63.3,30.0,Depression,UNNAMED,2001
200172I,2001092715,18.8,63.0,30.0,Depression,UNNAMED,2001
200172I,2001092718,18.9,62.7,30.0,Depression,UNNAMED,2001
200172I,2001092721,19.0,62.3,25.0,Depression,UNNAMED,2001
200172I,2001092800,19.2,62.0,20.0,Depression,UNNAMED,2001
200172I,2001092803,19.2,61.7,20.0,Depression,UNNAMED,2001
200172I,2001092806,19.2,61.5,20.0,Depression,UNNAMED,2001
200172I,2001092809,19.3,61.3,20.0,Depression,UNNAMED,2001
200172I,2001092812,19.4,61.1,20.0,Depression,UNNAMED,2001
200179I,2001100806,17.7,70.8,25.0,Depression,UNNAMED,2001
200179I,2001100809,17.8,70.5,25.0,Depression,UNNAMED,2001
200179I,2001100812,17.9,70.2,25.0,Depression,UNNAMED,2001
200179I,2001100815,18.0,70.0,25.0,Depression,UNNAMED,2001
200179I,2001100818,18.1,69.8,25.0,Depression,UNNAMED,2001
200179I,2001100821,18.2,69.9,25.0,Depression,UNNAMED,2001
200179I,2001100900,18.4,69.8,25.0,Depression,UNNAMED,2001
200179I,2001100903,18.5,69.7,30.0,Depression,UNNAMED,2001
200179I,2001100906,18.6,69.2,30.0,Depression,UNNAMED,2001
200179I,2001100909,18.8,68.8,35.0,Cyclonic Storm,UNNAMED,2001
200179I,2001100912,18.8,68.4,30.0,Depression,UNNAMED,2001
200179I,2001100915,18.7,68.3,35.0,Cyclonic Storm,UNNAMED,2001
200179I,2001100918,18.7,68.0,35.0,Cyclonic Storm,UNNAMED,2001
200179I,2001100921,18.6,67.9,35.0,Cyclonic Storm,UNNAMED,2001
200179I,2001101000,18.5,67.8,35.0,Cyclonic Storm,UNNAMED,2001
200179I,2001101003,18.3,67.8,30.0,Depression,UNNAMED,2001
200179I,2001101006,18.2,67.8,30.0,Depression,UNNAMED,2001
200179I,2001101009,18.1,67.7,25.0,Depression,UNNAMED,2001
200179I,2001101012,18.1,67.7,20.0,Depression,UNNAMED,2001
200179I,2001101015,18.4,67.6,23.0,Depression,UNNAMED,2001
200179I,2001101018,18.6,67.5,25.0,Depression,UNNAMED,2001
200179I,2001101021,18.6,67.3,25.0,Depression,UNNAMED,2001
200179I,2001101100,18.6,67.0,25.0,Depression,UNNAMED,2001
200179I,2001101103,18.7,66.7,25.0,Depression,UNNAMED,2001
200179I,2001101106,18.7,66.4,25.0,Depression,UNNAMED,2001
200179I,2001101109,18.7,66.2,20.0,Depression,UNNAMED,2001
200179I,2001101112,18.7,66.1,15.0,Depression,UNNAMED,2001
200179I,2001101115,18.7,66.1,18.0,Depression,UNNAMED,2001
200179I,2001101118,18.8,66.1,20.0,Depression,UNNAMED,2001
200179I,2001101121,18.9,66.1,20.0,Depression,UNNAMED,2001
200179I,2001101200,18.9,66.2,20.0,Depression,UNNAMED,2001
200179I,2001101203,18.9,66.3,20.0,Depression,UNNAMED,2001
200179I,2001101206,19.0,66.3,20.0,Depression,UNNAMED,2001
200179I,2001101209,19.1,66.3,20.0,Depression,UNNAMED,2001
200179I,2001101212,19.3,66.3,20.0,Depression,UNNAMED,2001
200179I,2001101215,19.5,66.3,20.0,Depression,UNNAMED,2001
200179I,2001101218,19.6,66.2,20.0,Depression,UNNAMED,2001
200179I,2001101221,19.7,66.1,20.0,Depression,UNNAMED,2001
200179I,2001101300,19.8,65.8,20.0,Depression,UNNAMED,2001
200179I,2001101303,19.9,65.4,20.0,Depression,UNNAMED,2001
200179I,2001101306,20.0,65.0,20.0,Depression,UNNAMED,2001
200183I,2001101412,13.5,84.0,25.0,Depression,UNNAMED,2001
200183I,2001101415,13.5,83.4,25.0,Depression,UNNAMED,2001
200183I,2001101418,13.5,83.0,25.0,Depression,UNNAMED,2001
200183I,2001101421,13.5,83.0,25.0,Depression,UNNAMED,2001
200183I,2001101500,13.5,83.0,25.0,Depression,UNNAMED,2001
200183I,2001101503,13.5,82.5,25.0,Depression,UNNAMED,2001
200183I,2001101506,13.5,82.0,25.0,Depression,UNNAMED,2001
200183I,2001101509,13.5,81.5,30.0,Depression,UNNAMED,2001
200183I,2001101512,13.7,81.0,35.0,Cyclonic Storm,UNNAMED,2001
200183I,2001101515,14.0,80.5,35.0,Cyclonic Storm,UNNAMED,2001
200183I,2001101518,14.0,80.0,35.0,Cyclonic Storm,UNNAMED,2001
200183I,2001101521,14.0,80.0,35.0,Cyclonic Storm,UNNAMED,2001
200183I,2001101600,14.0,79.5,35.0,Cyclonic Storm,UNNAMED,2001
200183I,2001101603,14.0,79.5,35.0,Cyclonic Storm,UNNAMED,2001
200183I,2001101606,14.0,79.5,35.0,Cyclonic Storm,UNNAMED,2001
200183I,2001101609,14.5,79.5,35.0,Cyclonic Storm,UNNAMED,2001
200183I,2001101612,14.5,79.5,30.0,Depression,UNNAMED,2001
200183I,2001101615,14.7,79.3,28.0,Depression,UNNAMED,2001
200183I,2001101618,15.0,79.0,25.0,Depression,UNNAMED,2001
200192I,2001110900,12.0,83.6,25.0,Depression,UNNAMED,2001
200192I,2001110903,12.5,83.3,25.0,Depression,UNNAMED,2001
200192I,2001110906,12.9,83.0,25.0,Depression,UNNAMED,2001
200192I,2001110909,13.1,82.8,25.0,Depression,UNNAMED,2001
200192I,2001110912,13.2,82.7,25.0,Depression,UNNAMED,2001
200192I,2001110915,13.4,82.5,25.0,Depression,UNNAMED,2001
200192I,2001110918,13.6,82.4,25.0,Depression,UNNAMED,2001
200192I,2001110921,13.7,82.3,25.0,Depression,UNNAMED,2001
200192I,2001111000,13.8,82.2,25.0,Depression,UNNAMED,2001
200192I,2001111003,13.9,82.1,25.0,Depression,UNNAMED,2001
200192I,2001111006,14.1,82.1,25.0,Depression,UNNAMED,2001
200192I,2001111009,14.2,82.1,28.0,Depression,UNNAMED,2001
200192I,2001111012,14.4,82.1,30.0,Depression,UNNAMED,2001
200192I,2001111015,14.6,82.1,30.0,Depression,UNNAMED,2001
200192I,2001111018,14.8,82.2,30.0,Depression,UNNAMED,2001
200192I,2001111021,15.0,82.4,30.0,Depression,UNNAMED,2001
200192I,2001111100,15.1,82.7,30.0,Depression,UNNAMED,2001
200192I,2001111103,15.3,83.0,25.0,Depression,UNNAMED,2001
200192I,2001111106,15.4,83.4,25.0,Depression,UNNAMED,2001
200192I,2001111109,15.5,83.8,25.0,Depression,UNNAMED,2001
200192I,2001111112,15.6,84.2,25.0,Depression,UNNAMED,2001
200192I,2001111115,15.8,84.6,25.0,Depression,UNNAMED,2001
200192I,2001111118,16.0,84.9,25.0,Depression,UNNAMED,2001
200192I,2001111121,16.3,85.2,25.0,Depression,UNNAMED,2001
200192I,2001111200,16.6,85.5,25.0,Depression,UNNAMED,2001
200192I,2001111203,16.9,85.6,25.0,Depression,UNNAMED,2001
200192I,2001111206,17.3,85.7,20.0,Depression,UNNAMED,2001
200222I,2002050518,8.6,67.7,25.0,Depression,UNNAMED,2002
200222I,2002050521,8.6,67.5,25.0,Depression,UNNAMED,2002
200222I,2002050600,8.7,67.2,25.0,Depression,UNNAMED,2002
200222I,2002050603,9.3,66.9,25.0,Depression,UNNAMED,2002
200222I,2002050606,10.0,66.5,25.0,Depression,UNNAMED,2002
200222I,2002050609,10.6,66.2,25.0,Depression,UNNAMED,2002
200222I,2002050612,11.2,66.0,25.0,Depression,UNNAMED,2002
200222I,2002050615,11.4,65.8,25.0,Depression,UNNAMED,2002
200222I,2002050618,11.8,65.6,25.0,Depression,UNNAMED,2002
200222I,2002050621,12.2,65.3,25.0,Depression,UNNAMED,2002
200222I,2002050700,12.7,64.9,25.0,Depression,UNNAMED,2002
200222I,2002050703,13.0,64.4,30.0,Depression,UNNAMED,2002
200222I,2002050706,13.1,64.0,30.0,Depression,UNNAMED,2002
200222I,2002050709,13.1,63.6,30.0,Depression,UNNAMED,2002
200222I,2002050712,13.1,63.2,30.0,Depression,UNNAMED,2002
200222I,2002050715,13.0,62.8,30.0,Depression,UNNAMED,2002
200222I,2002050718,13.1,62.6,30.0,Depression,UNNAMED,2002
200222I,2002050721,13.1,62.5,30.0,Depression,UNNAMED,2002
200222I,2002050800,13.2,62.3,30.0,Depression,UNNAMED,2002
200222I,2002050803,13.3,61.8,25.0,Depression,UNNAMED,2002
200222I,2002050806,13.4,61.3,25.0,Depression,UNNAMED,2002
200222I,2002050809,13.4,61.0,25.0,Depression,UNNAMED,2002
200222I,2002050812,13.5,60.7,25.0,Depression,UNNAMED,2002
200222I,2002050815,13.7,60.4,25.0,Depression,UNNAMED,2002
200222I,2002050818,13.9,60.1,25.0,Depression,UNNAMED,2002
200222I,2002050821,14.0,59.6,25.0,Depression,UNNAMED,2002
200222I,2002050900,14.1,59.4,25.0,Depression,UNNAMED,2002
200222I,2002050903,14.2,58.9,30.0,Depression,UNNAMED,2002
200222I,2002050906,14.6,58.1,35.0,Cyclonic Storm,UNNAMED,2002
200222I,2002050909,14.7,57.6,35.0,Cyclonic Storm,UNNAMED,2002
200222I,2002050912,15.0,56.8,35.0,Cyclonic Storm,UNNAMED,2002
200222I,2002050915,15.1,56.2,35.0,Cyclonic Storm,UNNAMED,2002
200222I,2002050918,15.4,55.7,35.0,Cyclonic Storm,UNNAMED,2002
200222I,2002050921,15.5,54.9,35.0,Cyclonic Storm,UNNAMED,2002
200222I,2002051000,15.8,54.4,35.0,Cyclonic Storm,UNNAMED,2002
200222I,2002051003,15.9,54.0,35.0,Cyclonic Storm,UNNAMED,2002
200222I,2002051006,16.1,53.8,35.0,Cyclonic Storm,UNNAMED,2002
200222I,2002051009,16.2,53.5,38.0,Cyclonic Storm,UNNAMED,2002
200222I,2002051012,16.5,53.3,35.0,Cyclonic Storm,UNNAMED,2002
200222I,2002051015,16.9,53.2,33.0,Depression,UNNAMED,2002
200222I,2002051018,17.4,53.1,30.0,Depression,UNNAMED,2002
200224I,2002050906,8.4,95.5,25.0,Depression,UNNAMED,2002
200224I,2002050909,8.7,95.3,28.0,Depression,UNNAMED,2002
200224I,2002050912,8.9,95.1,30.0,Depression,UNNAMED,2002
200224I,2002050915,9.1,95.1,30.0,Depression,UNNAMED,2002
200224I,2002050918,9.4,95.1,30.0,Depression,UNNAMED,2002
200224I,2002050921,9.6,95.1,30.0,Depression,UNNAMED,2002
200224I,2002051000,9.9,95.1,30.0,Depression,UNNAMED,2002
200224I,2002051003,10.2,95.2,30.0,Depression,UNNAMED,2002
200224I,2002051006,10.5,95.3,30.0,Depression,UNNAMED,2002
200224I,2002051009,10.8,95.4,33.0,Depression,UNNAMED,2002
200224I,2002051012,11.0,95.5,35.0,Cyclonic Storm,UNNAMED,2002
200224I,2002051015,11.2,95.5,35.0,Cyclonic Storm,UNNAMED,2002
200224I,2002051018,11.5,95.5,35.0,Cyclonic Storm,UNNAMED,2002
200224I,2002051021,11.8,95.5,35.0,Cyclonic Storm,UNNAMED,2002
200224I,2002051100,12.1,95.4,35.0,Cyclonic Storm,UNNAMED,2002
200224I,2002051103,12.4,95.5,25.0,Depression,UNNAMED,2002
200224I,2002051106,12.9,95.8,25.0,Depression,UNNAMED,2002
200224I,2002051109,13.6,95.9,28.0,Depression,UNNAMED,2002
200224I,2002051112,14.3,96.0,30.0,Depression,UNNAMED,2002
200224I,2002051115,14.8,96.1,30.0,Depression,UNNAMED,2002
200224I,2002051118,15.4,96.2,30.0,Depression,UNNAMED,2002
200224I,2002051121,15.8,96.2,30.0,Depression,UNNAMED,2002
200224I,2002051200,16.5,96.3,30.0,Depression,UNNAMED,2002
200224I,2002051203,17.6,96.5,30.0,Depression,UNNAMED,2002
200224I,2002051206,18.3,96.6,25.0,Depression,UNNAMED,2002
200224I,2002051209,18.8,97.0,20.0,Depression,UNNAMED,2002
200224I,2002051212,19.2,97.4,15.0,Depression,UNNAMED,2002
200283I,2002102209,13.5,81.5,25.0,Depression,UNNAMED,2002
200283I,2002102212,13.5,81.5,25.0,Depression,UNNAMED,2002
200283I,2002102215,13.7,81.5,25.0,Depression,UNNAMED,2002
200283I,2002102218,14.0,81.5,25.0,Depression,UNNAMED,2002
200283I,2002102221,14.1,81.5,25.0,Depression,UNNAMED,2002
200283I,2002102300,14.0,81.5,25.0,Depression,UNNAMED,2002
200283I,2002102303,14.0,81.5,25.0,Depression,UNNAMED,2002
200283I,2002102306,14.0,81.5,25.0,Depression,UNNAMED,2002
200283I,2002102309,14.0,81.5,25.0,Depression,UNNAMED,2002
200283I,2002102312,14.0,81.5,25.0,Depression,UNNAMED,2002
200283I,2002102315,14.0,81.5,25.0,Depression,UNNAMED,2002
200283I,2002102318,14.0,81.5,25.0,Depression,UNNAMED,2002
200288I,2002110918,11.7,82.5,25.0,Depression,UNNAMED,2002
200288I,2002110921,11.8,82.5,25.0,Depression,UNNAMED,2002
200288I,2002111000,11.9,82.5,25.0,Depression,UNNAMED,2002
200288I,2002111003,12.0,82.5,25.0,Depression,UNNAMED,2002
200288I,2002111006,12.1,82.5,25.0,Depression,UNNAMED,2002
200288I,2002111009,12.1,82.5,28.0,Depression,UNNAMED,2002
200288I,2002111012,12.3,82.6,30.0,Depression,UNNAMED,2002
200288I,2002111015,12.5,82.6,30.0,Depression,UNNAMED,2002
200288I,2002111018,12.8,82.7,30.0,Depression,UNNAMED,2002
200288I,2002111021,13.2,82.8,30.0,Depression,UNNAMED,2002
200288I,2002111100,13.6,83.0,30.0,Depression,UNNAMED,2002
200288I,2002111103,14.0,83.4,30.0,Depression,UNNAMED,2002
200288I,2002111106,14.4,83.9,30.0,Depression,UNNAMED,2002
200288I,2002111109,14.9,84.3,30.0,Depression,UNNAMED,2002
200288I,2002111112,15.7,84.8,45.0,Cyclonic Storm,UNNAMED,2002
200288I,2002111115,15.9,84.7,45.0,Cyclonic Storm,UNNAMED,2002
200288I,2002111118,16.3,84.8,45.0,Cyclonic Storm,UNNAMED,2002
200288I,2002111121,16.8,85.0,45.0,Cyclonic Storm,UNNAMED,2002
200288I,2002111200,18.4,86.4,45.0,Cyclonic Storm,UNNAMED,2002
200288I,2002111203,19.6,86.9,45.0,Cyclonic Storm,UNNAMED,2002
200288I,2002111206,20.9,87.5,55.0,Severe Cyclonic Storm,UNNAMED,2002
200288I,2002111209,22.3,88.4,43.0,Cyclonic Storm,UNNAMED,2002
200288I,2002111212,23.7,89.7,30.0,Depression,UNNAMED,2002
200292I,2002112218,9.5,88.8,25.0,Depression,UNNAMED,2002
200292I,2002112221,9.8,88.7,25.0,Depression,UNNAMED,2002
200292I,2002112300,10.1,88.7,25.0,Depression,UNNAMED,2002
200292I,2002112303,10.3,88.4,25.0,Depression,UNNAMED,2002
200292I,2002112306,10.6,88.1,25.0,Depression,UNNAMED,2002
200292I,2002112309,11.2,88.0,25.0,Depression,UNNAMED,2002
200292I,2002112312,11.8,87.9,25.0,Depression,UNNAMED,2002
200292I,2002112315,12.1,87.8,28.0,Depression,UNNAMED,2002
200292I,2002112318,12.4,87.9,30.0,Depression,UNNAMED,2002
200292I,2002112321,12.7,88.1,30.0,Depression,UNNAMED,2002
200292I,2002112400,13.2,88.1,30.0,Depression,UNNAMED,2002
200292I,2002112403,13.4,88.0,35.0,Cyclonic Storm,UNNAMED,2002
200292I,2002112406,13.8,88.0,35.0,Cyclonic Storm,UNNAMED,2002
200292I,2002112409,14.1,88.0,35.0,Cyclonic Storm,UNNAMED,2002
200292I,2002112412,14.7,88.2,35.0,Cyclonic Storm,UNNAMED,2002
200292I,2002112415,14.8,88.2,35.0,Cyclonic Storm,UNNAMED,2002
200292I,2002112418,14.8,88.2,35.0,Cyclonic Storm,UNNAMED,2002
200292I,2002112421,15.0,88.1,35.0,Cyclonic Storm,UNNAMED,2002
200292I,2002112500,15.2,88.1,35.0,Cyclonic Storm,UNNAMED,2002
200292I,2002112503,15.2,88.0,35.0,Cyclonic Storm,UNNAMED,2002
200292I,2002112506,15.3,88.0,35.0,Cyclonic Storm,UNNAMED,2002
200292I,2002112509,15.4,87.9,35.0,Cyclonic Storm,UNNAMED,2002
200292I,2002112512,15.4,87.9,35.0,Cyclonic Storm,UNNAMED,2002
200292I,2002112515,15.5,88.0,35.0,Cyclonic Storm,UNNAMED,2002
200292I,2002112518,15.5,88.0,35.0,Cyclonic Storm,UNNAMED,2002
200292I,2002112521,15.8,88.0,35.0,Cyclonic Storm,UNNAMED,2002
200292I,2002112600,16.0,88.0,35.0,Cyclonic Storm,UNNAMED,2002
200292I,2002112603,16.0,88.0,35.0,Cyclonic Storm,UNNAMED,2002
200292I,2002112606,16.0,88.0,35.0,Cyclonic Storm,UNNAMED,2002
200292I,2002112609,16.0,88.0,35.0,Cyclonic Storm,UNNAMED,2002
200292I,2002112612,16.5,88.5,35.0,Cyclonic Storm,UNNAMED,2002
200292I,2002112615,16.5,89.0,35.0,Cyclonic Storm,UNNAMED,2002
200292I,2002112618,16.5,89.5,35.0,Cyclonic Storm,UNNAMED,2002
200292I,2002112621,16.5,89.5,35.0,Cyclonic Storm,UNNAMED,2002
200292I,2002112700,16.5,90.0,35.0,Cyclonic Storm,UNNAMED,2002
200292I,2002112703,17.0,90.0,35.0,Cyclonic Storm,UNNAMED,2002
200292I,2002112706,17.0,90.5,35.0,Cyclonic Storm,UNNAMED,2002
200292I,2002112709,17.1,90.8,33.0,Depression,UNNAMED,2002
200292I,2002112712,17.2,91.0,30.0,Depression,UNNAMED,2002
200292I,2002112715,17.4,91.0,28.0,Depression,UNNAMED,2002
200292I,2002112718,17.5,91.0,25.0,Depression,UNNAMED,2002
200292I,2002112721,17.5,90.9,25.0,Depression,UNNAMED,2002
200292I,2002112800,17.5,91.0,25.0,Depression,UNNAMED,2002
200292I,2002112803,17.5,91.5,25.0,Depression,UNNAMED,2002
200292I,2002112806,17.5,91.5,25.0,Depression,UNNAMED,2002
200292I,2002112809,17.7,91.7,25.0,Depression,UNNAMED,2002
200292I,2002112812,18.0,92.0,25.0,Depression,UNNAMED,2002
200295I,2002122103,4.0,77.0,25.0,Depression,UNNAMED,2002
200295I,2002122106,1.9,78.7,25.0,Depression,UNNAMED,2002
200295I,2002122109,2.0,78.8,25.0,Depression,UNNAMED,2002
200295I,2002122112,2.2,78.9,25.0,Depression,UNNAMED,2002
200295I,2002122115,2.4,79.1,25.0,Depression,UNNAMED,2002
200295I,2002122118,2.6,79.4,25.0,Depression,UNNAMED,2002
200295I,2002122121,2.8,79.7,25.0,Depression,UNNAMED,2002
200295I,2002122200,3.0,79.9,25.0,Depression,UNNAMED,2002
200295I,2002122203,3.2,80.2,25.0,Depression,UNNAMED,2002
200295I,2002122206,3.4,80.4,25.0,Depression,UNNAMED,2002
200295I,2002122209,3.5,80.5,25.0,Depression,UNNAMED,2002
200295I,2002122212,3.7,80.4,25.0,Depression,UNNAMED,2002
200295I,2002122215,3.9,80.4,25.0,Depression,UNNAMED,2002
200295I,2002122218,4.0,80.4,25.0,Depression,UNNAMED,2002
200295I,2002122221,4.1,80.5,25.0,Depression,UNNAMED,2002
200295I,2002122300,4.2,80.7,25.0,Depression,UNNAMED,2002
200295I,2002122303,4.3,80.7,25.0,Depression,UNNAMED,2002
200295I,2002122306,4.3,80.8,25.0,Depression,UNNAMED,2002
200295I,2002122309,4.6,81.0,25.0,Depression,UNNAMED,2002
200295I,2002122312,4.9,81.2,25.0,Depression,UNNAMED,2002
200295I,2002122315,5.0,81.4,28.0,Depression,UNNAMED,2002
200295I,2002122318,5.1,81.5,30.0,Depression,UNNAMED,2002
200295I,2002122321,5.1,81.6,30.0,Depression,UNNAMED,2002
200295I,2002122400,5.3,81.8,30.0,Depression,UNNAMED,2002
200295I,2002122403,5.6,82.2,35.0,Cyclonic Storm,UNNAMED,2002
200295I,2002122406,5.7,82.4,35.0,Cyclonic Storm,UNNAMED,2002
200295I,2002122409,6.0,82.8,35.0,Cyclonic Storm,UNNAMED,2002
200295I,2002122412,6.1,83.0,35.0,Cyclonic Storm,UNNAMED,2002
200295I,2002122415,6.5,83.4,35.0,Cyclonic Storm,UNNAMED,2002
200295I,2002122418,6.6,83.6,35.0,Cyclonic Storm,UNNAMED,2002
200295I,2002122421,6.7,83.7,35.0,Cyclonic Storm,UNNAMED,2002
200295I,2002122500,7.1,84.3,35.0,Cyclonic Storm,UNNAMED,2002
200295I,2002122503,7.2,84.4,30.0,Depression,UNNAMED,2002
200295I,2002122506,7.3,85.1,30.0,Depression,UNNAMED,2002
200295I,2002122509,7.6,85.7,28.0,Depression,UNNAMED,2002
200295I,2002122512,7.8,86.1,25.0,Depression,UNNAMED,2002
200295I,2002122515,7.9,86.3,25.0,Depression,UNNAMED,2002
200295I,2002122518,8.2,86.7,30.0,Depression,UNNAMED,2002
2003100I,2003121106,4.5,91.7,25.0,Depression,UNNAMED,2003
2003100I,2003121109,4.7,91.2,25.0,Depression,UNNAMED,2003
2003100I,2003121112,4.9,90.7,25.0,Depression,UNNAMED,2003
2003100I,2003121115,5.1,90.2,25.0,Depression,UNNAMED,2003
2003100I,2003121118,5.3,89.9,25.0,Depression,UNNAMED,2003
2003100I,2003121121,5.6,89.5,25.0,Depression,UNNAMED,2003
2003100I,2003121200,6.0,89.2,25.0,Depression,UNNAMED,2003
2003100I,2003121203,6.4,89.0,25.0,Depression,UNNAMED,2003
2003100I,2003121206,6.9,88.8,25.0,Depression,UNNAMED,2003
2003100I,2003121209,7.3,88.6,25.0,Depression,UNNAMED,2003
2003100I,2003121212,7.6,88.4,25.0,Depression,UNNAMED,2003
2003100I,2003121215,7.9,88.2,28.0,Depression,UNNAMED,2003
2003100I,2003121218,8.1,88.1,30.0,Depression,UNNAMED,2003
2003100I,2003121221,8.3,88.0,30.0,Depression,UNNAMED,2003
2003100I,2003121300,8.4,87.8,30.0,Depression,UNNAMED,2003
2003100I,2003121303,8.6,87.7,30.0,Depression,UNNAMED,2003
2003100I,2003121306,8.7,87.4,32.0,Depression,UNNAMED,2003
2003100I,2003121309,8.9,87.1,33.0,Depression,UNNAMED,2003
2003100I,2003121312,9.2,86.9,35.0,Cyclonic Storm,UNNAMED,2003
2003100I,2003121315,9.5,86.7,35.0,Cyclonic Storm,UNNAMED,2003
2003100I,2003121318,9.7,86.6,35.0,Cyclonic Storm,UNNAMED,2003
2003100I,2003121321,10.1,86.2,35.0,Cyclonic Storm,UNNAMED,2003
2003100I,2003121400,10.3,85.8,35.0,Cyclonic Storm,UNNAMED,2003
2003100I,2003121403,10.7,85.1,45.0,Cyclonic Storm,UNNAMED,2003
2003100I,2003121406,10.9,84.9,45.0,Cyclonic Storm,UNNAMED,2003
2003100I,2003121409,11.3,84.4,45.0,Cyclonic Storm,UNNAMED,2003
2003100I,2003121412,11.7,83.8,55.0,Severe Cyclonic Storm,UNNAMED,2003
2003100I,2003121415,12.2,83.3,55.0,Severe Cyclonic Storm,UNNAMED,2003
2003100I,2003121418,12.6,82.9,55.0,Severe Cyclonic Storm,UNNAMED,2003
2003100I,2003121421,13.2,82.5,55.0,Severe Cyclonic Storm,UNNAMED,2003
2003100I,2003121500,13.7,82.0,55.0,Severe Cyclonic Storm,UNNAMED,2003
2003100I,2003121503,14.1,81.7,55.0,Severe Cyclonic Storm,UNNAMED,2003
2003100I,2003121506,14.5,81.5,55.0,Severe Cyclonic Storm,UNNAMED,2003
2003100I,2003121509,15.1,81.1,55.0,Severe Cyclonic Storm,UNNAMED,2003
2003100I,2003121512,15.6,81.1,55.0,Severe Cyclonic Storm,UNNAMED,2003
2003100I,2003121515,15.9,81.0,55.0,Severe Cyclonic Storm,UNNAMED,2003
2003100I,2003121518,16.3,81.1,55.0,Severe Cyclonic Storm,UNNAMED,2003
2003100I,2003121521,16.8,81.1,43.0,Cyclonic Storm,UNNAMED,2003
2003100I,2003121600,17.3,81.1,35.0,Cyclonic Storm,UNNAMED,2003
2003100I,2003121603,17.4,81.1,33.0,Depression,UNNAMED,2003
2003100I,2003121606,17.7,81.5,30.0,Depression,UNNAMED,2003
200327I,2003050812,5.0,91.3,15.0,Depression,UNNAMED,2003
200327I,2003050815,4.9,91.3,18.0,Depression,UNNAMED,2003
200327I,2003050818,4.8,91.2,20.0,Depression,UNNAMED,2003
200327I,2003050821,4.7,91.2,20.0,Depression,UNNAMED,2003
200327I,2003050900,4.5,91.1,20.0,Depression,UNNAMED,2003
200327I,2003050903,4.3,91.1,23.0,Depression,UNNAMED,2003
200327I,2003050906,4.2,91.0,25.0,Depression,UNNAMED,2003
200327I,2003050909,4.2,90.9,25.0,Depression,UNNAMED,2003
200327I,2003050912,4.4,90.7,25.0,Depression,UNNAMED,2003
200327I,2003050915,4.7,90.5,25.0,Depression,UNNAMED,2003
200327I,2003050918,5.1,90.4,25.0,Depression,UNNAMED,2003
200327I,2003050921,5.5,90.3,25.0,Depression,UNNAMED,2003
200327I,2003051000,6.0,90.2,25.0,Depression,UNNAMED,2003
200327I,2003051003,6.4,90.2,25.0,Depression,UNNAMED,2003
200327I,2003051006,6.6,90.1,25.0,Depression,UNNAMED,2003
200327I,2003051009,7.2,90.1,25.0,Depression,UNNAMED,2003
200327I,2003051012,7.9,89.5,30.0,Depression,UNNAMED,2003
200327I,2003051015,8.1,89.3,30.0,Depression,UNNAMED,2003
200327I,2003051018,8.6,88.9,30.0,Depression,UNNAMED,2003
200327I,2003051021,8.8,88.7,30.0,Depression,UNNAMED,2003
200327I,2003051100,9.3,88.3,35.0,Cyclonic Storm,UNNAMED,2003
200327I,2003051103,9.8,87.6,35.0,Cyclonic Storm,UNNAMED,2003
200327I,2003051106,10.2,87.2,35.0,Cyclonic Storm,UNNAMED,2003
200327I,2003051109,10.3,87.0,45.0,Cyclonic Storm,UNNAMED,2003
200327I,2003051112,10.6,86.7,55.0,Severe Cyclonic Storm,UNNAMED,2003
200327I,2003051115,10.6,86.5,55.0,Severe Cyclonic Storm,UNNAMED,2003
200327I,2003051118,10.9,86.2,55.0,Severe Cyclonic Storm,UNNAMED,2003
200327I,2003051121,10.8,86.2,55.0,Severe Cyclonic Storm,UNNAMED,2003
200327I,2003051200,10.7,86.2,55.0,Severe Cyclonic Storm,UNNAMED,2003
200327I,2003051203,10.8,86.2,55.0,Severe Cyclonic Storm,UNNAMED,2003
200327I,2003051206,11.0,86.2,55.0,Severe Cyclonic Storm,UNNAMED,2003
200327I,2003051209,11.1,86.3,55.0,Severe Cyclonic Storm,UNNAMED,2003
200327I,2003051212,11.4,86.1,55.0,Severe Cyclonic Storm,UNNAMED,2003
200327I,2003051215,11.5,86.2,55.0,Severe Cyclonic Storm,UNNAMED,2003
200327I,2003051218,11.7,86.2,65.0,Very Severe Cyclonic Storm,UNNAMED,2003
200327I,2003051221,11.8,86.1,65.0,Very Severe Cyclonic Storm,UNNAMED,2003
200327I,2003051300,11.9,86.0,65.0,Very Severe Cyclonic Storm,UNNAMED,2003
200327I,2003051303,12.2,85.6,65.0,Very Severe Cyclonic Storm,UNNAMED,2003
200327I,2003051306,12.5,85.6,75.0,Very Severe Cyclonic Storm,UNNAMED,2003
200327I,2003051309,12.6,85.5,75.0,Very Severe Cyclonic Storm,UNNAMED,2003
200327I,2003051312,12.7,85.5,65.0,Very Severe Cyclonic Storm,UNNAMED,2003
200327I,2003051315,12.8,85.5,65.0,Very Severe Cyclonic Storm,UNNAMED,2003
200327I,2003051318,13.1,85.5,65.0,Very Severe Cyclonic Storm,UNNAMED,2003
200327I,2003051321,13.2,85.4,65.0,Very Severe Cyclonic Storm,UNNAMED,2003
200327I,2003051400,13.6,85.5,65.0,Very Severe Cyclonic Storm,UNNAMED,2003
200327I,2003051403,14.0,85.5,65.0,Very Severe Cyclonic Storm,UNNAMED,2003
200327I,2003051406,14.1,85.5,55.0,Severe Cyclonic Storm,UNNAMED,2003
200327I,2003051409,14.4,85.8,55.0,Severe Cyclonic Storm,UNNAMED,2003
200327I,2003051412,14.5,86.0,45.0,Cyclonic Storm,UNNAMED,2003
200327I,2003051415,14.6,86.1,35.0,Cyclonic Storm,UNNAMED,2003
200327I,2003051418,14.6,86.1,35.0,Cyclonic Storm,UNNAMED,2003
200327I,2003051421,14.6,86.3,35.0,Cyclonic Storm,UNNAMED,2003
200327I,2003051500,14.7,86.2,35.0,Cyclonic Storm,UNNAMED,2003
200327I,2003051503,14.6,86.1,35.0,Cyclonic Storm,UNNAMED,2003
200327I,2003051506,14.5,86.1,35.0,Cyclonic Storm,UNNAMED,2003
200327I,2003051509,14.4,86.2,35.0,Cyclonic Storm,UNNAMED,2003
200327I,2003051512,14.4,86.3,35.0,Cyclonic Storm,UNNAMED,2003
200327I,2003051515,14.4,86.3,35.0,Cyclonic Storm,UNNAMED,2003
200327I,2003051518,14.5,86.4,35.0,Cyclonic Storm,UNNAMED,2003
200327I,2003051521,14.5,86.5,35.0,Cyclonic Storm,UNNAMED,2003
200327I,2003051600,14.5,86.6,35.0,Cyclonic Storm,UNNAMED,2003
200327I,2003051603,14.4,86.8,35.0,Cyclonic Storm,UNNAMED,2003
200327I,2003051606,14.4,86.8,35.0,Cyclonic Storm,UNNAMED,2003
200327I,2003051609,14.3,86.7,35.0,Cyclonic Storm,UNNAMED,2003
200327I,2003051612,14.3,86.9,30.0,Depression,UNNAMED,2003
200327I,2003051615,14.2,86.9,30.0,Depression,UNNAMED,2003
200327I,2003051618,14.1,86.9,30.0,Depression,UNNAMED,2003
200327I,2003051621,14.0,87.0,30.0,Depression,UNNAMED,2003
200327I,2003051700,13.9,87.2,30.0,Depression,UNNAMED,2003
200327I,2003051703,13.8,87.7,30.0,Depression,UNNAMED,2003
200327I,2003051706,13.8,87.9,30.0,Depression,UNNAMED,2003
200327I,2003051709,13.8,88.1,30.0,Depression,UNNAMED,2003
200327I,2003051712,13.9,88.7,30.0,Depression,UNNAMED,2003
200327I,2003051715,14.0,89.1,30.0,Depression,UNNAMED,2003
200327I,2003051718,14.1,89.6,30.0,Depression,UNNAMED,2003
200327I,2003051721,14.2,90.1,30.0,Depression,UNNAMED,2003
200327I,2003051800,14.4,90.5,30.0,Depression,UNNAMED,2003
200327I,2003051803,14.6,90.9,30.0,Depression,UNNAMED,2003
200327I,2003051806,14.9,91.0,30.0,Depression,UNNAMED,2003
200327I,2003051809,15.0,91.2,30.0,Depression,UNNAMED,2003
200327I,2003051812,15.2,91.7,30.0,Depression,UNNAMED,2003
200327I,2003051815,15.4,91.8,30.0,Depression,UNNAMED,2003
200327I,2003051818,15.9,92.3,30.0,Depression,UNNAMED,2003
200327I,2003051821,16.3,92.3,30.0,Depression,UNNAMED,2003
200327I,2003051900,16.8,92.6,30.0,Depression,UNNAMED,2003
200327I,2003051903,17.2,92.9,30.0,Depression,UNNAMED,2003
200327I,2003051906,17.9,93.2,35.0,Cyclonic Storm,UNNAMED,2003
200327I,2003051909,18.3,93.2,35.0,Cyclonic Storm,UNNAMED,2003
200327I,2003051912,18.7,93.6,35.0,Cyclonic Storm,UNNAMED,2003
200327I,2003051915,19.2,93.7,35.0,Cyclonic Storm,UNNAMED,2003
200327I,2003051918,19.6,94.0,45.0,Cyclonic Storm,UNNAMED,2003
200348I,2003072503,21.0,89.0,25.0,Depression,UNNAMED,2003
200348I,2003072506,21.2,88.7,27.0,Depression,UNNAMED,2003
200348I,2003072509,21.3,88.3,28.0,Depression,UNNAMED,2003
200348I,2003072512,21.5,88.0,30.0,Depression,UNNAMED,2003
200348I,2003072603,22.0,86.0,30.0,Depression,UNNAMED,2003
200348I,2003072606,22.0,85.4,30.0,Depression,UNNAMED,2003
200348I,2003072609,22.0,84.7,30.0,Depression,UNNAMED,2003
200348I,2003072612,22.0,84.0,30.0,Depression,UNNAMED,2003
200348I,2003072703,22.5,80.0,25.0,Depression,UNNAMED,2003
200348I,2003072706,22.7,79.1,25.0,Depression,UNNAMED,2003
200348I,2003072709,22.8,78.2,25.0,Depression,UNNAMED,2003
200348I,2003072712,23.0,77.5,25.0,Depression,UNNAMED,2003
200348I,2003072803,24.0,76.5,25.0,Depression,UNNAMED,2003
200364I,2003082712,20.5,88.5,25.0,Depression,UNNAMED,2003
200364I,2003082803,21.0,85.5,25.0,Depression,UNNAMED,2003
200364I,2003082806,21.0,85.5,25.0,Depression,UNNAMED,2003
200364I,2003082809,21.0,85.5,25.0,Depression,UNNAMED,2003
200364I,2003082812,21.0,85.5,25.0,Depression,UNNAMED,2003
200381I,2003100603,16.5,84.0,25.0,Depression,UNNAMED,2003
200381I,2003100606,16.7,84.0,25.0,Depression,UNNAMED,2003
200381I,2003100609,17.0,84.0,25.0,Depression,UNNAMED,2003
200381I,2003100612,17.5,84.0,25.0,Depression,UNNAMED,2003
200381I,2003100703,19.0,83.0,25.0,Depression,UNNAMED,2003
200381I,2003100706,19.0,83.0,25.0,Depression,UNNAMED,2003
200381I,2003100709,19.0,83.0,25.0,Depression,UNNAMED,2003
200381I,2003100712,19.0,83.0,25.0,Depression,UNNAMED,2003
200381I,2003100803,21.0,82.5,25.0,Depression,UNNAMED,2003
200381I,2003100806,21.2,83.1,25.0,Depression,UNNAMED,2003
200381I,2003100809,21.3,83.8,25.0,Depression,UNNAMED,2003
200381I,2003100812,21.5,84.5,25.0,Depression,UNNAMED,2003
200381I,2003100903,23.5,86.0,25.0,Depression,UNNAMED,2003
200381I,2003100906,24.0,86.3,25.0,Depression,UNNAMED,2003
200381I,2003100909,24.5,86.6,25.0,Depression,UNNAMED,2003
200381I,2003100912,25.0,87.0,25.0,Depression,UNNAMED,2003
200390I,2003102415,12.3,100.0,25.0,Depression,UNNAMED,2003
200390I,2003102418,12.5,99.6,25.0,Depression,UNNAMED,2003
200390I,2003102421,12.5,99.1,25.0,Depression,UNNAMED,2003
200390I,2003102500,12.4,98.6,25.0,Depression,UNNAMED,2003
200390I,2003102503,12.4,98.0,25.0,Depression,UNNAMED,2003
200390I,2003102506,12.5,97.4,25.0,Depression,UNNAMED,2003
200390I,2003102509,12.8,96.8,25.0,Depression,UNNAMED,2003
200390I,2003102512,13.1,96.2,25.0,Depression,UNNAMED,2003
200390I,2003102515,13.2,95.6,25.0,Depression,UNNAMED,2003
200390I,2003102518,13.2,95.1,25.0,Depression,UNNAMED,2003
200390I,2003102521,13.2,94.6,25.0,Depression,UNNAMED,2003
200390I,2003102600,13.2,94.1,25.0,Depression,UNNAMED,2003
200390I,2003102603,13.2,93.7,25.0,Depression,UNNAMED,2003
200390I,2003102606,13.3,93.3,25.0,Depression,UNNAMED,2003
200390I,2003102609,13.4,92.9,25.0,Depression,UNNAMED,2003
200390I,2003102612,13.5,92.3,25.0,Depression,UNNAMED,2003
200390I,2003102615,13.6,91.8,28.0,Depression,UNNAMED,2003
200390I,2003102618,13.7,91.2,30.0,Depression,UNNAMED,2003
200390I,2003102621,13.9,90.7,30.0,Depression,UNNAMED,2003
200390I,2003102700,14.1,90.1,30.0,Depression,UNNAMED,2003
200390I,2003102703,14.3,89.6,30.0,Depression,UNNAMED,2003
200390I,2003102706,14.6,89.0,30.0,Depression,UNNAMED,2003
200390I,2003102709,14.8,88.2,35.0,Cyclonic Storm,UNNAMED,2003
200390I,2003102712,15.2,87.3,35.0,Cyclonic Storm,UNNAMED,2003
200390I,2003102715,15.6,86.4,35.0,Cyclonic Storm,UNNAMED,2003
200390I,2003102718,16.1,85.6,35.0,Cyclonic Storm,UNNAMED,2003
200390I,2003102721,16.7,85.0,30.0,Depression,UNNAMED,2003
200390I,2003102800,17.4,84.6,28.0,Depression,UNNAMED,2003
200390I,2003102803,17.9,84.2,25.0,Depression,UNNAMED,2003
200390I,2003102806,18.2,84.0,30.0,Depression,UNNAMED,2003
200390I,2003102809,18.5,83.7,30.0,Depression,UNNAMED,2003
200390I,2003102812,18.7,83.4,30.0,Depression,UNNAMED,2003
200393I,2003111012,8.7,67.1,15.0,Depression,UNNAMED,2003
200393I,2003111015,8.6,66.8,15.0,Depression,UNNAMED,2003
200393I,2003111018,8.5,66.4,15.0,Depression,UNNAMED,2003
200393I,2003111021,8.4,66.0,15.0,Depression,UNNAMED,2003
200393I,2003111100,8.3,65.7,15.0,Depression,UNNAMED,2003
200393I,2003111103,8.2,65.4,15.0,Depression,UNNAMED,2003
200393I,2003111106,8.0,65.1,15.0,Depression,UNNAMED,2003
200393I,2003111109,7.8,64.7,15.0,Depression,UNNAMED,2003
200393I,2003111112,7.6,64.2,15.0,Depression,UNNAMED,2003
200393I,2003111115,7.4,63.6,15.0,Depression,UNNAMED,2003
200393I,2003111118,7.1,63.0,15.0,Depression,UNNAMED,2003
200393I,2003111121,6.8,62.3,18.0,Depression,UNNAMED,2003
200393I,2003111200,6.5,61.6,20.0,Depression,UNNAMED,2003
200393I,2003111203,6.3,61.1,25.0,Depression,UNNAMED,2003
200393I,2003111206,6.3,60.6,27.0,Depression,UNNAMED,2003
200393I,2003111209,6.3,60.2,28.0,Depression,UNNAMED,2003
200393I,2003111212,6.3,59.8,30.0,Depression,UNNAMED,2003
200393I,2003111215,6.3,59.5,33.0,Depression,UNNAMED,2003
200393I,2003111218,6.3,59.2,35.0,Cyclonic Storm,UNNAMED,2003
200393I,2003111221,6.4,58.8,35.0,Cyclonic Storm,UNNAMED,2003
200393I,2003111300,6.4,58.4,35.0,Cyclonic Storm,UNNAMED,2003
200393I,2003111303,6.4,58.3,35.0,Cyclonic Storm,UNNAMED,2003
200393I,2003111306,6.4,58.1,55.0,Severe Cyclonic Storm,UNNAMED,2003
200393I,2003111309,6.2,57.8,55.0,Severe Cyclonic Storm,UNNAMED,2003
200393I,2003111312,6.1,57.6,55.0,Severe Cyclonic Storm,UNNAMED,2003
200393I,2003111315,6.1,57.2,55.0,Severe Cyclonic Storm,UNNAMED,2003
200393I,2003111318,6.1,57.0,55.0,Severe Cyclonic Storm,UNNAMED,2003
200393I,2003111321,6.0,56.8,55.0,Severe Cyclonic Storm,UNNAMED,2003
200393I,2003111400,6.0,56.4,55.0,Severe Cyclonic Storm,UNNAMED,2003
200393I,2003111403,5.9,56.2,55.0,Severe Cyclonic Storm,UNNAMED,2003
200393I,2003111406,5.6,55.6,55.0,Severe Cyclonic Storm,UNNAMED,2003
200393I,2003111409,5.7,55.4,55.0,Severe Cyclonic Storm,UNNAMED,2003
200393I,2003111412,5.8,55.2,45.0,Cyclonic Storm,UNNAMED,2003
200393I,2003111415,5.8,55.0,35.0,Cyclonic Storm,UNNAMED,2003
200393I,2003111418,5.9,54.8,30.0,Depression,UNNAMED,2003
200393I,2003111421,6.0,54.7,30.0,Depression,UNNAMED,2003
200393I,2003111500,6.0,54.6,30.0,Depression,UNNAMED,2003
200393I,2003111503,6.0,54.5,25.0,Depression,UNNAMED,2003
200393I,2003111506,6.0,54.4,25.0,Depression,UNNAMED,2003
200393I,2003111509,6.0,54.3,25.0,Depression,UNNAMED,2003
200393I,2003111512,6.0,54.1,25.0,Depression,UNNAMED,2003
200393I,2003111515,6.0,54.0,30.0,Depression,UNNAMED,2003
200393I,2003111518,6.0,53.8,30.0,Depression,UNNAMED,2003
200393I,2003111521,6.0,53.7,30.0,Depression,UNNAMED,2003
200393I,2003111600,5.9,53.5,30.0,Depression,UNNAMED,2003
200393I,2003111603,5.9,53.4,30.0,Depression,UNNAMED,2003
200393I,2003111606,5.8,53.2,30.0,Depression,UNNAMED,2003
200393I,2003111609,5.7,53.0,30.0,Depression,UNNAMED,2003
200393I,2003111612,5.6,52.8,30.0,Depression,UNNAMED,2003
200393I,2003111615,5.3,52.6,30.0,Depression,UNNAMED,2003
200393I,2003111618,5.0,52.3,30.0,Depression,UNNAMED,2003
200393I,2003111621,4.7,52.0,30.0,Depression,UNNAMED,2003
200393I,2003111700,4.4,51.7,30.0,Depression,UNNAMED,2003
200393I,2003111703,4.0,51.6,30.0,Depression,UNNAMED,2003
200393I,2003111706,3.7,51.5,30.0,Depression,UNNAMED,2003
200393I,2003111709,3.4,51.5,30.0,Depression,UNNAMED,2003
200393I,2003111712,3.2,51.5,30.0,Depression,UNNAMED,2003
200393I,2003111715,2.9,51.5,30.0,Depression,UNNAMED,2003
200393I,2003111718,2.7,51.6,30.0,Depression,UNNAMED,2003
200393I,2003111721,2.6,51.7,28.0,Depression,UNNAMED,2003
200393I,2003111800,2.5,51.8,25.0,Depression,UNNAMED,2003
200393I,2003111803,2.4,51.9,25.0,Depression,UNNAMED,2003
200393I,2003111806,2.4,52.0,25.0,Depression,UNNAMED,2003
200420I,2004050400,11.1,74.3,20.0,Depression,UNNAMED,2004
200420I,2004050403,11.1,74.1,23.0,Depression,UNNAMED,2004
200420I,2004050406,11.2,73.9,25.0,Depression,UNNAMED,2004
200420I,2004050409,11.3,73.7,28.0,Depression,UNNAMED,2004
200420I,2004050412,11.4,73.6,30.0,Depression,UNNAMED,2004
200420I,2004050415,11.5,73.5,30.0,Depression,UNNAMED,2004
200420I,2004050418,11.6,73.3,30.0,Depression,UNNAMED,2004
200420I,2004050421,11.6,73.1,30.0,Depression,UNNAMED,2004
200420I,2004050500,11.6,72.9,30.0,Depression,UNNAMED,2004
200420I,2004050503,11.5,72.9,25.0,Depression,UNNAMED,2004
200420I,2004050506,11.4,73.0,30.0,Depression,UNNAMED,2004
200420I,2004050509,11.4,72.9,30.0,Depression,UNNAMED,2004
200420I,2004050512,11.3,73.0,35.0,Cyclonic Storm,UNNAMED,2004
200420I,2004050515,11.2,72.9,35.0,Cyclonic Storm,UNNAMED,2004
200420I,2004050518,11.2,73.1,35.0,Cyclonic Storm,UNNAMED,2004
200420I,2004050521,11.2,73.2,35.0,Cyclonic Storm,UNNAMED,2004
200420I,2004050600,11.3,73.2,35.0,Cyclonic Storm,UNNAMED,2004
200420I,2004050603,11.4,73.2,45.0,Cyclonic Storm,UNNAMED,2004
200420I,2004050606,11.4,73.2,45.0,Cyclonic Storm,UNNAMED,2004
200420I,2004050609,11.4,73.2,45.0,Cyclonic Storm,UNNAMED,2004
200420I,2004050612,11.5,73.2,45.0,Cyclonic Storm,UNNAMED,2004
200420I,2004050615,11.6,73.1,45.0,Cyclonic Storm,UNNAMED,2004
200420I,2004050618,11.7,73.1,45.0,Cyclonic Storm,UNNAMED,2004
200420I,2004050621,11.8,73.0,45.0,Cyclonic Storm,UNNAMED,2004
200420I,2004050700,11.9,72.9,45.0,Cyclonic Storm,UNNAMED,2004
200420I,2004050703,12.4,72.3,55.0,Severe Cyclonic Storm,UNNAMED,2004
200420I,2004050706,12.7,72.1,55.0,Severe Cyclonic Storm,UNNAMED,2004
200420I,2004050709,12.8,72.3,55.0,Severe Cyclonic Storm,UNNAMED,2004
200420I,2004050712,12.8,72.6,55.0,Severe Cyclonic Storm,UNNAMED,2004
200420I,2004050715,12.5,73.0,55.0,Severe Cyclonic Storm,UNNAMED,2004
200420I,2004050718,12.4,73.1,55.0,Severe Cyclonic Storm,UNNAMED,2004
200420I,2004050721,12.5,73.3,55.0,Severe Cyclonic Storm,UNNAMED,2004
200420I,2004050800,12.7,73.5,55.0,Severe Cyclonic Storm,UNNAMED,2004
200420I,2004050803,12.9,73.6,55.0,Severe Cyclonic Storm,UNNAMED,2004
200420I,2004050806,13.2,73.5,55.0,Severe Cyclonic Storm,UNNAMED,2004
200420I,2004050809,13.5,73.4,55.0,Severe Cyclonic Storm,UNNAMED,2004
200420I,2004050812,13.7,73.2,45.0,Cyclonic Storm,UNNAMED,2004
200420I,2004050815,13.9,73.1,45.0,Cyclonic Storm,UNNAMED,2004
200420I,2004050818,14.1,72.9,45.0,Cyclonic Storm,UNNAMED,2004
200420I,2004050821,14.3,72.7,45.0,Cyclonic Storm,UNNAMED,2004
200420I,2004050900,14.5,72.5,45.0,Cyclonic Storm,UNNAMED,2004
200420I,2004050903,14.8,71.9,45.0,Cyclonic Storm,UNNAMED,2004
200420I,2004050906,15.3,71.1,45.0,Cyclonic Storm,UNNAMED,2004
200420I,2004050909,15.9,70.5,45.0,Cyclonic Storm,UNNAMED,2004
200420I,2004050912,16.5,70.1,45.0,Cyclonic Storm,UNNAMED,2004
200420I,2004050915,17.0,70.0,45.0,Cyclonic Storm,UNNAMED,2004
200420I,2004050918,17.5,70.0,45.0,Cyclonic Storm,UNNAMED,2004
200420I,2004050921,18.0,70.0,45.0,Cyclonic Storm,UNNAMED,2004
200420I,2004051000,18.5,70.0,35.0,Cyclonic Storm,UNNAMED,2004
200420I,2004051003,19.0,70.0,35.0,Cyclonic Storm,UNNAMED,2004
200420I,2004051006,19.0,70.0,30.0,Depression,UNNAMED,2004
200420I,2004051009,19.5,70.0,25.0,Depression,UNNAMED,2004
200425I,2004051418,14.8,89.7,15.0,Depression,UNNAMED,2004
200425I,2004051421,14.9,90.0,15.0,Depression,UNNAMED,2004
200425I,2004051500,14.9,90.4,15.0,Depression,UNNAMED,2004
200425I,2004051503,14.9,90.8,15.0,Depression,UNNAMED,2004
200425I,2004051506,14.9,91.3,15.0,Depression,UNNAMED,2004
200425I,2004051509,15.1,91.8,18.0,Depression,UNNAMED,2004
200425I,2004051512,15.4,92.1,20.0,Depression,UNNAMED,2004
200425I,2004051515,15.7,92.1,23.0,Depression,UNNAMED,2004
200425I,2004051518,16.1,92.0,25.0,Depression,UNNAMED,2004
200425I,2004051521,16.5,92.1,25.0,Depression,UNNAMED,2004
200425I,2004051600,16.8,92.2,25.0,Depression,UNNAMED,2004
200425I,2004051603,17.2,92.1,25.0,Depression,UNNAMED,2004
200425I,2004051606,17.5,91.8,25.0,Depression,UNNAMED,2004
200425I,2004051609,17.6,91.5,25.0,Depression,UNNAMED,2004
200425I,2004051612,17.8,91.1,25.0,Depression,UNNAMED,2004
200425I,2004051615,17.8,90.8,28.0,Depression,UNNAMED,2004
200425I,2004051618,17.8,90.7,30.0,Depression,UNNAMED,2004
200425I,2004051621,18.0,90.3,30.0,Depression,UNNAMED,2004
200425I,2004051700,18.3,90.2,30.0,Depression,UNNAMED,2004
200425I,2004051703,18.3,89.8,35.0,Cyclonic Storm,UNNAMED,2004
200425I,2004051706,18.3,89.7,35.0,Cyclonic Storm,UNNAMED,2004
200425I,2004051709,18.4,89.3,45.0,Cyclonic Storm,UNNAMED,2004
200425I,2004051712,18.5,88.9,45.0,Cyclonic Storm,UNNAMED,2004
200425I,2004051715,18.5,88.7,45.0,Cyclonic Storm,UNNAMED,2004
200425I,2004051718,18.6,88.6,45.0,Cyclonic Storm,UNNAMED,2004
200425I,2004051721,18.6,88.4,45.0,Cyclonic Storm,UNNAMED,2004
200425I,2004051800,18.5,88.6,45.0,Cyclonic Storm,UNNAMED,2004
200425I,2004051803,18.6,88.7,45.0,Cyclonic Storm,UNNAMED,2004
200425I,2004051806,18.9,88.9,55.0,Severe Cyclonic Storm,UNNAMED,2004
200425I,2004051809,18.9,89.6,55.0,Severe Cyclonic Storm,UNNAMED,2004
200425I,2004051812,18.9,90.1,55.0,Severe Cyclonic Storm,UNNAMED,2004
200425I,2004051815,19.1,90.3,65.0,Very Severe Cyclonic Storm,UNNAMED,2004
200425I,2004051818,19.5,90.8,65.0,Very Severe Cyclonic Storm,UNNAMED,2004
200425I,2004051821,19.4,91.3,65.0,Very Severe Cyclonic Storm,UNNAMED,2004
200425I,2004051900,19.9,91.8,77.0,Very Severe Cyclonic Storm,UNNAMED,2004
200425I,2004051903,20.0,92.4,90.0,Extremely Severe/Super Cyclone,UNNAMED,2004
200425I,2004051906,20.1,93.1,65.0,Very Severe Cyclonic Storm,UNNAMED,2004
200425I,2004051909,20.5,93.9,60.0,Severe Cyclonic Storm,UNNAMED,2004
200425I,2004051912,20.9,94.7,55.0,Severe Cyclonic Storm,UNNAMED,2004
200425I,2004051915,21.4,95.5,43.0,Cyclonic Storm,UNNAMED,2004
200425I,2004051918,21.8,96.3,30.0,Depression,UNNAMED,2004
200429I,2004061003,17.5,67.5,25.0,Depression,UNNAMED,2004
200429I,2004061006,17.5,67.5,25.0,Depression,UNNAMED,2004
200429I,2004061009,17.5,66.5,30.0,Depression,UNNAMED,2004
200429I,2004061012,17.5,66.5,30.0,Depression,UNNAMED,2004
200429I,2004061015,17.5,66.5,30.0,Depression,UNNAMED,2004
200429I,2004061018,17.5,66.5,30.0,Depression,UNNAMED,2004
200429I,2004061021,17.5,66.0,30.0,Depression,UNNAMED,2004
200429I,2004061100,18.0,66.0,30.0,Depression,UNNAMED,2004
200429I,2004061103,18.0,66.0,30.0,Depression,UNNAMED,2004
200429I,2004061106,18.0,66.0,30.0,Depression,UNNAMED,2004
200429I,2004061109,18.0,66.0,30.0,Depression,UNNAMED,2004
200429I,2004061112,18.0,66.0,30.0,Depression,UNNAMED,2004
200429I,2004061115,18.0,66.0,30.0,Depression,UNNAMED,2004
200429I,2004061118,18.0,66.0,30.0,Depression,UNNAMED,2004
200429I,2004061121,18.0,66.0,30.0,Depression,UNNAMED,2004
200429I,2004061200,18.0,66.0,30.0,Depression,UNNAMED,2004
200429I,2004061203,18.0,66.0,30.0,Depression,UNNAMED,2004
200429I,2004061206,18.0,66.0,30.0,Depression,UNNAMED,2004
200429I,2004061209,18.0,66.0,30.0,Depression,UNNAMED,2004
200429I,2004061212,18.0,65.5,25.0,Depression,UNNAMED,2004
200429I,2004061303,18.0,65.0,25.0,Depression,UNNAMED,2004
200430I,2004061103,15.5,90.0,25.0,Depression,UNNAMED,2004
200430I,2004061106,15.5,90.0,25.0,Depression,UNNAMED,2004
200430I,2004061109,15.5,89.5,25.0,Depression,UNNAMED,2004
200430I,2004061112,15.5,89.0,25.0,Depression,UNNAMED,2004
200430I,2004061115,15.5,89.0,25.0,Depression,UNNAMED,2004
200430I,2004061118,15.5,89.0,25.0,Depression,UNNAMED,2004
200430I,2004061121,15.5,89.0,25.0,Depression,UNNAMED,2004
200430I,2004061200,16.0,88.0,25.0,Depression,UNNAMED,2004
200430I,2004061203,17.5,87.0,30.0,Depression,UNNAMED,2004
200430I,2004061206,17.5,87.0,30.0,Depression,UNNAMED,2004
200430I,2004061209,17.5,86.5,30.0,Depression,UNNAMED,2004
200430I,2004061212,18.0,86.0,30.0,Depression,UNNAMED,2004
200430I,2004061215,18.0,86.0,30.0,Depression,UNNAMED,2004
200430I,2004061218,18.5,85.5,30.0,Depression,UNNAMED,2004
200430I,2004061221,19.0,85.5,30.0,Depression,UNNAMED,2004
200430I,2004061300,19.5,85.5,30.0,Depression,UNNAMED,2004
200430I,2004061303,19.5,85.5,30.0,Depression,UNNAMED,2004
200430I,2004061306,19.5,85.5,30.0,Depression,UNNAMED,2004
200430I,2004061309,20.0,85.5,30.0,Depression,UNNAMED,2004
200430I,2004061312,20.5,85.5,30.0,Depression,UNNAMED,2004
200430I,2004061403,21.5,84.0,30.0,Depression,UNNAMED,2004
200430I,2004061406,21.7,83.5,28.0,Depression,UNNAMED,2004
200430I,2004061409,22.0,83.0,25.0,Depression,UNNAMED,2004
200472I,2004091203,22.5,88.5,25.0,Depression,UNNAMED,2004
200472I,2004091206,22.7,88.5,25.0,Depression,UNNAMED,2004
200472I,2004091209,22.9,88.5,25.0,Depression,UNNAMED,2004
200472I,2004091212,23.0,88.5,25.0,Depression,UNNAMED,2004
200472I,2004091303,23.0,88.0,25.0,Depression,UNNAMED,2004
200472I,2004091306,23.0,88.0,25.0,Depression,UNNAMED,2004
200472I,2004091309,23.0,88.0,25.0,Depression,UNNAMED,2004
200472I,2004091312,23.0,88.0,25.0,Depression,UNNAMED,2004
200472I,2004091403,22.5,88.0,25.0,Depression,UNNAMED,2004
200472I,2004091406,22.5,88.0,25.0,Depression,UNNAMED,2004
200472I,2004091409,22.5,88.0,25.0,Depression,UNNAMED,2004
200472I,2004091412,22.5,88.0,25.0,Depression,UNNAMED,2004
200472I,2004091503,22.5,88.0,25.0,Depression,UNNAMED,2004
200472I,2004091506,22.5,88.0,25.0,Depression,UNNAMED,2004
200472I,2004091509,22.5,88.0,25.0,Depression,UNNAMED,2004
200472I,2004091512,22.5,88.0,25.0,Depression,UNNAMED,2004
200477I,2004093006,16.3,69.0,20.0,Depression,UNNAMED,2004
200477I,2004093009,16.5,68.8,25.0,Depression,UNNAMED,2004
200477I,2004093012,16.9,68.3,30.0,Depression,UNNAMED,2004
200477I,2004093015,17.3,67.8,30.0,Depression,UNNAMED,2004
200477I,2004093018,17.7,67.7,30.0,Depression,UNNAMED,2004
200477I,2004093021,18.1,67.3,30.0,Depression,UNNAMED,2004
200477I,2004100100,18.5,67.0,30.0,Depression,UNNAMED,2004
200477I,2004100103,18.9,66.9,30.0,Depression,UNNAMED,2004
200477I,2004100106,19.1,66.8,30.0,Depression,UNNAMED,2004
200477I,2004100109,19.5,66.5,35.0,Cyclonic Storm,UNNAMED,2004
200477I,2004100112,19.9,66.5,35.0,Cyclonic Storm,UNNAMED,2004
200477I,2004100115,20.1,66.5,35.0,Cyclonic Storm,UNNAMED,2004
200477I,2004100118,20.3,66.6,35.0,Cyclonic Storm,UNNAMED,2004
200477I,2004100121,20.4,66.6,35.0,Cyclonic Storm,UNNAMED,2004
200477I,2004100200,21.0,66.7,35.0,Cyclonic Storm,UNNAMED,2004
200477I,2004100203,21.1,66.8,35.0,Cyclonic Storm,UNNAMED,2004
200477I,2004100206,21.5,67.1,45.0,Cyclonic Storm,UNNAMED,2004
200477I,2004100209,21.6,67.2,55.0,Severe Cyclonic Storm,UNNAMED,2004
200477I,2004100212,22.1,67.6,55.0,Severe Cyclonic Storm,UNNAMED,2004
200477I,2004100215,22.2,67.7,55.0,Severe Cyclonic Storm,UNNAMED,2004
200477I,2004100218,22.6,68.1,55.0,Severe Cyclonic Storm,UNNAMED,2004
200477I,2004100221,22.6,68.4,55.0,Severe Cyclonic Storm,UNNAMED,2004
200477I,2004100300,23.0,68.5,35.0,Cyclonic Storm,UNNAMED,2004
200477I,2004100303,23.1,68.5,30.0,Depression,UNNAMED,2004
200477I,2004100306,23.2,68.4,30.0,Depression,UNNAMED,2004
200477I,2004100309,23.2,68.3,30.0,Depression,UNNAMED,2004
200477I,2004100312,23.2,68.2,25.0,Depression,UNNAMED,2004
200477I,2004100315,23.2,68.0,25.0,Depression,UNNAMED,2004
200477I,2004100318,23.1,67.7,25.0,Depression,UNNAMED,2004
200477I,2004100321,22.8,67.4,28.0,Depression,UNNAMED,2004
200477I,2004100400,22.5,67.4,25.0,Depression,UNNAMED,2004
200477I,2004100403,22.2,67.4,25.0,Depression,UNNAMED,2004
200477I,2004100406,21.9,67.3,25.0,Depression,UNNAMED,2004
200477I,2004100409,21.6,67.2,25.0,Depression,UNNAMED,2004
200477I,2004100412,21.3,67.2,25.0,Depression,UNNAMED,2004
200477I,2004100415,21.0,67.2,25.0,Depression,UNNAMED,2004
200477I,2004100418,20.8,67.2,25.0,Depression,UNNAMED,2004
200477I,2004100421,20.6,67.4,25.0,Depression,UNNAMED,2004
200477I,2004100500,20.4,67.7,25.0,Depression,UNNAMED,2004
200477I,2004100503,20.2,67.8,25.0,Depression,UNNAMED,2004
200477I,2004100506,19.9,67.8,25.0,Depression,UNNAMED,2004
200477I,2004100509,19.6,67.8,25.0,Depression,UNNAMED,2004
200477I,2004100512,19.4,67.8,25.0,Depression,UNNAMED,2004
200477I,2004100515,19.2,67.8,23.0,Depression,UNNAMED,2004
200477I,2004100518,19.1,67.9,20.0,Depression,UNNAMED,2004
200477I,2004100521,18.9,68.0,20.0,Depression,UNNAMED,2004
200477I,2004100600,18.8,68.0,20.0,Depression,UNNAMED,2004
200477I,2004100603,18.7,68.0,20.0,Depression,UNNAMED,2004
200477I,2004100606,18.6,68.0,20.0,Depression,UNNAMED,2004
200477I,2004100609,18.5,68.0,20.0,Depression,UNNAMED,2004
200477I,2004100612,18.4,68.1,20.0,Depression,UNNAMED,2004
200477I,2004100615,18.3,68.1,23.0,Depression,UNNAMED,2004
200477I,2004100618,18.2,68.2,25.0,Depression,UNNAMED,2004
200477I,2004100621,18.1,68.2,25.0,Depression,UNNAMED,2004
200477I,2004100700,18.0,68.3,25.0,Depression,UNNAMED,2004
200477I,2004100703,17.9,68.4,25.0,Depression,UNNAMED,2004
200477I,2004100706,17.9,68.5,25.0,Depression,UNNAMED,2004
200477I,2004100709,18.0,68.7,25.0,Depression,UNNAMED,2004
200477I,2004100712,18.1,68.8,25.0,Depression,UNNAMED,2004
200477I,2004100715,18.2,68.7,25.0,Depression,UNNAMED,2004
200477I,2004100718,18.3,68.6,25.0,Depression,UNNAMED,2004
200477I,2004100721,18.4,68.6,25.0,Depression,UNNAMED,2004
200477I,2004100800,18.6,68.6,25.0,Depression,UNNAMED,2004
200477I,2004100803,18.8,68.6,25.0,Depression,UNNAMED,2004
200477I,2004100806,18.9,68.6,25.0,Depression,UNNAMED,2004
200477I,2004100809,19.0,68.7,25.0,Depression,UNNAMED,2004
200477I,2004100812,19.1,68.8,25.0,Depression,UNNAMED,2004
200477I,2004100815,19.2,68.9,25.0,Depression,UNNAMED,2004
200477I,2004100818,19.4,68.9,25.0,Depression,UNNAMED,2004
200477I,2004100821,19.5,69.0,25.0,Depression,UNNAMED,2004
200477I,2004100900,19.6,69.1,25.0,Depression,UNNAMED,2004
200477I,2004100903,19.7,69.2,25.0,Depression,UNNAMED,2004
200477I,2004100906,19.9,69.3,25.0,Depression,UNNAMED,2004
200477I,2004100909,20.1,69.4,25.0,Depression,UNNAMED,2004
200477I,2004100912,20.4,69.6,25.0,Depression,UNNAMED,2004
200477I,2004100915,20.7,69.9,25.0,Depression,UNNAMED,2004
200477I,2004100918,20.9,70.2,25.0,Depression,UNNAMED,2004
200477I,2004100921,21.0,70.5,25.0,Depression,UNNAMED,2004
200477I,2004101000,21.0,70.7,25.0,Depression,UNNAMED,2004
200479I,2004100203,11.5,87.0,25.0,Depression,UNNAMED,2004
200479I,2004100206,12.0,86.5,25.0,Depression,UNNAMED,2004
200479I,2004100209,12.5,86.0,25.0,Depression,UNNAMED,2004
200479I,2004100212,12.5,86.0,25.0,Depression,UNNAMED,2004
200479I,2004100215,13.0,85.5,25.0,Depression,UNNAMED,2004
200479I,2004100218,13.0,85.5,25.0,Depression,UNNAMED,2004
200479I,2004100221,13.0,85.5,25.0,Depression,UNNAMED,2004
200479I,2004100300,13.5,85.0,25.0,Depression,UNNAMED,2004
200479I,2004100303,14.5,84.5,25.0,Depression,UNNAMED,2004
200479I,2004100306,14.5,84.5,25.0,Depression,UNNAMED,2004
200479I,2004100309,15.0,84.0,25.0,Depression,UNNAMED,2004
200479I,2004100312,15.5,83.5,25.0,Depression,UNNAMED,2004
200479I,2004100315,15.5,83.5,25.0,Depression,UNNAMED,2004
200479I,2004100318,16.5,83.0,25.0,Depression,UNNAMED,2004
200479I,2004100321,17.0,83.0,25.0,Depression,UNNAMED,2004
200479I,2004100400,17.5,82.5,25.0,Depression,UNNAMED,2004
200479I,2004100403,18.0,84.0,25.0,Depression,UNNAMED,2004
200481I,2004100703,22.5,87.0,25.0,Depression,UNNAMED,2004
200481I,2004100706,22.8,87.3,25.0,Depression,UNNAMED,2004
200481I,2004100709,23.2,87.7,25.0,Depression,UNNAMED,2004
200481I,2004100712,23.5,88.0,25.0,Depression,UNNAMED,2004
200481I,2004100803,24.0,90.0,25.0,Depression,UNNAMED,2004
200489I,2004110112,9.4,67.8,20.0,Depression,UNNAMED,2004
200489I,2004110115,9.7,67.5,20.0,Depression,UNNAMED,2004
200489I,2004110118,10.0,67.1,20.0,Depression,UNNAMED,2004
200489I,2004110121,10.2,66.6,20.0,Depression,UNNAMED,2004
200489I,2004110200,10.4,66.3,20.0,Depression,UNNAMED,2004
200489I,2004110203,10.8,66.3,23.0,Depression,UNNAMED,2004
200489I,2004110206,11.3,66.4,25.0,Depression,UNNAMED,2004
200489I,2004110209,11.7,66.5,25.0,Depression,UNNAMED,2004
200489I,2004110212,12.1,66.7,25.0,Depression,UNNAMED,2004
200489I,2004110215,12.3,66.9,25.0,Depression,UNNAMED,2004
200489I,2004110218,12.6,67.0,25.0,Depression,UNNAMED,2004
200489I,2004110221,12.8,67.1,25.0,Depression,UNNAMED,2004
200489I,2004110300,13.1,67.1,25.0,Depression,UNNAMED,2004
200489I,2004110303,13.3,67.0,25.0,Depression,UNNAMED,2004
200489I,2004110306,13.5,67.0,25.0,Depression,UNNAMED,2004
200489I,2004110309,13.7,66.9,25.0,Depression,UNNAMED,2004
200489I,2004110312,13.9,66.9,25.0,Depression,UNNAMED,2004
200489I,2004110315,14.1,66.8,25.0,Depression,UNNAMED,2004
200489I,2004110318,14.2,66.8,25.0,Depression,UNNAMED,2004
200489I,2004110321,14.2,66.7,28.0,Depression,UNNAMED,2004
200489I,2004110400,14.1,66.7,30.0,Depression,UNNAMED,2004
200489I,2004110403,14.1,66.6,25.0,Depression,UNNAMED,2004
200489I,2004110406,14.2,66.5,25.0,Depression,UNNAMED,2004
200489I,2004110409,14.2,66.4,25.0,Depression,UNNAMED,2004
200489I,2004110412,14.3,66.4,25.0,Depression,UNNAMED,2004
200489I,2004110415,14.2,66.4,35.0,Cyclonic Storm,UNNAMED,2004
200489I,2004110418,14.1,66.4,35.0,Cyclonic Storm,UNNAMED,2004
200489I,2004110421,14.0,66.4,35.0,Cyclonic Storm,UNNAMED,2004
200489I,2004110500,13.9,66.3,35.0,Cyclonic Storm,UNNAMED,2004
200489I,2004110503,14.0,66.1,30.0,Depression,UNNAMED,2004
200489I,2004110506,14.1,65.8,30.0,Depression,UNNAMED,2004
200489I,2004110509,14.4,65.5,30.0,Depression,UNNAMED,2004
200489I,2004110512,14.6,65.1,30.0,Depression,UNNAMED,2004
200489I,2004110515,14.7,64.7,40.0,Cyclonic Storm,UNNAMED,2004
200489I,2004110518,14.7,64.2,40.0,Cyclonic Storm,UNNAMED,2004
200489I,2004110521,14.8,63.7,38.0,Cyclonic Storm,UNNAMED,2004
200489I,2004110600,14.8,63.1,35.0,Cyclonic Storm,UNNAMED,2004
200489I,2004110603,14.8,62.5,30.0,Depression,UNNAMED,2004
200489I,2004110606,14.9,61.9,28.0,Depression,UNNAMED,2004
200489I,2004110609,14.9,61.3,25.0,Depression,UNNAMED,2004
200489I,2004110612,15.0,60.8,25.0,Depression,UNNAMED,2004
200489I,2004110615,15.0,60.3,35.0,Cyclonic Storm,UNNAMED,2004
200489I,2004110618,15.0,59.8,35.0,Cyclonic Storm,UNNAMED,2004
200489I,2004110621,14.9,59.3,35.0,Cyclonic Storm,UNNAMED,2004
200489I,2004110700,14.8,58.8,35.0,Cyclonic Storm,UNNAMED,2004
200489I,2004110703,14.6,58.2,25.0,Depression,UNNAMED,2004
200489I,2004110706,14.3,57.6,25.0,Depression,UNNAMED,2004
200489I,2004110709,13.9,57.1,25.0,Depression,UNNAMED,2004
200489I,2004110712,13.4,56.7,25.0,Depression,UNNAMED,2004
200489I,2004110715,13.1,56.4,25.0,Depression,UNNAMED,2004
200489I,2004110718,12.8,55.9,25.0,Depression,UNNAMED,2004
200489I,2004110721,12.6,55.4,25.0,Depression,UNNAMED,2004
200489I,2004110800,12.4,54.9,25.0,Depression,UNNAMED,2004
200489I,2004110803,12.3,54.4,25.0,Depression,UNNAMED,2004
200489I,2004110806,12.2,53.8,25.0,Depression,UNNAMED,2004
200489I,2004110809,12.1,53.2,25.0,Depression,UNNAMED,2004
200489I,2004110812,11.9,52.7,25.0,Depression,UNNAMED,2004
200491I,2004112515,9.4,99.9,30.0,Depression,MUIFA,2004
200491I,2004112518,10.0,99.6,30.0,Depression,MUIFA,2004
200491I,2004112521,10.6,99.6,28.0,Depression,MUIFA,2004
200491I,2004112600,11.3,99.9,25.0,Depression,MUIFA,2004
200495I,2004112700,1.6,72.4,20.0,Depression,UNNAMED,2004
200495I,2004112703,1.6,71.9,20.0,Depression,UNNAMED,2004
200495I,2004112706,1.5,71.5,20.0,Depression,UNNAMED,2004
200495I,2004112709,1.4,71.1,20.0,Depression,UNNAMED,2004
200495I,2004112712,1.2,70.7,20.0,Depression,UNNAMED,2004
200495I,2004112715,1.0,70.3,25.0,Depression,UNNAMED,2004
200495I,2004112718,0.9,69.9,30.0,Depression,UNNAMED,2004
200495I,2004112721,0.8,69.4,33.0,Depression,UNNAMED,2004
200495I,2004112800,0.7,69.0,35.0,Cyclonic Storm,UNNAMED,2004
200495I,2004112803,0.7,68.6,38.0,Cyclonic Storm,UNNAMED,2004
200495I,2004112806,0.8,68.3,40.0,Cyclonic Storm,UNNAMED,2004
200495I,2004112809,0.9,67.9,43.0,Cyclonic Storm,UNNAMED,2004
200495I,2004112812,1.1,67.5,45.0,Cyclonic Storm,UNNAMED,2004
200495I,2004112815,1.3,67.1,48.0,Severe Cyclonic Storm,UNNAMED,2004
200495I,2004112818,1.5,66.7,50.0,Severe Cyclonic Storm,UNNAMED,2004
200495I,2004112821,1.7,66.3,55.0,Severe Cyclonic Storm,UNNAMED,2004
200495I,2004112900,2.0,65.9,60.0,Severe Cyclonic Storm,UNNAMED,2004
200495I,2004112903,2.3,65.4,63.0,Severe Cyclonic Storm,UNNAMED,2004
200495I,2004112906,2.7,65.0,65.0,Very Severe Cyclonic Storm,UNNAMED,2004
200495I,2004112909,3.1,64.6,65.0,Very Severe Cyclonic Storm,UNNAMED,2004
200495I,2004112912,3.5,64.3,65.0,Very Severe Cyclonic Storm,UNNAMED,2004
200495I,2004112915,3.8,64.0,35.0,Cyclonic Storm,UNNAMED,2004
200495I,2004112918,4.0,63.7,35.0,Cyclonic Storm,UNNAMED,2004
200495I,2004112921,4.2,63.4,35.0,Cyclonic Storm,UNNAMED,2004
200495I,2004113000,4.8,63.0,35.0,Cyclonic Storm,UNNAMED,2004
200495I,2004113003,5.2,62.4,45.0,Cyclonic Storm,UNNAMED,2004
200495I,2004113006,5.6,61.7,55.0,Severe Cyclonic Storm,UNNAMED,2004
200495I,2004113009,6.0,61.1,55.0,Severe Cyclonic Storm,UNNAMED,2004
200495I,2004113012,6.1,60.7,55.0,Severe Cyclonic Storm,UNNAMED,2004
200495I,2004113015,6.1,60.4,55.0,Severe Cyclonic Storm,UNNAMED,2004
200495I,2004113018,6.3,60.0,45.0,Cyclonic Storm,UNNAMED,2004
200495I,2004113021,6.6,59.8,45.0,Cyclonic Storm,UNNAMED,2004
200495I,2004120100,7.0,59.5,35.0,Cyclonic Storm,UNNAMED,2004
200495I,2004120103,7.1,59.3,35.0,Cyclonic Storm,UNNAMED,2004
200495I,2004120106,7.3,59.2,35.0,Cyclonic Storm,UNNAMED,2004
200495I,2004120109,7.6,58.5,30.0,Depression,UNNAMED,2004
200495I,2004120112,7.7,58.4,25.0,Depression,UNNAMED,2004
200495I,2004120115,7.7,58.1,48.0,Severe Cyclonic Storm,UNNAMED,2004
200495I,2004120118,7.7,57.7,45.0,Cyclonic Storm,UNNAMED,2004
200495I,2004120121,7.8,57.3,45.0,Cyclonic Storm,UNNAMED,2004
200495I,2004120200,7.9,56.8,45.0,Cyclonic Storm,UNNAMED,2004
200495I,2004120203,8.0,56.3,25.0,Depression,UNNAMED,2004
200495I,2004120206,8.1,55.8,25.0,Depression,UNNAMED,2004
200495I,2004120209,8.2,55.3,25.0,Depression,UNNAMED,2004
200495I,2004120212,8.2,55.0,25.0,Depression,UNNAMED,2004
200495I,2004120215,8.2,54.7,40.0,Cyclonic Storm,UNNAMED,2004
200495I,2004120218,8.2,54.4,40.0,Cyclonic Storm,UNNAMED,2004
200495I,2004120221,8.2,54.1,40.0,Cyclonic Storm,UNNAMED,2004
200495I,2004120300,8.3,53.9,40.0,Cyclonic Storm,UNNAMED,2004
200495I,2004120303,8.3,53.7,40.0,Cyclonic Storm,UNNAMED,2004
200495I,2004120306,8.3,53.4,40.0,Cyclonic Storm,UNNAMED,2004
200495I,2004120309,8.3,53.2,38.0,Cyclonic Storm,UNNAMED,2004
200495I,2004120312,8.2,52.9,35.0,Cyclonic Storm,UNNAMED,2004
200495I,2004120315,8.1,52.5,33.0,Depression,UNNAMED,2004
200495I,2004120318,7.9,52.1,30.0,Depression,UNNAMED,2004
200495I,2004120321,7.7,51.7,30.0,Depression,UNNAMED,2004
200495I,2004120400,7.5,51.3,30.0,Depression,UNNAMED,2004
200495I,2004120403,7.2,50.8,30.0,Depression,UNNAMED,2004
200495I,2004120406,6.9,50.3,30.0,Depression,UNNAMED,2004
200495I,2004120409,6.6,49.8,28.0,Depression,UNNAMED,2004
200495I,2004120412,6.1,49.2,25.0,Depression,UNNAMED,2004
200495I,2004120415,5.4,48.6,25.0,Depression,UNNAMED,2004
200495I,2004120418,4.6,47.9,25.0,Depression,UNNAMED,2004
200495I,2004120421,4.0,47.0,25.0,Depression,UNNAMED,2004
200495I,2004120500,3.4,46.4,25.0,Depression,UNNAMED,2004
200495I,2004120503,2.7,46.3,23.0,Depression,UNNAMED,2004
200495I,2004120506,1.9,46.5,20.0,Depression,UNNAMED,2004
200503I,2005010700,3.5,85.1,15.0,Depression,UNNAMED,2005
200503I,2005010703,3.5,85.0,15.0,Depression,UNNAMED,2005
200503I,2005010706,3.5,84.8,15.0,Depression,UNNAMED,2005
200503I,2005010709,3.6,84.7,15.0,Depression,UNNAMED,2005
200503I,2005010712,3.6,84.6,15.0,Depression,UNNAMED,2005
200503I,2005010715,3.6,84.5,18.0,Depression,UNNAMED,2005
200503I,2005010718,3.7,84.4,20.0,Depression,UNNAMED,2005
200503I,2005010721,3.7,84.3,20.0,Depression,UNNAMED,2005
200503I,2005010800,3.8,84.2,20.0,Depression,UNNAMED,2005
200503I,2005010803,3.8,84.0,23.0,Depression,UNNAMED,2005
200503I,2005010806,3.9,83.9,25.0,Depression,UNNAMED,2005
200503I,2005010809,4.0,83.8,28.0,Depression,UNNAMED,2005
200503I,2005010812,4.2,83.7,30.0,Depression,UNNAMED,2005
200503I,2005010815,4.4,83.6,30.0,Depression,UNNAMED,2005
200503I,2005010818,4.7,83.5,30.0,Depression,UNNAMED,2005
200503I,2005010821,5.0,83.4,28.0,Depression,UNNAMED,2005
200503I,2005010900,5.2,83.4,25.0,Depression,UNNAMED,2005
200503I,2005010903,5.4,83.4,25.0,Depression,UNNAMED,2005
200503I,2005010906,5.5,83.3,25.0,Depression,UNNAMED,2005
200503I,2005010909,5.7,83.2,25.0,Depression,UNNAMED,2005
200503I,2005010912,5.8,83.2,25.0,Depression,UNNAMED,2005
200503I,2005010915,5.9,83.2,25.0,Depression,UNNAMED,2005
200503I,2005010918,6.1,83.2,25.0,Depression,UNNAMED,2005
200503I,2005010921,6.2,83.2,25.0,Depression,UNNAMED,2005
200503I,2005011000,6.4,83.2,25.0,Depression,UNNAMED,2005
200503I,2005011003,6.6,83.2,23.0,Depression,UNNAMED,2005
200503I,2005011006,6.7,83.1,20.0,Depression,UNNAMED,2005
200503I,2005011009,6.9,83.0,20.0,Depression,UNNAMED,2005
200503I,2005011012,7.0,83.0,20.0,Depression,UNNAMED,2005
200504I,2005011118,4.0,89.8,20.0,Depression,UNNAMED,2005
200504I,2005011121,4.2,89.9,20.0,Depression,UNNAMED,2005
200504I,2005011200,4.4,89.9,20.0,Depression,UNNAMED,2005
200504I,2005011203,4.6,89.8,20.0,Depression,UNNAMED,2005
200504I,2005011206,4.7,89.7,20.0,Depression,UNNAMED,2005
200504I,2005011209,4.8,89.6,20.0,Depression,UNNAMED,2005
200504I,2005011212,5.0,89.4,20.0,Depression,UNNAMED,2005
200504I,2005011215,5.2,89.2,20.0,Depression,UNNAMED,2005
200504I,2005011218,5.3,88.9,20.0,Depression,UNNAMED,2005
200504I,2005011221,5.3,88.5,23.0,Depression,UNNAMED,2005
200504I,2005011300,5.2,88.1,25.0,Depression,UNNAMED,2005
200504I,2005011303,5.3,87.8,28.0,Depression,UNNAMED,2005
200504I,2005011306,5.4,87.5,30.0,Depression,UNNAMED,2005
200504I,2005011309,5.5,87.3,30.0,Depression,UNNAMED,2005
200504I,2005011312,5.6,87.2,25.0,Depression,UNNAMED,2005
200504I,2005011315,5.7,87.1,30.0,Depression,UNNAMED,2005
200504I,2005011318,5.7,87.2,30.0,Depression,UNNAMED,2005
200504I,2005011321,5.7,87.2,30.0,Depression,UNNAMED,2005
200504I,2005011400,5.7,87.3,30.0,Depression,UNNAMED,2005
200504I,2005011403,5.6,87.3,30.0,Depression,UNNAMED,2005
200504I,2005011406,5.5,87.3,30.0,Depression,UNNAMED,2005
200504I,2005011409,5.4,87.3,30.0,Depression,UNNAMED,2005
200504I,2005011412,5.3,87.2,30.0,Depression,UNNAMED,2005
200504I,2005011415,5.3,87.1,35.0,Cyclonic Storm,UNNAMED,2005
200504I,2005011418,5.3,87.1,35.0,Cyclonic Storm,UNNAMED,2005
200504I,2005011421,5.3,87.0,35.0,Cyclonic Storm,UNNAMED,2005
200504I,2005011500,5.3,87.0,35.0,Cyclonic Storm,UNNAMED,2005
200504I,2005011503,5.3,86.9,35.0,Cyclonic Storm,UNNAMED,2005
200504I,2005011506,5.3,86.8,35.0,Cyclonic Storm,UNNAMED,2005
200504I,2005011509,5.2,86.7,35.0,Cyclonic Storm,UNNAMED,2005
200504I,2005011512,5.2,86.7,35.0,Cyclonic Storm,UNNAMED,2005
200504I,2005011515,5.1,86.7,35.0,Cyclonic Storm,UNNAMED,2005
200504I,2005011518,5.0,86.7,35.0,Cyclonic Storm,UNNAMED,2005
200504I,2005011521,4.9,86.7,35.0,Cyclonic Storm,UNNAMED,2005
200504I,2005011600,4.9,86.7,35.0,Cyclonic Storm,UNNAMED,2005
200504I,2005011603,4.9,86.4,35.0,Cyclonic Storm,UNNAMED,2005
200504I,2005011606,5.0,86.4,35.0,Cyclonic Storm,UNNAMED,2005
200504I,2005011609,5.0,86.3,35.0,Cyclonic Storm,UNNAMED,2005
200504I,2005011612,5.1,86.2,35.0,Cyclonic Storm,UNNAMED,2005
200504I,2005011615,5.1,86.1,35.0,Cyclonic Storm,UNNAMED,2005
200504I,2005011618,5.2,86.1,35.0,Cyclonic Storm,UNNAMED,2005
200504I,2005011621,5.2,85.9,35.0,Cyclonic Storm,UNNAMED,2005
200504I,2005011700,5.2,85.7,30.0,Depression,UNNAMED,2005
200504I,2005011703,4.8,85.7,30.0,Depression,UNNAMED,2005
200504I,2005011706,4.8,85.8,30.0,Depression,UNNAMED,2005
200504I,2005011709,5.0,86.0,25.0,Depression,UNNAMED,2005
200504I,2005011712,5.0,86.0,25.0,Depression,UNNAMED,2005
2005107I,2005112003,8.0,84.5,25.0,Depression,UNNAMED,2005
2005107I,2005112006,8.0,84.5,25.0,Depression,UNNAMED,2005
2005107I,2005112009,8.0,84.5,25.0,Depression,UNNAMED,2005
2005107I,2005112012,8.0,84.0,25.0,Depression,UNNAMED,2005
2005107I,2005112015,8.0,84.0,25.0,Depression,UNNAMED,2005
2005107I,2005112018,8.0,84.0,25.0,Depression,UNNAMED,2005
2005107I,2005112021,8.0,84.0,25.0,Depression,UNNAMED,2005
2005107I,2005112100,8.0,84.0,25.0,Depression,UNNAMED,2005
2005107I,2005112103,8.5,83.0,25.0,Depression,UNNAMED,2005
2005107I,2005112106,8.5,83.0,25.0,Depression,UNNAMED,2005
2005107I,2005112109,9.0,82.0,25.0,Depression,UNNAMED,2005
2005107I,2005112112,9.0,81.5,25.0,Depression,UNNAMED,2005
2005107I,2005112115,9.0,81.5,25.0,Depression,UNNAMED,2005
2005107I,2005112118,9.0,81.0,25.0,Depression,UNNAMED,2005
2005107I,2005112121,9.0,81.0,25.0,Depression,UNNAMED,2005
2005107I,2005112200,9.0,80.5,25.0,Depression,UNNAMED,2005
2005107I,2005112203,9.0,80.0,25.0,Depression,UNNAMED,2005
2005107I,2005112206,9.0,79.5,25.0,Depression,UNNAMED,2005
2005107I,2005112209,9.5,79.5,25.0,Depression,UNNAMED,2005
2005109I,2005112606,9.4,96.1,15.0,Depression,BAAZ,2005
2005109I,2005112609,9.6,95.8,15.0,Depression,BAAZ,2005
2005109I,2005112612,9.7,95.5,15.0,Depression,BAAZ,2005
2005109I,2005112615,9.8,95.2,18.0,Depression,BAAZ,2005
2005109I,2005112618,10.0,94.9,20.0,Depression,BAAZ,2005
2005109I,2005112621,10.4,94.8,23.0,Depression,BAAZ,2005
2005109I,2005112700,10.7,94.6,25.0,Depression,BAAZ,2005
2005109I,2005112703,10.8,94.2,25.0,Depression,BAAZ,2005
2005109I,2005112706,10.9,93.7,25.0,Depression,BAAZ,2005
2005109I,2005112709,11.0,93.2,28.0,Depression,BAAZ,2005
2005109I,2005112712,11.0,92.6,30.0,Depression,BAAZ,2005
2005109I,2005112715,10.9,91.9,30.0,Depression,BAAZ,2005
2005109I,2005112718,10.8,91.2,30.0,Depression,BAAZ,2005
2005109I,2005112721,10.5,90.5,33.0,Depression,BAAZ,2005
2005109I,2005112800,10.3,89.9,35.0,Cyclonic Storm,BAAZ,2005
2005109I,2005112803,10.4,89.6,25.0,Depression,BAAZ,2005
2005109I,2005112806,10.5,89.3,30.0,Depression,BAAZ,2005
2005109I,2005112809,10.5,88.7,30.0,Depression,BAAZ,2005
2005109I,2005112812,10.6,88.3,30.0,Depression,BAAZ,2005
2005109I,2005112815,10.7,87.8,30.0,Depression,BAAZ,2005
2005109I,2005112818,10.8,87.7,35.0,Cyclonic Storm,BAAZ,2005
2005109I,2005112821,10.9,87.4,35.0,Cyclonic Storm,BAAZ,2005
2005109I,2005112900,11.1,87.0,35.0,Cyclonic Storm,BAAZ,2005
2005109I,2005112903,11.2,86.6,45.0,Cyclonic Storm,BAAZ,2005
2005109I,2005112906,11.7,86.0,45.0,Cyclonic Storm,BAAZ,2005
2005109I,2005112909,12.0,85.3,45.0,Cyclonic Storm,BAAZ,2005
2005109I,2005112912,12.3,84.6,45.0,Cyclonic Storm,BAAZ,2005
2005109I,2005112915,12.3,84.5,45.0,Cyclonic Storm,BAAZ,2005
2005109I,2005112918,12.2,84.4,45.0,Cyclonic Storm,BAAZ,2005
2005109I,2005112921,12.2,84.2,45.0,Cyclonic Storm,BAAZ,2005
2005109I,2005113000,12.3,84.2,45.0,Cyclonic Storm,BAAZ,2005
2005109I,2005113003,12.4,84.1,45.0,Cyclonic Storm,BAAZ,2005
2005109I,2005113006,12.7,84.1,35.0,Cyclonic Storm,BAAZ,2005
2005109I,2005113009,12.7,84.2,35.0,Cyclonic Storm,BAAZ,2005
2005109I,2005113012,12.6,84.2,35.0,Cyclonic Storm,BAAZ,2005
2005109I,2005113015,12.6,84.1,35.0,Cyclonic Storm,BAAZ,2005
2005109I,2005113018,12.6,84.0,35.0,Cyclonic Storm,BAAZ,2005
2005109I,2005113021,12.7,84.0,35.0,Cyclonic Storm,BAAZ,2005
2005109I,2005120100,12.8,84.0,35.0,Cyclonic Storm,BAAZ,2005
2005109I,2005120103,12.7,83.9,35.0,Cyclonic Storm,BAAZ,2005
2005109I,2005120106,12.7,83.6,35.0,Cyclonic Storm,BAAZ,2005
2005109I,2005120109,12.7,83.5,35.0,Cyclonic Storm,BAAZ,2005
2005109I,2005120112,12.7,83.4,30.0,Depression,BAAZ,2005
2005109I,2005120115,12.6,83.3,30.0,Depression,BAAZ,2005
2005109I,2005120118,12.8,83.0,30.0,Depression,BAAZ,2005
2005109I,2005120121,12.7,82.9,30.0,Depression,BAAZ,2005
2005109I,2005120200,12.6,82.6,25.0,Depression,BAAZ,2005
2005109I,2005120203,12.4,82.4,25.0,Depression,BAAZ,2005
2005109I,2005120206,12.1,82.2,30.0,Depression,BAAZ,2005
2005109I,2005120209,12.2,81.8,30.0,Depression,BAAZ,2005
2005109I,2005120212,12.3,81.4,30.0,Depression,BAAZ,2005
2005109I,2005120215,12.4,81.1,30.0,Depression,BAAZ,2005
2005109I,2005120218,12.6,80.9,30.0,Depression,BAAZ,2005
2005109I,2005120221,12.7,80.6,30.0,Depression,BAAZ,2005
2005109I,2005120300,12.8,80.4,30.0,Depression,BAAZ,2005
2005109I,2005120303,12.7,80.2,28.0,Depression,BAAZ,2005
2005109I,2005120306,12.6,80.0,25.0,Depression,BAAZ,2005
2005109I,2005120309,12.5,79.8,23.0,Depression,BAAZ,2005
2005109I,2005120312,12.5,79.7,20.0,Depression,BAAZ,2005
2005109I,2005120315,12.5,79.6,20.0,Depression,BAAZ,2005
2005109I,2005120318,12.5,79.5,20.0,Depression,BAAZ,2005
2005109I,2005120321,12.5,79.4,20.0,Depression,BAAZ,2005
2005109I,2005120400,12.5,79.3,20.0,Depression,BAAZ,2005
2005111I,2005120406,8.7,93.0,20.0,Depression,FANOOS,2005
2005111I,2005120409,8.9,92.7,20.0,Depression,FANOOS,2005
2005111I,2005120412,9.1,92.4,20.0,Depression,FANOOS,2005
2005111I,2005120415,9.4,92.2,20.0,Depression,FANOOS,2005
2005111I,2005120418,9.6,92.0,20.0,Depression,FANOOS,2005
2005111I,2005120421,9.8,91.8,20.0,Depression,FANOOS,2005
2005111I,2005120500,9.9,91.5,20.0,Depression,FANOOS,2005
2005111I,2005120503,10.1,91.3,23.0,Depression,FANOOS,2005
2005111I,2005120506,10.2,91.0,25.0,Depression,FANOOS,2005
2005111I,2005120509,10.3,90.7,28.0,Depression,FANOOS,2005
2005111I,2005120512,10.4,90.4,30.0,Depression,FANOOS,2005
2005111I,2005120515,10.6,90.2,30.0,Depression,FANOOS,2005
2005111I,2005120518,10.9,90.0,30.0,Depression,FANOOS,2005
2005111I,2005120521,11.2,89.8,33.0,Depression,FANOOS,2005
2005111I,2005120600,11.4,89.5,35.0,Cyclonic Storm,FANOOS,2005
2005111I,2005120603,11.4,89.3,25.0,Depression,FANOOS,2005
2005111I,2005120606,11.3,89.1,25.0,Depression,FANOOS,2005
2005111I,2005120609,11.4,88.8,30.0,Depression,FANOOS,2005
2005111I,2005120612,11.3,88.7,30.0,Depression,FANOOS,2005
2005111I,2005120615,11.3,88.5,30.0,Depression,FANOOS,2005
2005111I,2005120618,11.2,88.1,30.0,Depression,FANOOS,2005
2005111I,2005120621,11.2,87.9,30.0,Depression,FANOOS,2005
2005111I,2005120700,11.1,87.8,30.0,Depression,FANOOS,2005
2005111I,2005120703,11.0,87.2,35.0,Cyclonic Storm,FANOOS,2005
2005111I,2005120706,10.9,86.9,40.0,Cyclonic Storm,FANOOS,2005
2005111I,2005120709,10.8,86.6,45.0,Cyclonic Storm,FANOOS,2005
2005111I,2005120712,10.8,86.6,45.0,Cyclonic Storm,FANOOS,2005
2005111I,2005120715,10.7,86.5,45.0,Cyclonic Storm,FANOOS,2005
2005111I,2005120718,10.7,86.2,45.0,Cyclonic Storm,FANOOS,2005
2005111I,2005120721,10.7,86.1,45.0,Cyclonic Storm,FANOOS,2005
2005111I,2005120800,10.7,86.0,45.0,Cyclonic Storm,FANOOS,2005
2005111I,2005120803,10.5,85.8,45.0,Cyclonic Storm,FANOOS,2005
2005111I,2005120806,10.6,85.5,45.0,Cyclonic Storm,FANOOS,2005
2005111I,2005120809,10.6,85.0,45.0,Cyclonic Storm,FANOOS,2005
2005111I,2005120812,10.6,84.6,45.0,Cyclonic Storm,FANOOS,2005
2005111I,2005120815,10.5,84.5,45.0,Cyclonic Storm,FANOOS,2005
2005111I,2005120818,10.4,84.1,45.0,Cyclonic Storm,FANOOS,2005
2005111I,2005120821,10.4,83.9,45.0,Cyclonic Storm,FANOOS,2005
2005111I,2005120900,10.4,83.4,45.0,Cyclonic Storm,FANOOS,2005
2005111I,2005120903,10.4,83.0,45.0,Cyclonic Storm,FANOOS,2005
2005111I,2005120906,10.4,82.8,45.0,Cyclonic Storm,FANOOS,2005
2005111I,2005120909,10.4,82.3,45.0,Cyclonic Storm,FANOOS,2005
2005111I,2005120912,10.4,81.9,45.0,Cyclonic Storm,FANOOS,2005
2005111I,2005120915,10.4,81.4,45.0,Cyclonic Storm,FANOOS,2005
2005111I,2005120918,10.4,81.2,35.0,Cyclonic Storm,FANOOS,2005
2005111I,2005120921,10.5,80.8,35.0,Cyclonic Storm,FANOOS,2005
2005111I,2005121000,10.5,80.5,55.0,Severe Cyclonic Storm,FANOOS,2005
2005111I,2005121003,10.5,80.2,50.0,Severe Cyclonic Storm,FANOOS,2005
2005111I,2005121006,10.4,79.9,45.0,Cyclonic Storm,FANOOS,2005
2005111I,2005121009,10.3,79.7,45.0,Cyclonic Storm,FANOOS,2005
2005111I,2005121012,10.2,79.5,30.0,Depression,FANOOS,2005
2005111I,2005121015,10.1,79.1,38.0,Cyclonic Storm,FANOOS,2005
2005111I,2005121018,10.2,78.7,30.0,Depression,FANOOS,2005
2005111I,2005121021,10.2,78.2,30.0,Depression,FANOOS,2005
2005111I,2005121100,10.0,77.8,30.0,Depression,FANOOS,2005
2005111I,2005121103,9.7,77.5,28.0,Depression,FANOOS,2005
2005111I,2005121106,9.4,77.2,25.0,Depression,FANOOS,2005
2005111I,2005121109,9.1,76.9,25.0,Depression,FANOOS,2005
2005111I,2005121112,8.7,76.6,25.0,Depression,FANOOS,2005
2005111I,2005121115,8.3,76.4,25.0,Depression,FANOOS,2005
2005111I,2005121118,8.0,76.2,25.0,Depression,FANOOS,2005
2005111I,2005121121,7.9,76.0,25.0,Depression,FANOOS,2005
2005111I,2005121200,7.8,75.7,25.0,Depression,FANOOS,2005
2005111I,2005121203,7.6,75.4,25.0,Depression,FANOOS,2005
2005111I,2005121206,7.4,75.1,25.0,Depression,FANOOS,2005
2005111I,2005121209,7.2,74.8,25.0,Depression,FANOOS,2005
2005111I,2005121212,7.1,74.5,25.0,Depression,FANOOS,2005
2005111I,2005121215,7.0,74.3,20.0,Depression,FANOOS,2005
2005111I,2005121218,6.8,74.2,15.0,Depression,FANOOS,2005
2005112I,2005121418,6.4,89.9,15.0,Depression,UNNAMED,2005
2005112I,2005121421,6.9,89.4,15.0,Depression,UNNAMED,2005
2005112I,2005121500,7.3,88.9,15.0,Depression,UNNAMED,2005
2005112I,2005121503,7.7,88.4,20.0,Depression,UNNAMED,2005
2005112I,2005121506,8.0,87.8,25.0,Depression,UNNAMED,2005
2005112I,2005121509,8.3,87.2,25.0,Depression,UNNAMED,2005
2005112I,2005121512,8.3,86.8,25.0,Depression,UNNAMED,2005
2005112I,2005121515,8.2,86.4,25.0,Depression,UNNAMED,2005
2005112I,2005121518,8.1,86.3,25.0,Depression,UNNAMED,2005
2005112I,2005121521,7.9,86.2,25.0,Depression,UNNAMED,2005
2005112I,2005121600,7.9,86.2,25.0,Depression,UNNAMED,2005
2005112I,2005121603,7.8,85.1,25.0,Depression,UNNAMED,2005
2005112I,2005121606,7.8,85.0,25.0,Depression,UNNAMED,2005
2005112I,2005121609,7.8,84.6,25.0,Depression,UNNAMED,2005
2005112I,2005121612,7.9,84.5,25.0,Depression,UNNAMED,2005
2005112I,2005121615,7.9,84.4,25.0,Depression,UNNAMED,2005
2005112I,2005121618,7.9,84.4,25.0,Depression,UNNAMED,2005
2005112I,2005121621,7.9,84.3,25.0,Depression,UNNAMED,2005
2005112I,2005121700,8.0,84.0,25.0,Depression,UNNAMED,2005
2005112I,2005121703,8.1,84.0,30.0,Depression,UNNAMED,2005
2005112I,2005121706,8.3,83.9,30.0,Depression,UNNAMED,2005
2005112I,2005121709,8.6,83.6,30.0,Depression,UNNAMED,2005
2005112I,2005121712,8.8,83.5,30.0,Depression,UNNAMED,2005
2005112I,2005121715,8.9,83.4,30.0,Depression,UNNAMED,2005
2005112I,2005121718,9.4,83.1,30.0,Depression,UNNAMED,2005
2005112I,2005121721,9.5,83.0,30.0,Depression,UNNAMED,2005
2005112I,2005121800,10.0,83.0,30.0,Depression,UNNAMED,2005
2005112I,2005121803,10.3,83.0,30.0,Depression,UNNAMED,2005
2005112I,2005121806,10.4,83.0,30.0,Depression,UNNAMED,2005
2005112I,2005121809,10.7,82.8,30.0,Depression,UNNAMED,2005
2005112I,2005121812,10.8,82.8,30.0,Depression,UNNAMED,2005
2005112I,2005121815,10.8,82.8,30.0,Depression,UNNAMED,2005
2005112I,2005121818,11.1,82.8,30.0,Depression,UNNAMED,2005
2005112I,2005121821,11.1,82.7,30.0,Depression,UNNAMED,2005
2005112I,2005121900,11.1,82.8,30.0,Depression,UNNAMED,2005
2005112I,2005121903,11.1,82.8,30.0,Depression,UNNAMED,2005
2005112I,2005121906,11.2,82.9,30.0,Depression,UNNAMED,2005
2005112I,2005121909,11.1,82.9,30.0,Depression,UNNAMED,2005
2005112I,2005121912,11.1,83.0,30.0,Depression,UNNAMED,2005
2005112I,2005121915,11.3,83.0,30.0,Depression,UNNAMED,2005
2005112I,2005121918,11.3,83.1,30.0,Depression,UNNAMED,2005
2005112I,2005121921,11.3,83.2,30.0,Depression,UNNAMED,2005
2005112I,2005122000,11.3,83.5,30.0,Depression,UNNAMED,2005
2005112I,2005122003,11.4,83.8,30.0,Depression,UNNAMED,2005
2005112I,2005122006,11.5,84.1,25.0,Depression,UNNAMED,2005
2005112I,2005122009,11.8,84.3,25.0,Depression,UNNAMED,2005
2005112I,2005122012,11.8,84.4,25.0,Depression,UNNAMED,2005
2005112I,2005122015,11.9,84.5,25.0,Depression,UNNAMED,2005
2005112I,2005122018,11.9,84.5,25.0,Depression,UNNAMED,2005
2005112I,2005122021,11.9,84.6,25.0,Depression,UNNAMED,2005
2005112I,2005122100,11.8,84.6,25.0,Depression,UNNAMED,2005
2005112I,2005122103,11.7,84.5,25.0,Depression,UNNAMED,2005
2005112I,2005122106,11.7,84.5,25.0,Depression,UNNAMED,2005
2005112I,2005122109,11.8,84.5,25.0,Depression,UNNAMED,2005
2005112I,2005122112,11.8,84.6,25.0,Depression,UNNAMED,2005
2005112I,2005122115,11.9,84.7,25.0,Depression,UNNAMED,2005
2005112I,2005122118,12.1,84.7,25.0,Depression,UNNAMED,2005
2005112I,2005122121,12.2,84.8,25.0,Depression,UNNAMED,2005
2005112I,2005122200,12.4,84.9,25.0,Depression,UNNAMED,2005
2005112I,2005122203,12.7,85.1,30.0,Depression,UNNAMED,2005
2005112I,2005122206,12.9,85.2,30.0,Depression,UNNAMED,2005
2005112I,2005122209,13.1,85.4,28.0,Depression,UNNAMED,2005
2005112I,2005122212,13.3,85.8,25.0,Depression,UNNAMED,2005
2005112I,2005122215,13.5,86.3,25.0,Depression,UNNAMED,2005
2005112I,2005122218,13.7,86.8,25.0,Depression,UNNAMED,2005
2005112I,2005122221,13.9,87.4,25.0,Depression,UNNAMED,2005
2005112I,2005122300,14.1,88.0,25.0,Depression,UNNAMED,2005
2005112I,2005122303,14.3,88.6,25.0,Depression,UNNAMED,2005
2005112I,2005122306,14.4,89.1,25.0,Depression,UNNAMED,2005
2005112I,2005122309,14.5,89.6,25.0,Depression,UNNAMED,2005
2005112I,2005122312,14.6,90.0,25.0,Depression,UNNAMED,2005
2005112I,2005122315,14.9,90.4,23.0,Depression,UNNAMED,2005
2005112I,2005122318,15.3,90.7,20.0,Depression,UNNAMED,2005
2005112I,2005122321,15.7,91.0,20.0,Depression,UNNAMED,2005
2005112I,2005122400,16.2,91.3,20.0,Depression,UNNAMED,2005
200532I,2005062103,21.5,68.5,25.0,Depression,UNNAMED,2005
200532I,2005062106,21.7,68.3,25.0,Depression,UNNAMED,2005
200532I,2005062109,21.9,68.1,25.0,Depression,UNNAMED,2005
200532I,2005062112,22.0,68.0,25.0,Depression,UNNAMED,2005
200532I,2005062203,22.0,68.0,25.0,Depression,UNNAMED,2005
200532I,2005062206,22.0,67.8,25.0,Depression,UNNAMED,2005
200532I,2005062209,22.0,67.4,25.0,Depression,UNNAMED,2005
200532I,2005062212,22.0,67.0,25.0,Depression,UNNAMED,2005
200535I,2005062712,21.5,88.0,25.0,Depression,UNNAMED,2005
200535I,2005062803,23.0,86.0,25.0,Depression,UNNAMED,2005
200535I,2005062806,23.1,85.9,25.0,Depression,UNNAMED,2005
200535I,2005062809,23.0,85.9,25.0,Depression,UNNAMED,2005
200535I,2005062812,23.0,86.0,25.0,Depression,UNNAMED,2005
200535I,2005062903,23.0,86.0,25.0,Depression,UNNAMED,2005
200535I,2005062906,23.1,85.9,25.0,Depression,UNNAMED,2005
200535I,2005062909,23.3,85.7,25.0,Depression,UNNAMED,2005
200535I,2005062912,23.5,85.5,25.0,Depression,UNNAMED,2005
200535I,2005063003,24.0,84.0,25.0,Depression,UNNAMED,2005
200535I,2005063006,24.0,83.4,25.0,Depression,UNNAMED,2005
200535I,2005063009,24.0,82.6,25.0,Depression,UNNAMED,2005
200535I,2005063012,24.0,82.0,25.0,Depression,UNNAMED,2005
200535I,2005070103,24.5,80.5,25.0,Depression,UNNAMED,2005
200535I,2005070106,24.5,80.4,25.0,Depression,UNNAMED,2005
200535I,2005070109,24.5,80.5,25.0,Depression,UNNAMED,2005
200535I,2005070112,24.5,80.5,25.0,Depression,UNNAMED,2005
200535I,2005070203,24.5,80.5,25.0,Depression,UNNAMED,2005
200535I,2005070206,24.5,80.5,25.0,Depression,UNNAMED,2005
200535I,2005070209,24.5,80.5,25.0,Depression,UNNAMED,2005
200535I,2005070212,24.5,80.5,25.0,Depression,UNNAMED,2005
200535I,2005070303,24.5,80.5,25.0,Depression,UNNAMED,2005
200535I,2005070306,24.5,80.5,25.0,Depression,UNNAMED,2005
200535I,2005070309,24.5,80.5,25.0,Depression,UNNAMED,2005
200535I,2005070312,24.5,80.5,25.0,Depression,UNNAMED,2005
200535I,2005070403,25.0,79.5,25.0,Depression,UNNAMED,2005
200535I,2005070406,25.0,79.5,25.0,Depression,UNNAMED,2005
200535I,2005070409,25.0,79.5,25.0,Depression,UNNAMED,2005
200535I,2005070412,25.0,79.5,25.0,Depression,UNNAMED,2005
200535I,2005070503,26.0,80.0,25.0,Depression,UNNAMED,2005
200535I,2005070506,26.1,80.0,25.0,Depression,UNNAMED,2005
200535I,2005070509,26.0,80.0,25.0,Depression,UNNAMED,2005
200535I,2005070512,26.0,80.0,25.0,Depression,UNNAMED,2005
200548I,2005072903,21.5,87.5,25.0,Depression,UNNAMED,2005
200548I,2005072906,21.5,87.5,25.0,Depression,UNNAMED,2005
200548I,2005072909,21.5,87.5,25.0,Depression,UNNAMED,2005
200548I,2005072912,21.5,87.5,25.0,Depression,UNNAMED,2005
200548I,2005073003,21.5,87.5,30.0,Depression,UNNAMED,2005
200548I,2005073006,21.5,86.9,30.0,Depression,UNNAMED,2005
200548I,2005073009,21.5,86.1,30.0,Depression,UNNAMED,2005
200548I,2005073012,21.5,85.5,30.0,Depression,UNNAMED,2005
200548I,2005073103,21.5,85.5,30.0,Depression,UNNAMED,2005
200548I,2005073106,21.6,84.8,30.0,Depression,UNNAMED,2005
200548I,2005073109,21.8,83.7,30.0,Depression,UNNAMED,2005
200548I,2005073112,22.0,82.5,30.0,Depression,UNNAMED,2005
200572I,2005091203,20.0,88.0,25.0,Depression,UNNAMED,2005
200572I,2005091206,20.4,86.8,25.0,Depression,UNNAMED,2005
200572I,2005091209,20.7,85.8,25.0,Depression,UNNAMED,2005
200572I,2005091212,21.0,85.0,25.0,Depression,UNNAMED,2005
200572I,2005091303,21.5,84.0,25.0,Depression,UNNAMED,2005
200572I,2005091306,21.7,83.6,25.0,Depression,UNNAMED,2005
200572I,2005091309,21.8,83.0,25.0,Depression,UNNAMED,2005
200572I,2005091312,22.0,82.5,25.0,Depression,UNNAMED,2005
200572I,2005091403,23.0,80.0,25.0,Depression,UNNAMED,2005
200572I,2005091406,23.0,79.9,25.0,Depression,UNNAMED,2005
200572I,2005091409,23.0,80.0,25.0,Depression,UNNAMED,2005
200572I,2005091412,23.0,80.0,25.0,Depression,UNNAMED,2005
200572I,2005091503,24.5,78.5,25.0,Depression,UNNAMED,2005
200572I,2005091506,24.8,78.3,25.0,Depression,UNNAMED,2005
200572I,2005091509,25.2,78.1,25.0,Depression,UNNAMED,2005
200572I,2005091512,25.5,78.0,25.0,Depression,UNNAMED,2005
200572I,2005091603,27.0,78.0,25.0,Depression,UNNAMED,2005
200572I,2005091606,27.3,78.0,25.0,Depression,UNNAMED,2005
200572I,2005091609,27.7,78.0,25.0,Depression,UNNAMED,2005
200572I,2005091612,28.0,78.0,25.0,Depression,UNNAMED,2005
200574I,2005091403,20.0,68.5,25.0,Depression,UNNAMED,2005
200574I,2005091406,20.2,68.3,25.0,Depression,UNNAMED,2005
200574I,2005091409,20.4,68.1,25.0,Depression,UNNAMED,2005
200574I,2005091412,20.5,68.0,25.0,Depression,UNNAMED,2005
200574I,2005091503,20.5,68.0,25.0,Depression,UNNAMED,2005
200574I,2005091506,20.5,68.0,25.0,Depression,UNNAMED,2005
200574I,2005091509,20.5,68.0,25.0,Depression,UNNAMED,2005
200574I,2005091512,20.5,68.0,25.0,Depression,UNNAMED,2005
200574I,2005091603,21.5,67.5,25.0,Depression,UNNAMED,2005
200574I,2005091606,21.6,67.9,25.0,Depression,UNNAMED,2005
200574I,2005091609,21.6,68.4,25.0,Depression,UNNAMED,2005
200574I,2005091612,21.5,69.0,25.0,Depression,UNNAMED,2005
200576I,2005091703,20.0,90.5,25.0,Depression,UNNAMED,2005
200576I,2005091706,20.2,90.4,25.0,Depression,UNNAMED,2005
200576I,2005091709,20.3,90.3,25.0,Depression,UNNAMED,2005
200576I,2005091712,20.5,90.0,25.0,Depression,UNNAMED,2005
200576I,2005091803,20.5,87.5,30.0,Depression,UNNAMED,2005
200576I,2005091806,20.0,87.5,30.0,Depression,UNNAMED,2005
200576I,2005091809,19.5,87.0,30.0,Depression,UNNAMED,2005
200576I,2005091812,19.5,86.5,35.0,Cyclonic Storm,UNNAMED,2005
200576I,2005091815,19.5,86.5,35.0,Cyclonic Storm,UNNAMED,2005
200576I,2005091818,19.0,85.5,35.0,Cyclonic Storm,UNNAMED,2005
200576I,2005091821,18.5,84.5,35.0,Cyclonic Storm,UNNAMED,2005
200576I,2005091900,18.5,84.5,35.0,Cyclonic Storm,UNNAMED,2005
200576I,2005091903,18.5,84.0,35.0,Cyclonic Storm,UNNAMED,2005
200576I,2005091906,18.5,83.5,35.0,Cyclonic Storm,UNNAMED,2005
200576I,2005091909,18.5,83.5,35.0,Cyclonic Storm,UNNAMED,2005
200576I,2005091912,18.5,83.5,35.0,Cyclonic Storm,UNNAMED,2005
200576I,2005091915,18.5,83.5,35.0,Cyclonic Storm,UNNAMED,2005
200576I,2005091918,18.5,83.0,35.0,Cyclonic Storm,UNNAMED,2005
200576I,2005091921,18.5,83.0,30.0,Depression,UNNAMED,2005
200576I,2005092000,19.0,82.5,30.0,Depression,UNNAMED,2005
200576I,2005092003,19.0,82.5,30.0,Depression,UNNAMED,2005
200576I,2005092006,19.0,82.5,30.0,Depression,UNNAMED,2005
200576I,2005092009,19.0,81.5,30.0,Depression,UNNAMED,2005
200576I,2005092012,19.0,80.5,25.0,Depression,UNNAMED,2005
200576I,2005092103,19.5,79.5,25.0,Depression,UNNAMED,2005
200576I,2005092106,19.9,78.7,25.0,Depression,UNNAMED,2005
200576I,2005092109,20.4,77.4,25.0,Depression,UNNAMED,2005
200576I,2005092112,21.0,76.0,25.0,Depression,UNNAMED,2005
200587I,2005100106,17.4,85.9,15.0,Depression,UNNAMED,2005
200587I,2005100109,17.7,85.8,18.0,Depression,UNNAMED,2005
200587I,2005100112,17.9,85.8,20.0,Depression,UNNAMED,2005
200587I,2005100115,18.1,85.8,23.0,Depression,UNNAMED,2005
200587I,2005100118,18.4,85.8,25.0,Depression,UNNAMED,2005
200587I,2005100121,18.7,85.9,28.0,Depression,UNNAMED,2005
200587I,2005100200,19.0,86.0,30.0,Depression,UNNAMED,2005
200587I,2005100203,19.4,86.3,33.0,Depression,UNNAMED,2005
200587I,2005100206,19.7,86.6,35.0,Cyclonic Storm,UNNAMED,2005
200587I,2005100209,20.0,86.9,38.0,Cyclonic Storm,UNNAMED,2005
200587I,2005100212,20.2,87.1,40.0,Cyclonic Storm,UNNAMED,2005
200587I,2005100215,20.4,87.4,40.0,Cyclonic Storm,UNNAMED,2005
200587I,2005100218,20.7,87.6,40.0,Cyclonic Storm,UNNAMED,2005
200587I,2005100221,21.0,87.8,40.0,Cyclonic Storm,UNNAMED,2005
200587I,2005100300,21.4,87.9,40.0,Cyclonic Storm,UNNAMED,2005
200587I,2005100303,21.8,88.0,38.0,Cyclonic Storm,UNNAMED,2005
200587I,2005100306,22.2,88.1,35.0,Cyclonic Storm,UNNAMED,2005
200599I,2005102500,12.4,87.6,15.0,Depression,UNNAMED,2005
200599I,2005102503,12.4,87.3,18.0,Depression,UNNAMED,2005
200599I,2005102506,12.4,87.0,20.0,Depression,UNNAMED,2005
200599I,2005102509,12.4,86.7,20.0,Depression,UNNAMED,2005
200599I,2005102512,12.4,86.4,20.0,Depression,UNNAMED,2005
200599I,2005102515,12.3,86.1,20.0,Depression,UNNAMED,2005
200599I,2005102518,12.2,85.8,20.0,Depression,UNNAMED,2005
200599I,2005102521,12.0,85.5,20.0,Depression,UNNAMED,2005
200599I,2005102600,11.8,85.2,20.0,Depression,UNNAMED,2005
200599I,2005102603,11.7,84.8,25.0,Depression,UNNAMED,2005
200599I,2005102606,11.7,84.5,25.0,Depression,UNNAMED,2005
200599I,2005102609,11.7,84.0,25.0,Depression,UNNAMED,2005
200599I,2005102612,12.1,83.8,25.0,Depression,UNNAMED,2005
200599I,2005102615,12.2,83.6,25.0,Depression,UNNAMED,2005
200599I,2005102618,12.4,83.4,30.0,Depression,UNNAMED,2005
200599I,2005102621,12.5,83.2,30.0,Depression,UNNAMED,2005
200599I,2005102700,12.6,83.0,30.0,Depression,UNNAMED,2005
200599I,2005102703,13.0,82.2,30.0,Depression,UNNAMED,2005
200599I,2005102706,13.2,81.7,30.0,Depression,UNNAMED,2005
200599I,2005102709,13.3,81.7,30.0,Depression,UNNAMED,2005
200599I,2005102712,13.7,81.8,30.0,Depression,UNNAMED,2005
200599I,2005102715,14.1,81.7,30.0,Depression,UNNAMED,2005
200599I,2005102718,14.2,81.7,30.0,Depression,UNNAMED,2005
200599I,2005102721,14.8,81.3,30.0,Depression,UNNAMED,2005
200599I,2005102800,14.9,81.2,30.0,Depression,UNNAMED,2005
200599I,2005102803,15.3,80.6,30.0,Depression,UNNAMED,2005
200599I,2005102806,15.4,80.4,30.0,Depression,UNNAMED,2005
200599I,2005102809,15.4,80.2,25.0,Depression,UNNAMED,2005
200599I,2005102812,15.5,80.0,25.0,Depression,UNNAMED,2005
200599I,2005102815,15.6,79.7,30.0,Depression,UNNAMED,2005
200599I,2005102818,15.6,79.5,30.0,Depression,UNNAMED,2005
200599I,2005102821,15.7,79.4,23.0,Depression,UNNAMED,2005
200599I,2005102900,15.7,79.4,15.0,Depression,UNNAMED,2005
200599I,2005102903,15.5,79.5,25.0,Depression,UNNAMED,2005
200603I,2006011200,2.9,81.1,15.0,Depression,UNNAMED,2006
200603I,2006011203,2.9,80.8,15.0,Depression,UNNAMED,2006
200603I,2006011206,3.0,80.5,15.0,Depression,UNNAMED,2006
200603I,2006011209,3.1,80.2,18.0,Depression,UNNAMED,2006
200603I,2006011212,3.2,80.0,20.0,Depression,UNNAMED,2006
200603I,2006011215,3.3,79.8,23.0,Depression,UNNAMED,2006
200603I,2006011218,3.5,79.5,25.0,Depression,UNNAMED,2006
200603I,2006011221,3.6,79.2,25.0,Depression,UNNAMED,2006
200603I,2006011300,3.8,78.9,25.0,Depression,UNNAMED,2006
200603I,2006011303,4.0,78.5,28.0,Depression,UNNAMED,2006
200603I,2006011306,4.3,78.1,30.0,Depression,UNNAMED,2006
200603I,2006011309,4.6,77.6,33.0,Depression,UNNAMED,2006
200603I,2006011312,4.9,77.1,25.0,Depression,UNNAMED,2006
200603I,2006011315,5.3,76.6,25.0,Depression,UNNAMED,2006
200603I,2006011318,5.6,76.3,25.0,Depression,UNNAMED,2006
200603I,2006011321,5.7,75.9,25.0,Depression,UNNAMED,2006
200603I,2006011400,5.7,75.6,25.0,Depression,UNNAMED,2006
200603I,2006011403,5.8,75.1,30.0,Depression,UNNAMED,2006
200603I,2006011406,6.9,74.2,30.0,Depression,UNNAMED,2006
200603I,2006011409,6.9,73.7,30.0,Depression,UNNAMED,2006
200603I,2006011412,6.9,73.3,25.0,Depression,UNNAMED,2006
200603I,2006011415,6.9,72.9,25.0,Depression,UNNAMED,2006
200603I,2006011418,7.0,72.7,25.0,Depression,UNNAMED,2006
200603I,2006011421,7.1,72.3,25.0,Depression,UNNAMED,2006
200603I,2006011500,7.1,71.9,35.0,Cyclonic Storm,UNNAMED,2006
200603I,2006011503,7.0,71.4,33.0,Depression,UNNAMED,2006
200603I,2006011506,6.9,71.0,30.0,Depression,UNNAMED,2006
200603I,2006011509,6.8,70.5,30.0,Depression,UNNAMED,2006
200603I,2006011512,6.8,70.1,30.0,Depression,UNNAMED,2006
200603I,2006011515,6.8,69.7,30.0,Depression,UNNAMED,2006
200603I,2006011518,6.9,69.3,30.0,Depression,UNNAMED,2006
200603I,2006011521,7.1,68.9,30.0,Depression,UNNAMED,2006
200603I,2006011600,7.3,68.6,30.0,Depression,UNNAMED,2006
200603I,2006011603,7.6,68.3,30.0,Depression,UNNAMED,2006
200603I,2006011606,7.9,68.0,30.0,Depression,UNNAMED,2006
200603I,2006011609,8.2,67.7,30.0,Depression,UNNAMED,2006
200603I,2006011612,8.4,67.3,30.0,Depression,UNNAMED,2006
200603I,2006011615,8.4,66.7,30.0,Depression,UNNAMED,2006
200603I,2006011618,8.5,66.1,30.0,Depression,UNNAMED,2006
200603I,2006011621,8.8,65.5,30.0,Depression,UNNAMED,2006
200603I,2006011700,9.2,64.8,30.0,Depression,UNNAMED,2006
200603I,2006011703,9.5,64.1,30.0,Depression,UNNAMED,2006
200603I,2006011706,9.8,63.4,30.0,Depression,UNNAMED,2006
200603I,2006011709,9.9,62.7,30.0,Depression,UNNAMED,2006
200603I,2006011712,9.9,62.1,30.0,Depression,UNNAMED,2006
200603I,2006011715,9.8,61.5,30.0,Depression,UNNAMED,2006
200603I,2006011718,9.6,61.0,30.0,Depression,UNNAMED,2006
200603I,2006011721,9.4,60.4,30.0,Depression,UNNAMED,2006
200603I,2006011800,9.3,59.9,30.0,Depression,UNNAMED,2006
200603I,2006011803,9.3,59.4,30.0,Depression,UNNAMED,2006
200603I,2006011806,9.3,58.8,30.0,Depression,UNNAMED,2006
200603I,2006011809,9.4,58.2,28.0,Depression,UNNAMED,2006
200603I,2006011812,9.4,57.5,25.0,Depression,UNNAMED,2006
200603I,2006011815,9.4,56.8,25.0,Depression,UNNAMED,2006
200603I,2006011818,9.3,56.2,25.0,Depression,UNNAMED,2006
200603I,2006011821,9.3,55.6,25.0,Depression,UNNAMED,2006
200603I,2006011900,9.2,54.9,25.0,Depression,UNNAMED,2006
200603I,2006011903,9.1,54.2,25.0,Depression,UNNAMED,2006
200603I,2006011906,8.9,53.6,25.0,Depression,UNNAMED,2006
200623I,2006042406,8.4,90.1,20.0,Depression,MALA,2006
200623I,2006042409,8.5,89.9,23.0,Depression,MALA,2006
200623I,2006042412,8.6,89.7,25.0,Depression,MALA,2006
200623I,2006042415,8.8,89.6,28.0,Depression,MALA,2006
200623I,2006042418,9.0,89.5,30.0,Depression,MALA,2006
200623I,2006042421,9.2,89.6,33.0,Depression,MALA,2006
200623I,2006042500,9.3,89.7,35.0,Cyclonic Storm,MALA,2006
200623I,2006042503,9.5,89.8,25.0,Depression,MALA,2006
200623I,2006042506,9.6,89.9,25.0,Depression,MALA,2006
200623I,2006042509,9.7,89.8,30.0,Depression,MALA,2006
200623I,2006042512,10.0,89.6,35.0,Cyclonic Storm,MALA,2006
200623I,2006042515,10.1,89.6,35.0,Cyclonic Storm,MALA,2006
200623I,2006042518,10.2,89.7,35.0,Cyclonic Storm,MALA,2006
200623I,2006042521,10.1,89.8,35.0,Cyclonic Storm,MALA,2006
200623I,2006042600,10.4,89.7,45.0,Cyclonic Storm,MALA,2006
200623I,2006042603,10.6,89.7,45.0,Cyclonic Storm,MALA,2006
200623I,2006042606,11.1,89.8,45.0,Cyclonic Storm,MALA,2006
200623I,2006042609,11.3,90.1,45.0,Cyclonic Storm,MALA,2006
200623I,2006042612,11.7,90.3,45.0,Cyclonic Storm,MALA,2006
200623I,2006042615,12.1,90.5,45.0,Cyclonic Storm,MALA,2006
200623I,2006042618,12.1,90.4,45.0,Cyclonic Storm,MALA,2006
200623I,2006042621,12.1,90.3,45.0,Cyclonic Storm,MALA,2006
200623I,2006042700,12.0,90.2,45.0,Cyclonic Storm,MALA,2006
200623I,2006042703,12.4,90.1,55.0,Severe Cyclonic Storm,MALA,2006
200623I,2006042706,12.5,90.2,55.0,Severe Cyclonic Storm,MALA,2006
200623I,2006042709,12.6,90.3,55.0,Severe Cyclonic Storm,MALA,2006
200623I,2006042712,13.0,90.5,65.0,Very Severe Cyclonic Storm,MALA,2006
200623I,2006042715,13.1,90.6,65.0,Very Severe Cyclonic Storm,MALA,2006
200623I,2006042718,13.3,90.8,65.0,Very Severe Cyclonic Storm,MALA,2006
200623I,2006042721,13.7,90.9,65.0,Very Severe Cyclonic Storm,MALA,2006
200623I,2006042800,14.1,91.4,65.0,Very Severe Cyclonic Storm,MALA,2006
200623I,2006042803,14.5,91.7,80.0,Very Severe Cyclonic Storm,MALA,2006
200623I,2006042806,15.0,92.1,90.0,Extremely Severe/Super Cyclone,MALA,2006
200623I,2006042809,15.3,92.4,100.0,Extremely Severe/Super Cyclone,MALA,2006
200623I,2006042812,15.6,92.7,100.0,Extremely Severe/Super Cyclone,MALA,2006
200623I,2006042815,16.0,93.1,100.0,Extremely Severe/Super Cyclone,MALA,2006
200623I,2006042818,16.2,93.2,100.0,Extremely Severe/Super Cyclone,MALA,2006
200623I,2006042821,16.5,93.6,100.0,Extremely Severe/Super Cyclone,MALA,2006
200623I,2006042900,16.7,93.7,100.0,Extremely Severe/Super Cyclone,MALA,2006
200623I,2006042903,17.1,94.1,100.0,Extremely Severe/Super Cyclone,MALA,2006
200623I,2006042906,17.5,94.5,90.0,Extremely Severe/Super Cyclone,MALA,2006
200623I,2006042909,18.0,94.9,78.0,Very Severe Cyclonic Storm,MALA,2006
200623I,2006042912,18.5,95.5,65.0,Very Severe Cyclonic Storm,MALA,2006
200630I,2006063018,20.0,88.3,15.0,Depression,UNNAMED,2006
200630I,2006063021,20.2,88.3,15.0,Depression,UNNAMED,2006
200630I,2006070100,20.4,88.3,15.0,Depression,UNNAMED,2006
200630I,2006070103,20.6,88.4,15.0,Depression,UNNAMED,2006
200630I,2006070106,20.7,88.6,15.0,Depression,UNNAMED,2006
200630I,2006070109,20.7,88.8,18.0,Depression,UNNAMED,2006
200630I,2006070112,20.7,88.9,20.0,Depression,UNNAMED,2006
200630I,2006070115,20.6,88.9,23.0,Depression,UNNAMED,2006
200630I,2006070118,20.5,88.8,25.0,Depression,UNNAMED,2006
200630I,2006070121,20.5,88.6,25.0,Depression,UNNAMED,2006
200630I,2006070200,20.4,88.5,25.0,Depression,UNNAMED,2006
200630I,2006070203,20.5,88.3,30.0,Depression,UNNAMED,2006
200630I,2006070206,20.4,88.2,30.0,Depression,UNNAMED,2006
200630I,2006070209,20.4,87.9,30.0,Depression,UNNAMED,2006
200630I,2006070212,20.4,87.4,30.0,Depression,UNNAMED,2006
200630I,2006070215,20.4,86.7,30.0,Depression,UNNAMED,2006
200630I,2006070218,20.4,86.0,30.0,Depression,UNNAMED,2006
200630I,2006070221,20.4,85.8,30.0,Depression,UNNAMED,2006
200630I,2006070300,20.4,85.4,30.0,Depression,UNNAMED,2006
200630I,2006070303,20.4,85.2,30.0,Depression,UNNAMED,2006
200630I,2006070306,20.4,85.1,30.0,Depression,UNNAMED,2006
200630I,2006070309,20.8,84.5,30.0,Depression,UNNAMED,2006
200630I,2006070312,20.9,84.1,30.0,Depression,UNNAMED,2006
200630I,2006070315,21.0,83.5,30.0,Depression,UNNAMED,2006
200630I,2006070318,21.0,83.0,30.0,Depression,UNNAMED,2006
200630I,2006070321,21.0,82.5,30.0,Depression,UNNAMED,2006
200630I,2006070400,21.0,82.0,30.0,Depression,UNNAMED,2006
200630I,2006070403,21.5,81.5,30.0,Depression,UNNAMED,2006
200630I,2006070406,21.5,81.0,30.0,Depression,UNNAMED,2006
200630I,2006070409,21.5,80.0,25.0,Depression,UNNAMED,2006
200630I,2006070412,21.5,79.5,25.0,Depression,UNNAMED,2006
200630I,2006070415,21.5,79.0,25.0,Depression,UNNAMED,2006
200630I,2006070418,21.5,78.5,25.0,Depression,UNNAMED,2006
200630I,2006070421,21.5,78.0,25.0,Depression,UNNAMED,2006
200630I,2006070500,21.5,78.0,25.0,Depression,UNNAMED,2006
200630I,2006070503,22.0,77.5,25.0,Depression,UNNAMED,2006
200630I,2006070506,22.0,77.5,25.0,Depression,UNNAMED,2006
200644I,2006080203,20.5,87.5,25.0,Depression,UNNAMED,2006
200644I,2006080206,20.5,87.5,25.0,Depression,UNNAMED,2006
200644I,2006080209,20.0,87.0,30.0,Depression,UNNAMED,2006
200644I,2006080212,20.0,86.5,30.0,Depression,UNNAMED,2006
200644I,2006080215,20.0,86.5,30.0,Depression,UNNAMED,2006
200644I,2006080218,20.0,86.0,30.0,Depression,UNNAMED,2006
200644I,2006080221,20.0,85.5,30.0,Depression,UNNAMED,2006
200644I,2006080300,19.7,85.2,30.0,Depression,UNNAMED,2006
200644I,2006080303,19.5,85.0,30.0,Depression,UNNAMED,2006
200644I,2006080306,19.5,85.0,30.0,Depression,UNNAMED,2006
200644I,2006080309,19.5,84.5,30.0,Depression,UNNAMED,2006
200644I,2006080312,19.5,84.0,30.0,Depression,UNNAMED,2006
200644I,2006080315,19.5,84.0,30.0,Depression,UNNAMED,2006
200644I,2006080318,19.5,83.5,30.0,Depression,UNNAMED,2006
200644I,2006080321,19.5,83.0,30.0,Depression,UNNAMED,2006
200644I,2006080400,19.5,83.0,30.0,Depression,UNNAMED,2006
200644I,2006080403,20.0,82.5,30.0,Depression,UNNAMED,2006
200644I,2006080406,20.0,82.5,30.0,Depression,UNNAMED,2006
200644I,2006080409,20.5,82.0,25.0,Depression,UNNAMED,2006
200644I,2006080412,21.0,81.0,25.0,Depression,UNNAMED,2006
200644I,2006080415,21.0,81.0,25.0,Depression,UNNAMED,2006
200644I,2006080418,21.0,81.0,25.0,Depression,UNNAMED,2006
200644I,2006080421,21.0,81.0,25.0,Depression,UNNAMED,2006
200644I,2006080500,21.0,80.5,25.0,Depression,UNNAMED,2006
200644I,2006080503,21.0,80.0,25.0,Depression,UNNAMED,2006
200644I,2006080506,21.0,79.5,25.0,Depression,UNNAMED,2006
200644I,2006080509,21.0,79.5,25.0,Depression,UNNAMED,2006
200648I,2006081203,21.0,88.0,25.0,Depression,UNNAMED,2006
200648I,2006081206,21.0,88.0,25.0,Depression,UNNAMED,2006
200648I,2006081209,21.0,87.5,25.0,Depression,UNNAMED,2006
200648I,2006081212,21.0,87.5,25.0,Depression,UNNAMED,2006
200648I,2006081215,22.0,86.5,25.0,Depression,UNNAMED,2006
200648I,2006081218,22.0,85.0,25.0,Depression,UNNAMED,2006
200648I,2006081221,22.0,83.5,25.0,Depression,UNNAMED,2006
200648I,2006081300,22.0,82.5,25.0,Depression,UNNAMED,2006
200653I,2006081603,20.5,88.0,25.0,Depression,UNNAMED,2006
200653I,2006081606,20.5,87.5,25.0,Depression,UNNAMED,2006
200653I,2006081609,20.5,87.5,25.0,Depression,UNNAMED,2006
200653I,2006081612,20.5,87.0,25.0,Depression,UNNAMED,2006
200653I,2006081615,20.5,86.5,25.0,Depression,UNNAMED,2006
200653I,2006081618,20.5,86.0,25.0,Depression,UNNAMED,2006
200653I,2006081621,21.0,85.0,25.0,Depression,UNNAMED,2006
200653I,2006081700,21.5,84.5,25.0,Depression,UNNAMED,2006
200653I,2006081703,22.0,83.5,25.0,Depression,UNNAMED,2006
200653I,2006081706,22.0,83.5,25.0,Depression,UNNAMED,2006
200653I,2006081709,22.5,83.0,25.0,Depression,UNNAMED,2006
200653I,2006081712,22.5,81.0,25.0,Depression,UNNAMED,2006
200653I,2006081715,22.5,81.0,25.0,Depression,UNNAMED,2006
200653I,2006081718,22.5,80.5,25.0,Depression,UNNAMED,2006
200653I,2006081721,22.5,80.0,25.0,Depression,UNNAMED,2006
200653I,2006081800,22.5,79.0,25.0,Depression,UNNAMED,2006
200653I,2006081803,23.0,78.0,25.0,Depression,UNNAMED,2006
200653I,2006081806,23.0,77.5,25.0,Depression,UNNAMED,2006
200653I,2006081809,23.5,77.0,25.0,Depression,UNNAMED,2006
200659I,2006082903,20.5,87.5,25.0,Depression,UNNAMED,2006
200659I,2006082906,20.5,86.5,25.0,Depression,UNNAMED,2006
200659I,2006082909,21.0,85.0,25.0,Depression,UNNAMED,2006
200659I,2006082912,21.0,84.5,25.0,Depression,UNNAMED,2006
200659I,2006082915,21.0,84.5,25.0,Depression,UNNAMED,2006
200659I,2006082918,21.0,84.0,25.0,Depression,UNNAMED,2006
200659I,2006082921,21.0,83.5,25.0,Depression,UNNAMED,2006
200659I,2006083000,21.0,83.0,25.0,Depression,UNNAMED,2006
200659I,2006083003,22.0,83.0,25.0,Depression,UNNAMED,2006
200659I,2006083006,22.5,82.5,25.0,Depression,UNNAMED,2006
200659I,2006083009,22.5,81.5,25.0,Depression,UNNAMED,2006
200659I,2006083012,22.5,81.0,25.0,Depression,UNNAMED,2006
200659I,2006083015,22.5,81.0,25.0,Depression,UNNAMED,2006
200659I,2006083018,22.5,81.0,25.0,Depression,UNNAMED,2006
200659I,2006083021,22.5,80.5,25.0,Depression,UNNAMED,2006
200659I,2006083100,23.0,80.0,25.0,Depression,UNNAMED,2006
200659I,2006083103,23.5,79.0,25.0,Depression,UNNAMED,2006
200659I,2006083106,24.0,78.0,25.0,Depression,UNNAMED,2006
200659I,2006083109,24.0,78.0,25.0,Depression,UNNAMED,2006
200659I,2006083112,24.0,78.0,25.0,Depression,UNNAMED,2006
200659I,2006083115,24.0,78.0,25.0,Depression,UNNAMED,2006
200659I,2006083118,24.5,77.5,25.0,Depression,UNNAMED,2006
200659I,2006083121,25.0,77.0,25.0,Depression,UNNAMED,2006
200659I,2006090100,25.5,77.0,25.0,Depression,UNNAMED,2006
200659I,2006090103,26.0,76.5,25.0,Depression,UNNAMED,2006
200659I,2006090106,26.0,76.5,25.0,Depression,UNNAMED,2006
200662I,2006090312,20.5,88.5,25.0,Depression,UNNAMED,2006
200662I,2006090315,20.5,88.0,25.0,Depression,UNNAMED,2006
200662I,2006090318,20.5,87.5,25.0,Depression,UNNAMED,2006
200662I,2006090321,20.5,87.5,25.0,Depression,UNNAMED,2006
200662I,2006090400,21.0,87.0,25.0,Depression,UNNAMED,2006
200662I,2006090403,21.0,86.5,25.0,Depression,UNNAMED,2006
200662I,2006090406,21.5,85.5,25.0,Depression,UNNAMED,2006
200662I,2006090409,21.5,85.0,25.0,Depression,UNNAMED,2006
200662I,2006090412,22.0,84.5,25.0,Depression,UNNAMED,2006
200662I,2006090415,22.0,84.5,25.0,Depression,UNNAMED,2006
200662I,2006090418,22.0,84.5,25.0,Depression,UNNAMED,2006
200662I,2006090421,22.0,84.5,25.0,Depression,UNNAMED,2006
200671I,2006091906,19.4,68.7,20.0,Depression,MUKDA,2006
200671I,2006091909,19.4,68.5,20.0,Depression,MUKDA,2006
200671I,2006091912,19.4,68.4,20.0,Depression,MUKDA,2006
200671I,2006091915,19.3,68.3,23.0,Depression,MUKDA,2006
200671I,2006091918,19.3,68.2,25.0,Depression,MUKDA,2006
200671I,2006091921,19.3,68.0,25.0,Depression,MUKDA,2006
200671I,2006092000,19.3,67.8,25.0,Depression,MUKDA,2006
200671I,2006092003,19.3,67.6,25.0,Depression,MUKDA,2006
200671I,2006092006,19.4,67.4,25.0,Depression,MUKDA,2006
200671I,2006092009,19.4,67.2,25.0,Depression,MUKDA,2006
200671I,2006092012,19.5,67.1,25.0,Depression,MUKDA,2006
200671I,2006092015,19.6,66.9,28.0,Depression,MUKDA,2006
200671I,2006092018,19.6,66.8,30.0,Depression,MUKDA,2006
200671I,2006092021,19.6,66.7,30.0,Depression,MUKDA,2006
200671I,2006092100,19.6,66.6,30.0,Depression,MUKDA,2006
200671I,2006092103,19.6,66.4,25.0,Depression,MUKDA,2006
200671I,2006092106,19.6,66.3,30.0,Depression,MUKDA,2006
200671I,2006092109,19.6,66.2,30.0,Depression,MUKDA,2006
200671I,2006092112,19.6,66.2,30.0,Depression,MUKDA,2006
200671I,2006092115,19.6,66.1,30.0,Depression,MUKDA,2006
200671I,2006092118,19.7,66.2,30.0,Depression,MUKDA,2006
200671I,2006092121,19.7,66.2,30.0,Depression,MUKDA,2006
200671I,2006092200,20.0,66.2,40.0,Cyclonic Storm,MUKDA,2006
200671I,2006092203,20.1,66.2,45.0,Cyclonic Storm,MUKDA,2006
200671I,2006092206,20.1,66.3,45.0,Cyclonic Storm,MUKDA,2006
200671I,2006092209,20.1,66.3,45.0,Cyclonic Storm,MUKDA,2006
200671I,2006092212,20.4,66.6,45.0,Cyclonic Storm,MUKDA,2006
200671I,2006092215,20.4,66.6,45.0,Cyclonic Storm,MUKDA,2006
200671I,2006092218,20.4,66.7,45.0,Cyclonic Storm,MUKDA,2006
200671I,2006092221,20.4,66.7,45.0,Cyclonic Storm,MUKDA,2006
200671I,2006092300,20.7,67.0,45.0,Cyclonic Storm,MUKDA,2006
200671I,2006092303,20.7,67.0,45.0,Cyclonic Storm,MUKDA,2006
200671I,2006092306,20.8,67.1,45.0,Cyclonic Storm,MUKDA,2006
200671I,2006092309,20.7,67.1,45.0,Cyclonic Storm,MUKDA,2006
200671I,2006092312,20.7,67.1,50.0,Severe Cyclonic Storm,MUKDA,2006
200671I,2006092315,20.6,67.1,55.0,Severe Cyclonic Storm,MUKDA,2006
200671I,2006092318,20.6,67.1,50.0,Severe Cyclonic Storm,MUKDA,2006
200671I,2006092321,20.6,67.0,45.0,Cyclonic Storm,MUKDA,2006
200671I,2006092400,20.5,67.0,40.0,Cyclonic Storm,MUKDA,2006
200671I,2006092403,20.5,67.0,35.0,Cyclonic Storm,MUKDA,2006
200671I,2006092406,20.3,66.9,30.0,Depression,MUKDA,2006
200671I,2006092409,20.1,66.9,30.0,Depression,MUKDA,2006
200671I,2006092412,19.9,66.9,25.0,Depression,MUKDA,2006
200671I,2006092415,19.5,66.9,30.0,Depression,MUKDA,2006
200671I,2006092418,19.5,66.8,30.0,Depression,MUKDA,2006
200671I,2006092421,19.5,66.7,30.0,Depression,MUKDA,2006
200671I,2006092500,19.5,66.6,30.0,Depression,MUKDA,2006
200671I,2006092503,19.6,66.5,30.0,Depression,MUKDA,2006
200671I,2006092506,19.7,66.5,30.0,Depression,MUKDA,2006
200671I,2006092509,19.8,66.4,30.0,Depression,MUKDA,2006
200671I,2006092512,19.8,66.3,30.0,Depression,MUKDA,2006
200671I,2006092515,19.8,66.2,28.0,Depression,MUKDA,2006
200671I,2006092518,19.9,66.2,25.0,Depression,MUKDA,2006
200671I,2006092521,19.9,66.2,25.0,Depression,MUKDA,2006
200671I,2006092600,20.0,66.1,25.0,Depression,MUKDA,2006
200671I,2006092603,20.1,66.0,25.0,Depression,MUKDA,2006
200671I,2006092606,20.2,65.8,25.0,Depression,MUKDA,2006
200671I,2006092609,20.3,65.6,25.0,Depression,MUKDA,2006
200671I,2006092612,20.3,65.4,25.0,Depression,MUKDA,2006
200673I,2006092103,23.0,86.5,25.0,Depression,UNNAMED,2006
200673I,2006092106,23.0,86.5,25.0,Depression,UNNAMED,2006
200673I,2006092109,23.0,86.5,25.0,Depression,UNNAMED,2006
200673I,2006092112,23.0,86.5,25.0,Depression,UNNAMED,2006
200673I,2006092115,23.0,86.5,25.0,Depression,UNNAMED,2006
200673I,2006092118,23.0,86.5,25.0,Depression,UNNAMED,2006
200673I,2006092121,23.0,86.5,25.0,Depression,UNNAMED,2006
200673I,2006092200,23.5,86.0,25.0,Depression,UNNAMED,2006
200673I,2006092203,23.5,86.0,25.0,Depression,UNNAMED,2006
200673I,2006092206,23.5,86.0,25.0,Depression,UNNAMED,2006
200673I,2006092209,23.5,86.0,25.0,Depression,UNNAMED,2006
200673I,2006092212,23.5,86.0,25.0,Depression,UNNAMED,2006
200673I,2006092215,23.5,86.0,25.0,Depression,UNNAMED,2006
200673I,2006092218,23.5,86.0,25.0,Depression,UNNAMED,2006
200673I,2006092221,23.5,86.0,25.0,Depression,UNNAMED,2006
200673I,2006092300,23.5,86.0,25.0,Depression,UNNAMED,2006
200673I,2006092303,23.5,85.5,25.0,Depression,UNNAMED,2006
200673I,2006092306,23.5,85.5,25.0,Depression,UNNAMED,2006
200673I,2006092309,23.5,85.5,25.0,Depression,UNNAMED,2006
200673I,2006092312,23.5,85.5,25.0,Depression,UNNAMED,2006
200673I,2006092315,23.5,85.5,25.0,Depression,UNNAMED,2006
200673I,2006092318,23.5,85.5,25.0,Depression,UNNAMED,2006
200673I,2006092321,23.5,85.5,25.0,Depression,UNNAMED,2006
200673I,2006092400,23.5,85.5,25.0,Depression,UNNAMED,2006
200676I,2006092800,17.7,89.4,20.0,Depression,UNNAMED,2006
200676I,2006092803,17.8,89.0,25.0,Depression,UNNAMED,2006
200676I,2006092806,18.0,88.5,30.0,Depression,UNNAMED,2006
200676I,2006092809,18.1,88.2,25.0,Depression,UNNAMED,2006
200676I,2006092812,18.4,87.9,25.0,Depression,UNNAMED,2006
200676I,2006092815,18.4,87.5,25.0,Depression,UNNAMED,2006
200676I,2006092818,18.5,87.2,25.0,Depression,UNNAMED,2006
200676I,2006092821,18.8,86.7,25.0,Depression,UNNAMED,2006
200676I,2006092900,18.9,86.3,25.0,Depression,UNNAMED,2006
200676I,2006092903,18.9,85.9,25.0,Depression,UNNAMED,2006
200676I,2006092906,19.0,85.5,25.0,Depression,UNNAMED,2006
200676I,2006092909,19.0,85.0,25.0,Depression,UNNAMED,2006
200676I,2006092912,19.1,84.5,25.0,Depression,UNNAMED,2006
200676I,2006092915,19.2,84.2,25.0,Depression,UNNAMED,2006
200676I,2006092918,19.2,84.0,25.0,Depression,UNNAMED,2006
200676I,2006092921,19.2,83.4,25.0,Depression,UNNAMED,2006
200676I,2006093000,19.4,82.8,25.0,Depression,UNNAMED,2006
200687I,2006102706,7.4,78.1,15.0,Depression,UNNAMED,2006
200687I,2006102709,8.0,78.2,15.0,Depression,UNNAMED,2006
200687I,2006102712,8.6,78.4,15.0,Depression,UNNAMED,2006
200687I,2006102715,9.1,78.7,15.0,Depression,UNNAMED,2006
200687I,2006102718,9.5,79.1,15.0,Depression,UNNAMED,2006
200687I,2006102721,9.9,79.4,15.0,Depression,UNNAMED,2006
200687I,2006102800,10.3,79.7,15.0,Depression,UNNAMED,2006
200687I,2006102803,10.7,79.8,18.0,Depression,UNNAMED,2006
200687I,2006102806,11.2,79.9,20.0,Depression,UNNAMED,2006
200687I,2006102809,11.7,80.0,20.0,Depression,UNNAMED,2006
200687I,2006102812,12.2,80.2,20.0,Depression,UNNAMED,2006
200687I,2006102815,12.6,80.3,23.0,Depression,UNNAMED,2006
200687I,2006102818,13.1,80.4,25.0,Depression,UNNAMED,2006
200687I,2006102821,13.7,80.5,28.0,Depression,UNNAMED,2006
200687I,2006102900,14.2,80.5,25.0,Depression,UNNAMED,2006
200687I,2006102903,14.5,80.5,25.0,Depression,UNNAMED,2006
200687I,2006102906,14.7,80.5,25.0,Depression,UNNAMED,2006
200687I,2006102909,15.0,80.5,30.0,Depression,UNNAMED,2006
200687I,2006102912,15.1,80.5,35.0,Cyclonic Storm,UNNAMED,2006
200687I,2006102915,15.2,80.5,35.0,Cyclonic Storm,UNNAMED,2006
200687I,2006102918,15.5,80.5,35.0,Cyclonic Storm,UNNAMED,2006
200687I,2006102921,15.6,80.4,35.0,Cyclonic Storm,UNNAMED,2006
200687I,2006103000,15.6,80.4,35.0,Cyclonic Storm,UNNAMED,2006
200687I,2006103003,15.7,80.2,35.0,Cyclonic Storm,UNNAMED,2006
200687I,2006103006,15.8,80.2,30.0,Depression,UNNAMED,2006
200687I,2006103009,15.9,80.1,25.0,Depression,UNNAMED,2006
200687I,2006103012,16.0,79.9,30.0,Depression,UNNAMED,2006
200694I,2006120606,9.5,99.5,20.0,Depression,DURIAN,2006
200694I,2006120609,9.7,98.8,20.0,Depression,DURIAN,2006
200694I,2006120612,9.9,98.2,20.0,Depression,DURIAN,2006
200694I,2006120615,10.1,97.7,20.0,Depression,DURIAN,2006
200694I,2006120618,10.2,97.1,20.0,Depression,DURIAN,2006
200694I,2006120621,10.3,96.4,20.0,Depression,DURIAN,2006
200694I,2006120700,10.4,95.7,20.0,Depression,DURIAN,2006
200694I,2006120703,10.6,95.1,20.0,Depression,DURIAN,2006
200694I,2006120706,10.7,94.5,20.0,Depression,DURIAN,2006
200694I,2006120709,10.7,93.9,20.0,Depression,DURIAN,2006
200694I,2006120712,10.7,93.4,20.0,Depression,DURIAN,2006
200694I,2006120715,10.7,92.8,20.0,Depression,DURIAN,2006
200694I,2006120718,10.7,92.2,20.0,Depression,DURIAN,2006
200694I,2006120721,10.7,91.7,20.0,Depression,DURIAN,2006
200694I,2006120800,10.7,91.2,20.0,Depression,DURIAN,2006
200694I,2006120803,10.7,90.5,20.0,Depression,DURIAN,2006
200694I,2006120806,10.8,89.8,20.0,Depression,DURIAN,2006
200694I,2006120809,10.8,89.2,20.0,Depression,DURIAN,2006
200694I,2006120812,10.9,88.7,20.0,Depression,DURIAN,2006
200694I,2006120815,11.0,88.0,18.0,Depression,DURIAN,2006
200694I,2006120818,11.1,87.3,15.0,Depression,DURIAN,2006
200694I,2006120821,11.1,86.7,15.0,Depression,DURIAN,2006
200694I,2006120900,11.2,86.0,15.0,Depression,DURIAN,2006
200694I,2006120903,11.3,85.2,15.0,Depression,DURIAN,2006
200694I,2006120906,11.4,84.5,15.0,Depression,DURIAN,2006
200694I,2006120909,11.4,83.9,15.0,Depression,DURIAN,2006
200694I,2006120912,11.5,83.3,15.0,Depression,DURIAN,2006
200694I,2006120915,11.6,82.6,15.0,Depression,DURIAN,2006
200694I,2006120918,11.7,81.8,15.0,Depression,DURIAN,2006
200720I,2007051221,15.0,90.5,25.0,Depression,AKASH,2007
200720I,2007051300,14.8,90.7,25.0,Depression,AKASH,2007
200720I,2007051303,14.9,90.8,25.0,Depression,AKASH,2007
200720I,2007051306,15.2,90.8,25.0,Depression,AKASH,2007
200720I,2007051309,15.4,90.9,25.0,Depression,AKASH,2007
200720I,2007051312,15.6,90.9,25.0,Depression,AKASH,2007
200720I,2007051315,16.0,90.9,30.0,Depression,AKASH,2007
200720I,2007051318,16.2,90.9,30.0,Depression,AKASH,2007
200720I,2007051321,16.6,91.3,35.0,Cyclonic Storm,AKASH,2007
200720I,2007051400,17.2,91.4,45.0,Cyclonic Storm,AKASH,2007
200720I,2007051403,17.9,91.6,45.0,Cyclonic Storm,AKASH,2007
200720I,2007051406,18.8,91.6,45.0,Cyclonic Storm,AKASH,2007
200720I,2007051409,19.3,91.7,45.0,Cyclonic Storm,AKASH,2007
200720I,2007051412,19.9,91.9,45.0,Cyclonic Storm,AKASH,2007
200720I,2007051415,20.6,92.0,45.0,Cyclonic Storm,AKASH,2007
200720I,2007051418,21.2,92.1,65.0,Very Severe Cyclonic Storm,AKASH,2007
200720I,2007051421,22.1,92.2,55.0,Severe Cyclonic Storm,AKASH,2007
200720I,2007051500,23.0,92.4,45.0,Cyclonic Storm,AKASH,2007
200725I,2007053106,13.7,71.6,15.0,Depression,GONU,2007
200725I,2007053109,13.9,71.7,15.0,Depression,GONU,2007
200725I,2007053112,14.0,71.7,15.0,Depression,GONU,2007
200725I,2007053115,14.1,71.7,15.0,Depression,GONU,2007
200725I,2007053118,14.2,71.5,15.0,Depression,GONU,2007
200725I,2007053121,14.3,71.3,15.0,Depression,GONU,2007
200725I,2007060100,14.4,70.9,15.0,Depression,GONU,2007
200725I,2007060103,14.5,70.5,23.0,Depression,GONU,2007
200725I,2007060106,14.7,70.0,30.0,Depression,GONU,2007
200725I,2007060109,14.9,69.4,30.0,Depression,GONU,2007
200725I,2007060112,15.0,68.8,30.0,Depression,GONU,2007
200725I,2007060115,15.1,68.5,30.0,Depression,GONU,2007
200725I,2007060118,15.1,68.2,25.0,Depression,GONU,2007
200725I,2007060121,15.1,68.0,25.0,Depression,GONU,2007
200725I,2007060200,15.1,67.9,25.0,Depression,GONU,2007
200725I,2007060203,15.0,67.5,30.0,Depression,GONU,2007
200725I,2007060206,15.0,67.2,33.0,Depression,GONU,2007
200725I,2007060209,15.1,67.1,35.0,Cyclonic Storm,GONU,2007
200725I,2007060212,15.2,67.1,45.0,Cyclonic Storm,GONU,2007
200725I,2007060215,15.2,67.1,45.0,Cyclonic Storm,GONU,2007
200725I,2007060218,15.3,67.1,45.0,Cyclonic Storm,GONU,2007
200725I,2007060221,15.4,66.9,45.0,Cyclonic Storm,GONU,2007
200725I,2007060300,15.8,67.0,55.0,Severe Cyclonic Storm,GONU,2007
200725I,2007060303,16.0,67.1,55.0,Severe Cyclonic Storm,GONU,2007
200725I,2007060306,16.5,67.1,55.0,Severe Cyclonic Storm,GONU,2007
200725I,2007060309,16.9,66.9,55.0,Severe Cyclonic Storm,GONU,2007
200725I,2007060312,17.5,66.7,55.0,Severe Cyclonic Storm,GONU,2007
200725I,2007060315,17.6,66.5,55.0,Severe Cyclonic Storm,GONU,2007
200725I,2007060318,18.0,66.1,65.0,Very Severe Cyclonic Storm,GONU,2007
200725I,2007060321,18.1,65.9,65.0,Very Severe Cyclonic Storm,GONU,2007
200725I,2007060400,18.6,65.3,77.0,Very Severe Cyclonic Storm,GONU,2007
200725I,2007060403,18.7,65.1,90.0,Extremely Severe/Super Cyclone,GONU,2007
200725I,2007060406,19.1,64.7,102.0,Extremely Severe/Super Cyclone,GONU,2007
200725I,2007060409,19.5,64.5,115.0,Extremely Severe/Super Cyclone,GONU,2007
200725I,2007060412,20.0,64.1,115.0,Extremely Severe/Super Cyclone,GONU,2007
200725I,2007060415,20.1,63.8,127.0,Extremely Severe/Super Cyclone,GONU,2007
200725I,2007060418,20.5,63.4,127.0,Extremely Severe/Super Cyclone,GONU,2007
200725I,2007060421,20.6,63.2,115.0,Extremely Severe/Super Cyclone,GONU,2007
200725I,2007060500,20.7,62.8,115.0,Extremely Severe/Super Cyclone,GONU,2007
200725I,2007060503,21.0,62.0,115.0,Extremely Severe/Super Cyclone,GONU,2007
200725I,2007060506,21.4,61.6,102.0,Extremely Severe/Super Cyclone,GONU,2007
200725I,2007060509,21.4,61.2,102.0,Extremely Severe/Super Cyclone,GONU,2007
200725I,2007060512,21.6,61.1,90.0,Extremely Severe/Super Cyclone,GONU,2007
200725I,2007060515,21.9,60.9,77.0,Very Severe Cyclonic Storm,GONU,2007
200725I,2007060518,22.0,60.6,77.0,Very Severe Cyclonic Storm,GONU,2007
200725I,2007060521,22.4,60.4,77.0,Very Severe Cyclonic Storm,GONU,2007
200725I,2007060600,22.6,59.8,77.0,Very Severe Cyclonic Storm,GONU,2007
200725I,2007060603,22.9,59.4,77.0,Very Severe Cyclonic Storm,GONU,2007
200725I,2007060606,23.3,59.5,77.0,Very Severe Cyclonic Storm,GONU,2007
200725I,2007060609,23.5,59.4,77.0,Very Severe Cyclonic Storm,GONU,2007
200725I,2007060612,23.9,59.1,77.0,Very Severe Cyclonic Storm,GONU,2007
200725I,2007060615,24.1,59.0,77.0,Very Severe Cyclonic Storm,GONU,2007
200725I,2007060618,24.5,59.0,65.0,Very Severe Cyclonic Storm,GONU,2007
200725I,2007060621,24.8,58.8,55.0,Severe Cyclonic Storm,GONU,2007
200725I,2007060700,24.9,58.6,45.0,Cyclonic Storm,GONU,2007
200725I,2007060703,25.0,58.4,45.0,Cyclonic Storm,GONU,2007
200725I,2007060706,24.9,58.3,45.0,Cyclonic Storm,GONU,2007
200725I,2007060709,25.0,58.2,40.0,Cyclonic Storm,GONU,2007
200725I,2007060712,25.1,58.2,35.0,Cyclonic Storm,GONU,2007
200725I,2007060715,25.3,58.2,30.0,Depression,GONU,2007
200725I,2007060718,25.5,58.1,25.0,Depression,GONU,2007
200725I,2007060721,25.7,58.0,20.0,Depression,GONU,2007
200725I,2007060800,25.9,57.8,15.0,Depression,GONU,2007
200728I,2007062018,14.5,88.4,25.0,Depression,UNNAMED,2007
200728I,2007062021,15.0,87.8,28.0,Depression,UNNAMED,2007
200728I,2007062100,15.4,87.1,30.0,Depression,UNNAMED,2007
200728I,2007062103,15.6,86.2,30.0,Depression,UNNAMED,2007
200728I,2007062106,15.7,85.3,30.0,Depression,UNNAMED,2007
200728I,2007062109,15.8,84.7,30.0,Depression,UNNAMED,2007
200728I,2007062112,15.9,84.1,30.0,Depression,UNNAMED,2007
200728I,2007062115,15.9,83.5,30.0,Depression,UNNAMED,2007
200728I,2007062118,15.8,82.9,30.0,Depression,UNNAMED,2007
200728I,2007062121,15.8,82.3,30.0,Depression,UNNAMED,2007
200728I,2007062200,15.7,81.7,30.0,Depression,UNNAMED,2007
200728I,2007062203,15.4,80.9,30.0,Depression,UNNAMED,2007
200728I,2007062206,15.3,80.2,30.0,Depression,UNNAMED,2007
200728I,2007062209,15.7,79.6,28.0,Depression,UNNAMED,2007
200728I,2007062212,16.3,79.0,25.0,Depression,UNNAMED,2007
200728I,2007062215,16.6,78.5,20.0,Depression,UNNAMED,2007
200728I,2007062218,17.0,78.1,15.0,Depression,UNNAMED,2007
200728I,2007062221,17.5,77.8,18.0,Depression,UNNAMED,2007
200728I,2007062300,18.0,77.5,20.0,Depression,UNNAMED,2007
200728I,2007062303,18.7,77.1,20.0,Depression,UNNAMED,2007
200728I,2007062306,19.3,76.6,20.0,Depression,UNNAMED,2007
200728I,2007062309,19.7,76.0,20.0,Depression,UNNAMED,2007
200728I,2007062312,20.1,75.4,20.0,Depression,UNNAMED,2007
200728I,2007062315,20.5,74.8,20.0,Depression,UNNAMED,2007
200728I,2007062318,20.8,74.2,20.0,Depression,UNNAMED,2007
200728I,2007062321,21.1,73.6,20.0,Depression,UNNAMED,2007
200728I,2007062400,21.3,72.9,20.0,Depression,UNNAMED,2007
200728I,2007062403,21.4,72.2,23.0,Depression,UNNAMED,2007
200728I,2007062406,21.5,71.6,25.0,Depression,UNNAMED,2007
200728I,2007062409,21.7,71.0,23.0,Depression,UNNAMED,2007
200728I,2007062412,21.9,70.4,20.0,Depression,UNNAMED,2007
200728I,2007062415,22.0,69.8,20.0,Depression,UNNAMED,2007
200728I,2007062418,22.1,69.2,20.0,Depression,UNNAMED,2007
200728I,2007062421,22.2,68.6,25.0,Depression,UNNAMED,2007
200728I,2007062500,22.3,68.0,30.0,Depression,UNNAMED,2007
200728I,2007062503,22.7,67.6,25.0,Depression,UNNAMED,2007
200728I,2007062506,23.1,67.4,25.0,Depression,UNNAMED,2007
200728I,2007062509,23.3,67.0,25.0,Depression,UNNAMED,2007
200728I,2007062512,23.6,66.6,30.0,Depression,UNNAMED,2007
200728I,2007062515,23.8,66.4,30.0,Depression,UNNAMED,2007
200728I,2007062518,24.0,66.0,30.0,Depression,UNNAMED,2007
200728I,2007062521,24.3,65.8,35.0,Cyclonic Storm,UNNAMED,2007
200728I,2007062600,24.8,65.3,35.0,Cyclonic Storm,UNNAMED,2007
200728I,2007062603,25.4,64.8,50.0,Severe Cyclonic Storm,UNNAMED,2007
200728I,2007062606,25.7,64.2,50.0,Severe Cyclonic Storm,UNNAMED,2007
200728I,2007062609,26.0,63.6,45.0,Cyclonic Storm,UNNAMED,2007
200728I,2007062612,26.2,63.1,40.0,Cyclonic Storm,UNNAMED,2007
200728I,2007062615,26.2,62.7,35.0,Cyclonic Storm,UNNAMED,2007
200728I,2007062618,26.3,62.6,30.0,Depression,UNNAMED,2007
200728I,2007062621,26.7,62.7,28.0,Depression,UNNAMED,2007
200728I,2007062700,27.2,62.9,25.0,Depression,UNNAMED,2007
200728I,2007062703,27.5,63.3,23.0,Depression,UNNAMED,2007
200728I,2007062706,27.8,63.6,20.0,Depression,UNNAMED,2007
200728I,2007062709,28.1,63.7,20.0,Depression,UNNAMED,2007
200728I,2007062712,28.5,63.6,20.0,Depression,UNNAMED,2007
200729I,2007062700,18.1,89.3,25.0,Depression,UNNAMED,2007
200729I,2007062703,17.8,89.0,25.0,Depression,UNNAMED,2007
200729I,2007062706,17.6,88.7,25.0,Depression,UNNAMED,2007
200729I,2007062709,17.4,88.3,25.0,Depression,UNNAMED,2007
200729I,2007062712,17.2,88.0,25.0,Depression,UNNAMED,2007
200729I,2007062715,17.1,87.7,25.0,Depression,UNNAMED,2007
200729I,2007062718,17.0,87.5,25.0,Depression,UNNAMED,2007
200729I,2007062721,17.0,87.2,28.0,Depression,UNNAMED,2007
200729I,2007062800,17.1,86.9,30.0,Depression,UNNAMED,2007
200729I,2007062803,17.3,86.7,30.0,Depression,UNNAMED,2007
200729I,2007062806,17.6,86.6,30.0,Depression,UNNAMED,2007
200729I,2007062809,17.9,86.5,33.0,Depression,UNNAMED,2007
200729I,2007062812,18.3,86.4,35.0,Cyclonic Storm,UNNAMED,2007
200729I,2007062815,18.6,86.3,40.0,Cyclonic Storm,UNNAMED,2007
200729I,2007062818,19.0,86.2,45.0,Cyclonic Storm,UNNAMED,2007
200729I,2007062821,19.3,86.0,45.0,Cyclonic Storm,UNNAMED,2007
200729I,2007062900,19.7,85.6,45.0,Cyclonic Storm,UNNAMED,2007
200729I,2007062903,20.0,85.2,43.0,Cyclonic Storm,UNNAMED,2007
200729I,2007062906,20.4,84.7,40.0,Cyclonic Storm,UNNAMED,2007
200729I,2007062909,20.8,84.2,38.0,Cyclonic Storm,UNNAMED,2007
200729I,2007062912,21.2,83.7,35.0,Cyclonic Storm,UNNAMED,2007
200729I,2007062915,21.5,83.1,33.0,Depression,UNNAMED,2007
200729I,2007062918,21.8,82.5,30.0,Depression,UNNAMED,2007
200729I,2007062921,22.1,82.0,25.0,Depression,UNNAMED,2007
200729I,2007063000,22.4,81.5,20.0,Depression,UNNAMED,2007
200729I,2007063003,22.7,81.0,20.0,Depression,UNNAMED,2007
200729I,2007063006,22.9,80.4,20.0,Depression,UNNAMED,2007
200777I,2007102706,11.2,68.2,25.0,Depression,UNNAMED,2007
200777I,2007102709,11.2,68.0,25.0,Depression,UNNAMED,2007
200777I,2007102712,11.2,67.7,25.0,Depression,UNNAMED,2007
200777I,2007102715,11.2,67.4,28.0,Depression,UNNAMED,2007
200777I,2007102718,11.2,67.2,30.0,Depression,UNNAMED,2007
200777I,2007102721,11.2,67.0,35.0,Cyclonic Storm,UNNAMED,2007
200777I,2007102800,11.3,66.8,40.0,Cyclonic Storm,UNNAMED,2007
200777I,2007102803,11.3,66.7,40.0,Cyclonic Storm,UNNAMED,2007
200777I,2007102806,11.4,66.6,40.0,Cyclonic Storm,UNNAMED,2007
200777I,2007102809,11.5,66.6,40.0,Cyclonic Storm,UNNAMED,2007
200777I,2007102812,11.5,66.5,40.0,Cyclonic Storm,UNNAMED,2007
200777I,2007102815,11.4,66.4,40.0,Cyclonic Storm,UNNAMED,2007
200777I,2007102818,11.3,66.3,40.0,Cyclonic Storm,UNNAMED,2007
200777I,2007102821,11.2,66.4,40.0,Cyclonic Storm,UNNAMED,2007
200777I,2007102900,11.1,66.5,40.0,Cyclonic Storm,UNNAMED,2007
200777I,2007102903,11.1,66.7,40.0,Cyclonic Storm,UNNAMED,2007
200777I,2007102906,11.1,66.8,40.0,Cyclonic Storm,UNNAMED,2007
200777I,2007102909,11.1,66.8,38.0,Cyclonic Storm,UNNAMED,2007
200777I,2007102912,11.2,66.7,35.0,Cyclonic Storm,UNNAMED,2007
200777I,2007102915,11.3,66.6,35.0,Cyclonic Storm,UNNAMED,2007
200777I,2007102918,11.3,66.5,35.0,Cyclonic Storm,UNNAMED,2007
200777I,2007102921,11.3,66.4,33.0,Depression,UNNAMED,2007
200777I,2007103000,11.2,66.2,30.0,Depression,UNNAMED,2007
200777I,2007103003,11.1,66.0,28.0,Depression,UNNAMED,2007
200777I,2007103006,11.1,65.7,25.0,Depression,UNNAMED,2007
200780I,2007111006,9.6,93.2,15.0,Depression,SIDR,2007
200780I,2007111009,9.7,93.1,18.0,Depression,SIDR,2007
200780I,2007111012,9.7,93.0,20.0,Depression,SIDR,2007
200780I,2007111015,9.7,92.9,23.0,Depression,SIDR,2007
200780I,2007111018,9.8,92.7,25.0,Depression,SIDR,2007
200780I,2007111021,9.9,92.6,28.0,Depression,SIDR,2007
200780I,2007111100,10.0,92.5,30.0,Depression,SIDR,2007
200780I,2007111103,10.1,92.4,33.0,Depression,SIDR,2007
200780I,2007111106,10.1,92.2,35.0,Cyclonic Storm,SIDR,2007
200780I,2007111109,10.1,92.1,25.0,Depression,SIDR,2007
200780I,2007111112,10.1,91.9,25.0,Depression,SIDR,2007
200780I,2007111115,10.1,91.8,25.0,Depression,SIDR,2007
200780I,2007111118,10.4,91.5,30.0,Depression,SIDR,2007
200780I,2007111121,10.4,91.3,30.0,Depression,SIDR,2007
200780I,2007111200,10.5,91.2,30.0,Depression,SIDR,2007
200780I,2007111203,10.5,90.8,35.0,Cyclonic Storm,SIDR,2007
200780I,2007111206,10.9,90.5,40.0,Cyclonic Storm,SIDR,2007
200780I,2007111209,10.9,90.4,45.0,Cyclonic Storm,SIDR,2007
200780I,2007111212,11.3,90.1,55.0,Severe Cyclonic Storm,SIDR,2007
200780I,2007111215,11.4,90.0,55.0,Severe Cyclonic Storm,SIDR,2007
200780I,2007111218,11.6,90.0,65.0,Very Severe Cyclonic Storm,SIDR,2007
200780I,2007111221,11.6,90.0,80.0,Very Severe Cyclonic Storm,SIDR,2007
200780I,2007111300,12.0,89.7,90.0,Extremely Severe/Super Cyclone,SIDR,2007
200780I,2007111303,12.1,89.7,90.0,Extremely Severe/Super Cyclone,SIDR,2007
200780I,2007111306,12.3,89.7,90.0,Extremely Severe/Super Cyclone,SIDR,2007
200780I,2007111309,12.9,89.6,90.0,Extremely Severe/Super Cyclone,SIDR,2007
200780I,2007111312,13.0,89.6,90.0,Extremely Severe/Super Cyclone,SIDR,2007
200780I,2007111315,13.2,89.5,90.0,Extremely Severe/Super Cyclone,SIDR,2007
200780I,2007111318,13.6,89.5,90.0,Extremely Severe/Super Cyclone,SIDR,2007
200780I,2007111321,14.0,89.5,90.0,Extremely Severe/Super Cyclone,SIDR,2007
200780I,2007111400,14.4,89.5,90.0,Extremely Severe/Super Cyclone,SIDR,2007
200780I,2007111403,14.6,89.4,90.0,Extremely Severe/Super Cyclone,SIDR,2007
200780I,2007111406,15.0,89.4,90.0,Extremely Severe/Super Cyclone,SIDR,2007
200780I,2007111409,15.4,89.4,90.0,Extremely Severe/Super Cyclone,SIDR,2007
200780I,2007111412,15.9,89.1,90.0,Extremely Severe/Super Cyclone,SIDR,2007
200780I,2007111415,16.1,89.1,90.0,Extremely Severe/Super Cyclone,SIDR,2007
200780I,2007111418,16.6,89.1,105.0,Extremely Severe/Super Cyclone,SIDR,2007
200780I,2007111421,17.1,89.1,105.0,Extremely Severe/Super Cyclone,SIDR,2007
200780I,2007111500,17.7,89.1,105.0,Extremely Severe/Super Cyclone,SIDR,2007
200780I,2007111503,18.3,89.1,115.0,Extremely Severe/Super Cyclone,SIDR,2007
200780I,2007111506,19.4,89.1,115.0,Extremely Severe/Super Cyclone,SIDR,2007
200780I,2007111509,20.1,89.1,115.0,Extremely Severe/Super Cyclone,SIDR,2007
200780I,2007111512,21.0,89.2,115.0,Extremely Severe/Super Cyclone,SIDR,2007
200780I,2007111515,21.6,89.6,115.0,Extremely Severe/Super Cyclone,SIDR,2007
200780I,2007111518,22.5,90.4,100.0,Extremely Severe/Super Cyclone,SIDR,2007
200780I,2007111521,23.5,90.8,80.0,Very Severe Cyclonic Storm,SIDR,2007
200780I,2007111600,23.8,91.0,60.0,Severe Cyclonic Storm,SIDR,2007
200822I,2008042512,10.5,90.3,20.0,Depression,NARGIS,2008
200822I,2008042515,10.7,89.9,20.0,Depression,NARGIS,2008
200822I,2008042518,10.8,89.5,20.0,Depression,NARGIS,2008
200822I,2008042521,10.7,89.1,20.0,Depression,NARGIS,2008
200822I,2008042600,10.7,88.7,20.0,Depression,NARGIS,2008
200822I,2008042603,10.9,88.6,20.0,Depression,NARGIS,2008
200822I,2008042606,11.2,88.5,20.0,Depression,NARGIS,2008
200822I,2008042609,11.4,88.2,20.0,Depression,NARGIS,2008
200822I,2008042612,11.5,87.9,20.0,Depression,NARGIS,2008
200822I,2008042615,11.5,87.5,23.0,Depression,NARGIS,2008
200822I,2008042618,11.5,87.2,25.0,Depression,NARGIS,2008
200822I,2008042621,11.5,86.9,25.0,Depression,NARGIS,2008
200822I,2008042700,11.6,86.7,25.0,Depression,NARGIS,2008
200822I,2008042703,11.7,86.6,25.0,Depression,NARGIS,2008
200822I,2008042706,11.8,86.5,25.0,Depression,NARGIS,2008
200822I,2008042709,12.0,86.3,25.0,Depression,NARGIS,2008
200822I,2008042712,12.1,86.2,30.0,Depression,NARGIS,2008
200822I,2008042715,12.2,86.1,30.0,Depression,NARGIS,2008
200822I,2008042718,12.5,85.9,30.0,Depression,NARGIS,2008
200822I,2008042721,12.8,85.6,30.0,Depression,NARGIS,2008
200822I,2008042800,12.9,85.6,35.0,Cyclonic Storm,NARGIS,2008
200822I,2008042803,13.0,85.6,40.0,Cyclonic Storm,NARGIS,2008
200822I,2008042806,13.1,85.6,45.0,Cyclonic Storm,NARGIS,2008
200822I,2008042809,13.0,85.5,55.0,Severe Cyclonic Storm,NARGIS,2008
200822I,2008042812,13.0,85.4,55.0,Severe Cyclonic Storm,NARGIS,2008
200822I,2008042815,13.0,85.4,55.0,Severe Cyclonic Storm,NARGIS,2008
200822I,2008042818,13.1,85.4,55.0,Severe Cyclonic Storm,NARGIS,2008
200822I,2008042821,13.1,85.5,55.0,Severe Cyclonic Storm,NARGIS,2008
200822I,2008042900,13.2,85.6,55.0,Severe Cyclonic Storm,NARGIS,2008
200822I,2008042903,13.3,85.6,65.0,Very Severe Cyclonic Storm,NARGIS,2008
200822I,2008042906,13.3,85.7,65.0,Very Severe Cyclonic Storm,NARGIS,2008
200822I,2008042909,13.4,85.7,65.0,Very Severe Cyclonic Storm,NARGIS,2008
200822I,2008042912,13.8,85.9,65.0,Very Severe Cyclonic Storm,NARGIS,2008
200822I,2008042915,13.9,86.0,65.0,Very Severe Cyclonic Storm,NARGIS,2008
200822I,2008042918,14.0,86.1,65.0,Very Severe Cyclonic Storm,NARGIS,2008
200822I,2008042921,14.1,86.3,65.0,Very Severe Cyclonic Storm,NARGIS,2008
200822I,2008043000,14.2,86.4,65.0,Very Severe Cyclonic Storm,NARGIS,2008
200822I,2008043003,14.5,86.7,65.0,Very Severe Cyclonic Storm,NARGIS,2008
200822I,2008043006,14.6,86.8,65.0,Very Severe Cyclonic Storm,NARGIS,2008
200822I,2008043009,14.7,87.1,65.0,Very Severe Cyclonic Storm,NARGIS,2008
200822I,2008043012,14.8,87.3,65.0,Very Severe Cyclonic Storm,NARGIS,2008
200822I,2008043015,15.1,87.7,65.0,Very Severe Cyclonic Storm,NARGIS,2008
200822I,2008043018,15.2,87.9,65.0,Very Severe Cyclonic Storm,NARGIS,2008
200822I,2008043021,15.2,88.0,65.0,Very Severe Cyclonic Storm,NARGIS,2008
200822I,2008050100,15.6,88.5,65.0,Very Severe Cyclonic Storm,NARGIS,2008
200822I,2008050103,15.6,89.2,65.0,Very Severe Cyclonic Storm,NARGIS,2008
200822I,2008050106,16.0,89.7,65.0,Very Severe Cyclonic Storm,NARGIS,2008
200822I,2008050109,16.0,90.1,65.0,Very Severe Cyclonic Storm,NARGIS,2008
200822I,2008050112,16.0,90.6,65.0,Very Severe Cyclonic Storm,NARGIS,2008
200822I,2008050115,15.9,91.1,65.0,Very Severe Cyclonic Storm,NARGIS,2008
200822I,2008050118,15.9,91.6,65.0,Very Severe Cyclonic Storm,NARGIS,2008
200822I,2008050121,15.9,92.1,65.0,Very Severe Cyclonic Storm,NARGIS,2008
200822I,2008050200,15.9,92.6,77.0,Very Severe Cyclonic Storm,NARGIS,2008
200822I,2008050203,15.9,93.1,77.0,Very Severe Cyclonic Storm,NARGIS,2008
200822I,2008050206,16.0,93.6,90.0,Extremely Severe/Super Cyclone,NARGIS,2008
200822I,2008050209,16.0,94.1,90.0,Extremely Severe/Super Cyclone,NARGIS,2008
200822I,2008050212,16.0,94.5,90.0,Extremely Severe/Super Cyclone,NARGIS,2008
200822I,2008050215,16.1,95.1,90.0,Extremely Severe/Super Cyclone,NARGIS,2008
200822I,2008050218,16.5,95.6,80.0,Very Severe Cyclonic Storm,NARGIS,2008
200822I,2008050221,16.5,95.8,60.0,Severe Cyclonic Storm,NARGIS,2008
200822I,2008050300,16.7,96.0,50.0,Severe Cyclonic Storm,NARGIS,2008
200822I,2008050303,17.0,96.4,50.0,Severe Cyclonic Storm,NARGIS,2008
200822I,2008050306,17.4,96.9,45.0,Cyclonic Storm,NARGIS,2008
200822I,2008050309,17.8,97.3,35.0,Cyclonic Storm,NARGIS,2008
200822I,2008050312,18.3,97.6,40.0,Cyclonic Storm,NARGIS,2008
200822I,2008050315,18.8,97.7,35.0,Cyclonic Storm,NARGIS,2008
200822I,2008050318,19.4,97.8,30.0,Depression,NARGIS,2008
200822I,2008050321,20.1,98.1,28.0,Depression,NARGIS,2008
200822I,2008050400,20.8,98.5,25.0,Depression,NARGIS,2008
200829I,2008060500,15.5,66.0,25.0,Depression,UNNAMED,2008
200829I,2008060503,16.0,66.0,25.0,Depression,UNNAMED,2008
200829I,2008060506,16.5,65.5,25.0,Depression,UNNAMED,2008
200829I,2008060509,17.0,65.0,25.0,Depression,UNNAMED,2008
200829I,2008060512,18.0,64.5,25.0,Depression,UNNAMED,2008
200829I,2008060515,18.5,64.5,25.0,Depression,UNNAMED,2008
200829I,2008060518,19.0,64.0,25.0,Depression,UNNAMED,2008
200829I,2008060521,19.5,63.5,25.0,Depression,UNNAMED,2008
200829I,2008060600,19.5,63.0,25.0,Depression,UNNAMED,2008
200829I,2008060603,19.5,62.0,25.0,Depression,UNNAMED,2008
200829I,2008060606,20.0,62.0,25.0,Depression,UNNAMED,2008
200829I,2008060609,20.0,61.5,25.0,Depression,UNNAMED,2008
200829I,2008060612,20.0,61.5,25.0,Depression,UNNAMED,2008
200829I,2008060615,20.0,61.5,25.0,Depression,UNNAMED,2008
200829I,2008060618,20.0,61.0,25.0,Depression,UNNAMED,2008
200829I,2008060621,20.0,61.0,25.0,Depression,UNNAMED,2008
200830I,2008061603,21.5,90.0,25.0,Depression,UNNAMED,2008
200830I,2008061606,21.4,89.7,25.0,Depression,UNNAMED,2008
200830I,2008061609,21.5,89.5,25.0,Depression,UNNAMED,2008
200830I,2008061612,22.0,89.5,25.0,Depression,UNNAMED,2008
200830I,2008061703,23.0,88.5,25.0,Depression,UNNAMED,2008
200830I,2008061706,23.0,88.2,25.0,Depression,UNNAMED,2008
200830I,2008061709,23.0,88.0,25.0,Depression,UNNAMED,2008
200830I,2008061712,23.0,88.0,25.0,Depression,UNNAMED,2008
200830I,2008061803,24.0,87.0,20.0,Depression,UNNAMED,2008
200848I,2008080912,20.0,86.0,25.0,Depression,UNNAMED,2008
200848I,2008081003,21.5,85.5,25.0,Depression,UNNAMED,2008
200848I,2008081006,22.0,85.4,25.0,Depression,UNNAMED,2008
200848I,2008081009,22.5,85.2,25.0,Depression,UNNAMED,2008
200866I,2008091506,19.7,88.8,20.0,Depression,UNNAMED,2008
200866I,2008091509,19.6,88.7,23.0,Depression,UNNAMED,2008
200866I,2008091512,19.6,88.5,25.0,Depression,UNNAMED,2008
200866I,2008091515,19.6,88.4,25.0,Depression,UNNAMED,2008
200866I,2008091518,19.7,88.1,25.0,Depression,UNNAMED,2008
200866I,2008091521,19.7,88.0,25.0,Depression,UNNAMED,2008
200866I,2008091600,19.8,87.9,25.0,Depression,UNNAMED,2008
200866I,2008091603,20.1,87.6,30.0,Depression,UNNAMED,2008
200866I,2008091606,20.4,87.4,30.0,Depression,UNNAMED,2008
200866I,2008091609,20.6,87.2,30.0,Depression,UNNAMED,2008
200866I,2008091612,20.8,87.2,30.0,Depression,UNNAMED,2008
200866I,2008091615,21.1,87.0,30.0,Depression,UNNAMED,2008
200866I,2008091618,21.1,86.6,30.0,Depression,UNNAMED,2008
200866I,2008091621,21.1,86.3,30.0,Depression,UNNAMED,2008
200866I,2008091700,21.1,86.1,30.0,Depression,UNNAMED,2008
200866I,2008091703,21.5,85.6,30.0,Depression,UNNAMED,2008
200866I,2008091706,21.7,85.2,30.0,Depression,UNNAMED,2008
200866I,2008091709,21.9,84.8,30.0,Depression,UNNAMED,2008
200866I,2008091712,22.0,84.6,30.0,Depression,UNNAMED,2008
200866I,2008091715,22.0,84.3,30.0,Depression,UNNAMED,2008
200866I,2008091718,22.0,83.9,30.0,Depression,UNNAMED,2008
200866I,2008091721,22.1,83.5,30.0,Depression,UNNAMED,2008
200866I,2008091800,22.2,83.1,30.0,Depression,UNNAMED,2008
200866I,2008091803,22.4,82.7,30.0,Depression,UNNAMED,2008
200866I,2008091806,22.6,82.4,28.0,Depression,UNNAMED,2008
200866I,2008091809,22.9,82.1,25.0,Depression,UNNAMED,2008
200866I,2008091812,23.0,82.0,25.0,Depression,UNNAMED,2008
200866I,2008091903,24.5,80.5,25.0,Depression,UNNAMED,2008
200866I,2008091906,25.2,80.2,25.0,Depression,UNNAMED,2008
200866I,2008091909,26.0,80.0,25.0,Depression,UNNAMED,2008
200883I,2008101909,9.0,60.0,25.0,Depression,UNNAMED,2008
200883I,2008101912,9.0,59.5,25.0,Depression,UNNAMED,2008
200883I,2008102000,9.8,57.7,20.0,Depression,UNNAMED,2008
200883I,2008102003,9.9,57.3,25.0,Depression,UNNAMED,2008
200883I,2008102006,10.0,56.9,25.0,Depression,UNNAMED,2008
200883I,2008102009,10.0,56.5,25.0,Depression,UNNAMED,2008
200883I,2008102012,10.1,56.2,25.0,Depression,UNNAMED,2008
200883I,2008102015,10.2,55.8,28.0,Depression,UNNAMED,2008
200883I,2008102018,10.3,55.5,30.0,Depression,UNNAMED,2008
200883I,2008102021,10.4,55.1,30.0,Depression,UNNAMED,2008
200883I,2008102100,10.5,54.8,30.0,Depression,UNNAMED,2008
200883I,2008102103,10.6,54.5,30.0,Depression,UNNAMED,2008
200883I,2008102106,10.8,54.3,30.0,Depression,UNNAMED,2008
200883I,2008102109,11.0,54.2,30.0,Depression,UNNAMED,2008
200883I,2008102112,11.4,54.2,30.0,Depression,UNNAMED,2008
200883I,2008102115,11.8,54.1,30.0,Depression,UNNAMED,2008
200883I,2008102118,12.3,53.9,30.0,Depression,UNNAMED,2008
200883I,2008102121,12.7,53.6,30.0,Depression,UNNAMED,2008
200883I,2008102200,13.0,53.3,30.0,Depression,UNNAMED,2008
200883I,2008102203,13.2,53.1,25.0,Depression,UNNAMED,2008
200883I,2008102206,13.4,52.9,25.0,Depression,UNNAMED,2008
200883I,2008102209,13.5,52.8,25.0,Depression,UNNAMED,2008
200883I,2008102212,13.7,52.6,25.0,Depression,UNNAMED,2008
200883I,2008102215,13.7,52.3,30.0,Depression,UNNAMED,2008
200883I,2008102218,13.7,52.0,30.0,Depression,UNNAMED,2008
200883I,2008102221,13.7,51.7,28.0,Depression,UNNAMED,2008
200883I,2008102300,13.7,51.4,25.0,Depression,UNNAMED,2008
200883I,2008102303,13.7,51.1,25.0,Depression,UNNAMED,2008
200883I,2008102306,13.8,50.8,25.0,Depression,UNNAMED,2008
200883I,2008102309,13.9,50.5,25.0,Depression,UNNAMED,2008
200883I,2008102312,14.1,50.2,25.0,Depression,UNNAMED,2008
200883I,2008102315,14.5,49.9,25.0,Depression,UNNAMED,2008
200883I,2008102318,15.0,49.5,25.0,Depression,UNNAMED,2008
200885I,2008102406,16.0,85.0,15.0,Depression,RASHMI,2008
200885I,2008102409,16.0,85.2,18.0,Depression,RASHMI,2008
200885I,2008102412,16.0,85.5,20.0,Depression,RASHMI,2008
200885I,2008102415,16.0,85.8,23.0,Depression,RASHMI,2008
200885I,2008102418,16.1,86.0,25.0,Depression,RASHMI,2008
200885I,2008102421,16.2,86.2,25.0,Depression,RASHMI,2008
200885I,2008102500,16.4,86.5,25.0,Depression,RASHMI,2008
200885I,2008102503,16.5,86.7,25.0,Depression,RASHMI,2008
200885I,2008102506,16.7,87.0,25.0,Depression,RASHMI,2008
200885I,2008102509,17.0,87.2,25.0,Depression,RASHMI,2008
200885I,2008102512,17.4,87.3,25.0,Depression,RASHMI,2008
200885I,2008102515,17.6,87.3,25.0,Depression,RASHMI,2008
200885I,2008102518,17.9,87.4,25.0,Depression,RASHMI,2008
200885I,2008102521,17.9,87.4,28.0,Depression,RASHMI,2008
200885I,2008102600,18.1,87.6,30.0,Depression,RASHMI,2008
200885I,2008102603,18.5,87.9,30.0,Depression,RASHMI,2008
200885I,2008102606,18.6,88.0,30.0,Depression,RASHMI,2008
200885I,2008102609,18.8,88.0,30.0,Depression,RASHMI,2008
200885I,2008102612,19.7,88.4,35.0,Cyclonic Storm,RASHMI,2008
200885I,2008102615,20.4,88.8,40.0,Cyclonic Storm,RASHMI,2008
200885I,2008102618,21.0,89.3,40.0,Cyclonic Storm,RASHMI,2008
200885I,2008102621,21.9,89.8,45.0,Cyclonic Storm,RASHMI,2008
200885I,2008102700,23.0,90.2,35.0,Cyclonic Storm,RASHMI,2008
200885I,2008102703,23.9,90.7,30.0,Depression,RASHMI,2008
200885I,2008102706,25.0,90.6,25.0,Depression,RASHMI,2008
200889I,2008111118,10.5,89.0,15.0,Depression,KHAI-MUK,2008
200889I,2008111121,10.7,89.2,18.0,Depression,KHAI-MUK,2008
200889I,2008111200,10.9,89.2,20.0,Depression,KHAI-MUK,2008
200889I,2008111203,11.2,89.0,20.0,Depression,KHAI-MUK,2008
200889I,2008111206,11.4,88.6,20.0,Depression,KHAI-MUK,2008
200889I,2008111209,11.5,88.2,20.0,Depression,KHAI-MUK,2008
200889I,2008111212,11.5,87.8,20.0,Depression,KHAI-MUK,2008
200889I,2008111215,11.6,87.4,20.0,Depression,KHAI-MUK,2008
200889I,2008111218,11.6,86.9,20.0,Depression,KHAI-MUK,2008
200889I,2008111221,11.6,86.4,20.0,Depression,KHAI-MUK,2008
200889I,2008111300,11.6,86.0,20.0,Depression,KHAI-MUK,2008
200889I,2008111303,11.6,85.7,20.0,Depression,KHAI-MUK,2008
200889I,2008111306,11.7,85.6,20.0,Depression,KHAI-MUK,2008
200889I,2008111309,11.8,85.5,23.0,Depression,KHAI-MUK,2008
200889I,2008111312,11.8,85.4,25.0,Depression,KHAI-MUK,2008
200889I,2008111315,12.0,85.3,25.0,Depression,KHAI-MUK,2008
200889I,2008111318,12.2,85.2,25.0,Depression,KHAI-MUK,2008
200889I,2008111321,12.3,85.1,25.0,Depression,KHAI-MUK,2008
200889I,2008111400,12.5,85.1,25.0,Depression,KHAI-MUK,2008
200889I,2008111403,12.9,85.0,30.0,Depression,KHAI-MUK,2008
200889I,2008111406,13.3,84.9,30.0,Depression,KHAI-MUK,2008
200889I,2008111409,13.7,84.5,30.0,Depression,KHAI-MUK,2008
200889I,2008111412,14.0,84.1,35.0,Cyclonic Storm,KHAI-MUK,2008
200889I,2008111415,14.4,83.6,35.0,Cyclonic Storm,KHAI-MUK,2008
200889I,2008111418,14.4,83.5,35.0,Cyclonic Storm,KHAI-MUK,2008
200889I,2008111421,14.4,83.1,40.0,Cyclonic Storm,KHAI-MUK,2008
200889I,2008111500,14.4,83.0,40.0,Cyclonic Storm,KHAI-MUK,2008
200889I,2008111503,14.4,82.6,35.0,Cyclonic Storm,KHAI-MUK,2008
200889I,2008111506,14.4,82.5,30.0,Depression,KHAI-MUK,2008
200889I,2008111509,14.4,82.0,30.0,Depression,KHAI-MUK,2008
200889I,2008111512,14.5,81.6,30.0,Depression,KHAI-MUK,2008
200889I,2008111515,14.5,81.1,30.0,Depression,KHAI-MUK,2008
200889I,2008111518,14.8,80.6,30.0,Depression,KHAI-MUK,2008
200889I,2008111521,14.9,80.2,30.0,Depression,KHAI-MUK,2008
200889I,2008111600,15.1,79.7,30.0,Depression,KHAI-MUK,2008
200889I,2008111603,15.2,79.0,25.0,Depression,KHAI-MUK,2008
200889I,2008111606,15.4,78.8,25.0,Depression,KHAI-MUK,2008
200894I,2008112406,8.7,81.8,15.0,Depression,NISHA,2008
200894I,2008112409,8.8,81.5,15.0,Depression,NISHA,2008
200894I,2008112412,8.9,81.3,15.0,Depression,NISHA,2008
200894I,2008112415,9.0,81.2,18.0,Depression,NISHA,2008
200894I,2008112418,9.0,81.1,20.0,Depression,NISHA,2008
200894I,2008112421,9.0,81.0,23.0,Depression,NISHA,2008
200894I,2008112500,9.1,80.9,25.0,Depression,NISHA,2008
200894I,2008112503,9.2,80.8,28.0,Depression,NISHA,2008
200894I,2008112506,9.3,80.7,30.0,Depression,NISHA,2008
200894I,2008112509,9.3,80.7,25.0,Depression,NISHA,2008
200894I,2008112512,9.2,80.7,30.0,Depression,NISHA,2008
200894I,2008112515,9.4,80.7,30.0,Depression,NISHA,2008
200894I,2008112518,9.7,80.5,30.0,Depression,NISHA,2008
200894I,2008112521,10.0,80.3,30.0,Depression,NISHA,2008
200894I,2008112600,10.1,80.4,30.0,Depression,NISHA,2008
200894I,2008112603,10.4,80.4,40.0,Cyclonic Storm,NISHA,2008
200894I,2008112606,10.6,80.4,40.0,Cyclonic Storm,NISHA,2008
200894I,2008112609,10.6,80.3,45.0,Cyclonic Storm,NISHA,2008
200894I,2008112612,10.9,80.3,45.0,Cyclonic Storm,NISHA,2008
200894I,2008112615,11.0,80.2,45.0,Cyclonic Storm,NISHA,2008
200894I,2008112618,11.1,80.2,45.0,Cyclonic Storm,NISHA,2008
200894I,2008112621,11.1,80.1,45.0,Cyclonic Storm,NISHA,2008
200894I,2008112700,11.3,80.0,45.0,Cyclonic Storm,NISHA,2008
200894I,2008112703,11.5,79.6,40.0,Cyclonic Storm,NISHA,2008
200894I,2008112706,11.7,79.4,35.0,Cyclonic Storm,NISHA,2008
200894I,2008112709,11.8,79.1,30.0,Depression,NISHA,2008
200894I,2008112712,11.8,78.6,20.0,Depression,NISHA,2008
200894I,2008112715,11.9,78.2,35.0,Cyclonic Storm,NISHA,2008
200894I,2008112718,12.1,77.7,30.0,Depression,NISHA,2008
200894I,2008112721,12.3,77.1,25.0,Depression,NISHA,2008
200894I,2008112800,12.5,76.4,20.0,Depression,NISHA,2008
200895I,2008120300,5.8,91.5,20.0,Depression,UNNAMED,2008
200895I,2008120303,5.9,91.4,20.0,Depression,UNNAMED,2008
200895I,2008120306,5.9,91.3,20.0,Depression,UNNAMED,2008
200895I,2008120309,5.9,91.2,23.0,Depression,UNNAMED,2008
200895I,2008120312,6.0,91.1,25.0,Depression,UNNAMED,2008
200895I,2008120315,6.1,91.0,28.0,Depression,UNNAMED,2008
200895I,2008120318,6.2,90.8,30.0,Depression,UNNAMED,2008
200895I,2008120321,6.3,90.6,30.0,Depression,UNNAMED,2008
200895I,2008120400,6.4,90.5,30.0,Depression,UNNAMED,2008
200895I,2008120403,6.5,90.3,25.0,Depression,UNNAMED,2008
200895I,2008120406,6.7,90.0,25.0,Depression,UNNAMED,2008
200895I,2008120409,6.9,89.8,25.0,Depression,UNNAMED,2008
200895I,2008120412,7.1,89.6,25.0,Depression,UNNAMED,2008
200895I,2008120415,7.1,89.4,25.0,Depression,UNNAMED,2008
200895I,2008120418,7.3,89.1,25.0,Depression,UNNAMED,2008
200895I,2008120421,7.5,88.8,28.0,Depression,UNNAMED,2008
200895I,2008120500,7.7,88.6,30.0,Depression,UNNAMED,2008
200895I,2008120503,7.7,88.5,30.0,Depression,UNNAMED,2008
200895I,2008120506,7.9,88.2,30.0,Depression,UNNAMED,2008
200895I,2008120509,8.2,87.9,30.0,Depression,UNNAMED,2008
200895I,2008120512,8.6,87.5,30.0,Depression,UNNAMED,2008
200895I,2008120515,8.6,87.1,30.0,Depression,UNNAMED,2008
200895I,2008120518,8.6,86.7,30.0,Depression,UNNAMED,2008
200895I,2008120521,8.5,86.2,30.0,Depression,UNNAMED,2008
200895I,2008120600,8.4,85.6,30.0,Depression,UNNAMED,2008
200895I,2008120603,8.3,85.1,30.0,Depression,UNNAMED,2008
200895I,2008120606,8.3,84.8,30.0,Depression,UNNAMED,2008
200895I,2008120609,8.2,84.5,30.0,Depression,UNNAMED,2008
200895I,2008120612,8.2,84.1,30.0,Depression,UNNAMED,2008
200895I,2008120615,8.2,83.8,30.0,Depression,UNNAMED,2008
200895I,2008120618,8.2,83.6,30.0,Depression,UNNAMED,2008
200895I,2008120621,8.1,83.3,28.0,Depression,UNNAMED,2008
200895I,2008120700,8.2,83.1,25.0,Depression,UNNAMED,2008
200895I,2008120703,8.1,82.8,25.0,Depression,UNNAMED,2008
200895I,2008120706,8.1,82.6,25.0,Depression,UNNAMED,2008
200895I,2008120709,8.0,82.3,25.0,Depression,UNNAMED,2008
200895I,2008120712,7.9,81.9,25.0,Depression,UNNAMED,2008
200895I,2008120715,7.7,81.5,25.0,Depression,UNNAMED,2008
200895I,2008120718,7.5,81.0,25.0,Depression,UNNAMED,2008
200895I,2008120721,7.3,80.4,25.0,Depression,UNNAMED,2008
200895I,2008120800,7.0,79.9,25.0,Depression,UNNAMED,2008
200895I,2008120803,6.8,79.4,25.0,Depression,UNNAMED,2008
200895I,2008120806,6.7,79.1,25.0,Depression,UNNAMED,2008
200895I,2008120809,6.5,78.9,25.0,Depression,UNNAMED,2008
200895I,2008120812,6.4,78.7,25.0,Depression,UNNAMED,2008
200895I,2008120815,6.5,78.4,25.0,Depression,UNNAMED,2008
200895I,2008120818,6.6,78.1,25.0,Depression,UNNAMED,2008
200895I,2008120821,6.7,77.7,23.0,Depression,UNNAMED,2008
200895I,2008120900,6.7,77.3,20.0,Depression,UNNAMED,2008
200895I,2008120903,6.7,76.9,18.0,Depression,UNNAMED,2008
200895I,2008120906,6.7,76.5,15.0,Depression,UNNAMED,2008
200895I,2008120909,6.7,75.9,15.0,Depression,UNNAMED,2008
200895I,2008120912,6.7,75.3,15.0,Depression,UNNAMED,2008
200895I,2008120915,6.9,74.6,15.0,Depression,UNNAMED,2008
200895I,2008120918,7.1,73.9,15.0,Depression,UNNAMED,2008
200922I,2009041400,12.6,87.7,25.0,Depression,BIJLI,2009
200922I,2009041403,12.7,87.9,28.0,Depression,BIJLI,2009
200922I,2009041406,12.7,88.1,30.0,Depression,BIJLI,2009
200922I,2009041409,12.5,88.1,25.0,Depression,BIJLI,2009
200922I,2009041412,12.4,87.9,25.0,Depression,BIJLI,2009
200922I,2009041415,12.4,87.8,25.0,Depression,BIJLI,2009
200922I,2009041418,12.5,87.7,25.0,Depression,BIJLI,2009
200922I,2009041421,12.8,87.7,25.0,Depression,BIJLI,2009
200922I,2009041500,13.3,87.7,25.0,Depression,BIJLI,2009
200922I,2009041503,13.9,87.3,25.0,Depression,BIJLI,2009
200922I,2009041506,14.5,87.1,30.0,Depression,BIJLI,2009
200922I,2009041509,15.0,86.7,33.0,Depression,BIJLI,2009
200922I,2009041512,15.4,86.3,35.0,Cyclonic Storm,BIJLI,2009
200922I,2009041515,15.8,86.2,40.0,Cyclonic Storm,BIJLI,2009
200922I,2009041518,16.2,86.2,40.0,Cyclonic Storm,BIJLI,2009
200922I,2009041521,16.3,86.2,40.0,Cyclonic Storm,BIJLI,2009
200922I,2009041600,16.7,86.0,40.0,Cyclonic Storm,BIJLI,2009
200922I,2009041603,17.1,86.0,40.0,Cyclonic Storm,BIJLI,2009
200922I,2009041606,17.6,86.1,40.0,Cyclonic Storm,BIJLI,2009
200922I,2009041609,18.0,86.2,40.0,Cyclonic Storm,BIJLI,2009
200922I,2009041612,18.5,86.6,40.0,Cyclonic Storm,BIJLI,2009
200922I,2009041615,18.6,86.7,40.0,Cyclonic Storm,BIJLI,2009
200922I,2009041618,19.3,87.1,40.0,Cyclonic Storm,BIJLI,2009
200922I,2009041621,19.8,87.6,40.0,Cyclonic Storm,BIJLI,2009
200922I,2009041700,20.3,88.1,40.0,Cyclonic Storm,BIJLI,2009
200922I,2009041703,20.5,88.6,35.0,Cyclonic Storm,BIJLI,2009
200922I,2009041706,20.9,89.2,35.0,Cyclonic Storm,BIJLI,2009
200922I,2009041709,21.3,89.8,30.0,Depression,BIJLI,2009
200922I,2009041712,21.4,90.4,25.0,Depression,BIJLI,2009
200922I,2009041715,21.7,91.3,25.0,Depression,BIJLI,2009
200922I,2009041718,21.9,91.8,45.0,Cyclonic Storm,BIJLI,2009
200922I,2009041721,22.1,92.4,43.0,Cyclonic Storm,BIJLI,2009
200922I,2009041800,22.4,93.1,40.0,Cyclonic Storm,BIJLI,2009
200926I,2009052218,16.9,88.8,25.0,Depression,AILA,2009
200926I,2009052221,16.7,88.8,25.0,Depression,AILA,2009
200926I,2009052300,16.7,88.8,25.0,Depression,AILA,2009
200926I,2009052303,16.8,88.9,28.0,Depression,AILA,2009
200926I,2009052306,16.9,88.8,25.0,Depression,AILA,2009
200926I,2009052309,16.9,88.6,25.0,Depression,AILA,2009
200926I,2009052312,16.9,88.5,25.0,Depression,AILA,2009
200926I,2009052315,17.1,88.5,25.0,Depression,AILA,2009
200926I,2009052318,17.3,88.6,25.0,Depression,AILA,2009
200926I,2009052321,17.2,88.6,25.0,Depression,AILA,2009
200926I,2009052400,17.4,88.5,25.0,Depression,AILA,2009
200926I,2009052403,17.9,88.4,30.0,Depression,AILA,2009
200926I,2009052406,18.0,88.4,30.0,Depression,AILA,2009
200926I,2009052409,18.1,88.3,30.0,Depression,AILA,2009
200926I,2009052412,18.5,88.3,35.0,Cyclonic Storm,AILA,2009
200926I,2009052415,18.9,88.3,35.0,Cyclonic Storm,AILA,2009
200926I,2009052418,19.1,88.3,35.0,Cyclonic Storm,AILA,2009
200926I,2009052421,19.7,88.0,40.0,Cyclonic Storm,AILA,2009
200926I,2009052500,20.0,88.1,40.0,Cyclonic Storm,AILA,2009
200926I,2009052503,20.6,88.1,50.0,Severe Cyclonic Storm,AILA,2009
200926I,2009052506,21.6,88.2,55.0,Severe Cyclonic Storm,AILA,2009
200926I,2009052509,22.1,88.2,60.0,Severe Cyclonic Storm,AILA,2009
200926I,2009052512,22.7,88.2,50.0,Severe Cyclonic Storm,AILA,2009
200926I,2009052515,23.3,88.2,45.0,Cyclonic Storm,AILA,2009
200926I,2009052518,23.9,88.3,40.0,Cyclonic Storm,AILA,2009
200926I,2009052521,24.5,88.3,35.0,Cyclonic Storm,AILA,2009
200926I,2009052600,25.4,88.4,30.0,Depression,AILA,2009
200926I,2009052603,25.9,88.4,25.0,Depression,AILA,2009
200926I,2009052606,26.9,88.8,20.0,Depression,AILA,2009
200932I,2009062300,18.0,71.5,25.0,Depression,UNNAMED,2009
200932I,2009062303,19.0,71.5,25.0,Depression,UNNAMED,2009
200932I,2009062306,19.0,71.5,25.0,Depression,UNNAMED,2009
200932I,2009062309,20.0,71.5,25.0,Depression,UNNAMED,2009
200932I,2009062312,20.5,71.0,25.0,Depression,UNNAMED,2009
200932I,2009062315,21.0,71.0,25.0,Depression,UNNAMED,2009
200932I,2009062318,21.3,71.0,25.0,Depression,UNNAMED,2009
200932I,2009062321,21.4,70.8,25.0,Depression,UNNAMED,2009
200932I,2009062400,21.5,70.5,25.0,Depression,UNNAMED,2009
200933I,2009062509,22.5,68.5,25.0,Depression,UNNAMED,2009
200933I,2009062512,22.5,68.5,25.0,Depression,UNNAMED,2009
200933I,2009062515,22.8,68.5,25.0,Depression,UNNAMED,2009
200933I,2009062518,23.0,68.5,25.0,Depression,UNNAMED,2009
200940I,2009072003,21.0,88.5,25.0,Depression,UNNAMED,2009
200940I,2009072006,21.0,88.5,25.0,Depression,UNNAMED,2009
200940I,2009072009,21.0,88.3,28.0,Depression,UNNAMED,2009
200940I,2009072012,21.0,88.0,30.0,Depression,UNNAMED,2009
200940I,2009072015,21.2,87.6,30.0,Depression,UNNAMED,2009
200940I,2009072018,21.5,87.0,30.0,Depression,UNNAMED,2009
200940I,2009072021,21.8,86.0,30.0,Depression,UNNAMED,2009
200940I,2009072100,22.0,85.0,30.0,Depression,UNNAMED,2009
200940I,2009072103,22.0,84.5,30.0,Depression,UNNAMED,2009
200940I,2009072106,22.0,84.0,25.0,Depression,UNNAMED,2009
200964I,2009090318,19.4,88.8,15.0,Depression,UNNAMED,2009
200964I,2009090321,19.5,88.6,18.0,Depression,UNNAMED,2009
200964I,2009090400,19.5,88.4,20.0,Depression,UNNAMED,2009
200964I,2009090403,19.5,88.2,20.0,Depression,UNNAMED,2009
200964I,2009090406,19.6,88.0,20.0,Depression,UNNAMED,2009
200964I,2009090409,19.7,87.9,20.0,Depression,UNNAMED,2009
200964I,2009090412,19.9,87.8,20.0,Depression,UNNAMED,2009
200964I,2009090415,20.1,87.8,23.0,Depression,UNNAMED,2009
200964I,2009090418,20.4,87.9,25.0,Depression,UNNAMED,2009
200964I,2009090421,20.6,88.1,28.0,Depression,UNNAMED,2009
200964I,2009090500,20.8,88.2,25.0,Depression,UNNAMED,2009
200964I,2009090503,21.2,88.0,30.0,Depression,UNNAMED,2009
200964I,2009090506,21.6,88.1,30.0,Depression,UNNAMED,2009
200964I,2009090509,22.0,87.7,30.0,Depression,UNNAMED,2009
200964I,2009090512,22.4,87.6,30.0,Depression,UNNAMED,2009
200964I,2009090515,22.6,87.4,30.0,Depression,UNNAMED,2009
200964I,2009090518,22.8,87.1,30.0,Depression,UNNAMED,2009
200964I,2009090521,22.9,86.9,30.0,Depression,UNNAMED,2009
200964I,2009090600,23.1,86.6,30.0,Depression,UNNAMED,2009
200964I,2009090603,23.4,86.2,30.0,Depression,UNNAMED,2009
200964I,2009090606,23.4,85.9,30.0,Depression,UNNAMED,2009
200964I,2009090609,23.5,85.7,30.0,Depression,UNNAMED,2009
200964I,2009090612,23.8,85.3,30.0,Depression,UNNAMED,2009
200964I,2009090615,24.0,84.9,30.0,Depression,UNNAMED,2009
200964I,2009090618,24.1,84.7,30.0,Depression,UNNAMED,2009
200964I,2009090621,24.3,84.3,30.0,Depression,UNNAMED,2009
200964I,2009090700,24.4,84.1,30.0,Depression,UNNAMED,2009
200964I,2009090703,24.5,84.0,30.0,Depression,UNNAMED,2009
200964I,2009090706,24.5,84.0,28.0,Depression,UNNAMED,2009
200964I,2009090709,24.5,84.0,25.0,Depression,UNNAMED,2009
200989I,2009110903,11.0,72.0,25.0,Depression,PHYAN,2009
200989I,2009110906,11.6,71.4,25.0,Depression,PHYAN,2009
200989I,2009110909,11.9,71.2,25.0,Depression,PHYAN,2009
200989I,2009110912,12.1,71.1,25.0,Depression,PHYAN,2009
200989I,2009110915,12.4,70.9,25.0,Depression,PHYAN,2009
200989I,2009110918,12.7,70.8,25.0,Depression,PHYAN,2009
200989I,2009110921,13.0,70.8,30.0,Depression,PHYAN,2009
200989I,2009111000,13.4,70.8,30.0,Depression,PHYAN,2009
200989I,2009111003,13.9,71.0,30.0,Depression,PHYAN,2009
200989I,2009111006,14.4,71.2,30.0,Depression,PHYAN,2009
200989I,2009111009,14.6,71.2,33.0,Depression,PHYAN,2009
200989I,2009111012,15.0,71.3,35.0,Cyclonic Storm,PHYAN,2009
200989I,2009111015,15.4,71.6,35.0,Cyclonic Storm,PHYAN,2009
200989I,2009111018,15.8,71.8,40.0,Cyclonic Storm,PHYAN,2009
200989I,2009111021,16.5,72.2,45.0,Cyclonic Storm,PHYAN,2009
200989I,2009111100,17.0,72.6,45.0,Cyclonic Storm,PHYAN,2009
200989I,2009111103,17.9,72.7,40.0,Cyclonic Storm,PHYAN,2009
200989I,2009111106,18.8,73.3,30.0,Depression,PHYAN,2009
200989I,2009111109,19.4,73.7,30.0,Depression,PHYAN,2009
200989I,2009111112,19.7,73.9,20.0,Depression,PHYAN,2009
200998I,2009121009,6.5,85.0,25.0,Depression,WARD,2009
200998I,2009121012,6.5,85.0,25.0,Depression,WARD,2009
200998I,2009121015,6.5,85.0,25.0,Depression,WARD,2009
200998I,2009121018,6.7,85.0,25.0,Depression,WARD,2009
200998I,2009121021,7.1,84.8,28.0,Depression,WARD,2009
200998I,2009121100,7.4,84.6,30.0,Depression,WARD,2009
200998I,2009121103,7.7,84.7,30.0,Depression,WARD,2009
200998I,2009121106,8.4,84.7,30.0,Depression,WARD,2009
200998I,2009121109,8.7,84.8,35.0,Cyclonic Storm,WARD,2009
200998I,2009121112,8.8,84.9,35.0,Cyclonic Storm,WARD,2009
200998I,2009121115,9.2,84.9,35.0,Cyclonic Storm,WARD,2009
200998I,2009121118,9.3,84.8,40.0,Cyclonic Storm,WARD,2009
200998I,2009121121,9.6,84.7,45.0,Cyclonic Storm,WARD,2009
200998I,2009121200,9.9,84.6,45.0,Cyclonic Storm,WARD,2009
200998I,2009121203,9.9,84.5,45.0,Cyclonic Storm,WARD,2009
200998I,2009121206,10.0,84.4,45.0,Cyclonic Storm,WARD,2009
200998I,2009121209,9.9,84.0,40.0,Cyclonic Storm,WARD,2009
200998I,2009121212,9.9,83.7,35.0,Cyclonic Storm,WARD,2009
200998I,2009121215,9.7,83.6,35.0,Cyclonic Storm,WARD,2009
200998I,2009121218,9.4,83.5,30.0,Depression,WARD,2009
200998I,2009121221,9.3,83.3,30.0,Depression,WARD,2009
200998I,2009121300,9.3,83.2,30.0,Depression,WARD,2009
200998I,2009121303,9.3,83.1,30.0,Depression,WARD,2009
200998I,2009121306,9.0,83.0,30.0,Depression,WARD,2009
200998I,2009121309,8.9,82.9,30.0,Depression,WARD,2009
200998I,2009121312,9.0,82.8,30.0,Depression,WARD,2009
200998I,2009121315,8.9,82.6,30.0,Depression,WARD,2009
200998I,2009121318,9.0,82.3,30.0,Depression,WARD,2009
200998I,2009121321,9.0,82.1,30.0,Depression,WARD,2009
200998I,2009121400,9.0,81.8,30.0,Depression,WARD,2009
200998I,2009121403,8.6,81.5,30.0,Depression,WARD,2009
200998I,2009121406,8.5,81.5,30.0,Depression,WARD,2009
200998I,2009121409,8.5,81.2,25.0,Depression,WARD,2009
200998I,2009121412,8.5,81.1,25.0,Depression,WARD,2009
200998I,2009121415,8.5,81.1,25.0,Depression,WARD,2009
200998I,2009121418,8.5,81.0,25.0,Depression,WARD,2009
200998I,2009121421,8.5,80.8,25.0,Depression,WARD,2009
200998I,2009121500,8.5,80.5,25.0,Depression,WARD,2009
201023I,2010051512,9.3,56.5,15.0,Depression,BANDU,2010
201023I,2010051515,9.3,56.8,15.0,Depression,BANDU,2010
201023I,2010051518,9.4,57.0,15.0,Depression,BANDU,2010
201023I,2010051521,9.6,57.1,15.0,Depression,BANDU,2010
201023I,2010051600,9.8,57.0,15.0,Depression,BANDU,2010
201023I,2010051603,9.9,57.0,15.0,Depression,BANDU,2010
201023I,2010051606,10.0,56.8,15.0,Depression,BANDU,2010
201023I,2010051609,10.1,56.4,15.0,Depression,BANDU,2010
201023I,2010051612,10.1,56.1,15.0,Depression,BANDU,2010
201023I,2010051615,10.0,56.0,15.0,Depression,BANDU,2010
201023I,2010051618,9.9,56.0,15.0,Depression,BANDU,2010
201023I,2010051621,9.7,56.2,15.0,Depression,BANDU,2010
201023I,2010051700,9.6,56.6,15.0,Depression,BANDU,2010
201023I,2010051703,9.7,57.0,15.0,Depression,BANDU,2010
201023I,2010051706,9.7,57.3,15.0,Depression,BANDU,2010
201023I,2010051709,9.5,57.5,15.0,Depression,BANDU,2010
201023I,2010051712,9.3,57.6,15.0,Depression,BANDU,2010
201023I,2010051715,9.0,57.5,15.0,Depression,BANDU,2010
201023I,2010051718,8.9,57.3,15.0,Depression,BANDU,2010
201023I,2010051721,9.0,57.0,15.0,Depression,BANDU,2010
201023I,2010051800,9.2,56.7,15.0,Depression,BANDU,2010
201023I,2010051803,9.4,56.6,15.0,Depression,BANDU,2010
201023I,2010051806,9.6,56.5,15.0,Depression,BANDU,2010
201023I,2010051809,9.9,56.3,15.0,Depression,BANDU,2010
201023I,2010051812,10.2,56.1,15.0,Depression,BANDU,2010
201023I,2010051815,10.4,55.8,18.0,Depression,BANDU,2010
201023I,2010051818,10.6,55.4,20.0,Depression,BANDU,2010
201023I,2010051821,10.8,54.9,23.0,Depression,BANDU,2010
201023I,2010051900,10.9,54.5,25.0,Depression,BANDU,2010
201023I,2010051903,11.0,54.2,28.0,Depression,BANDU,2010
201023I,2010051906,11.1,54.0,30.0,Depression,BANDU,2010
201023I,2010051909,11.1,53.8,25.0,Depression,BANDU,2010
201023I,2010051912,11.2,53.7,25.0,Depression,BANDU,2010
201023I,2010051915,11.4,53.4,25.0,Depression,BANDU,2010
201023I,2010051918,11.5,53.3,30.0,Depression,BANDU,2010
201023I,2010051921,11.5,53.0,30.0,Depression,BANDU,2010
201023I,2010052000,11.6,53.0,30.0,Depression,BANDU,2010
201023I,2010052003,11.7,52.9,30.0,Depression,BANDU,2010
201023I,2010052006,11.8,52.9,30.0,Depression,BANDU,2010
201023I,2010052009,12.1,52.8,30.0,Depression,BANDU,2010
201023I,2010052012,12.4,52.5,30.0,Depression,BANDU,2010
201023I,2010052015,12.5,52.2,30.0,Depression,BANDU,2010
201023I,2010052018,12.5,51.9,30.0,Depression,BANDU,2010
201023I,2010052021,12.5,51.8,30.0,Depression,BANDU,2010
201023I,2010052100,12.5,51.8,30.0,Depression,BANDU,2010
201023I,2010052103,12.6,51.7,30.0,Depression,BANDU,2010
201023I,2010052106,12.6,51.7,30.0,Depression,BANDU,2010
201023I,2010052109,12.6,51.7,30.0,Depression,BANDU,2010
201023I,2010052112,12.7,51.7,40.0,Cyclonic Storm,BANDU,2010
201023I,2010052115,12.6,51.7,40.0,Cyclonic Storm,BANDU,2010
201023I,2010052118,12.6,51.7,40.0,Cyclonic Storm,BANDU,2010
201023I,2010052121,12.5,51.3,40.0,Cyclonic Storm,BANDU,2010
201023I,2010052200,12.6,51.0,40.0,Cyclonic Storm,BANDU,2010
201023I,2010052203,12.5,50.9,40.0,Cyclonic Storm,BANDU,2010
201023I,2010052206,12.6,50.9,40.0,Cyclonic Storm,BANDU,2010
201023I,2010052209,12.5,50.6,35.0,Cyclonic Storm,BANDU,2010
201023I,2010052212,12.6,50.6,30.0,Depression,BANDU,2010
201023I,2010052215,12.6,50.5,28.0,Depression,BANDU,2010
201023I,2010052218,12.6,50.4,25.0,Depression,BANDU,2010
201024I,2010051618,9.8,90.4,15.0,Depression,LAILA,2010
201024I,2010051621,10.2,90.1,18.0,Depression,LAILA,2010
201024I,2010051700,10.5,89.7,20.0,Depression,LAILA,2010
201024I,2010051703,10.7,89.3,23.0,Depression,LAILA,2010
201024I,2010051706,10.8,88.7,25.0,Depression,LAILA,2010
201024I,2010051709,11.0,88.3,28.0,Depression,LAILA,2010
201024I,2010051712,11.2,87.9,30.0,Depression,LAILA,2010
201024I,2010051715,11.4,87.6,30.0,Depression,LAILA,2010
201024I,2010051718,11.6,87.2,30.0,Depression,LAILA,2010
201024I,2010051721,11.7,86.8,33.0,Depression,LAILA,2010
201024I,2010051800,11.8,86.3,35.0,Cyclonic Storm,LAILA,2010
201024I,2010051803,12.1,85.4,40.0,Cyclonic Storm,LAILA,2010
201024I,2010051806,12.5,84.6,45.0,Cyclonic Storm,LAILA,2010
201024I,2010051809,12.9,84.0,45.0,Cyclonic Storm,LAILA,2010
201024I,2010051812,13.1,83.5,45.0,Cyclonic Storm,LAILA,2010
201024I,2010051815,13.1,83.0,45.0,Cyclonic Storm,LAILA,2010
201024I,2010051818,13.1,82.6,45.0,Cyclonic Storm,LAILA,2010
201024I,2010051821,13.1,82.1,45.0,Cyclonic Storm,LAILA,2010
201024I,2010051900,13.5,82.0,45.0,Cyclonic Storm,LAILA,2010
201024I,2010051903,13.5,81.8,45.0,Cyclonic Storm,LAILA,2010
201024I,2010051906,13.6,81.5,55.0,Severe Cyclonic Storm,LAILA,2010
201024I,2010051909,13.9,81.5,55.0,Severe Cyclonic Storm,LAILA,2010
201024I,2010051912,14.0,81.5,55.0,Severe Cyclonic Storm,LAILA,2010
201024I,2010051915,14.1,81.4,55.0,Severe Cyclonic Storm,LAILA,2010
201024I,2010051918,14.6,81.1,55.0,Severe Cyclonic Storm,LAILA,2010
201024I,2010051921,14.7,81.0,55.0,Severe Cyclonic Storm,LAILA,2010
201024I,2010052000,15.1,81.0,55.0,Severe Cyclonic Storm,LAILA,2010
201024I,2010052003,15.4,80.6,55.0,Severe Cyclonic Storm,LAILA,2010
201024I,2010052006,15.6,80.6,55.0,Severe Cyclonic Storm,LAILA,2010
201024I,2010052009,15.7,80.5,55.0,Severe Cyclonic Storm,LAILA,2010
201024I,2010052012,15.9,80.5,45.0,Cyclonic Storm,LAILA,2010
201024I,2010052015,15.9,80.5,45.0,Cyclonic Storm,LAILA,2010
201024I,2010052018,16.0,80.6,45.0,Cyclonic Storm,LAILA,2010
201024I,2010052021,16.1,80.7,40.0,Cyclonic Storm,LAILA,2010
201024I,2010052100,16.3,80.8,35.0,Cyclonic Storm,LAILA,2010
201024I,2010052103,16.5,81.0,30.0,Depression,LAILA,2010
201024I,2010052106,16.8,81.2,20.0,Depression,LAILA,2010
201024I,2010052109,16.8,81.3,35.0,Cyclonic Storm,LAILA,2010
201024I,2010052112,16.9,81.5,30.0,Depression,LAILA,2010
201024I,2010052115,17.0,81.7,28.0,Depression,LAILA,2010
201024I,2010052118,17.1,81.9,25.0,Depression,LAILA,2010
201027I,2010053012,14.4,65.0,15.0,Depression,PHET,2010
201027I,2010053015,14.5,64.9,18.0,Depression,PHET,2010
201027I,2010053018,14.5,64.7,20.0,Depression,PHET,2010
201027I,2010053021,14.5,64.5,23.0,Depression,PHET,2010
201027I,2010053100,14.5,64.4,25.0,Depression,PHET,2010
201027I,2010053103,14.6,64.3,28.0,Depression,PHET,2010
201027I,2010053106,14.8,64.2,25.0,Depression,PHET,2010
201027I,2010053109,15.0,64.0,25.0,Depression,PHET,2010
201027I,2010053112,15.2,63.8,25.0,Depression,PHET,2010
201027I,2010053115,15.4,63.7,25.0,Depression,PHET,2010
201027I,2010053118,15.5,63.6,25.0,Depression,PHET,2010
201027I,2010053121,15.5,63.5,28.0,Depression,PHET,2010
201027I,2010060100,15.7,63.4,30.0,Depression,PHET,2010
201027I,2010060103,15.8,63.2,30.0,Depression,PHET,2010
201027I,2010060106,16.2,62.9,30.0,Depression,PHET,2010
201027I,2010060109,16.3,62.8,35.0,Cyclonic Storm,PHET,2010
201027I,2010060112,16.7,62.4,35.0,Cyclonic Storm,PHET,2010
201027I,2010060115,16.7,62.2,40.0,Cyclonic Storm,PHET,2010
201027I,2010060118,17.1,61.8,45.0,Cyclonic Storm,PHET,2010
201027I,2010060121,17.1,61.6,45.0,Cyclonic Storm,PHET,2010
201027I,2010060200,17.5,61.3,55.0,Severe Cyclonic Storm,PHET,2010
201027I,2010060203,17.5,60.9,60.0,Severe Cyclonic Storm,PHET,2010
201027I,2010060206,17.7,60.8,70.0,Very Severe Cyclonic Storm,PHET,2010
201027I,2010060209,18.0,60.4,80.0,Very Severe Cyclonic Storm,PHET,2010
201027I,2010060212,18.1,60.3,85.0,Very Severe Cyclonic Storm,PHET,2010
201027I,2010060215,18.4,59.9,85.0,Very Severe Cyclonic Storm,PHET,2010
201027I,2010060218,18.5,59.9,85.0,Very Severe Cyclonic Storm,PHET,2010
201027I,2010060221,18.5,59.8,80.0,Very Severe Cyclonic Storm,PHET,2010
201027I,2010060300,18.5,59.6,75.0,Very Severe Cyclonic Storm,PHET,2010
201027I,2010060303,18.6,59.5,75.0,Very Severe Cyclonic Storm,PHET,2010
201027I,2010060306,19.1,59.6,70.0,Very Severe Cyclonic Storm,PHET,2010
201027I,2010060309,19.5,59.5,70.0,Very Severe Cyclonic Storm,PHET,2010
201027I,2010060312,20.0,59.5,70.0,Very Severe Cyclonic Storm,PHET,2010
201027I,2010060315,20.2,59.4,70.0,Very Severe Cyclonic Storm,PHET,2010
201027I,2010060318,20.7,59.4,65.0,Very Severe Cyclonic Storm,PHET,2010
201027I,2010060321,21.1,59.3,65.0,Very Severe Cyclonic Storm,PHET,2010
201027I,2010060400,21.5,59.3,65.0,Very Severe Cyclonic Storm,PHET,2010
201027I,2010060403,21.9,59.3,60.0,Severe Cyclonic Storm,PHET,2010
201027I,2010060406,22.2,59.4,60.0,Severe Cyclonic Storm,PHET,2010
201027I,2010060409,22.6,59.4,60.0,Severe Cyclonic Storm,PHET,2010
201027I,2010060412,23.0,59.5,60.0,Severe Cyclonic Storm,PHET,2010
201027I,2010060415,23.2,59.5,55.0,Severe Cyclonic Storm,PHET,2010
201027I,2010060418,23.3,59.6,55.0,Severe Cyclonic Storm,PHET,2010
201027I,2010060421,23.7,60.0,50.0,Severe Cyclonic Storm,PHET,2010
201027I,2010060500,24.0,60.4,45.0,Cyclonic Storm,PHET,2010
201027I,2010060503,24.2,60.8,40.0,Cyclonic Storm,PHET,2010
201027I,2010060506,24.2,61.0,40.0,Cyclonic Storm,PHET,2010
201027I,2010060509,24.1,61.1,40.0,Cyclonic Storm,PHET,2010
201027I,2010060512,24.0,61.6,40.0,Cyclonic Storm,PHET,2010
201027I,2010060515,23.9,62.0,35.0,Cyclonic Storm,PHET,2010
201027I,2010060518,23.9,62.5,30.0,Depression,PHET,2010
201027I,2010060521,23.7,63.1,30.0,Depression,PHET,2010
201027I,2010060600,23.7,64.1,30.0,Depression,PHET,2010
201027I,2010060603,23.8,65.0,25.0,Depression,PHET,2010
201027I,2010060606,24.0,65.9,25.0,Depression,PHET,2010
201027I,2010060609,24.2,66.6,25.0,Depression,PHET,2010
201027I,2010060612,24.6,67.2,25.0,Depression,PHET,2010
201027I,2010060615,25.0,67.9,25.0,Depression,PHET,2010
201027I,2010060618,25.1,68.7,25.0,Depression,PHET,2010
201027I,2010060621,25.7,69.6,25.0,Depression,PHET,2010
201027I,2010060700,26.4,70.5,25.0,Depression,PHET,2010
201027I,2010060703,26.7,71.5,25.0,Depression,PHET,2010
201027I,2010060706,27.1,72.9,20.0,Depression,PHET,2010
201068I,2010100703,16.5,84.5,25.0,Depression,UNNAMED,2010
201068I,2010100706,17.5,84.5,25.0,Depression,UNNAMED,2010
201068I,2010100709,18.1,84.7,25.0,Depression,UNNAMED,2010
201068I,2010100712,18.5,85.0,25.0,Depression,UNNAMED,2010
201068I,2010100715,18.7,85.2,25.0,Depression,UNNAMED,2010
201068I,2010100718,19.0,85.5,25.0,Depression,UNNAMED,2010
201068I,2010100721,19.4,85.9,25.0,Depression,UNNAMED,2010
201068I,2010100800,20.0,86.5,25.0,Depression,UNNAMED,2010
201068I,2010100803,21.0,87.5,25.0,Depression,UNNAMED,2010
201068I,2010100806,22.0,89.0,25.0,Depression,UNNAMED,2010
201068I,2010100809,22.8,90.0,25.0,Depression,UNNAMED,2010
201068I,2010100812,23.5,90.5,25.0,Depression,UNNAMED,2010
201068I,2010100815,24.0,90.8,25.0,Depression,UNNAMED,2010
201068I,2010100818,24.5,91.0,25.0,Depression,UNNAMED,2010
201071I,2010101306,17.5,90.0,25.0,Depression,UNNAMED,2010
201071I,2010101309,17.4,89.5,25.0,Depression,UNNAMED,2010
201071I,2010101312,17.5,89.0,25.0,Depression,UNNAMED,2010
201071I,2010101315,17.7,88.7,25.0,Depression,UNNAMED,2010
201071I,2010101318,18.0,88.5,25.0,Depression,UNNAMED,2010
201071I,2010101321,18.0,88.5,25.0,Depression,UNNAMED,2010
201071I,2010101400,18.0,88.5,25.0,Depression,UNNAMED,2010
201071I,2010101403,18.0,88.5,25.0,Depression,UNNAMED,2010
201071I,2010101406,18.0,88.5,25.0,Depression,UNNAMED,2010
201071I,2010101409,18.0,88.3,25.0,Depression,UNNAMED,2010
201071I,2010101412,18.0,88.0,25.0,Depression,UNNAMED,2010
201071I,2010101415,18.0,88.0,25.0,Depression,UNNAMED,2010
201071I,2010101418,18.0,88.0,25.0,Depression,UNNAMED,2010
201071I,2010101421,18.2,87.8,25.0,Depression,UNNAMED,2010
201071I,2010101500,18.5,87.5,25.0,Depression,UNNAMED,2010
201071I,2010101503,19.0,87.0,30.0,Depression,UNNAMED,2010
201071I,2010101506,19.5,86.0,30.0,Depression,UNNAMED,2010
201071I,2010101509,19.6,85.6,30.0,Depression,UNNAMED,2010
201071I,2010101512,19.5,85.5,30.0,Depression,UNNAMED,2010
201071I,2010101515,19.3,85.0,30.0,Depression,UNNAMED,2010
201071I,2010101518,19.0,84.5,30.0,Depression,UNNAMED,2010
201071I,2010101521,18.9,84.2,28.0,Depression,UNNAMED,2010
201071I,2010101600,19.0,84.0,25.0,Depression,UNNAMED,2010
201074I,2010101912,16.7,92.6,15.0,Depression,GIRI,2010
201074I,2010101915,16.8,92.4,18.0,Depression,GIRI,2010
201074I,2010101918,16.9,92.3,20.0,Depression,GIRI,2010
201074I,2010101921,17.0,92.2,23.0,Depression,GIRI,2010
201074I,2010102000,17.0,92.1,25.0,Depression,GIRI,2010
201074I,2010102003,17.0,92.0,28.0,Depression,GIRI,2010
201074I,2010102006,17.0,91.8,30.0,Depression,GIRI,2010
201074I,2010102009,16.9,91.6,30.0,Depression,GIRI,2010
201074I,2010102012,16.9,91.5,25.0,Depression,GIRI,2010
201074I,2010102015,17.1,91.5,25.0,Depression,GIRI,2010
201074I,2010102018,17.3,91.6,25.0,Depression,GIRI,2010
201074I,2010102021,17.4,91.5,25.0,Depression,GIRI,2010
201074I,2010102100,17.4,91.5,25.0,Depression,GIRI,2010
201074I,2010102103,17.4,91.6,30.0,Depression,GIRI,2010
201074I,2010102106,17.5,91.7,35.0,Cyclonic Storm,GIRI,2010
201074I,2010102109,17.6,91.8,40.0,Cyclonic Storm,GIRI,2010
201074I,2010102112,17.9,92.1,45.0,Cyclonic Storm,GIRI,2010
201074I,2010102115,18.0,92.2,45.0,Cyclonic Storm,GIRI,2010
201074I,2010102118,18.1,92.2,50.0,Severe Cyclonic Storm,GIRI,2010
201074I,2010102121,18.4,92.5,55.0,Severe Cyclonic Storm,GIRI,2010
201074I,2010102200,18.5,92.6,60.0,Severe Cyclonic Storm,GIRI,2010
201074I,2010102203,18.9,92.9,80.0,Very Severe Cyclonic Storm,GIRI,2010
201074I,2010102206,19.0,93.0,90.0,Extremely Severe/Super Cyclone,GIRI,2010
201074I,2010102209,19.4,93.3,105.0,Extremely Severe/Super Cyclone,GIRI,2010
201074I,2010102212,19.8,93.4,105.0,Extremely Severe/Super Cyclone,GIRI,2010
201074I,2010102215,20.1,93.5,80.0,Very Severe Cyclonic Storm,GIRI,2010
201074I,2010102218,20.5,93.9,70.0,Very Severe Cyclonic Storm,GIRI,2010
201074I,2010102221,20.7,94.2,55.0,Severe Cyclonic Storm,GIRI,2010
201074I,2010102300,21.2,94.8,45.0,Cyclonic Storm,GIRI,2010
201074I,2010102303,21.6,95.2,35.0,Cyclonic Storm,GIRI,2010
201074I,2010102306,22.1,95.5,25.0,Depression,GIRI,2010
201074I,2010102309,22.4,95.8,38.0,Cyclonic Storm,GIRI,2010
201074I,2010102312,22.7,96.2,35.0,Cyclonic Storm,GIRI,2010
201074I,2010102315,22.8,96.7,35.0,Cyclonic Storm,GIRI,2010
201074I,2010102318,23.0,97.4,35.0,Cyclonic Storm,GIRI,2010
201074I,2010102321,23.3,98.5,33.0,Depression,GIRI,2010
201074I,2010102400,23.7,99.8,30.0,Depression,GIRI,2010
201080I,2010110121,7.6,99.8,20.0,Depression,JAL,2010
201080I,2010110200,7.7,98.9,20.0,Depression,JAL,2010
201080I,2010110203,8.1,98.3,20.0,Depression,JAL,2010
201080I,2010110206,8.4,97.9,20.0,Depression,JAL,2010
201080I,2010110209,8.4,97.4,20.0,Depression,JAL,2010
201080I,2010110212,8.3,96.9,20.0,Depression,JAL,2010
201080I,2010110215,8.3,96.4,23.0,Depression,JAL,2010
201080I,2010110218,8.3,95.9,25.0,Depression,JAL,2010
201080I,2010110221,8.3,95.4,25.0,Depression,JAL,2010
201080I,2010110300,8.3,94.9,25.0,Depression,JAL,2010
201080I,2010110303,8.3,94.4,25.0,Depression,JAL,2010
201080I,2010110306,8.3,94.0,25.0,Depression,JAL,2010
201080I,2010110309,8.3,93.6,25.0,Depression,JAL,2010
201080I,2010110312,8.3,93.2,25.0,Depression,JAL,2010
201080I,2010110315,8.3,92.8,28.0,Depression,JAL,2010
201080I,2010110318,8.4,92.3,30.0,Depression,JAL,2010
201080I,2010110321,8.4,91.9,30.0,Depression,JAL,2010
201080I,2010110400,8.4,91.6,25.0,Depression,JAL,2010
201080I,2010110403,8.6,91.1,25.0,Depression,JAL,2010
201080I,2010110406,8.6,90.7,25.0,Depression,JAL,2010
201080I,2010110409,8.6,90.3,25.0,Depression,JAL,2010
201080I,2010110412,8.7,90.0,25.0,Depression,JAL,2010
201080I,2010110415,8.7,89.7,25.0,Depression,JAL,2010
201080I,2010110418,8.8,89.4,25.0,Depression,JAL,2010
201080I,2010110421,8.9,89.0,28.0,Depression,JAL,2010
201080I,2010110500,9.1,88.6,30.0,Depression,JAL,2010
201080I,2010110503,9.1,88.1,30.0,Depression,JAL,2010
201080I,2010110506,9.2,87.7,35.0,Cyclonic Storm,JAL,2010
201080I,2010110509,9.3,87.5,40.0,Cyclonic Storm,JAL,2010
201080I,2010110512,9.6,87.1,45.0,Cyclonic Storm,JAL,2010
201080I,2010110515,9.7,86.9,45.0,Cyclonic Storm,JAL,2010
201080I,2010110518,10.1,86.5,50.0,Severe Cyclonic Storm,JAL,2010
201080I,2010110521,10.1,86.1,55.0,Severe Cyclonic Storm,JAL,2010
201080I,2010110600,10.2,85.8,55.0,Severe Cyclonic Storm,JAL,2010
201080I,2010110603,10.3,85.6,55.0,Severe Cyclonic Storm,JAL,2010
201080I,2010110606,10.4,85.3,55.0,Severe Cyclonic Storm,JAL,2010
201080I,2010110609,10.5,85.1,55.0,Severe Cyclonic Storm,JAL,2010
201080I,2010110612,11.1,84.6,60.0,Severe Cyclonic Storm,JAL,2010
201080I,2010110615,11.2,84.4,60.0,Severe Cyclonic Storm,JAL,2010
201080I,2010110618,11.3,84.0,60.0,Severe Cyclonic Storm,JAL,2010
201080I,2010110621,11.4,83.7,60.0,Severe Cyclonic Storm,JAL,2010
201080I,2010110700,11.6,83.2,60.0,Severe Cyclonic Storm,JAL,2010
201080I,2010110703,12.2,82.7,55.0,Severe Cyclonic Storm,JAL,2010
201080I,2010110706,12.3,82.2,45.0,Cyclonic Storm,JAL,2010
201080I,2010110709,12.3,81.5,40.0,Cyclonic Storm,JAL,2010
201080I,2010110712,13.0,81.1,30.0,Depression,JAL,2010
201080I,2010110715,13.0,80.6,30.0,Depression,JAL,2010
201080I,2010110718,13.1,80.0,30.0,Depression,JAL,2010
201080I,2010110721,13.5,79.5,28.0,Depression,JAL,2010
201080I,2010110800,14.2,78.9,25.0,Depression,JAL,2010
201080I,2010110803,15.0,78.0,25.0,Depression,JAL,2010
201083I,2010120703,14.0,82.0,25.0,Depression,UNNAMED,2010
201083I,2010120706,14.5,82.0,25.0,Depression,UNNAMED,2010
201083I,2010120709,14.8,81.8,25.0,Depression,UNNAMED,2010
201083I,2010120712,15.0,81.5,25.0,Depression,UNNAMED,2010
201083I,2010120715,15.2,81.3,25.0,Depression,UNNAMED,2010
201083I,2010120718,15.5,81.0,25.0,Depression,UNNAMED,2010
201083I,2010120721,15.8,80.6,23.0,Depression,UNNAMED,2010
201083I,2010120800,16.0,80.0,20.0,Depression,UNNAMED,2010
201108I,2011020209,6.5,82.5,25.0,Depression,UNNAMED,2011
201108I,2011020212,6.5,82.5,25.0,Depression,UNNAMED,2011
201108I,2011020215,6.5,82.5,25.0,Depression,UNNAMED,2011
201108I,2011020218,6.5,82.5,25.0,Depression,UNNAMED,2011
201128I,2011060906,18.1,69.9,20.0,Depression,UNNAMED,2011
201128I,2011060909,18.2,70.1,23.0,Depression,UNNAMED,2011
201128I,2011060912,18.3,70.3,25.0,Depression,UNNAMED,2011
201128I,2011060915,18.4,70.5,25.0,Depression,UNNAMED,2011
201128I,2011060918,18.6,70.6,25.0,Depression,UNNAMED,2011
201128I,2011060921,18.8,70.6,25.0,Depression,UNNAMED,2011
201128I,2011061000,19.0,70.7,25.0,Depression,UNNAMED,2011
201128I,2011061003,19.1,70.9,25.0,Depression,UNNAMED,2011
201128I,2011061006,19.1,71.1,25.0,Depression,UNNAMED,2011
201128I,2011061009,19.1,71.4,28.0,Depression,UNNAMED,2011
201128I,2011061012,19.0,71.7,30.0,Depression,UNNAMED,2011
201128I,2011061015,19.0,71.8,30.0,Depression,UNNAMED,2011
201128I,2011061018,19.1,71.9,30.0,Depression,UNNAMED,2011
201128I,2011061021,19.1,72.0,30.0,Depression,UNNAMED,2011
201128I,2011061100,19.2,72.1,30.0,Depression,UNNAMED,2011
201128I,2011061103,19.3,72.1,33.0,Depression,UNNAMED,2011
201128I,2011061106,19.5,72.0,35.0,Cyclonic Storm,UNNAMED,2011
201128I,2011061109,19.7,71.9,35.0,Cyclonic Storm,UNNAMED,2011
201128I,2011061112,20.0,71.7,25.0,Depression,UNNAMED,2011
201128I,2011061115,20.1,71.6,25.0,Depression,UNNAMED,2011
201128I,2011061118,20.2,71.4,25.0,Depression,UNNAMED,2011
201128I,2011061121,20.5,71.0,25.0,Depression,UNNAMED,2011
201128I,2011061200,20.7,70.7,25.0,Depression,UNNAMED,2011
201128I,2011061203,20.6,70.6,20.0,Depression,UNNAMED,2011
201128I,2011061206,20.6,70.4,20.0,Depression,UNNAMED,2011
201128I,2011061209,20.6,70.2,23.0,Depression,UNNAMED,2011
201128I,2011061212,20.9,70.1,25.0,Depression,UNNAMED,2011
201130I,2011061603,21.5,89.0,25.0,Depression,UNNAMED,2011
201130I,2011061606,21.5,89.0,25.0,Depression,UNNAMED,2011
201130I,2011061609,21.7,89.0,28.0,Depression,UNNAMED,2011
201130I,2011061612,22.0,89.0,30.0,Depression,UNNAMED,2011
201130I,2011061615,22.3,89.0,30.0,Depression,UNNAMED,2011
201130I,2011061618,22.5,89.0,30.0,Depression,UNNAMED,2011
201130I,2011061621,22.5,89.0,30.0,Depression,UNNAMED,2011
201130I,2011061700,22.5,89.0,30.0,Depression,UNNAMED,2011
201130I,2011061703,22.5,89.0,30.0,Depression,UNNAMED,2011
201130I,2011061706,22.8,88.5,35.0,Cyclonic Storm,UNNAMED,2011
201130I,2011061709,23.0,88.2,30.0,Depression,UNNAMED,2011
201130I,2011061712,23.0,88.0,25.0,Depression,UNNAMED,2011
201130I,2011061715,23.0,88.0,25.0,Depression,UNNAMED,2011
201130I,2011061718,23.0,88.0,25.0,Depression,UNNAMED,2011
201130I,2011061721,23.0,87.8,25.0,Depression,UNNAMED,2011
201130I,2011061800,23.0,87.5,25.0,Depression,UNNAMED,2011
201130I,2011061803,23.0,87.0,25.0,Depression,UNNAMED,2011
201130I,2011061806,23.0,87.0,25.0,Depression,UNNAMED,2011
201130I,2011061809,23.0,87.0,25.0,Depression,UNNAMED,2011
201130I,2011061812,23.0,87.0,25.0,Depression,UNNAMED,2011
201130I,2011061815,23.0,86.8,25.0,Depression,UNNAMED,2011
201130I,2011061818,23.0,86.5,25.0,Depression,UNNAMED,2011
201130I,2011061821,22.9,86.3,25.0,Depression,UNNAMED,2011
201130I,2011061900,23.0,86.0,25.0,Depression,UNNAMED,2011
201130I,2011061903,23.5,85.5,25.0,Depression,UNNAMED,2011
201130I,2011061906,23.5,85.5,25.0,Depression,UNNAMED,2011
201130I,2011061909,23.5,85.3,25.0,Depression,UNNAMED,2011
201130I,2011061912,23.5,85.0,25.0,Depression,UNNAMED,2011
201130I,2011061915,23.5,84.8,25.0,Depression,UNNAMED,2011
201130I,2011061918,23.5,84.5,25.0,Depression,UNNAMED,2011
201130I,2011061921,23.5,84.3,25.0,Depression,UNNAMED,2011
201130I,2011062000,23.5,84.0,25.0,Depression,UNNAMED,2011
201130I,2011062003,23.7,83.5,25.0,Depression,UNNAMED,2011
201130I,2011062006,23.7,83.5,20.0,Depression,UNNAMED,2011
201130I,2011062009,23.8,83.3,20.0,Depression,UNNAMED,2011
201130I,2011062012,24.0,83.0,20.0,Depression,UNNAMED,2011
201130I,2011062015,24.0,83.0,20.0,Depression,UNNAMED,2011
201130I,2011062018,24.0,83.0,20.0,Depression,UNNAMED,2011
201130I,2011062021,24.3,82.8,20.0,Depression,UNNAMED,2011
201130I,2011062100,24.5,82.5,20.0,Depression,UNNAMED,2011
201130I,2011062103,24.5,82.0,20.0,Depression,UNNAMED,2011
201130I,2011062106,24.5,81.5,20.0,Depression,UNNAMED,2011
201130I,2011062109,24.5,81.2,20.0,Depression,UNNAMED,2011
201130I,2011062112,24.5,81.0,20.0,Depression,UNNAMED,2011
201130I,2011062115,24.5,81.0,20.0,Depression,UNNAMED,2011
201130I,2011062118,24.5,81.0,20.0,Depression,UNNAMED,2011
201130I,2011062121,24.5,80.8,20.0,Depression,UNNAMED,2011
201130I,2011062200,24.5,80.5,20.0,Depression,UNNAMED,2011
201130I,2011062203,24.5,80.0,20.0,Depression,UNNAMED,2011
201130I,2011062206,24.5,80.0,20.0,Depression,UNNAMED,2011
201130I,2011062209,24.5,79.6,20.0,Depression,UNNAMED,2011
201130I,2011062212,24.5,79.1,20.0,Depression,UNNAMED,2011
201130I,2011062215,24.5,78.7,20.0,Depression,UNNAMED,2011
201130I,2011062218,24.5,78.5,20.0,Depression,UNNAMED,2011
201140I,2011072203,23.5,84.5,20.0,Depression,UNNAMED,2011
201140I,2011072206,24.0,84.0,20.0,Depression,UNNAMED,2011
201140I,2011072209,24.0,84.0,20.0,Depression,UNNAMED,2011
201140I,2011072212,24.0,83.0,20.0,Depression,UNNAMED,2011
201140I,2011072215,24.0,82.2,20.0,Depression,UNNAMED,2011
201140I,2011072218,24.0,81.5,20.0,Depression,UNNAMED,2011
201140I,2011072221,24.2,81.0,20.0,Depression,UNNAMED,2011
201140I,2011072300,24.5,80.5,20.0,Depression,UNNAMED,2011
201170I,2011092203,21.5,87.5,4.0,Depression,UNNAMED,2011
201170I,2011092206,21.6,87.3,4.0,Depression,UNNAMED,2011
201170I,2011092209,21.7,87.2,4.0,Depression,UNNAMED,2011
201170I,2011092212,21.7,87.2,4.0,Depression,UNNAMED,2011
201170I,2011092215,21.7,87.1,4.0,Depression,UNNAMED,2011
201170I,2011092218,21.8,87.0,4.0,Depression,UNNAMED,2011
201170I,2011092221,22.2,86.7,4.0,Depression,UNNAMED,2011
201170I,2011092300,22.5,86.5,4.0,Depression,UNNAMED,2011
201170I,2011092303,22.5,86.5,4.0,Depression,UNNAMED,2011
201170I,2011092306,22.5,86.5,4.0,Depression,UNNAMED,2011
201179I,2011101700,15.2,89.5,15.0,Depression,UNNAMED,2011
201179I,2011101703,15.3,89.4,15.0,Depression,UNNAMED,2011
201179I,2011101706,15.5,89.2,15.0,Depression,UNNAMED,2011
201179I,2011101709,15.7,89.0,15.0,Depression,UNNAMED,2011
201179I,2011101712,15.9,88.8,15.0,Depression,UNNAMED,2011
201179I,2011101715,16.2,88.7,15.0,Depression,UNNAMED,2011
201179I,2011101718,16.6,88.6,15.0,Depression,UNNAMED,2011
201179I,2011101721,17.0,88.6,15.0,Depression,UNNAMED,2011
201179I,2011101800,17.4,88.6,15.0,Depression,UNNAMED,2011
201179I,2011101803,17.8,88.4,18.0,Depression,UNNAMED,2011
201179I,2011101806,18.3,88.4,20.0,Depression,UNNAMED,2011
201179I,2011101809,18.8,88.7,23.0,Depression,UNNAMED,2011
201179I,2011101812,19.2,89.2,25.0,Depression,UNNAMED,2011
201179I,2011101815,19.5,89.7,28.0,Depression,UNNAMED,2011
201179I,2011101818,19.7,90.1,30.0,Depression,UNNAMED,2011
201179I,2011101821,20.0,90.5,33.0,Depression,UNNAMED,2011
201179I,2011101900,20.2,90.8,3.0,Depression,UNNAMED,2011
201179I,2011101903,20.3,91.1,3.0,Depression,UNNAMED,2011
201179I,2011101906,20.6,91.5,5.0,Depression,UNNAMED,2011
201179I,2011101909,20.9,91.8,5.0,Depression,UNNAMED,2011
201179I,2011101912,21.2,92.0,5.0,Depression,UNNAMED,2011
201179I,2011101915,21.4,92.3,5.0,Depression,UNNAMED,2011
201179I,2011101918,21.5,92.7,5.0,Depression,UNNAMED,2011
201179I,2011101921,21.6,93.0,4.0,Depression,UNNAMED,2011
201179I,2011102000,21.5,93.5,3.0,Depression,UNNAMED,2011
201181I,2011102906,13.0,62.0,25.0,Depression,KEILA,2011
201181I,2011102909,13.0,61.4,25.0,Depression,KEILA,2011
201181I,2011102912,13.0,61.0,25.0,Depression,KEILA,2011
201181I,2011102915,13.0,61.0,25.0,Depression,KEILA,2011
201181I,2011102918,13.0,61.0,25.0,Depression,KEILA,2011
201181I,2011102921,13.0,60.8,25.0,Depression,KEILA,2011
201181I,2011103000,13.0,60.5,25.0,Depression,KEILA,2011
201181I,2011103003,13.0,60.0,25.0,Depression,KEILA,2011
201181I,2011103006,13.0,60.0,25.0,Depression,KEILA,2011
201181I,2011103009,13.2,59.8,25.0,Depression,KEILA,2011
201181I,2011103012,13.5,59.5,25.0,Depression,KEILA,2011
201181I,2011103015,13.8,59.2,25.0,Depression,KEILA,2011
201181I,2011103018,14.0,59.0,25.0,Depression,KEILA,2011
201181I,2011103021,14.2,59.1,25.0,Depression,KEILA,2011
201181I,2011103100,14.5,59.0,25.0,Depression,KEILA,2011
201181I,2011103103,15.0,58.5,25.0,Depression,KEILA,2011
201181I,2011103106,16.0,57.0,25.0,Depression,KEILA,2011
201181I,2011103109,16.2,57.0,25.0,Depression,KEILA,2011
201181I,2011103112,16.0,57.5,25.0,Depression,KEILA,2011
201181I,2011103115,16.0,57.3,25.0,Depression,KEILA,2011
201181I,2011103118,16.0,57.0,25.0,Depression,KEILA,2011
201181I,2011103121,16.0,56.8,25.0,Depression,KEILA,2011
201181I,2011110100,15.9,56.6,25.0,Depression,KEILA,2011
201181I,2011110103,15.9,56.2,30.0,Depression,KEILA,2011
201181I,2011110106,15.9,56.1,30.0,Depression,KEILA,2011
201181I,2011110109,15.9,55.9,30.0,Depression,KEILA,2011
201181I,2011110112,16.0,55.7,30.0,Depression,KEILA,2011
201181I,2011110115,16.0,55.5,30.0,Depression,KEILA,2011
201181I,2011110118,16.0,55.5,30.0,Depression,KEILA,2011
201181I,2011110121,16.0,55.4,30.0,Depression,KEILA,2011
201181I,2011110200,16.1,55.3,30.0,Depression,KEILA,2011
201181I,2011110203,16.2,55.0,35.0,Cyclonic Storm,KEILA,2011
201181I,2011110206,16.3,54.8,35.0,Cyclonic Storm,KEILA,2011
201181I,2011110209,16.4,54.7,35.0,Cyclonic Storm,KEILA,2011
201181I,2011110212,16.7,54.8,35.0,Cyclonic Storm,KEILA,2011
201181I,2011110215,16.9,54.6,35.0,Cyclonic Storm,KEILA,2011
201181I,2011110218,17.0,54.5,30.0,Depression,KEILA,2011
201181I,2011110221,17.0,54.5,30.0,Depression,KEILA,2011
201181I,2011110300,17.0,54.6,30.0,Depression,KEILA,2011
201181I,2011110303,17.0,54.6,30.0,Depression,KEILA,2011
201181I,2011110306,17.1,54.6,30.0,Depression,KEILA,2011
201181I,2011110309,17.1,54.7,30.0,Depression,KEILA,2011
201181I,2011110312,17.1,54.9,30.0,Depression,KEILA,2011
201181I,2011110315,17.1,55.1,30.0,Depression,KEILA,2011
201181I,2011110318,17.1,55.2,30.0,Depression,KEILA,2011
201181I,2011110321,17.0,55.1,30.0,Depression,KEILA,2011
201181I,2011110400,16.7,54.9,30.0,Depression,KEILA,2011
201181I,2011110403,16.4,54.7,25.0,Depression,KEILA,2011
201181I,2011110406,16.3,54.3,30.0,Depression,KEILA,2011
201181I,2011110409,16.1,54.1,30.0,Depression,KEILA,2011
201181I,2011110412,16.0,53.9,30.0,Depression,KEILA,2011
201181I,2011110415,15.9,53.7,30.0,Depression,KEILA,2011
201181I,2011110418,15.9,53.5,30.0,Depression,KEILA,2011
201181I,2011110421,15.9,53.2,28.0,Depression,KEILA,2011
201181I,2011110500,16.0,53.0,25.0,Depression,KEILA,2011
201181I,2011110503,16.3,52.8,25.0,Depression,KEILA,2011
201181I,2011110506,16.6,52.6,25.0,Depression,KEILA,2011
201182I,2011110606,10.5,65.5,25.0,Depression,UNNAMED,2011
201182I,2011110609,10.4,65.6,25.0,Depression,UNNAMED,2011
201182I,2011110612,10.5,65.5,25.0,Depression,UNNAMED,2011
201182I,2011110615,10.7,65.0,25.0,Depression,UNNAMED,2011
201182I,2011110618,11.0,64.5,25.0,Depression,UNNAMED,2011
201182I,2011110621,11.3,64.3,25.0,Depression,UNNAMED,2011
201182I,2011110700,11.5,64.0,25.0,Depression,UNNAMED,2011
201182I,2011110703,11.5,63.5,25.0,Depression,UNNAMED,2011
201182I,2011110706,12.5,62.0,25.0,Depression,UNNAMED,2011
201182I,2011110709,13.2,61.0,25.0,Depression,UNNAMED,2011
201182I,2011110712,13.4,60.5,25.0,Depression,UNNAMED,2011
201182I,2011110715,13.4,60.3,25.0,Depression,UNNAMED,2011
201182I,2011110718,13.4,60.2,25.0,Depression,UNNAMED,2011
201182I,2011110721,13.5,60.0,25.0,Depression,UNNAMED,2011
201182I,2011110800,13.6,59.8,25.0,Depression,UNNAMED,2011
201182I,2011110803,13.6,59.7,30.0,Depression,UNNAMED,2011
201182I,2011110806,13.8,59.3,30.0,Depression,UNNAMED,2011
201182I,2011110809,13.9,59.1,30.0,Depression,UNNAMED,2011
201182I,2011110812,14.2,59.0,30.0,Depression,UNNAMED,2011
201182I,2011110815,14.4,58.8,30.0,Depression,UNNAMED,2011
201182I,2011110818,14.7,58.7,30.0,Depression,UNNAMED,2011
201182I,2011110821,14.9,58.6,30.0,Depression,UNNAMED,2011
201182I,2011110900,15.1,58.6,30.0,Depression,UNNAMED,2011
201182I,2011110903,15.2,58.5,30.0,Depression,UNNAMED,2011
201182I,2011110906,15.3,58.5,30.0,Depression,UNNAMED,2011
201182I,2011110909,15.4,58.5,28.0,Depression,UNNAMED,2011
201182I,2011110912,15.7,58.5,25.0,Depression,UNNAMED,2011
201182I,2011110915,15.7,58.5,25.0,Depression,UNNAMED,2011
201182I,2011110918,15.8,58.6,25.0,Depression,UNNAMED,2011
201182I,2011110921,16.0,58.5,25.0,Depression,UNNAMED,2011
201182I,2011111000,16.2,58.5,25.0,Depression,UNNAMED,2011
201182I,2011111003,16.2,58.4,25.0,Depression,UNNAMED,2011
201182I,2011111006,15.9,58.3,25.0,Depression,UNNAMED,2011
201182I,2011111009,15.4,58.6,25.0,Depression,UNNAMED,2011
201182I,2011111012,14.9,58.8,25.0,Depression,UNNAMED,2011
201182I,2011111015,14.7,58.8,25.0,Depression,UNNAMED,2011
201182I,2011111018,14.5,58.6,25.0,Depression,UNNAMED,2011
201182I,2011111021,14.3,58.1,25.0,Depression,UNNAMED,2011
201182I,2011111100,14.1,57.5,25.0,Depression,UNNAMED,2011
201182I,2011111103,13.9,57.1,20.0,Depression,UNNAMED,2011
201182I,2011111106,13.7,56.8,15.0,Depression,UNNAMED,2011
201182I,2011111109,13.6,56.5,15.0,Depression,UNNAMED,2011
201182I,2011111112,13.5,56.3,15.0,Depression,UNNAMED,2011
201186I,2011112512,6.0,78.1,25.0,Depression,UNNAMED,2011
201186I,2011112515,6.4,77.6,28.0,Depression,UNNAMED,2011
201186I,2011112518,6.8,77.2,30.0,Depression,UNNAMED,2011
201186I,2011112521,7.2,76.8,30.0,Depression,UNNAMED,2011
201186I,2011112600,7.6,76.4,30.0,Depression,UNNAMED,2011
201186I,2011112603,7.9,76.1,25.0,Depression,UNNAMED,2011
201186I,2011112606,8.2,75.6,25.0,Depression,UNNAMED,2011
201186I,2011112609,8.5,75.2,25.0,Depression,UNNAMED,2011
201186I,2011112612,8.7,74.9,25.0,Depression,UNNAMED,2011
201186I,2011112615,8.8,74.7,25.0,Depression,UNNAMED,2011
201186I,2011112618,9.1,74.5,25.0,Depression,UNNAMED,2011
201186I,2011112621,9.4,74.1,25.0,Depression,UNNAMED,2011
201186I,2011112700,10.0,73.6,25.0,Depression,UNNAMED,2011
201186I,2011112703,10.7,72.9,25.0,Depression,UNNAMED,2011
201186I,2011112706,11.2,72.4,25.0,Depression,UNNAMED,2011
201186I,2011112709,11.6,71.9,25.0,Depression,UNNAMED,2011
201186I,2011112712,12.1,71.5,25.0,Depression,UNNAMED,2011
201186I,2011112715,12.4,71.1,25.0,Depression,UNNAMED,2011
201186I,2011112718,12.8,70.7,25.0,Depression,UNNAMED,2011
201186I,2011112721,13.2,70.2,28.0,Depression,UNNAMED,2011
201186I,2011112800,13.7,69.8,30.0,Depression,UNNAMED,2011
201186I,2011112803,14.1,69.3,30.0,Depression,UNNAMED,2011
201186I,2011112806,14.6,68.9,30.0,Depression,UNNAMED,2011
201186I,2011112809,14.8,68.4,30.0,Depression,UNNAMED,2011
201186I,2011112812,15.1,68.1,30.0,Depression,UNNAMED,2011
201186I,2011112815,15.3,67.8,30.0,Depression,UNNAMED,2011
201186I,2011112818,15.5,67.6,30.0,Depression,UNNAMED,2011
201186I,2011112821,15.5,67.3,30.0,Depression,UNNAMED,2011
201186I,2011112900,15.6,67.1,30.0,Depression,UNNAMED,2011
201186I,2011112903,15.6,66.8,30.0,Depression,UNNAMED,2011
201186I,2011112906,15.9,66.6,30.0,Depression,UNNAMED,2011
201186I,2011112909,16.1,66.4,28.0,Depression,UNNAMED,2011
201186I,2011112912,16.3,66.3,25.0,Depression,UNNAMED,2011
201186I,2011112915,16.5,65.9,25.0,Depression,UNNAMED,2011
201186I,2011112918,16.7,65.4,25.0,Depression,UNNAMED,2011
201186I,2011112921,16.9,64.9,25.0,Depression,UNNAMED,2011
201186I,2011113000,17.1,64.5,25.0,Depression,UNNAMED,2011
201186I,2011113003,17.2,64.3,25.0,Depression,UNNAMED,2011
201186I,2011113006,17.7,63.7,25.0,Depression,UNNAMED,2011
201186I,2011113009,18.1,63.5,25.0,Depression,UNNAMED,2011
201186I,2011113012,18.4,63.4,25.0,Depression,UNNAMED,2011
201186I,2011113015,18.7,63.0,25.0,Depression,UNNAMED,2011
201186I,2011113018,19.0,62.7,25.0,Depression,UNNAMED,2011
201186I,2011113021,19.2,62.6,25.0,Depression,UNNAMED,2011
201186I,2011120100,19.3,62.6,25.0,Depression,UNNAMED,2011
201186I,2011120103,19.4,62.5,25.0,Depression,UNNAMED,2011
201186I,2011120106,19.5,62.4,20.0,Depression,UNNAMED,2011
201194I,2011122512,8.9,88.4,25.0,Depression,THANE,2011
201194I,2011122515,9.1,88.3,25.0,Depression,THANE,2011
201194I,2011122518,9.3,88.3,25.0,Depression,THANE,2011
201194I,2011122521,9.6,88.1,28.0,Depression,THANE,2011
201194I,2011122600,9.8,88.0,30.0,Depression,THANE,2011
201194I,2011122603,9.9,88.0,30.0,Depression,THANE,2011
201194I,2011122606,10.3,88.0,30.0,Depression,THANE,2011
201194I,2011122609,10.6,87.9,30.0,Depression,THANE,2011
201194I,2011122612,10.8,87.9,30.0,Depression,THANE,2011
201194I,2011122615,11.1,87.8,33.0,Depression,THANE,2011
201194I,2011122618,11.3,87.7,35.0,Cyclonic Storm,THANE,2011
201194I,2011122621,11.4,87.6,35.0,Cyclonic Storm,THANE,2011
201194I,2011122700,11.7,87.5,40.0,Cyclonic Storm,THANE,2011
201194I,2011122703,12.0,87.2,40.0,Cyclonic Storm,THANE,2011
201194I,2011122706,12.1,87.1,40.0,Cyclonic Storm,THANE,2011
201194I,2011122709,12.2,86.8,40.0,Cyclonic Storm,THANE,2011
201194I,2011122712,12.4,86.6,40.0,Cyclonic Storm,THANE,2011
201194I,2011122715,12.4,86.4,45.0,Cyclonic Storm,THANE,2011
201194I,2011122718,12.3,86.0,45.0,Cyclonic Storm,THANE,2011
201194I,2011122721,12.2,85.8,45.0,Cyclonic Storm,THANE,2011
201194I,2011122800,12.2,85.4,45.0,Cyclonic Storm,THANE,2011
201194I,2011122803,12.2,85.2,45.0,Cyclonic Storm,THANE,2011
201194I,2011122806,12.3,84.9,45.0,Cyclonic Storm,THANE,2011
201194I,2011122809,12.3,84.7,55.0,Severe Cyclonic Storm,THANE,2011
201194I,2011122812,12.4,84.4,65.0,Very Severe Cyclonic Storm,THANE,2011
201194I,2011122815,12.3,83.9,65.0,Very Severe Cyclonic Storm,THANE,2011
201194I,2011122818,12.3,83.8,65.0,Very Severe Cyclonic Storm,THANE,2011
201194I,2011122821,12.2,83.3,65.0,Very Severe Cyclonic Storm,THANE,2011
201194I,2011122900,12.1,82.9,70.0,Very Severe Cyclonic Storm,THANE,2011
201194I,2011122903,11.9,82.5,75.0,Very Severe Cyclonic Storm,THANE,2011
201194I,2011122906,12.0,82.1,75.0,Very Severe Cyclonic Storm,THANE,2011
201194I,2011122909,12.0,81.7,75.0,Very Severe Cyclonic Storm,THANE,2011
201194I,2011122912,12.0,81.3,75.0,Very Severe Cyclonic Storm,THANE,2011
201194I,2011122915,11.9,81.0,75.0,Very Severe Cyclonic Storm,THANE,2011
201194I,2011122918,11.8,80.6,75.0,Very Severe Cyclonic Storm,THANE,2011
201194I,2011122921,11.8,80.3,75.0,Very Severe Cyclonic Storm,THANE,2011
201194I,2011123000,11.7,79.9,75.0,Very Severe Cyclonic Storm,THANE,2011
201194I,2011123003,11.6,79.5,55.0,Severe Cyclonic Storm,THANE,2011
201194I,2011123006,11.6,79.1,30.0,Depression,THANE,2011
201194I,2011123009,11.8,78.6,28.0,Depression,THANE,2011
201194I,2011123012,12.2,78.2,25.0,Depression,THANE,2011
201272I,2012101012,21.0,91.0,25.0,Depression,UNNAMED,2012
201272I,2012101015,21.5,91.0,25.0,Depression,UNNAMED,2012
201272I,2012101018,22.0,91.0,30.0,Depression,UNNAMED,2012
201272I,2012101021,22.3,91.1,30.0,Depression,UNNAMED,2012
201272I,2012101100,22.5,91.3,30.0,Depression,UNNAMED,2012
201272I,2012101103,23.0,91.5,20.0,Depression,UNNAMED,2012
201281I,2012102215,11.0,66.5,25.0,Depression,MURJAN,2012
201281I,2012102218,11.1,66.0,25.0,Depression,MURJAN,2012
201281I,2012102221,11.2,65.6,25.0,Depression,MURJAN,2012
201281I,2012102300,11.3,65.1,25.0,Depression,MURJAN,2012
201281I,2012102303,11.4,64.4,25.0,Depression,MURJAN,2012
201281I,2012102306,11.5,63.8,25.0,Depression,MURJAN,2012
201281I,2012102309,11.5,63.2,30.0,Depression,MURJAN,2012
201281I,2012102312,11.4,62.4,30.0,Depression,MURJAN,2012
201281I,2012102315,11.2,61.4,30.0,Depression,MURJAN,2012
201281I,2012102318,11.0,60.4,30.0,Depression,MURJAN,2012
201281I,2012102321,10.9,59.4,30.0,Depression,MURJAN,2012
201281I,2012102400,10.7,58.6,32.0,Depression,MURJAN,2012
201281I,2012102403,10.6,57.8,33.0,Depression,MURJAN,2012
201281I,2012102406,10.5,57.1,35.0,Cyclonic Storm,MURJAN,2012
201281I,2012102409,10.5,56.5,38.0,Cyclonic Storm,MURJAN,2012
201281I,2012102412,10.5,55.9,40.0,Cyclonic Storm,MURJAN,2012
201281I,2012102415,10.5,55.2,38.0,Cyclonic Storm,MURJAN,2012
201281I,2012102418,10.5,54.5,35.0,Cyclonic Storm,MURJAN,2012
201281I,2012102421,10.4,53.9,35.0,Cyclonic Storm,MURJAN,2012
201281I,2012102500,10.1,53.4,35.0,Cyclonic Storm,MURJAN,2012
201281I,2012102503,9.9,52.7,35.0,Cyclonic Storm,MURJAN,2012
201281I,2012102506,9.7,52.0,35.0,Cyclonic Storm,MURJAN,2012
201281I,2012102509,9.6,51.4,33.0,Depression,MURJAN,2012
201281I,2012102512,9.6,50.9,30.0,Depression,MURJAN,2012
201281I,2012102515,9.5,50.5,28.0,Depression,MURJAN,2012
201281I,2012102518,9.5,49.9,25.0,Depression,MURJAN,2012
201281I,2012102521,9.4,48.8,25.0,Depression,MURJAN,2012
201281I,2012102600,9.2,47.7,25.0,Depression,MURJAN,2012
201282I,2012102706,11.1,87.1,15.0,Depression,NILAM,2012
201282I,2012102709,10.9,87.0,18.0,Depression,NILAM,2012
201282I,2012102712,10.7,86.8,20.0,Depression,NILAM,2012
201282I,2012102715,10.4,86.6,20.0,Depression,NILAM,2012
201282I,2012102718,10.2,86.4,20.0,Depression,NILAM,2012
201282I,2012102721,10.1,86.2,23.0,Depression,NILAM,2012
201282I,2012102800,10.0,85.9,25.0,Depression,NILAM,2012
201282I,2012102803,9.9,85.7,25.0,Depression,NILAM,2012
201282I,2012102806,9.7,85.5,25.0,Depression,NILAM,2012
201282I,2012102809,9.6,85.3,25.0,Depression,NILAM,2012
201282I,2012102812,9.6,84.9,25.0,Depression,NILAM,2012
201282I,2012102815,9.5,84.6,25.0,Depression,NILAM,2012
201282I,2012102818,9.5,84.4,25.0,Depression,NILAM,2012
201282I,2012102821,9.6,84.0,28.0,Depression,NILAM,2012
201282I,2012102900,9.6,83.7,30.0,Depression,NILAM,2012
201282I,2012102903,9.5,83.3,30.0,Depression,NILAM,2012
201282I,2012102906,9.1,82.9,30.0,Depression,NILAM,2012
201282I,2012102909,8.9,82.6,30.0,Depression,NILAM,2012
201282I,2012102912,8.8,82.5,30.0,Depression,NILAM,2012
201282I,2012102915,8.7,82.4,30.0,Depression,NILAM,2012
201282I,2012102918,8.7,82.5,30.0,Depression,NILAM,2012
201282I,2012102921,8.7,82.6,30.0,Depression,NILAM,2012
201282I,2012103000,8.8,82.8,30.0,Depression,NILAM,2012
201282I,2012103003,8.9,82.7,35.0,Cyclonic Storm,NILAM,2012
201282I,2012103006,9.1,82.7,35.0,Cyclonic Storm,NILAM,2012
201282I,2012103009,9.5,82.6,35.0,Cyclonic Storm,NILAM,2012
201282I,2012103012,9.7,82.6,40.0,Cyclonic Storm,NILAM,2012
201282I,2012103015,9.9,82.6,40.0,Cyclonic Storm,NILAM,2012
201282I,2012103018,10.4,82.5,40.0,Cyclonic Storm,NILAM,2012
201282I,2012103021,10.5,82.3,40.0,Cyclonic Storm,NILAM,2012
201282I,2012103100,10.9,81.8,45.0,Cyclonic Storm,NILAM,2012
201282I,2012103103,11.3,81.3,45.0,Cyclonic Storm,NILAM,2012
201282I,2012103106,11.7,81.0,45.0,Cyclonic Storm,NILAM,2012
201282I,2012103109,12.3,80.5,45.0,Cyclonic Storm,NILAM,2012
201282I,2012103112,12.7,79.8,35.0,Cyclonic Storm,NILAM,2012
201282I,2012103115,13.0,79.2,35.0,Cyclonic Storm,NILAM,2012
201282I,2012103118,13.2,78.3,30.0,Depression,NILAM,2012
201282I,2012103121,13.3,77.7,25.0,Depression,NILAM,2012
201282I,2012110100,13.3,77.3,20.0,Depression,NILAM,2012
201282I,2012110103,13.5,77.0,20.0,Depression,NILAM,2012
201282I,2012110106,13.5,77.0,20.0,Depression,NILAM,2012
201282I,2012110109,13.7,77.0,20.0,Depression,NILAM,2012
201282I,2012110112,14.0,77.0,20.0,Depression,NILAM,2012
201282I,2012110115,14.3,77.0,20.0,Depression,NILAM,2012
201282I,2012110118,14.5,77.0,20.0,Depression,NILAM,2012
201285I,2012111600,14.2,90.2,20.0,Depression,UNNAMED,2012
201285I,2012111603,14.4,90.1,20.0,Depression,UNNAMED,2012
201285I,2012111606,14.6,89.9,20.0,Depression,UNNAMED,2012
201285I,2012111609,14.8,89.7,20.0,Depression,UNNAMED,2012
201285I,2012111612,14.9,89.6,20.0,Depression,UNNAMED,2012
201285I,2012111615,15.0,89.4,20.0,Depression,UNNAMED,2012
201285I,2012111618,15.1,89.3,20.0,Depression,UNNAMED,2012
201285I,2012111621,15.2,89.2,23.0,Depression,UNNAMED,2012
201285I,2012111700,15.4,89.1,25.0,Depression,UNNAMED,2012
201285I,2012111703,15.6,89.1,28.0,Depression,UNNAMED,2012
201285I,2012111706,15.7,89.3,25.0,Depression,UNNAMED,2012
201285I,2012111709,15.8,89.2,30.0,Depression,UNNAMED,2012
201285I,2012111712,16.1,89.0,30.0,Depression,UNNAMED,2012
201285I,2012111715,16.2,88.9,30.0,Depression,UNNAMED,2012
201285I,2012111718,16.2,88.9,30.0,Depression,UNNAMED,2012
201285I,2012111721,16.1,88.6,30.0,Depression,UNNAMED,2012
201285I,2012111800,16.1,88.5,30.0,Depression,UNNAMED,2012
201285I,2012111803,16.0,88.4,30.0,Depression,UNNAMED,2012
201285I,2012111806,16.0,88.0,30.0,Depression,UNNAMED,2012
201285I,2012111809,15.9,87.7,30.0,Depression,UNNAMED,2012
201285I,2012111812,15.9,87.6,30.0,Depression,UNNAMED,2012
201285I,2012111815,15.8,87.5,30.0,Depression,UNNAMED,2012
201285I,2012111818,15.7,87.4,30.0,Depression,UNNAMED,2012
201285I,2012111821,15.6,87.2,28.0,Depression,UNNAMED,2012
201285I,2012111900,15.4,86.9,25.0,Depression,UNNAMED,2012
201285I,2012111903,15.1,86.6,25.0,Depression,UNNAMED,2012
201285I,2012111906,15.1,86.4,25.0,Depression,UNNAMED,2012
201285I,2012111909,15.1,86.3,23.0,Depression,UNNAMED,2012
201285I,2012111912,15.1,86.0,20.0,Depression,UNNAMED,2012
201285I,2012111915,15.1,85.8,25.0,Depression,UNNAMED,2012
201285I,2012111918,15.1,85.5,25.0,Depression,UNNAMED,2012
201285I,2012111921,15.1,85.3,25.0,Depression,UNNAMED,2012
201285I,2012112000,15.2,85.0,25.0,Depression,UNNAMED,2012
201285I,2012112003,15.2,84.8,25.0,Depression,UNNAMED,2012
201285I,2012112006,15.2,84.5,25.0,Depression,UNNAMED,2012
201285I,2012112009,15.0,84.2,25.0,Depression,UNNAMED,2012
201285I,2012112012,14.8,84.0,25.0,Depression,UNNAMED,2012
201285I,2012112015,14.7,83.8,25.0,Depression,UNNAMED,2012
201285I,2012112018,14.5,83.6,25.0,Depression,UNNAMED,2012
201285I,2012112021,14.3,83.5,25.0,Depression,UNNAMED,2012
201285I,2012112100,14.0,83.3,25.0,Depression,UNNAMED,2012
201285I,2012112103,13.7,83.1,25.0,Depression,UNNAMED,2012
201285I,2012112106,13.5,82.9,25.0,Depression,UNNAMED,2012
201285I,2012112109,13.3,82.7,25.0,Depression,UNNAMED,2012
201285I,2012112112,13.1,82.5,25.0,Depression,UNNAMED,2012
201285I,2012112115,13.1,82.3,25.0,Depression,UNNAMED,2012
201285I,2012112118,13.1,82.1,25.0,Depression,UNNAMED,2012
201285I,2012112121,13.0,81.8,25.0,Depression,UNNAMED,2012
201285I,2012112200,12.9,81.6,25.0,Depression,UNNAMED,2012
201285I,2012112203,12.9,81.4,25.0,Depression,UNNAMED,2012
201285I,2012112206,12.9,81.2,25.0,Depression,UNNAMED,2012
201285I,2012112209,12.9,81.0,25.0,Depression,UNNAMED,2012
201285I,2012112212,12.9,80.7,25.0,Depression,UNNAMED,2012
201285I,2012112215,12.9,80.5,25.0,Depression,UNNAMED,2012
201285I,2012112218,12.8,80.2,25.0,Depression,UNNAMED,2012
201285I,2012112221,12.8,79.9,25.0,Depression,UNNAMED,2012
201285I,2012112300,12.7,79.5,25.0,Depression,UNNAMED,2012
201285I,2012112303,12.7,79.2,23.0,Depression,UNNAMED,2012
201285I,2012112306,12.6,78.9,20.0,Depression,UNNAMED,2012
201290I,2012122206,9.1,63.8,25.0,Depression,UNNAMED,2012
201290I,2012122209,9.0,63.1,25.0,Depression,UNNAMED,2012
201290I,2012122212,8.9,62.6,25.0,Depression,UNNAMED,2012
201290I,2012122215,8.8,62.0,26.0,Depression,UNNAMED,2012
201290I,2012122218,8.7,61.4,28.0,Depression,UNNAMED,2012
201290I,2012122221,8.7,60.8,29.0,Depression,UNNAMED,2012
201290I,2012122300,8.7,60.2,30.0,Depression,UNNAMED,2012
201290I,2012122303,8.7,59.5,30.0,Depression,UNNAMED,2012
201290I,2012122306,8.6,58.8,30.0,Depression,UNNAMED,2012
201290I,2012122309,8.6,57.9,30.0,Depression,UNNAMED,2012
201290I,2012122312,8.5,57.1,30.0,Depression,UNNAMED,2012
201290I,2012122315,8.4,56.4,35.0,Cyclonic Storm,UNNAMED,2012
201290I,2012122318,8.4,55.8,35.0,Cyclonic Storm,UNNAMED,2012
201290I,2012122321,8.3,55.1,35.0,Cyclonic Storm,UNNAMED,2012
201290I,2012122400,8.2,54.5,35.0,Cyclonic Storm,UNNAMED,2012
201290I,2012122403,8.0,53.9,30.0,Depression,UNNAMED,2012
201290I,2012122406,7.7,53.2,28.0,Depression,UNNAMED,2012
201290I,2012122409,7.4,52.6,27.0,Depression,UNNAMED,2012
201290I,2012122412,7.2,51.9,25.0,Depression,UNNAMED,2012
201290I,2012122415,6.9,51.3,28.0,Depression,UNNAMED,2012
201290I,2012122418,6.7,50.7,25.0,Depression,UNNAMED,2012
201290I,2012122421,6.5,50.1,23.0,Depression,UNNAMED,2012
201290I,2012122500,6.2,49.6,20.0,Depression,UNNAMED,2012
201320I,2013050918,4.4,93.0,20.0,Depression,MAHASEN:VIYARU,2013
201320I,2013050921,4.4,93.3,23.0,Depression,MAHASEN:VIYARU,2013
201320I,2013051000,4.5,93.5,25.0,Depression,MAHASEN:VIYARU,2013
201320I,2013051003,4.7,93.3,30.0,Depression,MAHASEN:VIYARU,2013
201320I,2013051006,4.9,93.0,35.0,Cyclonic Storm,MAHASEN:VIYARU,2013
201320I,2013051009,5.1,92.6,25.0,Depression,MAHASEN:VIYARU,2013
201320I,2013051012,5.4,92.3,30.0,Depression,MAHASEN:VIYARU,2013
201320I,2013051015,5.8,92.0,30.0,Depression,MAHASEN:VIYARU,2013
201320I,2013051018,6.1,91.7,30.0,Depression,MAHASEN:VIYARU,2013
201320I,2013051021,6.4,91.3,30.0,Depression,MAHASEN:VIYARU,2013
201320I,2013051100,6.8,91.0,30.0,Depression,MAHASEN:VIYARU,2013
201320I,2013051103,7.3,90.4,35.0,Cyclonic Storm,MAHASEN:VIYARU,2013
201320I,2013051106,7.8,90.2,35.0,Cyclonic Storm,MAHASEN:VIYARU,2013
201320I,2013051109,7.9,89.7,35.0,Cyclonic Storm,MAHASEN:VIYARU,2013
201320I,2013051112,8.3,89.2,40.0,Cyclonic Storm,MAHASEN:VIYARU,2013
201320I,2013051115,8.7,88.8,40.0,Cyclonic Storm,MAHASEN:VIYARU,2013
201320I,2013051118,9.1,88.7,40.0,Cyclonic Storm,MAHASEN:VIYARU,2013
201320I,2013051121,9.4,88.3,40.0,Cyclonic Storm,MAHASEN:VIYARU,2013
201320I,2013051200,9.8,87.9,40.0,Cyclonic Storm,MAHASEN:VIYARU,2013
201320I,2013051203,9.8,87.5,40.0,Cyclonic Storm,MAHASEN:VIYARU,2013
201320I,2013051206,10.0,87.5,40.0,Cyclonic Storm,MAHASEN:VIYARU,2013
201320I,2013051209,10.3,87.1,40.0,Cyclonic Storm,MAHASEN:VIYARU,2013
201320I,2013051212,10.4,87.0,40.0,Cyclonic Storm,MAHASEN:VIYARU,2013
201320I,2013051215,10.5,86.7,40.0,Cyclonic Storm,MAHASEN:VIYARU,2013
201320I,2013051218,10.9,86.6,40.0,Cyclonic Storm,MAHASEN:VIYARU,2013
201320I,2013051221,11.0,86.5,40.0,Cyclonic Storm,MAHASEN:VIYARU,2013
201320I,2013051300,11.5,86.5,40.0,Cyclonic Storm,MAHASEN:VIYARU,2013
201320I,2013051303,11.8,86.4,40.0,Cyclonic Storm,MAHASEN:VIYARU,2013
201320I,2013051306,12.0,86.4,40.0,Cyclonic Storm,MAHASEN:VIYARU,2013
201320I,2013051309,12.0,85.9,40.0,Cyclonic Storm,MAHASEN:VIYARU,2013
201320I,2013051312,12.2,85.8,40.0,Cyclonic Storm,MAHASEN:VIYARU,2013
201320I,2013051315,12.6,85.7,40.0,Cyclonic Storm,MAHASEN:VIYARU,2013
201320I,2013051318,12.8,85.5,40.0,Cyclonic Storm,MAHASEN:VIYARU,2013
201320I,2013051321,13.2,85.4,40.0,Cyclonic Storm,MAHASEN:VIYARU,2013
201320I,2013051400,13.6,85.5,40.0,Cyclonic Storm,MAHASEN:VIYARU,2013
201320I,2013051403,13.7,85.5,40.0,Cyclonic Storm,MAHASEN:VIYARU,2013
201320I,2013051406,14.1,85.7,40.0,Cyclonic Storm,MAHASEN:VIYARU,2013
201320I,2013051409,14.2,85.7,40.0,Cyclonic Storm,MAHASEN:VIYARU,2013
201320I,2013051412,14.6,86.1,40.0,Cyclonic Storm,MAHASEN:VIYARU,2013
201320I,2013051415,14.8,86.2,40.0,Cyclonic Storm,MAHASEN:VIYARU,2013
201320I,2013051418,15.3,86.6,40.0,Cyclonic Storm,MAHASEN:VIYARU,2013
201320I,2013051421,15.8,86.7,40.0,Cyclonic Storm,MAHASEN:VIYARU,2013
201320I,2013051500,16.3,87.1,40.0,Cyclonic Storm,MAHASEN:VIYARU,2013
201320I,2013051503,16.7,87.2,40.0,Cyclonic Storm,MAHASEN:VIYARU,2013
201320I,2013051506,17.3,87.6,45.0,Cyclonic Storm,MAHASEN:VIYARU,2013
201320I,2013051509,17.7,87.7,45.0,Cyclonic Storm,MAHASEN:VIYARU,2013
201320I,2013051512,18.3,88.2,45.0,Cyclonic Storm,MAHASEN:VIYARU,2013
201320I,2013051515,18.8,88.6,45.0,Cyclonic Storm,MAHASEN:VIYARU,2013
201320I,2013051518,19.3,88.8,45.0,Cyclonic Storm,MAHASEN:VIYARU,2013
201320I,2013051521,19.8,89.2,45.0,Cyclonic Storm,MAHASEN:VIYARU,2013
201320I,2013051600,20.4,89.7,45.0,Cyclonic Storm,MAHASEN:VIYARU,2013
201320I,2013051603,21.2,90.2,45.0,Cyclonic Storm,MAHASEN:VIYARU,2013
201320I,2013051606,22.5,91.0,45.0,Cyclonic Storm,MAHASEN:VIYARU,2013
201320I,2013051609,23.4,91.9,40.0,Cyclonic Storm,MAHASEN:VIYARU,2013
201320I,2013051612,24.1,92.5,30.0,Depression,MAHASEN:VIYARU,2013
201320I,2013051615,24.5,93.0,28.0,Depression,MAHASEN:VIYARU,2013
201320I,2013051618,25.0,93.5,25.0,Depression,MAHASEN:VIYARU,2013
201323I,2013052903,21.0,89.5,25.0,Depression,UNNAMED,2013
201323I,2013052906,21.3,89.3,25.0,Depression,UNNAMED,2013
201323I,2013052909,21.5,89.0,25.0,Depression,UNNAMED,2013
201323I,2013052912,21.7,88.8,25.0,Depression,UNNAMED,2013
201323I,2013052915,22.0,88.7,20.0,Depression,UNNAMED,2013
201323I,2013052918,22.1,88.4,20.0,Depression,UNNAMED,2013
201323I,2013052921,22.1,88.1,20.0,Depression,UNNAMED,2013
201323I,2013053000,22.2,87.8,20.0,Depression,UNNAMED,2013
201323I,2013053003,22.3,87.5,20.0,Depression,UNNAMED,2013
201323I,2013053006,22.3,87.5,20.0,Depression,UNNAMED,2013
201323I,2013053009,22.5,87.4,20.0,Depression,UNNAMED,2013
201323I,2013053012,22.7,87.3,20.0,Depression,UNNAMED,2013
201323I,2013053015,22.7,87.2,20.0,Depression,UNNAMED,2013
201323I,2013053018,22.8,87.2,20.0,Depression,UNNAMED,2013
201323I,2013053021,23.1,87.2,20.0,Depression,UNNAMED,2013
201323I,2013053100,23.5,87.1,20.0,Depression,UNNAMED,2013
201323I,2013053103,24.0,87.0,20.0,Depression,UNNAMED,2013
201323I,2013053106,24.5,87.0,20.0,Depression,UNNAMED,2013
201323I,2013053109,25.0,87.0,20.0,Depression,UNNAMED,2013
201340I,2013073003,21.0,88.0,25.0,Depression,UNNAMED,2013
201340I,2013073006,21.5,87.5,25.0,Depression,UNNAMED,2013
201340I,2013073009,21.7,87.3,25.0,Depression,UNNAMED,2013
201340I,2013073012,21.7,87.0,25.0,Depression,UNNAMED,2013
201340I,2013073015,21.7,86.3,23.0,Depression,UNNAMED,2013
201340I,2013073018,21.7,85.5,20.0,Depression,UNNAMED,2013
201340I,2013073021,21.8,84.8,20.0,Depression,UNNAMED,2013
201340I,2013073100,21.8,84.0,20.0,Depression,UNNAMED,2013
201340I,2013073103,21.8,83.0,20.0,Depression,UNNAMED,2013
201340I,2013073106,21.8,82.5,20.0,Depression,UNNAMED,2013
201340I,2013073109,21.9,81.5,20.0,Depression,UNNAMED,2013
201340I,2013073112,22.0,80.5,20.0,Depression,UNNAMED,2013
201340I,2013073115,22.1,79.9,20.0,Depression,UNNAMED,2013
201340I,2013073118,22.2,79.7,20.0,Depression,UNNAMED,2013
201340I,2013073121,22.4,79.8,20.0,Depression,UNNAMED,2013
201340I,2013080100,22.5,80.0,20.0,Depression,UNNAMED,2013
201351I,2013082000,22.0,87.5,25.0,Depression,UNNAMED,2013
201351I,2013082003,22.0,87.5,25.0,Depression,UNNAMED,2013
201351I,2013082006,22.0,87.5,25.0,Depression,UNNAMED,2013
201351I,2013082009,22.1,87.5,25.0,Depression,UNNAMED,2013
201351I,2013082012,22.3,87.5,25.0,Depression,UNNAMED,2013
201351I,2013082015,22.4,87.5,25.0,Depression,UNNAMED,2013
201351I,2013082018,22.5,87.5,25.0,Depression,UNNAMED,2013
201351I,2013082021,22.9,87.4,23.0,Depression,UNNAMED,2013
201351I,2013082100,23.3,87.0,20.0,Depression,UNNAMED,2013
201351I,2013082103,23.3,86.0,20.0,Depression,UNNAMED,2013
201351I,2013082106,23.2,85.7,20.0,Depression,UNNAMED,2013
201351I,2013082109,23.2,85.0,20.0,Depression,UNNAMED,2013
201351I,2013082112,23.2,84.0,20.0,Depression,UNNAMED,2013
201351I,2013082115,23.2,83.0,20.0,Depression,UNNAMED,2013
201351I,2013082118,23.2,82.2,20.0,Depression,UNNAMED,2013
201351I,2013082121,23.2,82.2,20.0,Depression,UNNAMED,2013
201351I,2013082200,23.2,82.0,20.0,Depression,UNNAMED,2013
201351I,2013082203,23.2,80.7,20.0,Depression,UNNAMED,2013
201351I,2013082206,23.2,80.3,20.0,Depression,UNNAMED,2013
201351I,2013082209,23.1,80.1,20.0,Depression,UNNAMED,2013
201351I,2013082212,23.0,80.1,20.0,Depression,UNNAMED,2013
201351I,2013082215,22.9,80.1,20.0,Depression,UNNAMED,2013
201351I,2013082218,22.9,80.0,20.0,Depression,UNNAMED,2013
201351I,2013082221,22.8,79.9,20.0,Depression,UNNAMED,2013
201351I,2013082300,22.8,79.8,20.0,Depression,UNNAMED,2013
201375I,2013100712,11.8,97.6,20.0,Depression,PHAILIN,2013
201375I,2013100715,12.0,97.0,23.0,Depression,PHAILIN,2013
201375I,2013100718,12.1,96.4,25.0,Depression,PHAILIN,2013
201375I,2013100721,12.2,95.9,25.0,Depression,PHAILIN,2013
201375I,2013100800,12.3,95.6,25.0,Depression,PHAILIN,2013
201375I,2013100803,12.4,95.5,25.0,Depression,PHAILIN,2013
201375I,2013100806,12.4,95.2,25.0,Depression,PHAILIN,2013
201375I,2013100809,12.4,94.9,25.0,Depression,PHAILIN,2013
201375I,2013100812,12.4,94.5,25.0,Depression,PHAILIN,2013
201375I,2013100815,12.5,94.2,25.0,Depression,PHAILIN,2013
201375I,2013100818,12.7,94.0,25.0,Depression,PHAILIN,2013
201375I,2013100821,12.9,93.7,28.0,Depression,PHAILIN,2013
201375I,2013100900,13.1,93.5,30.0,Depression,PHAILIN,2013
201375I,2013100903,13.2,93.3,30.0,Depression,PHAILIN,2013
201375I,2013100906,13.2,92.9,30.0,Depression,PHAILIN,2013
201375I,2013100909,13.5,92.5,30.0,Depression,PHAILIN,2013
201375I,2013100912,13.6,92.4,35.0,Cyclonic Storm,PHAILIN,2013
201375I,2013100915,13.7,92.3,35.0,Cyclonic Storm,PHAILIN,2013
201375I,2013100918,14.0,91.9,40.0,Cyclonic Storm,PHAILIN,2013
201375I,2013100921,14.1,91.8,45.0,Cyclonic Storm,PHAILIN,2013
201375I,2013101000,14.5,91.4,45.0,Cyclonic Storm,PHAILIN,2013
201375I,2013101003,14.6,91.0,55.0,Severe Cyclonic Storm,PHAILIN,2013
201375I,2013101006,15.0,90.7,65.0,Very Severe Cyclonic Storm,PHAILIN,2013
201375I,2013101009,15.1,90.5,70.0,Very Severe Cyclonic Storm,PHAILIN,2013
201375I,2013101012,15.4,90.1,75.0,Very Severe Cyclonic Storm,PHAILIN,2013
201375I,2013101015,15.5,89.9,90.0,Extremely Severe/Super Cyclone,PHAILIN,2013
201375I,2013101018,15.6,89.5,95.0,Extremely Severe/Super Cyclone,PHAILIN,2013
201375I,2013101021,15.6,89.0,100.0,Extremely Severe/Super Cyclone,PHAILIN,2013
201375I,2013101100,15.9,88.6,110.0,Extremely Severe/Super Cyclone,PHAILIN,2013
201375I,2013101103,15.9,88.5,115.0,Extremely Severe/Super Cyclone,PHAILIN,2013
201375I,2013101106,16.2,88.3,115.0,Extremely Severe/Super Cyclone,PHAILIN,2013
201375I,2013101109,16.5,88.0,115.0,Extremely Severe/Super Cyclone,PHAILIN,2013
201375I,2013101112,16.8,87.7,115.0,Extremely Severe/Super Cyclone,PHAILIN,2013
201375I,2013101115,16.8,87.3,115.0,Extremely Severe/Super Cyclone,PHAILIN,2013
201375I,2013101118,16.9,87.0,115.0,Extremely Severe/Super Cyclone,PHAILIN,2013
201375I,2013101121,17.1,86.7,115.0,Extremely Severe/Super Cyclone,PHAILIN,2013
201375I,2013101200,17.5,86.5,115.0,Extremely Severe/Super Cyclone,PHAILIN,2013
201375I,2013101203,17.7,86.0,115.0,Extremely Severe/Super Cyclone,PHAILIN,2013
201375I,2013101206,18.1,85.8,115.0,Extremely Severe/Super Cyclone,PHAILIN,2013
201375I,2013101209,18.5,85.4,115.0,Extremely Severe/Super Cyclone,PHAILIN,2013
201375I,2013101212,18.7,85.2,115.0,Extremely Severe/Super Cyclone,PHAILIN,2013
201375I,2013101215,19.1,85.1,115.0,Extremely Severe/Super Cyclone,PHAILIN,2013
201375I,2013101218,19.5,84.9,100.0,Extremely Severe/Super Cyclone,PHAILIN,2013
201375I,2013101221,19.9,84.6,90.0,Extremely Severe/Super Cyclone,PHAILIN,2013
201375I,2013101300,20.4,84.5,75.0,Very Severe Cyclonic Storm,PHAILIN,2013
201375I,2013101303,20.9,84.1,55.0,Severe Cyclonic Storm,PHAILIN,2013
201375I,2013101306,21.5,84.0,40.0,Cyclonic Storm,PHAILIN,2013
201375I,2013101309,22.0,83.9,35.0,Cyclonic Storm,PHAILIN,2013
201375I,2013101312,22.6,83.9,35.0,Cyclonic Storm,PHAILIN,2013
201375I,2013101315,22.8,83.6,33.0,Depression,PHAILIN,2013
201375I,2013101318,23.0,83.5,30.0,Depression,PHAILIN,2013
201375I,2013101321,23.2,83.7,30.0,Depression,PHAILIN,2013
201375I,2013101400,23.5,84.0,30.0,Depression,PHAILIN,2013
201375I,2013101403,23.9,84.2,28.0,Depression,PHAILIN,2013
201375I,2013101406,24.5,84.2,25.0,Depression,PHAILIN,2013
201387I,2013110803,12.5,99.6,28.0,Depression,UNNAMED,2013
201387I,2013110806,12.9,99.0,25.0,Depression,UNNAMED,2013
201387I,2013110809,13.2,98.5,23.0,Depression,UNNAMED,2013
201387I,2013110812,13.4,98.0,20.0,Depression,UNNAMED,2013
201387I,2013110815,13.7,97.3,20.0,Depression,UNNAMED,2013
201387I,2013110818,13.8,96.5,20.0,Depression,UNNAMED,2013
201387I,2013110821,13.7,95.8,20.0,Depression,UNNAMED,2013
201387I,2013110900,13.5,95.1,20.0,Depression,UNNAMED,2013
201387I,2013110903,13.4,94.5,23.0,Depression,UNNAMED,2013
201387I,2013110906,13.3,94.0,25.0,Depression,UNNAMED,2013
201387I,2013110909,13.2,93.6,25.0,Depression,UNNAMED,2013
201387I,2013110912,13.2,93.3,25.0,Depression,UNNAMED,2013
201387I,2013110915,13.1,93.0,25.0,Depression,UNNAMED,2013
201387I,2013110918,13.0,92.6,25.0,Depression,UNNAMED,2013
201387I,2013110921,12.9,92.2,25.0,Depression,UNNAMED,2013
201387I,2013111000,12.7,91.8,25.0,Depression,UNNAMED,2013
201387I,2013111003,12.5,91.4,25.0,Depression,UNNAMED,2013
201387I,2013111006,12.4,91.0,25.0,Depression,UNNAMED,2013
201387I,2013111009,12.2,90.6,25.0,Depression,UNNAMED,2013
201387I,2013111012,12.1,90.3,25.0,Depression,UNNAMED,2013
201387I,2013111015,12.0,90.0,25.0,Depression,UNNAMED,2013
201387I,2013111018,12.0,89.8,25.0,Depression,UNNAMED,2013
201387I,2013111021,11.9,89.6,25.0,Depression,UNNAMED,2013
201387I,2013111100,11.9,89.5,25.0,Depression,UNNAMED,2013
201387I,2013111103,11.9,89.3,25.0,Depression,UNNAMED,2013
201387I,2013111106,11.8,89.1,25.0,Depression,UNNAMED,2013
201387I,2013111109,11.6,88.8,25.0,Depression,UNNAMED,2013
201387I,2013111112,11.4,88.5,25.0,Depression,UNNAMED,2013
201387I,2013111115,11.2,88.2,23.0,Depression,UNNAMED,2013
201387I,2013111118,11.0,87.9,20.0,Depression,UNNAMED,2013
201387I,2013111121,10.8,87.6,20.0,Depression,UNNAMED,2013
201387I,2013111200,10.6,87.3,20.0,Depression,UNNAMED,2013
201387I,2013111203,10.6,87.1,23.0,Depression,UNNAMED,2013
201387I,2013111206,10.6,87.0,25.0,Depression,UNNAMED,2013
201387I,2013111209,10.6,86.9,25.0,Depression,UNNAMED,2013
201387I,2013111212,10.6,86.8,25.0,Depression,UNNAMED,2013
201387I,2013111215,10.6,86.8,25.0,Depression,UNNAMED,2013
201387I,2013111218,10.7,86.7,25.0,Depression,UNNAMED,2013
201387I,2013111221,10.7,86.6,25.0,Depression,UNNAMED,2013
201387I,2013111300,10.9,86.5,25.0,Depression,UNNAMED,2013
201387I,2013111303,11.1,86.2,25.0,Depression,UNNAMED,2013
201387I,2013111306,11.2,86.1,25.0,Depression,UNNAMED,2013
201387I,2013111309,11.2,86.0,25.0,Depression,UNNAMED,2013
201387I,2013111312,11.2,86.0,25.0,Depression,UNNAMED,2013
201387I,2013111315,11.2,85.8,25.0,Depression,UNNAMED,2013
201387I,2013111318,11.2,85.6,25.0,Depression,UNNAMED,2013
201387I,2013111321,11.1,85.4,25.0,Depression,UNNAMED,2013
201387I,2013111400,11.1,85.3,25.0,Depression,UNNAMED,2013
201387I,2013111403,11.1,85.2,25.0,Depression,UNNAMED,2013
201387I,2013111406,11.0,85.2,25.0,Depression,UNNAMED,2013
201387I,2013111409,10.7,85.0,25.0,Depression,UNNAMED,2013
201387I,2013111412,10.4,84.9,25.0,Depression,UNNAMED,2013
201387I,2013111415,10.2,84.7,25.0,Depression,UNNAMED,2013
201387I,2013111418,10.1,84.6,25.0,Depression,UNNAMED,2013
201387I,2013111421,9.9,84.4,25.0,Depression,UNNAMED,2013
201387I,2013111500,9.7,84.1,25.0,Depression,UNNAMED,2013
201387I,2013111503,9.4,83.7,25.0,Depression,UNNAMED,2013
201387I,2013111506,9.4,83.5,25.0,Depression,UNNAMED,2013
201387I,2013111509,9.5,83.2,25.0,Depression,UNNAMED,2013
201387I,2013111512,9.6,82.9,25.0,Depression,UNNAMED,2013
201387I,2013111515,9.9,82.4,25.0,Depression,UNNAMED,2013
201387I,2013111518,10.2,82.0,25.0,Depression,UNNAMED,2013
201387I,2013111521,10.4,81.7,25.0,Depression,UNNAMED,2013
201387I,2013111600,10.6,81.3,25.0,Depression,UNNAMED,2013
201387I,2013111603,10.9,80.5,25.0,Depression,UNNAMED,2013
201387I,2013111606,11.0,80.0,25.0,Depression,UNNAMED,2013
201387I,2013111609,11.1,79.5,25.0,Depression,UNNAMED,2013
201387I,2013111612,11.1,78.9,25.0,Depression,UNNAMED,2013
201387I,2013111615,11.2,78.3,25.0,Depression,UNNAMED,2013
201387I,2013111618,11.3,77.6,25.0,Depression,UNNAMED,2013
201387I,2013111621,11.3,76.9,20.0,Depression,UNNAMED,2013
201387I,2013111700,11.2,76.3,20.0,Depression,UNNAMED,2013
201387I,2013111703,11.1,75.7,18.0,Depression,UNNAMED,2013
201387I,2013111706,11.0,75.1,15.0,Depression,UNNAMED,2013
201387I,2013111709,10.9,74.4,18.0,Depression,UNNAMED,2013
201387I,2013111712,10.9,73.7,20.0,Depression,UNNAMED,2013
201387I,2013111715,11.0,73.2,20.0,Depression,UNNAMED,2013
201387I,2013111718,11.2,72.6,20.0,Depression,UNNAMED,2013
201387I,2013111721,11.4,71.9,20.0,Depression,UNNAMED,2013
201387I,2013111800,11.6,71.2,20.0,Depression,UNNAMED,2013
201387I,2013111803,11.8,70.7,20.0,Depression,UNNAMED,2013
201387I,2013111806,12.1,70.1,20.0,Depression,UNNAMED,2013
201387I,2013111809,12.3,69.4,20.0,Depression,UNNAMED,2013
201387I,2013111812,12.5,68.6,20.0,Depression,UNNAMED,2013
201387I,2013111815,12.5,68.0,20.0,Depression,UNNAMED,2013
201387I,2013111818,12.5,67.4,20.0,Depression,UNNAMED,2013
201387I,2013111821,12.5,66.8,20.0,Depression,UNNAMED,2013
201387I,2013111900,12.5,66.1,20.0,Depression,UNNAMED,2013
201387I,2013111903,12.3,65.3,20.0,Depression,UNNAMED,2013
201387I,2013111906,12.2,64.5,20.0,Depression,UNNAMED,2013
201387I,2013111909,12.2,63.6,20.0,Depression,UNNAMED,2013
201387I,2013111912,12.3,62.8,20.0,Depression,UNNAMED,2013
201387I,2013111915,12.5,62.1,20.0,Depression,UNNAMED,2013
201387I,2013111918,12.7,61.4,20.0,Depression,UNNAMED,2013
201387I,2013111921,12.8,60.6,20.0,Depression,UNNAMED,2013
201387I,2013112000,12.8,59.9,20.0,Depression,UNNAMED,2013
201387I,2013112003,12.8,59.6,20.0,Depression,UNNAMED,2013
201387I,2013112006,12.8,59.4,20.0,Depression,UNNAMED,2013
201387I,2013112009,12.9,58.9,20.0,Depression,UNNAMED,2013
201387I,2013112012,13.0,58.3,20.0,Depression,UNNAMED,2013
201387I,2013112015,12.9,57.7,20.0,Depression,UNNAMED,2013
201387I,2013112018,12.8,57.1,20.0,Depression,UNNAMED,2013
201387I,2013112021,12.7,56.5,20.0,Depression,UNNAMED,2013
201387I,2013112100,12.5,56.0,20.0,Depression,UNNAMED,2013
201390I,2013110600,5.6,66.4,15.0,Depression,UNNAMED,2013
201390I,2013110603,5.9,66.2,18.0,Depression,UNNAMED,2013
201390I,2013110606,6.2,65.9,20.0,Depression,UNNAMED,2013
201390I,2013110609,6.4,65.5,23.0,Depression,UNNAMED,2013
201390I,2013110612,6.7,64.9,25.0,Depression,UNNAMED,2013
201390I,2013110615,7.1,64.3,23.0,Depression,UNNAMED,2013
201390I,2013110618,7.5,63.6,20.0,Depression,UNNAMED,2013
201390I,2013110621,7.6,62.9,20.0,Depression,UNNAMED,2013
201390I,2013110700,7.7,62.1,20.0,Depression,UNNAMED,2013
201390I,2013110703,7.8,61.2,20.0,Depression,UNNAMED,2013
201390I,2013110706,8.0,60.4,20.0,Depression,UNNAMED,2013
201390I,2013110709,8.2,59.7,20.0,Depression,UNNAMED,2013
201390I,2013110712,8.3,59.0,20.0,Depression,UNNAMED,2013
201390I,2013110715,8.3,58.4,23.0,Depression,UNNAMED,2013
201390I,2013110718,8.2,57.9,25.0,Depression,UNNAMED,2013
201390I,2013110721,8.2,57.4,23.0,Depression,UNNAMED,2013
201390I,2013110800,8.1,57.0,20.0,Depression,UNNAMED,2013
201390I,2013110803,8.0,56.6,23.0,Depression,UNNAMED,2013
201390I,2013110806,7.9,56.2,25.0,Depression,UNNAMED,2013
201390I,2013110809,8.0,55.6,25.0,Depression,UNNAMED,2013
201390I,2013110812,8.1,55.0,25.0,Depression,UNNAMED,2013
201390I,2013110815,8.0,54.5,25.0,Depression,UNNAMED,2013
201390I,2013110818,8.0,54.0,25.0,Depression,UNNAMED,2013
201390I,2013110821,8.0,53.5,28.0,Depression,UNNAMED,2013
201390I,2013110900,8.0,53.1,30.0,Depression,UNNAMED,2013
201390I,2013110903,8.0,52.8,30.0,Depression,UNNAMED,2013
201390I,2013110906,8.0,52.7,30.0,Depression,UNNAMED,2013
201390I,2013110909,8.0,52.4,30.0,Depression,UNNAMED,2013
201390I,2013110912,8.0,52.1,30.0,Depression,UNNAMED,2013
201390I,2013110915,8.0,51.9,30.0,Depression,UNNAMED,2013
201390I,2013110918,8.0,51.9,30.0,Depression,UNNAMED,2013
201390I,2013110921,8.0,51.8,30.0,Depression,UNNAMED,2013
201390I,2013111000,8.0,51.8,30.0,Depression,UNNAMED,2013
201390I,2013111003,8.0,51.6,30.0,Depression,UNNAMED,2013
201390I,2013111006,8.0,51.3,30.0,Depression,UNNAMED,2013
201390I,2013111009,8.0,51.2,30.0,Depression,UNNAMED,2013
201390I,2013111012,8.1,51.2,30.0,Depression,UNNAMED,2013
201390I,2013111015,8.1,50.9,30.0,Depression,UNNAMED,2013
201390I,2013111018,8.2,50.6,30.0,Depression,UNNAMED,2013
201390I,2013111021,8.3,50.4,30.0,Depression,UNNAMED,2013
201390I,2013111100,8.4,50.1,30.0,Depression,UNNAMED,2013
201390I,2013111103,8.7,49.7,30.0,Depression,UNNAMED,2013
201390I,2013111106,8.9,49.2,25.0,Depression,UNNAMED,2013
201390I,2013111109,9.2,48.6,33.0,Depression,UNNAMED,2013
201390I,2013111112,9.4,48.0,30.0,Depression,UNNAMED,2013
201390I,2013111115,9.5,47.4,28.0,Depression,UNNAMED,2013
201390I,2013111118,9.5,46.9,25.0,Depression,UNNAMED,2013
201390I,2013111121,9.6,46.4,25.0,Depression,UNNAMED,2013
201390I,2013111200,9.8,46.0,25.0,Depression,UNNAMED,2013
201393I,2013111800,13.3,90.0,20.0,Depression,HELEN,2013
201393I,2013111803,13.6,89.5,23.0,Depression,HELEN,2013
201393I,2013111806,14.0,88.9,25.0,Depression,HELEN,2013
201393I,2013111809,14.4,88.3,25.0,Depression,HELEN,2013
201393I,2013111812,14.7,87.8,25.0,Depression,HELEN,2013
201393I,2013111815,14.8,87.3,25.0,Depression,HELEN,2013
201393I,2013111818,14.8,86.9,25.0,Depression,HELEN,2013
201393I,2013111821,14.8,86.5,30.0,Depression,HELEN,2013
201393I,2013111900,14.7,86.2,25.0,Depression,HELEN,2013
201393I,2013111903,14.8,85.9,25.0,Depression,HELEN,2013
201393I,2013111906,14.8,85.6,25.0,Depression,HELEN,2013
201393I,2013111909,14.9,85.3,25.0,Depression,HELEN,2013
201393I,2013111912,15.0,85.1,25.0,Depression,HELEN,2013
201393I,2013111915,15.0,84.9,30.0,Depression,HELEN,2013
201393I,2013111918,15.0,84.5,30.0,Depression,HELEN,2013
201393I,2013111921,15.0,84.2,30.0,Depression,HELEN,2013
201393I,2013112000,15.1,84.1,30.0,Depression,HELEN,2013
201393I,2013112003,15.1,84.1,35.0,Cyclonic Storm,HELEN,2013
201393I,2013112006,15.3,84.1,40.0,Cyclonic Storm,HELEN,2013
201393I,2013112009,15.3,84.0,40.0,Cyclonic Storm,HELEN,2013
201393I,2013112012,15.4,84.0,45.0,Cyclonic Storm,HELEN,2013
201393I,2013112015,15.4,83.9,45.0,Cyclonic Storm,HELEN,2013
201393I,2013112018,15.5,83.8,45.0,Cyclonic Storm,HELEN,2013
201393I,2013112021,15.6,83.7,45.0,Cyclonic Storm,HELEN,2013
201393I,2013112100,15.7,83.6,50.0,Severe Cyclonic Storm,HELEN,2013
201393I,2013112103,15.8,83.4,50.0,Severe Cyclonic Storm,HELEN,2013
201393I,2013112106,15.9,83.3,55.0,Severe Cyclonic Storm,HELEN,2013
201393I,2013112109,16.0,83.1,55.0,Severe Cyclonic Storm,HELEN,2013
201393I,2013112112,16.1,83.0,55.0,Severe Cyclonic Storm,HELEN,2013
201393I,2013112115,16.1,82.7,55.0,Severe Cyclonic Storm,HELEN,2013
201393I,2013112118,16.2,82.6,55.0,Severe Cyclonic Storm,HELEN,2013
201393I,2013112121,16.1,82.3,55.0,Severe Cyclonic Storm,HELEN,2013
201393I,2013112200,16.2,82.0,55.0,Severe Cyclonic Storm,HELEN,2013
201393I,2013112203,16.2,81.7,55.0,Severe Cyclonic Storm,HELEN,2013
201393I,2013112206,16.2,81.4,55.0,Severe Cyclonic Storm,HELEN,2013
201393I,2013112209,16.0,81.2,40.0,Cyclonic Storm,HELEN,2013
201393I,2013112212,15.8,80.8,30.0,Depression,HELEN,2013
201393I,2013112215,15.9,80.5,28.0,Depression,HELEN,2013
201393I,2013112218,16.1,80.2,25.0,Depression,HELEN,2013
201393I,2013112221,16.3,79.7,23.0,Depression,HELEN,2013
201393I,2013112300,16.5,79.4,20.0,Depression,HELEN,2013
201393I,2013112303,16.8,79.1,20.0,Depression,HELEN,2013
201393I,2013112306,17.2,78.8,20.0,Depression,HELEN,2013
201394I,2013112118,6.7,99.9,15.0,Depression,LEHAR,2013
201394I,2013112121,6.7,99.6,18.0,Depression,LEHAR,2013
201394I,2013112200,6.6,99.4,20.0,Depression,LEHAR,2013
201394I,2013112203,6.4,99.2,20.0,Depression,LEHAR,2013
201394I,2013112206,6.3,99.0,20.0,Depression,LEHAR,2013
201394I,2013112209,6.2,98.7,20.0,Depression,LEHAR,2013
201394I,2013112212,6.3,98.5,20.0,Depression,LEHAR,2013
201394I,2013112215,6.5,98.4,23.0,Depression,LEHAR,2013
201394I,2013112218,6.8,98.3,25.0,Depression,LEHAR,2013
201394I,2013112221,7.0,98.1,25.0,Depression,LEHAR,2013
201394I,2013112300,7.3,97.8,25.0,Depression,LEHAR,2013
201394I,2013112303,7.6,97.5,25.0,Depression,LEHAR,2013
201394I,2013112306,8.0,97.2,25.0,Depression,LEHAR,2013
201394I,2013112309,8.3,96.9,30.0,Depression,LEHAR,2013
201394I,2013112312,8.7,96.6,25.0,Depression,LEHAR,2013
201394I,2013112315,8.9,96.3,28.0,Depression,LEHAR,2013
201394I,2013112318,9.2,96.1,30.0,Depression,LEHAR,2013
201394I,2013112321,9.6,95.6,33.0,Depression,LEHAR,2013
201394I,2013112400,10.0,95.2,35.0,Cyclonic Storm,LEHAR,2013
201394I,2013112403,10.2,95.0,40.0,Cyclonic Storm,LEHAR,2013
201394I,2013112406,10.6,94.6,40.0,Cyclonic Storm,LEHAR,2013
201394I,2013112409,10.8,94.1,45.0,Cyclonic Storm,LEHAR,2013
201394I,2013112412,11.0,93.7,45.0,Cyclonic Storm,LEHAR,2013
201394I,2013112415,11.1,93.5,45.0,Cyclonic Storm,LEHAR,2013
201394I,2013112418,11.5,93.2,45.0,Cyclonic Storm,LEHAR,2013
201394I,2013112421,11.5,92.7,45.0,Cyclonic Storm,LEHAR,2013
201394I,2013112500,11.8,92.6,55.0,Severe Cyclonic Storm,LEHAR,2013
201394I,2013112503,11.9,92.2,55.0,Severe Cyclonic Storm,LEHAR,2013
201394I,2013112506,12.0,91.9,55.0,Severe Cyclonic Storm,LEHAR,2013
201394I,2013112509,12.0,91.7,60.0,Severe Cyclonic Storm,LEHAR,2013
201394I,2013112512,12.3,91.6,60.0,Severe Cyclonic Storm,LEHAR,2013
201394I,2013112515,12.3,91.2,60.0,Severe Cyclonic Storm,LEHAR,2013
201394I,2013112518,12.4,91.1,55.0,Severe Cyclonic Storm,LEHAR,2013
201394I,2013112521,12.4,90.9,65.0,Very Severe Cyclonic Storm,LEHAR,2013
201394I,2013112600,12.5,90.5,70.0,Very Severe Cyclonic Storm,LEHAR,2013
201394I,2013112603,12.5,90.1,70.0,Very Severe Cyclonic Storm,LEHAR,2013
201394I,2013112606,12.6,89.6,70.0,Very Severe Cyclonic Storm,LEHAR,2013
201394I,2013112609,12.9,89.1,70.0,Very Severe Cyclonic Storm,LEHAR,2013
201394I,2013112612,13.0,88.7,70.0,Very Severe Cyclonic Storm,LEHAR,2013
201394I,2013112615,13.0,88.5,70.0,Very Severe Cyclonic Storm,LEHAR,2013
201394I,2013112618,13.2,88.1,75.0,Very Severe Cyclonic Storm,LEHAR,2013
201394I,2013112621,13.3,87.5,75.0,Very Severe Cyclonic Storm,LEHAR,2013
201394I,2013112700,13.6,87.0,75.0,Very Severe Cyclonic Storm,LEHAR,2013
201394I,2013112703,13.6,86.5,75.0,Very Severe Cyclonic Storm,LEHAR,2013
201394I,2013112706,13.9,86.0,70.0,Very Severe Cyclonic Storm,LEHAR,2013
201394I,2013112709,14.0,85.5,65.0,Very Severe Cyclonic Storm,LEHAR,2013
201394I,2013112712,14.2,85.1,55.0,Severe Cyclonic Storm,LEHAR,2013
201394I,2013112715,14.2,84.6,55.0,Severe Cyclonic Storm,LEHAR,2013
201394I,2013112718,14.6,84.1,45.0,Cyclonic Storm,LEHAR,2013
201394I,2013112721,14.7,83.6,40.0,Cyclonic Storm,LEHAR,2013
201394I,2013112800,15.1,82.5,30.0,Depression,LEHAR,2013
201394I,2013112803,15.3,82.1,30.0,Depression,LEHAR,2013
201394I,2013112806,15.3,81.7,30.0,Depression,LEHAR,2013
201394I,2013112809,15.5,81.4,25.0,Depression,LEHAR,2013
201394I,2013112812,15.5,81.0,20.0,Depression,LEHAR,2013
201394I,2013112815,15.4,80.6,30.0,Depression,LEHAR,2013
201394I,2013112818,15.4,80.0,25.0,Depression,LEHAR,2013
201394I,2013112821,15.7,79.4,23.0,Depression,LEHAR,2013
201394I,2013112900,16.1,78.8,20.0,Depression,LEHAR,2013
201398I,2013120500,9.0,84.3,15.0,Depression,MADI,2013
201398I,2013120503,9.1,84.2,18.0,Depression,MADI,2013
201398I,2013120506,9.1,84.1,20.0,Depression,MADI,2013
201398I,2013120509,9.1,84.0,23.0,Depression,MADI,2013
201398I,2013120512,9.2,83.9,25.0,Depression,MADI,2013
201398I,2013120515,9.3,83.8,25.0,Depression,MADI,2013
201398I,2013120518,9.4,83.8,25.0,Depression,MADI,2013
201398I,2013120521,9.5,83.7,28.0,Depression,MADI,2013
201398I,2013120600,9.6,83.7,30.0,Depression,MADI,2013
201398I,2013120603,9.7,83.7,25.0,Depression,MADI,2013
201398I,2013120606,9.8,83.8,25.0,Depression,MADI,2013
201398I,2013120609,9.9,83.9,25.0,Depression,MADI,2013
201398I,2013120612,10.0,83.9,25.0,Depression,MADI,2013
201398I,2013120615,10.1,83.9,28.0,Depression,MADI,2013
201398I,2013120618,10.2,84.0,30.0,Depression,MADI,2013
201398I,2013120621,10.3,84.0,33.0,Depression,MADI,2013
201398I,2013120700,10.4,84.1,35.0,Cyclonic Storm,MADI,2013
201398I,2013120703,10.4,84.2,35.0,Cyclonic Storm,MADI,2013
201398I,2013120706,10.5,84.3,45.0,Cyclonic Storm,MADI,2013
201398I,2013120709,10.7,84.3,55.0,Severe Cyclonic Storm,MADI,2013
201398I,2013120712,10.9,84.4,55.0,Severe Cyclonic Storm,MADI,2013
201398I,2013120715,11.0,84.5,55.0,Severe Cyclonic Storm,MADI,2013
201398I,2013120718,11.3,84.5,55.0,Severe Cyclonic Storm,MADI,2013
201398I,2013120721,11.5,84.5,55.0,Severe Cyclonic Storm,MADI,2013
201398I,2013120800,11.9,84.6,60.0,Severe Cyclonic Storm,MADI,2013
201398I,2013120803,12.1,84.6,60.0,Severe Cyclonic Storm,MADI,2013
201398I,2013120806,12.4,84.7,65.0,Very Severe Cyclonic Storm,MADI,2013
201398I,2013120809,12.6,84.7,65.0,Very Severe Cyclonic Storm,MADI,2013
201398I,2013120812,13.0,84.7,65.0,Very Severe Cyclonic Storm,MADI,2013
201398I,2013120815,13.2,84.7,65.0,Very Severe Cyclonic Storm,MADI,2013
201398I,2013120818,13.4,84.6,65.0,Very Severe Cyclonic Storm,MADI,2013
201398I,2013120821,13.6,84.6,65.0,Very Severe Cyclonic Storm,MADI,2013
201398I,2013120900,13.9,84.6,65.0,Very Severe Cyclonic Storm,MADI,2013
201398I,2013120903,14.1,84.7,65.0,Very Severe Cyclonic Storm,MADI,2013
201398I,2013120906,14.3,84.7,65.0,Very Severe Cyclonic Storm,MADI,2013
201398I,2013120909,14.4,84.7,65.0,Very Severe Cyclonic Storm,MADI,2013
201398I,2013120912,14.6,84.8,60.0,Severe Cyclonic Storm,MADI,2013
201398I,2013120915,14.7,84.8,60.0,Severe Cyclonic Storm,MADI,2013
201398I,2013120918,14.8,84.9,60.0,Severe Cyclonic Storm,MADI,2013
201398I,2013120921,14.8,84.9,60.0,Severe Cyclonic Storm,MADI,2013
201398I,2013121000,15.0,85.1,60.0,Severe Cyclonic Storm,MADI,2013
201398I,2013121003,15.3,85.3,65.0,Very Severe Cyclonic Storm,MADI,2013
201398I,2013121006,15.4,85.3,65.0,Very Severe Cyclonic Storm,MADI,2013
201398I,2013121009,15.5,85.2,65.0,Very Severe Cyclonic Storm,MADI,2013
201398I,2013121012,15.3,85.0,55.0,Severe Cyclonic Storm,MADI,2013
201398I,2013121015,15.1,84.7,55.0,Severe Cyclonic Storm,MADI,2013
201398I,2013121018,14.9,84.6,50.0,Severe Cyclonic Storm,MADI,2013
201398I,2013121021,14.7,84.4,45.0,Cyclonic Storm,MADI,2013
201398I,2013121100,14.4,84.1,40.0,Cyclonic Storm,MADI,2013
201398I,2013121103,14.1,83.8,30.0,Depression,MADI,2013
201398I,2013121106,13.8,83.6,30.0,Depression,MADI,2013
201398I,2013121109,13.6,83.4,30.0,Depression,MADI,2013
201398I,2013121112,13.4,83.3,30.0,Depression,MADI,2013
201398I,2013121115,13.1,83.0,28.0,Depression,MADI,2013
201398I,2013121118,12.9,82.7,25.0,Depression,MADI,2013
201398I,2013121121,12.6,82.4,25.0,Depression,MADI,2013
201398I,2013121200,12.3,82.0,25.0,Depression,MADI,2013
201398I,2013121203,11.9,81.5,25.0,Depression,MADI,2013
201398I,2013121206,11.4,81.2,25.0,Depression,MADI,2013
201398I,2013121209,10.9,80.8,25.0,Depression,MADI,2013
201398I,2013121212,10.4,80.3,25.0,Depression,MADI,2013
201398I,2013121215,10.2,79.6,23.0,Depression,MADI,2013
201398I,2013121218,10.0,78.8,20.0,Depression,MADI,2013
201401I,2014010218,7.6,85.5,15.0,Depression,UNNAMED,2014
201401I,2014010221,7.6,85.3,18.0,Depression,UNNAMED,2014
201401I,2014010300,7.7,85.1,20.0,Depression,UNNAMED,2014
201401I,2014010303,7.8,84.9,23.0,Depression,UNNAMED,2014
201401I,2014010306,7.9,84.8,25.0,Depression,UNNAMED,2014
201401I,2014010309,8.0,84.7,25.0,Depression,UNNAMED,2014
201401I,2014010312,8.2,84.6,25.0,Depression,UNNAMED,2014
201401I,2014010315,8.3,84.5,25.0,Depression,UNNAMED,2014
201401I,2014010318,8.5,84.3,25.0,Depression,UNNAMED,2014
201401I,2014010321,8.7,84.1,28.0,Depression,UNNAMED,2014
201401I,2014010400,8.8,83.8,30.0,Depression,UNNAMED,2014
201401I,2014010403,8.8,83.5,25.0,Depression,UNNAMED,2014
201401I,2014010406,9.0,83.2,25.0,Depression,UNNAMED,2014
201401I,2014010409,9.1,83.0,25.0,Depression,UNNAMED,2014
201401I,2014010412,9.1,82.9,25.0,Depression,UNNAMED,2014
201401I,2014010415,9.1,82.7,25.0,Depression,UNNAMED,2014
201401I,2014010418,9.2,82.5,25.0,Depression,UNNAMED,2014
201401I,2014010421,9.3,82.2,25.0,Depression,UNNAMED,2014
201401I,2014010500,9.3,82.1,25.0,Depression,UNNAMED,2014
201401I,2014010503,9.3,82.0,25.0,Depression,UNNAMED,2014
201401I,2014010506,9.3,81.9,25.0,Depression,UNNAMED,2014
201401I,2014010509,9.3,81.7,25.0,Depression,UNNAMED,2014
201401I,2014010512,9.3,81.6,25.0,Depression,UNNAMED,2014
201401I,2014010515,9.3,81.5,25.0,Depression,UNNAMED,2014
201401I,2014010518,9.3,81.4,25.0,Depression,UNNAMED,2014
201401I,2014010521,9.3,81.4,25.0,Depression,UNNAMED,2014
201401I,2014010600,9.3,81.3,25.0,Depression,UNNAMED,2014
201401I,2014010603,9.3,81.1,25.0,Depression,UNNAMED,2014
201401I,2014010606,9.1,80.9,25.0,Depression,UNNAMED,2014
201401I,2014010609,8.9,80.7,25.0,Depression,UNNAMED,2014
201401I,2014010612,8.8,80.6,25.0,Depression,UNNAMED,2014
201401I,2014010615,8.7,80.5,25.0,Depression,UNNAMED,2014
201401I,2014010618,8.4,80.3,25.0,Depression,UNNAMED,2014
201401I,2014010621,8.2,80.1,25.0,Depression,UNNAMED,2014
201401I,2014010700,7.9,79.9,25.0,Depression,UNNAMED,2014
201401I,2014010703,7.7,79.8,25.0,Depression,UNNAMED,2014
201401I,2014010706,7.6,79.6,25.0,Depression,UNNAMED,2014
201401I,2014010709,7.5,79.4,25.0,Depression,UNNAMED,2014
201401I,2014010712,7.4,79.2,25.0,Depression,UNNAMED,2014
201401I,2014010715,7.4,79.1,25.0,Depression,UNNAMED,2014
201401I,2014010718,7.5,78.9,25.0,Depression,UNNAMED,2014
201401I,2014010721,7.6,78.7,25.0,Depression,UNNAMED,2014
201401I,2014010800,7.7,78.5,25.0,Depression,UNNAMED,2014
201401I,2014010803,7.7,78.3,25.0,Depression,UNNAMED,2014
201401I,2014010806,7.8,78.0,25.0,Depression,UNNAMED,2014
201401I,2014010809,7.9,77.6,23.0,Depression,UNNAMED,2014
201401I,2014010812,8.0,77.1,20.0,Depression,UNNAMED,2014
201428I,2014052103,15.5,90.5,25.0,Depression,UNNAMED,2014
201428I,2014052106,16.0,90.5,25.0,Depression,UNNAMED,2014
201428I,2014052109,16.3,90.7,25.0,Depression,UNNAMED,2014
201428I,2014052112,16.5,91.0,25.0,Depression,UNNAMED,2014
201428I,2014052115,16.5,91.0,25.0,Depression,UNNAMED,2014
201428I,2014052118,16.5,91.0,25.0,Depression,UNNAMED,2014
201428I,2014052121,16.5,91.5,25.0,Depression,UNNAMED,2014
201428I,2014052200,16.5,92.0,25.0,Depression,UNNAMED,2014
201428I,2014052203,16.5,92.0,25.0,Depression,UNNAMED,2014
201428I,2014052206,17.0,92.5,25.0,Depression,UNNAMED,2014
201428I,2014052209,17.3,92.4,25.0,Depression,UNNAMED,2014
201428I,2014052212,17.5,92.0,25.0,Depression,UNNAMED,2014
201428I,2014052215,17.6,92.0,25.0,Depression,UNNAMED,2014
201428I,2014052218,17.5,92.0,25.0,Depression,UNNAMED,2014
201428I,2014052221,17.3,91.6,25.0,Depression,UNNAMED,2014
201428I,2014052300,17.0,91.0,25.0,Depression,UNNAMED,2014
201431I,2014060806,12.4,68.3,20.0,Depression,NANAUK,2014
201431I,2014060809,12.6,68.1,20.0,Depression,NANAUK,2014
201431I,2014060812,12.8,68.0,20.0,Depression,NANAUK,2014
201431I,2014060815,12.9,67.9,23.0,Depression,NANAUK,2014
201431I,2014060818,13.0,67.8,25.0,Depression,NANAUK,2014
201431I,2014060821,13.1,67.7,25.0,Depression,NANAUK,2014
201431I,2014060900,13.2,67.6,25.0,Depression,NANAUK,2014
201431I,2014060903,13.3,67.6,28.0,Depression,NANAUK,2014
201431I,2014060906,13.4,67.7,30.0,Depression,NANAUK,2014
201431I,2014060909,13.6,68.1,30.0,Depression,NANAUK,2014
201431I,2014060912,13.8,68.5,30.0,Depression,NANAUK,2014
201431I,2014060915,14.1,68.9,30.0,Depression,NANAUK,2014
201431I,2014060918,14.5,69.2,30.0,Depression,NANAUK,2014
201431I,2014060921,14.8,69.2,33.0,Depression,NANAUK,2014
201431I,2014061000,15.1,69.0,35.0,Cyclonic Storm,NANAUK,2014
201431I,2014061003,15.4,68.8,38.0,Cyclonic Storm,NANAUK,2014
201431I,2014061006,15.7,68.6,40.0,Cyclonic Storm,NANAUK,2014
201431I,2014061009,15.8,68.4,25.0,Depression,NANAUK,2014
201431I,2014061012,16.1,68.1,25.0,Depression,NANAUK,2014
201431I,2014061015,16.3,67.8,28.0,Depression,NANAUK,2014
201431I,2014061018,16.5,67.6,30.0,Depression,NANAUK,2014
201431I,2014061021,16.5,67.4,33.0,Depression,NANAUK,2014
201431I,2014061100,16.6,67.2,35.0,Cyclonic Storm,NANAUK,2014
201431I,2014061103,16.7,67.0,35.0,Cyclonic Storm,NANAUK,2014
201431I,2014061106,17.0,66.7,45.0,Cyclonic Storm,NANAUK,2014
201431I,2014061109,17.1,66.5,45.0,Cyclonic Storm,NANAUK,2014
201431I,2014061112,17.4,66.2,45.0,Cyclonic Storm,NANAUK,2014
201431I,2014061115,17.6,66.0,45.0,Cyclonic Storm,NANAUK,2014
201431I,2014061118,17.6,65.8,45.0,Cyclonic Storm,NANAUK,2014
201431I,2014061121,17.7,65.6,45.0,Cyclonic Storm,NANAUK,2014
201431I,2014061200,17.9,65.3,45.0,Cyclonic Storm,NANAUK,2014
201431I,2014061203,18.0,64.9,45.0,Cyclonic Storm,NANAUK,2014
201431I,2014061206,18.2,64.6,45.0,Cyclonic Storm,NANAUK,2014
201431I,2014061209,18.3,64.3,45.0,Cyclonic Storm,NANAUK,2014
201431I,2014061212,18.5,64.1,45.0,Cyclonic Storm,NANAUK,2014
201431I,2014061215,18.8,64.0,45.0,Cyclonic Storm,NANAUK,2014
201431I,2014061218,19.3,64.1,45.0,Cyclonic Storm,NANAUK,2014
201431I,2014061221,19.9,64.4,45.0,Cyclonic Storm,NANAUK,2014
201431I,2014061300,20.4,64.6,45.0,Cyclonic Storm,NANAUK,2014
201431I,2014061303,20.7,64.4,45.0,Cyclonic Storm,NANAUK,2014
201431I,2014061306,21.2,64.0,40.0,Cyclonic Storm,NANAUK,2014
201431I,2014061309,21.4,63.9,30.0,Depression,NANAUK,2014
201431I,2014061312,21.4,64.0,25.0,Depression,NANAUK,2014
201431I,2014061315,21.5,64.1,25.0,Depression,NANAUK,2014
201431I,2014061318,21.5,64.2,25.0,Depression,NANAUK,2014
201431I,2014061321,21.6,64.3,25.0,Depression,NANAUK,2014
201431I,2014061400,21.6,64.5,25.0,Depression,NANAUK,2014
201431I,2014061403,21.7,64.6,18.0,Depression,NANAUK,2014
201431I,2014061406,21.7,64.8,15.0,Depression,NANAUK,2014
201431I,2014061409,21.7,65.0,15.0,Depression,NANAUK,2014
201431I,2014061412,21.7,65.2,15.0,Depression,NANAUK,2014
201444I,2014072103,22.0,87.0,25.0,Depression,UNNAMED,2014
201444I,2014072106,22.2,86.4,20.0,Depression,UNNAMED,2014
201444I,2014072109,22.4,85.7,20.0,Depression,UNNAMED,2014
201444I,2014072112,22.5,85.0,20.0,Depression,UNNAMED,2014
201444I,2014072115,22.5,84.5,20.0,Depression,UNNAMED,2014
201444I,2014072118,22.5,84.0,20.0,Depression,UNNAMED,2014
201444I,2014072121,22.5,83.5,20.0,Depression,UNNAMED,2014
201444I,2014072200,22.5,83.0,20.0,Depression,UNNAMED,2014
201444I,2014072203,22.5,82.5,20.0,Depression,UNNAMED,2014
201444I,2014072206,22.5,82.0,20.0,Depression,UNNAMED,2014
201444I,2014072209,22.5,81.5,20.0,Depression,UNNAMED,2014
201444I,2014072212,22.5,81.0,20.0,Depression,UNNAMED,2014
201444I,2014072215,22.5,80.3,20.0,Depression,UNNAMED,2014
201444I,2014072218,22.5,79.6,20.0,Depression,UNNAMED,2014
201444I,2014072221,22.5,78.9,20.0,Depression,UNNAMED,2014
201444I,2014072300,22.5,78.2,20.0,Depression,UNNAMED,2014
201444I,2014072303,22.5,77.5,20.0,Depression,UNNAMED,2014
201444I,2014072306,22.5,77.0,20.0,Depression,UNNAMED,2014
201452I,2014080312,21.5,88.5,25.0,Depression,UNNAMED,2014
201452I,2014080315,21.7,88.4,28.0,Depression,UNNAMED,2014
201452I,2014080318,21.9,88.3,30.0,Depression,UNNAMED,2014
201452I,2014080321,22.1,88.0,30.0,Depression,UNNAMED,2014
201452I,2014080400,22.3,87.6,30.0,Depression,UNNAMED,2014
201452I,2014080403,22.5,87.2,30.0,Depression,UNNAMED,2014
201452I,2014080406,22.5,86.5,30.0,Depression,UNNAMED,2014
201452I,2014080409,22.4,86.2,30.0,Depression,UNNAMED,2014
201452I,2014080412,22.2,86.1,30.0,Depression,UNNAMED,2014
201452I,2014080415,22.2,85.6,30.0,Depression,UNNAMED,2014
201452I,2014080418,22.2,85.1,30.0,Depression,UNNAMED,2014
201452I,2014080421,22.2,84.6,30.0,Depression,UNNAMED,2014
201452I,2014080500,22.2,84.1,30.0,Depression,UNNAMED,2014
201452I,2014080503,22.2,83.5,30.0,Depression,UNNAMED,2014
201452I,2014080506,22.9,83.0,30.0,Depression,UNNAMED,2014
201452I,2014080509,23.5,82.5,25.0,Depression,UNNAMED,2014
201452I,2014080512,24.0,82.0,25.0,Depression,UNNAMED,2014
201452I,2014080515,24.2,81.6,25.0,Depression,UNNAMED,2014
201452I,2014080518,24.2,81.3,25.0,Depression,UNNAMED,2014
201452I,2014080521,24.3,81.0,25.0,Depression,UNNAMED,2014
201452I,2014080600,24.4,80.6,25.0,Depression,UNNAMED,2014
201452I,2014080603,24.5,80.2,25.0,Depression,UNNAMED,2014
201452I,2014080606,24.6,80.0,25.0,Depression,UNNAMED,2014
201452I,2014080609,24.8,79.8,25.0,Depression,UNNAMED,2014
201452I,2014080612,25.0,79.5,25.0,Depression,UNNAMED,2014
201452I,2014080615,25.2,79.2,25.0,Depression,UNNAMED,2014
201452I,2014080618,25.3,79.0,25.0,Depression,UNNAMED,2014
201452I,2014080621,25.4,78.8,25.0,Depression,UNNAMED,2014
201452I,2014080700,25.5,78.5,25.0,Depression,UNNAMED,2014
201473I,2014100606,10.7,96.1,15.0,Depression,HUDHUD,2014
201473I,2014100609,10.7,96.0,18.0,Depression,HUDHUD,2014
201473I,2014100612,10.7,95.9,20.0,Depression,HUDHUD,2014
201473I,2014100615,10.7,95.8,23.0,Depression,HUDHUD,2014
201473I,2014100618,10.8,95.6,25.0,Depression,HUDHUD,2014
201473I,2014100621,10.9,95.4,25.0,Depression,HUDHUD,2014
201473I,2014100700,11.0,95.2,25.0,Depression,HUDHUD,2014
201473I,2014100703,11.2,95.0,25.0,Depression,HUDHUD,2014
201473I,2014100706,11.4,94.7,25.0,Depression,HUDHUD,2014
201473I,2014100709,11.5,94.4,28.0,Depression,HUDHUD,2014
201473I,2014100712,11.7,94.1,30.0,Depression,HUDHUD,2014
201473I,2014100715,11.8,93.8,30.0,Depression,HUDHUD,2014
201473I,2014100718,11.9,93.5,30.0,Depression,HUDHUD,2014
201473I,2014100721,12.0,93.2,30.0,Depression,HUDHUD,2014
201473I,2014100800,12.2,92.9,30.0,Depression,HUDHUD,2014
201473I,2014100803,12.3,92.6,35.0,Cyclonic Storm,HUDHUD,2014
201473I,2014100806,12.6,92.1,40.0,Cyclonic Storm,HUDHUD,2014
201473I,2014100809,12.8,91.4,40.0,Cyclonic Storm,HUDHUD,2014
201473I,2014100812,12.9,90.9,40.0,Cyclonic Storm,HUDHUD,2014
201473I,2014100815,13.1,90.4,40.0,Cyclonic Storm,HUDHUD,2014
201473I,2014100818,13.3,90.1,45.0,Cyclonic Storm,HUDHUD,2014
201473I,2014100821,13.5,89.6,45.0,Cyclonic Storm,HUDHUD,2014
201473I,2014100900,13.6,89.3,45.0,Cyclonic Storm,HUDHUD,2014
201473I,2014100903,13.7,89.1,55.0,Severe Cyclonic Storm,HUDHUD,2014
201473I,2014100906,13.8,88.9,55.0,Severe Cyclonic Storm,HUDHUD,2014
201473I,2014100909,13.9,88.6,55.0,Severe Cyclonic Storm,HUDHUD,2014
201473I,2014100912,14.1,88.5,55.0,Severe Cyclonic Storm,HUDHUD,2014
201473I,2014100915,14.1,88.2,55.0,Severe Cyclonic Storm,HUDHUD,2014
201473I,2014100918,14.2,88.0,55.0,Severe Cyclonic Storm,HUDHUD,2014
201473I,2014100921,14.4,87.8,60.0,Severe Cyclonic Storm,HUDHUD,2014
201473I,2014101000,14.6,87.6,60.0,Severe Cyclonic Storm,HUDHUD,2014
201473I,2014101003,14.8,87.3,60.0,Severe Cyclonic Storm,HUDHUD,2014
201473I,2014101006,14.9,87.2,60.0,Severe Cyclonic Storm,HUDHUD,2014
201473I,2014101009,15.1,87.0,65.0,Very Severe Cyclonic Storm,HUDHUD,2014
201473I,2014101012,15.3,86.8,70.0,Very Severe Cyclonic Storm,HUDHUD,2014
201473I,2014101015,15.5,86.5,75.0,Very Severe Cyclonic Storm,HUDHUD,2014
201473I,2014101018,15.6,86.3,75.0,Very Severe Cyclonic Storm,HUDHUD,2014
201473I,2014101021,15.7,86.0,75.0,Very Severe Cyclonic Storm,HUDHUD,2014
201473I,2014101100,15.9,85.7,75.0,Very Severe Cyclonic Storm,HUDHUD,2014
201473I,2014101103,16.0,85.4,80.0,Very Severe Cyclonic Storm,HUDHUD,2014
201473I,2014101106,16.1,85.1,90.0,Extremely Severe/Super Cyclone,HUDHUD,2014
201473I,2014101109,16.1,85.0,90.0,Extremely Severe/Super Cyclone,HUDHUD,2014
201473I,2014101112,16.2,84.9,95.0,Extremely Severe/Super Cyclone,HUDHUD,2014
201473I,2014101115,16.3,84.8,95.0,Extremely Severe/Super Cyclone,HUDHUD,2014
201473I,2014101118,16.6,84.6,100.0,Extremely Severe/Super Cyclone,HUDHUD,2014
201473I,2014101121,16.8,84.4,100.0,Extremely Severe/Super Cyclone,HUDHUD,2014
201473I,2014101200,17.2,84.1,100.0,Extremely Severe/Super Cyclone,HUDHUD,2014
201473I,2014101203,17.4,83.8,100.0,Extremely Severe/Super Cyclone,HUDHUD,2014
201473I,2014101206,17.6,83.4,100.0,Extremely Severe/Super Cyclone,HUDHUD,2014
201473I,2014101209,17.8,83.1,90.0,Extremely Severe/Super Cyclone,HUDHUD,2014
201473I,2014101212,18.0,82.8,60.0,Severe Cyclonic Storm,HUDHUD,2014
201473I,2014101215,18.3,82.5,45.0,Cyclonic Storm,HUDHUD,2014
201473I,2014101218,18.8,82.3,40.0,Cyclonic Storm,HUDHUD,2014
201473I,2014101221,19.0,82.1,40.0,Cyclonic Storm,HUDHUD,2014
201473I,2014101300,19.7,81.6,30.0,Depression,HUDHUD,2014
201473I,2014101303,20.5,81.5,30.0,Depression,HUDHUD,2014
201473I,2014101306,20.8,81.4,30.0,Depression,HUDHUD,2014
201473I,2014101309,21.1,81.4,28.0,Depression,HUDHUD,2014
201473I,2014101312,21.4,81.4,25.0,Depression,HUDHUD,2014
201473I,2014101315,21.7,81.5,25.0,Depression,HUDHUD,2014
201473I,2014101318,22.3,81.5,25.0,Depression,HUDHUD,2014
201473I,2014101321,23.6,81.5,25.0,Depression,HUDHUD,2014
201473I,2014101400,24.8,81.5,25.0,Depression,HUDHUD,2014
201473I,2014101403,25.1,81.6,20.0,Depression,HUDHUD,2014
201473I,2014101406,25.6,81.7,20.0,Depression,HUDHUD,2014
201473I,2014101409,26.3,81.8,20.0,Depression,HUDHUD,2014
201479I,2014102312,10.8,62.1,15.0,Depression,NILOFAR,2014
201479I,2014102315,11.0,61.9,15.0,Depression,NILOFAR,2014
201479I,2014102318,11.1,61.8,15.0,Depression,NILOFAR,2014
201479I,2014102321,11.2,61.7,18.0,Depression,NILOFAR,2014
201479I,2014102400,11.3,61.6,20.0,Depression,NILOFAR,2014
201479I,2014102403,11.4,61.5,20.0,Depression,NILOFAR,2014
201479I,2014102406,11.6,61.5,20.0,Depression,NILOFAR,2014
201479I,2014102409,11.7,61.6,20.0,Depression,NILOFAR,2014
201479I,2014102412,11.8,61.7,20.0,Depression,NILOFAR,2014
201479I,2014102415,11.9,61.8,23.0,Depression,NILOFAR,2014
201479I,2014102418,12.0,62.0,25.0,Depression,NILOFAR,2014
201479I,2014102421,12.1,62.2,28.0,Depression,NILOFAR,2014
201479I,2014102500,12.3,62.1,25.0,Depression,NILOFAR,2014
201479I,2014102503,12.6,62.1,25.0,Depression,NILOFAR,2014
201479I,2014102506,12.7,62.0,25.0,Depression,NILOFAR,2014
201479I,2014102509,13.0,61.9,25.0,Depression,NILOFAR,2014
201479I,2014102512,13.3,61.9,25.0,Depression,NILOFAR,2014
201479I,2014102515,13.3,61.9,25.0,Depression,NILOFAR,2014
201479I,2014102518,13.5,62.0,25.0,Depression,NILOFAR,2014
201479I,2014102521,13.8,62.3,25.0,Depression,NILOFAR,2014
201479I,2014102600,14.1,62.5,25.0,Depression,NILOFAR,2014
201479I,2014102603,14.1,62.5,30.0,Depression,NILOFAR,2014
201479I,2014102606,14.2,62.5,35.0,Cyclonic Storm,NILOFAR,2014
201479I,2014102609,14.2,62.5,35.0,Cyclonic Storm,NILOFAR,2014
201479I,2014102612,14.3,62.5,40.0,Cyclonic Storm,NILOFAR,2014
201479I,2014102615,14.3,62.5,40.0,Cyclonic Storm,NILOFAR,2014
201479I,2014102618,14.5,62.5,45.0,Cyclonic Storm,NILOFAR,2014
201479I,2014102621,14.6,62.4,50.0,Severe Cyclonic Storm,NILOFAR,2014
201479I,2014102700,14.8,62.4,55.0,Severe Cyclonic Storm,NILOFAR,2014
201479I,2014102703,14.8,62.3,60.0,Severe Cyclonic Storm,NILOFAR,2014
201479I,2014102706,14.9,62.3,65.0,Very Severe Cyclonic Storm,NILOFAR,2014
201479I,2014102709,14.9,62.2,65.0,Very Severe Cyclonic Storm,NILOFAR,2014
201479I,2014102712,15.0,62.2,70.0,Very Severe Cyclonic Storm,NILOFAR,2014
201479I,2014102715,15.1,62.1,70.0,Very Severe Cyclonic Storm,NILOFAR,2014
201479I,2014102718,15.2,62.1,70.0,Very Severe Cyclonic Storm,NILOFAR,2014
201479I,2014102721,15.4,61.8,75.0,Very Severe Cyclonic Storm,NILOFAR,2014
201479I,2014102800,15.6,61.8,75.0,Very Severe Cyclonic Storm,NILOFAR,2014
201479I,2014102803,15.8,61.7,75.0,Very Severe Cyclonic Storm,NILOFAR,2014
201479I,2014102806,16.0,61.7,80.0,Very Severe Cyclonic Storm,NILOFAR,2014
201479I,2014102809,16.3,61.7,90.0,Extremely Severe/Super Cyclone,NILOFAR,2014
201479I,2014102812,16.8,61.8,100.0,Extremely Severe/Super Cyclone,NILOFAR,2014
201479I,2014102815,17.2,61.8,105.0,Extremely Severe/Super Cyclone,NILOFAR,2014
201479I,2014102818,17.7,61.7,110.0,Extremely Severe/Super Cyclone,NILOFAR,2014
201479I,2014102821,17.9,61.7,110.0,Extremely Severe/Super Cyclone,NILOFAR,2014
201479I,2014102900,18.1,61.8,105.0,Extremely Severe/Super Cyclone,NILOFAR,2014
201479I,2014102903,18.5,61.8,100.0,Extremely Severe/Super Cyclone,NILOFAR,2014
201479I,2014102906,18.7,61.9,95.0,Extremely Severe/Super Cyclone,NILOFAR,2014
201479I,2014102909,18.8,62.0,90.0,Extremely Severe/Super Cyclone,NILOFAR,2014
201479I,2014102912,19.0,62.2,80.0,Very Severe Cyclonic Storm,NILOFAR,2014
201479I,2014102915,19.2,62.5,70.0,Very Severe Cyclonic Storm,NILOFAR,2014
201479I,2014102918,19.3,62.9,70.0,Very Severe Cyclonic Storm,NILOFAR,2014
201479I,2014102921,19.4,63.2,60.0,Severe Cyclonic Storm,NILOFAR,2014
201479I,2014103000,19.6,63.6,60.0,Severe Cyclonic Storm,NILOFAR,2014
201479I,2014103003,19.8,63.9,50.0,Severe Cyclonic Storm,NILOFAR,2014
201479I,2014103006,20.1,64.2,45.0,Cyclonic Storm,NILOFAR,2014
201479I,2014103009,20.1,64.4,40.0,Cyclonic Storm,NILOFAR,2014
201479I,2014103012,20.3,64.6,40.0,Cyclonic Storm,NILOFAR,2014
201479I,2014103015,20.4,64.6,38.0,Cyclonic Storm,NILOFAR,2014
201479I,2014103018,20.5,64.8,35.0,Cyclonic Storm,NILOFAR,2014
201479I,2014103021,20.6,64.9,30.0,Depression,NILOFAR,2014
201479I,2014103100,20.7,65.0,25.0,Depression,NILOFAR,2014
201479I,2014103103,20.8,65.1,28.0,Depression,NILOFAR,2014
201479I,2014103106,21.0,65.1,25.0,Depression,NILOFAR,2014
201479I,2014103109,21.2,65.1,25.0,Depression,NILOFAR,2014
201479I,2014103112,21.4,65.0,25.0,Depression,NILOFAR,2014
201479I,2014103115,21.6,64.9,23.0,Depression,NILOFAR,2014
201479I,2014103118,21.7,64.7,20.0,Depression,NILOFAR,2014
201479I,2014103121,21.7,64.5,20.0,Depression,NILOFAR,2014
201479I,2014110100,21.7,64.2,20.0,Depression,NILOFAR,2014
201479I,2014110103,21.7,64.0,20.0,Depression,NILOFAR,2014
201479I,2014110106,21.7,63.8,20.0,Depression,NILOFAR,2014
201479I,2014110109,21.7,63.6,18.0,Depression,NILOFAR,2014
201479I,2014110112,21.7,63.3,15.0,Depression,NILOFAR,2014
201482I,2014110500,12.8,87.8,20.0,Depression,UNNAMED,2014
201482I,2014110503,12.9,87.7,20.0,Depression,UNNAMED,2014
201482I,2014110506,13.0,87.6,20.0,Depression,UNNAMED,2014
201482I,2014110509,13.1,87.5,25.0,Depression,UNNAMED,2014
201482I,2014110512,13.2,87.4,25.0,Depression,UNNAMED,2014
201482I,2014110515,13.3,87.4,25.0,Depression,UNNAMED,2014
201482I,2014110518,13.5,87.4,25.0,Depression,UNNAMED,2014
201482I,2014110521,13.7,87.3,25.0,Depression,UNNAMED,2014
201482I,2014110600,13.8,87.3,25.0,Depression,UNNAMED,2014
201482I,2014110603,13.8,87.4,30.0,Depression,UNNAMED,2014
201482I,2014110606,13.8,87.7,30.0,Depression,UNNAMED,2014
201482I,2014110609,13.7,87.9,30.0,Depression,UNNAMED,2014
201482I,2014110612,13.7,88.1,30.0,Depression,UNNAMED,2014
201482I,2014110615,13.6,88.2,30.0,Depression,UNNAMED,2014
201482I,2014110618,13.6,88.2,30.0,Depression,UNNAMED,2014
201482I,2014110621,13.7,88.0,30.0,Depression,UNNAMED,2014
201482I,2014110700,13.9,87.9,30.0,Depression,UNNAMED,2014
201482I,2014110703,14.1,87.7,30.0,Depression,UNNAMED,2014
201482I,2014110706,14.2,87.6,25.0,Depression,UNNAMED,2014
201482I,2014110709,14.2,87.5,25.0,Depression,UNNAMED,2014
201482I,2014110712,14.2,87.4,25.0,Depression,UNNAMED,2014
201482I,2014110715,14.2,87.1,25.0,Depression,UNNAMED,2014
201482I,2014110718,14.3,86.8,25.0,Depression,UNNAMED,2014
201482I,2014110721,14.4,86.4,25.0,Depression,UNNAMED,2014
201482I,2014110800,14.5,85.9,25.0,Depression,UNNAMED,2014
201482I,2014110803,14.4,85.4,20.0,Depression,UNNAMED,2014
201482I,2014110806,14.3,85.1,20.0,Depression,UNNAMED,2014
201482I,2014110809,14.1,84.7,20.0,Depression,UNNAMED,2014
201482I,2014110812,14.0,84.2,20.0,Depression,UNNAMED,2014
201482I,2014110815,14.0,83.7,20.0,Depression,UNNAMED,2014
201482I,2014110818,14.1,83.3,20.0,Depression,UNNAMED,2014
201482I,2014110821,14.3,83.0,20.0,Depression,UNNAMED,2014
201482I,2014110900,14.5,82.7,20.0,Depression,UNNAMED,2014
201482I,2014110903,14.7,82.4,20.0,Depression,UNNAMED,2014
201482I,2014110906,14.9,82.2,20.0,Depression,UNNAMED,2014
2015100I,2015110803,10.7,83.7,25.0,Depression,UNNAMED,2015
2015100I,2015110806,10.8,83.2,25.0,Depression,UNNAMED,2015
2015100I,2015110809,10.9,82.8,25.0,Depression,UNNAMED,2015
2015100I,2015110812,11.0,82.5,25.0,Depression,UNNAMED,2015
2015100I,2015110815,11.1,82.0,28.0,Depression,UNNAMED,2015
2015100I,2015110818,11.2,81.4,30.0,Depression,UNNAMED,2015
2015100I,2015110821,11.3,81.0,30.0,Depression,UNNAMED,2015
2015100I,2015110900,11.4,80.7,30.0,Depression,UNNAMED,2015
2015100I,2015110903,11.6,80.3,30.0,Depression,UNNAMED,2015
2015100I,2015110906,11.7,80.1,30.0,Depression,UNNAMED,2015
2015100I,2015110909,11.9,80.0,30.0,Depression,UNNAMED,2015
2015100I,2015110912,12.1,80.0,30.0,Depression,UNNAMED,2015
2015100I,2015110915,12.3,80.0,30.0,Depression,UNNAMED,2015
2015100I,2015110918,12.4,79.9,30.0,Depression,UNNAMED,2015
2015100I,2015110921,12.4,79.8,30.0,Depression,UNNAMED,2015
2015100I,2015111000,12.4,79.6,30.0,Depression,UNNAMED,2015
2015100I,2015111003,12.4,79.3,20.0,Depression,UNNAMED,2015
201531I,2015060606,13.1,68.5,25.0,Depression,ASHOBAA,2015
201531I,2015060609,13.5,68.6,25.0,Depression,ASHOBAA,2015
201531I,2015060612,13.8,68.6,25.0,Depression,ASHOBAA,2015
201531I,2015060615,14.1,68.6,25.0,Depression,ASHOBAA,2015
201531I,2015060618,14.5,68.6,25.0,Depression,ASHOBAA,2015
201531I,2015060621,14.9,68.6,28.0,Depression,ASHOBAA,2015
201531I,2015060700,15.2,68.6,30.0,Depression,ASHOBAA,2015
201531I,2015060703,15.3,68.5,25.0,Depression,ASHOBAA,2015
201531I,2015060706,15.5,68.4,25.0,Depression,ASHOBAA,2015
201531I,2015060709,15.8,68.3,25.0,Depression,ASHOBAA,2015
201531I,2015060712,16.2,68.3,25.0,Depression,ASHOBAA,2015
201531I,2015060715,16.5,68.3,25.0,Depression,ASHOBAA,2015
201531I,2015060718,16.9,68.3,25.0,Depression,ASHOBAA,2015
201531I,2015060721,17.2,68.0,28.0,Depression,ASHOBAA,2015
201531I,2015060800,17.7,67.6,30.0,Depression,ASHOBAA,2015
201531I,2015060803,18.0,67.2,35.0,Cyclonic Storm,ASHOBAA,2015
201531I,2015060806,18.0,67.0,35.0,Cyclonic Storm,ASHOBAA,2015
201531I,2015060809,18.5,66.6,35.0,Cyclonic Storm,ASHOBAA,2015
201531I,2015060812,18.7,66.4,35.0,Cyclonic Storm,ASHOBAA,2015
201531I,2015060815,18.9,66.1,35.0,Cyclonic Storm,ASHOBAA,2015
201531I,2015060818,19.3,65.7,35.0,Cyclonic Storm,ASHOBAA,2015
201531I,2015060821,19.7,65.4,35.0,Cyclonic Storm,ASHOBAA,2015
201531I,2015060900,20.1,65.1,35.0,Cyclonic Storm,ASHOBAA,2015
201531I,2015060903,20.2,64.8,35.0,Cyclonic Storm,ASHOBAA,2015
201531I,2015060906,20.5,64.4,35.0,Cyclonic Storm,ASHOBAA,2015
201531I,2015060909,20.6,63.8,40.0,Cyclonic Storm,ASHOBAA,2015
201531I,2015060912,21.0,63.3,40.0,Cyclonic Storm,ASHOBAA,2015
201531I,2015060915,21.1,62.8,40.0,Cyclonic Storm,ASHOBAA,2015
201531I,2015060918,21.1,62.6,45.0,Cyclonic Storm,ASHOBAA,2015
201531I,2015060921,21.2,62.3,45.0,Cyclonic Storm,ASHOBAA,2015
201531I,2015061000,21.2,62.0,45.0,Cyclonic Storm,ASHOBAA,2015
201531I,2015061003,21.1,61.8,45.0,Cyclonic Storm,ASHOBAA,2015
201531I,2015061006,21.1,61.6,45.0,Cyclonic Storm,ASHOBAA,2015
201531I,2015061009,21.0,61.3,45.0,Cyclonic Storm,ASHOBAA,2015
201531I,2015061012,21.0,61.3,45.0,Cyclonic Storm,ASHOBAA,2015
201531I,2015061015,20.8,61.1,45.0,Cyclonic Storm,ASHOBAA,2015
201531I,2015061018,20.8,61.1,45.0,Cyclonic Storm,ASHOBAA,2015
201531I,2015061021,20.8,61.2,45.0,Cyclonic Storm,ASHOBAA,2015
201531I,2015061100,20.8,60.9,40.0,Cyclonic Storm,ASHOBAA,2015
201531I,2015061103,20.8,60.8,40.0,Cyclonic Storm,ASHOBAA,2015
201531I,2015061106,20.8,60.6,35.0,Cyclonic Storm,ASHOBAA,2015
201531I,2015061109,20.8,60.4,35.0,Cyclonic Storm,ASHOBAA,2015
201531I,2015061112,20.8,60.2,35.0,Cyclonic Storm,ASHOBAA,2015
201531I,2015061115,20.8,59.9,35.0,Cyclonic Storm,ASHOBAA,2015
201531I,2015061118,20.8,59.9,30.0,Depression,ASHOBAA,2015
201531I,2015061121,20.8,59.8,28.0,Depression,ASHOBAA,2015
201531I,2015061200,20.8,59.8,25.0,Depression,ASHOBAA,2015
201531I,2015061203,20.8,59.7,25.0,Depression,ASHOBAA,2015
201531I,2015061206,20.8,59.7,25.0,Depression,ASHOBAA,2015
201535I,2015062003,18.0,86.0,25.0,Depression,UNNAMED,2015
201535I,2015062006,18.5,86.0,25.0,Depression,UNNAMED,2015
201535I,2015062009,18.8,85.8,25.0,Depression,UNNAMED,2015
201535I,2015062012,19.0,85.5,25.0,Depression,UNNAMED,2015
201535I,2015062015,19.1,85.4,25.0,Depression,UNNAMED,2015
201535I,2015062018,19.2,85.4,25.0,Depression,UNNAMED,2015
201535I,2015062021,19.4,85.2,25.0,Depression,UNNAMED,2015
201535I,2015062100,19.7,85.0,25.0,Depression,UNNAMED,2015
201535I,2015062103,20.0,85.0,25.0,Depression,UNNAMED,2015
201535I,2015062106,20.0,84.5,25.0,Depression,UNNAMED,2015
201535I,2015062109,20.2,84.4,25.0,Depression,UNNAMED,2015
201535I,2015062112,20.5,84.5,25.0,Depression,UNNAMED,2015
201535I,2015062115,20.8,84.5,25.0,Depression,UNNAMED,2015
201535I,2015062118,21.0,84.5,25.0,Depression,UNNAMED,2015
201536I,2015062203,20.0,67.0,25.0,Depression,UNNAMED,2015
201536I,2015062206,20.0,67.0,25.0,Depression,UNNAMED,2015
201536I,2015062209,20.0,66.9,25.0,Depression,UNNAMED,2015
201536I,2015062212,20.0,67.0,25.0,Depression,UNNAMED,2015
201536I,2015062215,20.1,67.7,25.0,Depression,UNNAMED,2015
201536I,2015062218,20.2,68.5,25.0,Depression,UNNAMED,2015
201536I,2015062221,20.4,68.9,25.0,Depression,UNNAMED,2015
201536I,2015062300,20.5,69.5,25.0,Depression,UNNAMED,2015
201536I,2015062303,20.5,70.5,30.0,Depression,UNNAMED,2015
201536I,2015062306,21.0,71.0,30.0,Depression,UNNAMED,2015
201536I,2015062309,21.1,71.2,30.0,Depression,UNNAMED,2015
201536I,2015062312,21.0,71.3,30.0,Depression,UNNAMED,2015
201536I,2015062315,21.3,71.4,30.0,Depression,UNNAMED,2015
201536I,2015062318,21.6,71.4,30.0,Depression,UNNAMED,2015
201536I,2015062321,21.9,71.4,30.0,Depression,UNNAMED,2015
201536I,2015062400,22.2,71.5,30.0,Depression,UNNAMED,2015
201536I,2015062403,22.4,72.0,30.0,Depression,UNNAMED,2015
201536I,2015062406,22.8,72.7,30.0,Depression,UNNAMED,2015
201536I,2015062409,23.0,73.3,28.0,Depression,UNNAMED,2015
201536I,2015062412,23.5,74.0,25.0,Depression,UNNAMED,2015
201536I,2015062415,24.6,74.9,25.0,Depression,UNNAMED,2015
201536I,2015062418,26.0,76.0,25.0,Depression,UNNAMED,2015
201544I,2015071003,23.1,85.1,25.0,Depression,UNNAMED,2015
201544I,2015071006,23.1,85.0,25.0,Depression,UNNAMED,2015
201544I,2015071009,23.3,84.0,25.0,Depression,UNNAMED,2015
201544I,2015071012,23.5,83.5,25.0,Depression,UNNAMED,2015
201544I,2015071015,23.5,82.5,25.0,Depression,UNNAMED,2015
201544I,2015071018,23.6,82.3,25.0,Depression,UNNAMED,2015
201544I,2015071021,23.8,81.0,25.0,Depression,UNNAMED,2015
201544I,2015071100,24.0,80.5,25.0,Depression,UNNAMED,2015
201544I,2015071103,24.0,80.5,25.0,Depression,UNNAMED,2015
201544I,2015071106,24.5,80.5,25.0,Depression,UNNAMED,2015
201544I,2015071109,24.5,80.5,25.0,Depression,UNNAMED,2015
201544I,2015071112,25.5,80.5,25.0,Depression,UNNAMED,2015
201544I,2015071115,26.0,80.0,25.0,Depression,UNNAMED,2015
201544I,2015071118,26.5,79.5,25.0,Depression,UNNAMED,2015
201544I,2015071121,26.0,78.5,25.0,Depression,UNNAMED,2015
201544I,2015071200,27.5,78.3,25.0,Depression,UNNAMED,2015
201544I,2015071203,28.5,78.0,25.0,Depression,UNNAMED,2015
201544I,2015071206,28.5,77.5,25.0,Depression,UNNAMED,2015
201544I,2015071209,28.5,77.3,25.0,Depression,UNNAMED,2015
201550I,2015072600,22.0,90.8,20.0,Depression,KOMEN,2015
201550I,2015072603,22.0,90.8,20.0,Depression,KOMEN,2015
201550I,2015072606,22.0,90.5,20.0,Depression,KOMEN,2015
201550I,2015072609,22.0,90.4,20.0,Depression,KOMEN,2015
201550I,2015072612,22.0,90.5,20.0,Depression,KOMEN,2015
201550I,2015072615,22.0,90.5,20.0,Depression,KOMEN,2015
201550I,2015072618,22.0,90.5,20.0,Depression,KOMEN,2015
201550I,2015072621,22.0,90.5,20.0,Depression,KOMEN,2015
201550I,2015072700,22.0,90.5,20.0,Depression,KOMEN,2015
201550I,2015072703,22.0,90.5,25.0,Depression,KOMEN,2015
201550I,2015072706,22.0,90.5,25.0,Depression,KOMEN,2015
201550I,2015072709,22.0,90.5,25.0,Depression,KOMEN,2015
201550I,2015072712,22.0,90.5,25.0,Depression,KOMEN,2015
201550I,2015072715,22.0,90.5,25.0,Depression,KOMEN,2015
201550I,2015072718,22.0,90.5,25.0,Depression,KOMEN,2015
201550I,2015072721,22.0,90.5,25.0,Depression,KOMEN,2015
201550I,2015072800,22.0,90.5,25.0,Depression,KOMEN,2015
201550I,2015072803,22.0,90.5,25.0,Depression,KOMEN,2015
201550I,2015072806,21.6,90.4,25.0,Depression,KOMEN,2015
201550I,2015072809,21.4,90.4,25.0,Depression,KOMEN,2015
201550I,2015072812,21.3,90.5,25.0,Depression,KOMEN,2015
201550I,2015072815,21.3,90.7,25.0,Depression,KOMEN,2015
201550I,2015072818,21.2,90.9,25.0,Depression,KOMEN,2015
201550I,2015072821,21.0,91.0,28.0,Depression,KOMEN,2015
201550I,2015072900,21.0,91.1,30.0,Depression,KOMEN,2015
201550I,2015072903,21.0,91.1,30.0,Depression,KOMEN,2015
201550I,2015072906,21.1,91.2,30.0,Depression,KOMEN,2015
201550I,2015072909,21.2,91.2,30.0,Depression,KOMEN,2015
201550I,2015072912,21.3,91.3,30.0,Depression,KOMEN,2015
201550I,2015072915,21.4,91.3,33.0,Depression,KOMEN,2015
201550I,2015072918,21.5,91.4,35.0,Cyclonic Storm,KOMEN,2015
201550I,2015072921,21.5,91.4,35.0,Cyclonic Storm,KOMEN,2015
201550I,2015073000,21.7,91.5,35.0,Cyclonic Storm,KOMEN,2015
201550I,2015073003,21.9,91.5,35.0,Cyclonic Storm,KOMEN,2015
201550I,2015073006,22.1,91.5,40.0,Cyclonic Storm,KOMEN,2015
201550I,2015073009,22.1,91.5,40.0,Cyclonic Storm,KOMEN,2015
201550I,2015073012,22.3,91.5,35.0,Cyclonic Storm,KOMEN,2015
201550I,2015073015,22.5,91.4,35.0,Cyclonic Storm,KOMEN,2015
201550I,2015073018,22.7,91.2,35.0,Cyclonic Storm,KOMEN,2015
201550I,2015073021,22.9,91.1,30.0,Depression,KOMEN,2015
201550I,2015073100,23.1,90.2,30.0,Depression,KOMEN,2015
201550I,2015073103,23.1,90.0,30.0,Depression,KOMEN,2015
201550I,2015073106,23.1,89.8,30.0,Depression,KOMEN,2015
201550I,2015073109,23.1,89.6,28.0,Depression,KOMEN,2015
201550I,2015073112,23.1,89.5,25.0,Depression,KOMEN,2015
201550I,2015073115,23.1,89.4,25.0,Depression,KOMEN,2015
201550I,2015073118,23.1,89.4,25.0,Depression,KOMEN,2015
201550I,2015073121,23.2,89.3,23.0,Depression,KOMEN,2015
201550I,2015080100,23.2,89.2,20.0,Depression,KOMEN,2015
201550I,2015080103,23.2,89.2,20.0,Depression,KOMEN,2015
201550I,2015080106,23.5,88.8,20.0,Depression,KOMEN,2015
201550I,2015080109,23.7,88.6,20.0,Depression,KOMEN,2015
201550I,2015080112,23.8,88.4,20.0,Depression,KOMEN,2015
201550I,2015080115,23.8,88.0,20.0,Depression,KOMEN,2015
201550I,2015080118,23.8,87.5,20.0,Depression,KOMEN,2015
201550I,2015080121,23.9,87.2,20.0,Depression,KOMEN,2015
201550I,2015080200,23.8,86.7,20.0,Depression,KOMEN,2015
201550I,2015080203,23.5,86.0,20.0,Depression,KOMEN,2015
201550I,2015080206,23.3,85.7,20.0,Depression,KOMEN,2015
201550I,2015080209,23.1,85.5,20.0,Depression,KOMEN,2015
201553I,2015072712,26.2,71.8,25.0,Depression,UNNAMED,2015
201553I,2015072715,26.0,71.8,25.0,Depression,UNNAMED,2015
201553I,2015072718,25.8,71.8,25.0,Depression,UNNAMED,2015
201553I,2015072721,26.1,71.8,25.0,Depression,UNNAMED,2015
201553I,2015072800,26.2,71.8,25.0,Depression,UNNAMED,2015
201553I,2015072803,24.8,71.8,30.0,Depression,UNNAMED,2015
201553I,2015072806,24.8,71.8,30.0,Depression,UNNAMED,2015
201553I,2015072809,24.8,71.8,30.0,Depression,UNNAMED,2015
201553I,2015072812,25.5,72.0,30.0,Depression,UNNAMED,2015
201553I,2015072815,25.6,72.1,30.0,Depression,UNNAMED,2015
201553I,2015072818,25.8,72.1,30.0,Depression,UNNAMED,2015
201553I,2015072821,25.9,72.3,25.0,Depression,UNNAMED,2015
201553I,2015072900,26.5,72.5,25.0,Depression,UNNAMED,2015
201553I,2015072903,27.2,73.0,25.0,Depression,UNNAMED,2015
201553I,2015072906,27.2,73.0,25.0,Depression,UNNAMED,2015
201553I,2015072909,27.2,73.0,25.0,Depression,UNNAMED,2015
201553I,2015072912,27.7,73.0,25.0,Depression,UNNAMED,2015
201553I,2015072915,27.9,73.0,25.0,Depression,UNNAMED,2015
201553I,2015072918,27.9,73.1,25.0,Depression,UNNAMED,2015
201553I,2015072921,28.0,73.1,25.0,Depression,UNNAMED,2015
201553I,2015073000,28.7,73.4,25.0,Depression,UNNAMED,2015
201557I,2015080403,22.7,80.5,25.0,Depression,UNNAMED,2015
201557I,2015080406,22.7,80.0,25.0,Depression,UNNAMED,2015
201557I,2015080409,22.7,79.5,25.0,Depression,UNNAMED,2015
201557I,2015080412,22.7,77.8,25.0,Depression,UNNAMED,2015
201557I,2015080415,22.7,77.3,25.0,Depression,UNNAMED,2015
201557I,2015080418,22.7,77.8,25.0,Depression,UNNAMED,2015
201579I,2015091603,19.6,83.5,25.0,Depression,UNNAMED,2015
201579I,2015091606,20.3,83.0,25.0,Depression,UNNAMED,2015
201579I,2015091609,20.4,82.7,25.0,Depression,UNNAMED,2015
201579I,2015091612,20.5,82.5,25.0,Depression,UNNAMED,2015
201579I,2015091615,20.6,82.0,25.0,Depression,UNNAMED,2015
201579I,2015091618,20.8,81.9,25.0,Depression,UNNAMED,2015
201579I,2015091621,21.0,81.9,25.0,Depression,UNNAMED,2015
201579I,2015091700,21.1,81.5,25.0,Depression,UNNAMED,2015
201579I,2015091703,21.0,79.5,30.0,Depression,UNNAMED,2015
201579I,2015091706,20.5,79.5,30.0,Depression,UNNAMED,2015
201579I,2015091709,20.0,79.5,30.0,Depression,UNNAMED,2015
201579I,2015091712,20.5,79.0,30.0,Depression,UNNAMED,2015
201579I,2015091715,20.0,77.5,30.0,Depression,UNNAMED,2015
201579I,2015091718,20.0,77.0,30.0,Depression,UNNAMED,2015
201579I,2015091721,20.0,76.4,30.0,Depression,UNNAMED,2015
201579I,2015091800,20.8,77.4,25.0,Depression,UNNAMED,2015
201579I,2015091803,20.7,77.0,30.0,Depression,UNNAMED,2015
201579I,2015091806,20.0,77.0,30.0,Depression,UNNAMED,2015
201579I,2015091809,20.7,76.5,25.0,Depression,UNNAMED,2015
201579I,2015091812,20.5,76.0,25.0,Depression,UNNAMED,2015
201579I,2015091815,20.5,75.8,25.0,Depression,UNNAMED,2015
201579I,2015091818,20.5,75.5,25.0,Depression,UNNAMED,2015
201579I,2015091821,20.8,75.0,25.0,Depression,UNNAMED,2015
201579I,2015091900,21.0,74.5,25.0,Depression,UNNAMED,2015
201590I,2015100700,12.7,71.3,25.0,Depression,UNNAMED,2015
201590I,2015100703,12.6,71.3,28.0,Depression,UNNAMED,2015
201590I,2015100706,12.5,71.4,30.0,Depression,UNNAMED,2015
201590I,2015100709,12.5,71.5,30.0,Depression,UNNAMED,2015
201590I,2015100712,12.6,71.6,30.0,Depression,UNNAMED,2015
201590I,2015100715,12.7,71.7,30.0,Depression,UNNAMED,2015
201590I,2015100718,12.8,71.7,30.0,Depression,UNNAMED,2015
201590I,2015100721,12.9,71.6,30.0,Depression,UNNAMED,2015
201590I,2015100800,12.9,71.5,30.0,Depression,UNNAMED,2015
201590I,2015100803,12.9,71.4,30.0,Depression,UNNAMED,2015
201590I,2015100806,12.9,71.3,30.0,Depression,UNNAMED,2015
201590I,2015100809,13.0,71.2,30.0,Depression,UNNAMED,2015
201590I,2015100812,13.2,71.1,30.0,Depression,UNNAMED,2015
201590I,2015100815,13.3,71.0,30.0,Depression,UNNAMED,2015
201590I,2015100818,13.4,70.9,30.0,Depression,UNNAMED,2015
201590I,2015100821,13.5,70.8,30.0,Depression,UNNAMED,2015
201590I,2015100900,13.7,70.6,25.0,Depression,UNNAMED,2015
201590I,2015100903,13.8,70.5,25.0,Depression,UNNAMED,2015
201590I,2015100906,14.0,70.4,25.0,Depression,UNNAMED,2015
201590I,2015100909,14.1,70.3,25.0,Depression,UNNAMED,2015
201590I,2015100912,14.3,70.2,25.0,Depression,UNNAMED,2015
201590I,2015100915,14.5,70.1,28.0,Depression,UNNAMED,2015
201590I,2015100918,14.7,69.9,30.0,Depression,UNNAMED,2015
201590I,2015100921,14.8,69.7,30.0,Depression,UNNAMED,2015
201590I,2015101000,15.0,69.6,30.0,Depression,UNNAMED,2015
201590I,2015101003,15.1,69.5,30.0,Depression,UNNAMED,2015
201590I,2015101006,15.1,69.4,30.0,Depression,UNNAMED,2015
201590I,2015101009,15.2,69.4,30.0,Depression,UNNAMED,2015
201590I,2015101012,15.3,69.4,30.0,Depression,UNNAMED,2015
201590I,2015101015,15.3,69.4,30.0,Depression,UNNAMED,2015
201590I,2015101018,15.4,69.4,30.0,Depression,UNNAMED,2015
201590I,2015101021,15.5,69.4,30.0,Depression,UNNAMED,2015
201590I,2015101100,15.6,69.3,30.0,Depression,UNNAMED,2015
201590I,2015101103,15.7,69.3,25.0,Depression,UNNAMED,2015
201590I,2015101106,15.7,69.2,25.0,Depression,UNNAMED,2015
201590I,2015101109,15.8,69.2,25.0,Depression,UNNAMED,2015
201590I,2015101112,15.9,69.2,25.0,Depression,UNNAMED,2015
201590I,2015101115,16.0,69.2,25.0,Depression,UNNAMED,2015
201590I,2015101118,16.0,69.2,25.0,Depression,UNNAMED,2015
201590I,2015101121,16.0,69.1,23.0,Depression,UNNAMED,2015
201590I,2015101200,16.1,69.0,20.0,Depression,UNNAMED,2015
201598I,2015102712,10.7,65.1,25.0,Depression,CHAPALA,2015
201598I,2015102715,10.9,65.0,25.0,Depression,CHAPALA,2015
201598I,2015102718,11.1,64.9,25.0,Depression,CHAPALA,2015
201598I,2015102721,11.3,64.8,28.0,Depression,CHAPALA,2015
201598I,2015102800,11.6,64.7,30.0,Depression,CHAPALA,2015
201598I,2015102803,11.8,64.7,25.0,Depression,CHAPALA,2015
201598I,2015102806,12.0,64.8,25.0,Depression,CHAPALA,2015
201598I,2015102809,12.4,64.8,28.0,Depression,CHAPALA,2015
201598I,2015102812,12.7,64.8,30.0,Depression,CHAPALA,2015
201598I,2015102815,12.9,64.8,30.0,Depression,CHAPALA,2015
201598I,2015102818,13.1,64.6,30.0,Depression,CHAPALA,2015
201598I,2015102821,13.3,64.4,33.0,Depression,CHAPALA,2015
201598I,2015102900,13.6,64.3,35.0,Cyclonic Storm,CHAPALA,2015
201598I,2015102903,13.7,64.1,40.0,Cyclonic Storm,CHAPALA,2015
201598I,2015102906,13.9,63.8,45.0,Cyclonic Storm,CHAPALA,2015
201598I,2015102909,14.0,63.5,50.0,Severe Cyclonic Storm,CHAPALA,2015
201598I,2015102912,14.2,63.2,55.0,Severe Cyclonic Storm,CHAPALA,2015
201598I,2015102915,14.3,62.8,60.0,Severe Cyclonic Storm,CHAPALA,2015
201598I,2015102918,14.3,62.5,65.0,Very Severe Cyclonic Storm,CHAPALA,2015
201598I,2015102921,14.3,62.2,75.0,Very Severe Cyclonic Storm,CHAPALA,2015
201598I,2015103000,14.3,61.8,90.0,Extremely Severe/Super Cyclone,CHAPALA,2015
201598I,2015103003,14.2,61.5,105.0,Extremely Severe/Super Cyclone,CHAPALA,2015
201598I,2015103006,14.2,61.1,110.0,Extremely Severe/Super Cyclone,CHAPALA,2015
201598I,2015103009,14.1,60.8,115.0,Extremely Severe/Super Cyclone,CHAPALA,2015
201598I,2015103012,14.1,60.6,115.0,Extremely Severe/Super Cyclone,CHAPALA,2015
201598I,2015103015,14.0,60.4,115.0,Extremely Severe/Super Cyclone,CHAPALA,2015
201598I,2015103018,13.9,60.2,115.0,Extremely Severe/Super Cyclone,CHAPALA,2015
201598I,2015103021,13.9,59.9,115.0,Extremely Severe/Super Cyclone,CHAPALA,2015
201598I,2015103100,13.8,59.6,110.0,Extremely Severe/Super Cyclone,CHAPALA,2015
201598I,2015103103,13.8,59.2,110.0,Extremely Severe/Super Cyclone,CHAPALA,2015
201598I,2015103106,13.8,58.7,105.0,Extremely Severe/Super Cyclone,CHAPALA,2015
201598I,2015103109,13.8,58.3,105.0,Extremely Severe/Super Cyclone,CHAPALA,2015
201598I,2015103112,13.8,57.9,105.0,Extremely Severe/Super Cyclone,CHAPALA,2015
201598I,2015103115,13.8,57.5,105.0,Extremely Severe/Super Cyclone,CHAPALA,2015
201598I,2015103118,13.8,57.2,105.0,Extremely Severe/Super Cyclone,CHAPALA,2015
201598I,2015103121,13.7,56.8,105.0,Extremely Severe/Super Cyclone,CHAPALA,2015
201598I,2015110100,13.7,56.4,105.0,Extremely Severe/Super Cyclone,CHAPALA,2015
201598I,2015110103,13.6,56.1,105.0,Extremely Severe/Super Cyclone,CHAPALA,2015
201598I,2015110106,13.6,55.7,100.0,Extremely Severe/Super Cyclone,CHAPALA,2015
201598I,2015110109,13.5,55.2,100.0,Extremely Severe/Super Cyclone,CHAPALA,2015
201598I,2015110112,13.6,54.7,100.0,Extremely Severe/Super Cyclone,CHAPALA,2015
201598I,2015110115,13.5,54.2,100.0,Extremely Severe/Super Cyclone,CHAPALA,2015
201598I,2015110118,13.4,53.7,100.0,Extremely Severe/Super Cyclone,CHAPALA,2015
201598I,2015110121,13.3,53.1,100.0,Extremely Severe/Super Cyclone,CHAPALA,2015
201598I,2015110200,13.2,52.6,100.0,Extremely Severe/Super Cyclone,CHAPALA,2015
201598I,2015110203,13.2,52.2,95.0,Extremely Severe/Super Cyclone,CHAPALA,2015
201598I,2015110206,13.3,51.6,90.0,Extremely Severe/Super Cyclone,CHAPALA,2015
201598I,2015110209,13.3,51.0,90.0,Extremely Severe/Super Cyclone,CHAPALA,2015
201598I,2015110212,13.4,50.6,85.0,Very Severe Cyclonic Storm,CHAPALA,2015
201598I,2015110215,13.5,50.0,85.0,Very Severe Cyclonic Storm,CHAPALA,2015
201598I,2015110218,13.7,49.6,80.0,Very Severe Cyclonic Storm,CHAPALA,2015
201598I,2015110221,13.8,49.3,75.0,Very Severe Cyclonic Storm,CHAPALA,2015
201598I,2015110300,14.0,48.9,65.0,Very Severe Cyclonic Storm,CHAPALA,2015
201598I,2015110303,14.1,48.4,55.0,Severe Cyclonic Storm,CHAPALA,2015
201598I,2015110306,14.1,47.9,45.0,Cyclonic Storm,CHAPALA,2015
201598I,2015110309,14.1,47.6,40.0,Cyclonic Storm,CHAPALA,2015
201598I,2015110312,14.1,47.4,40.0,Cyclonic Storm,CHAPALA,2015
201598I,2015110315,14.2,47.2,40.0,Cyclonic Storm,CHAPALA,2015
201598I,2015110318,14.3,47.1,30.0,Depression,CHAPALA,2015
201598I,2015110321,14.5,46.8,28.0,Depression,CHAPALA,2015
201598I,2015110400,14.8,46.5,25.0,Depression,CHAPALA,2015
201599I,2015110412,14.0,66.9,20.0,Depression,MEGH,2015
201599I,2015110415,14.0,66.6,23.0,Depression,MEGH,2015
201599I,2015110418,14.0,66.4,25.0,Depression,MEGH,2015
201599I,2015110421,14.1,66.1,28.0,Depression,MEGH,2015
201599I,2015110500,14.1,65.8,25.0,Depression,MEGH,2015
201599I,2015110503,14.1,65.4,25.0,Depression,MEGH,2015
201599I,2015110506,14.0,64.8,30.0,Depression,MEGH,2015
201599I,2015110509,14.0,64.3,33.0,Depression,MEGH,2015
201599I,2015110512,14.0,64.0,35.0,Cyclonic Storm,MEGH,2015
201599I,2015110515,13.9,63.6,40.0,Cyclonic Storm,MEGH,2015
201599I,2015110518,13.8,63.3,45.0,Cyclonic Storm,MEGH,2015
201599I,2015110521,13.7,62.9,45.0,Cyclonic Storm,MEGH,2015
201599I,2015110600,13.6,62.5,45.0,Cyclonic Storm,MEGH,2015
201599I,2015110603,13.4,62.2,45.0,Cyclonic Storm,MEGH,2015
201599I,2015110606,13.3,61.9,45.0,Cyclonic Storm,MEGH,2015
201599I,2015110609,13.1,61.6,45.0,Cyclonic Storm,MEGH,2015
201599I,2015110612,13.1,61.2,45.0,Cyclonic Storm,MEGH,2015
201599I,2015110615,12.9,60.9,45.0,Cyclonic Storm,MEGH,2015
201599I,2015110618,12.9,60.7,45.0,Cyclonic Storm,MEGH,2015
201599I,2015110621,12.8,60.4,45.0,Cyclonic Storm,MEGH,2015
201599I,2015110700,12.8,60.1,45.0,Cyclonic Storm,MEGH,2015
201599I,2015110703,12.8,59.6,45.0,Cyclonic Storm,MEGH,2015
201599I,2015110706,12.7,59.3,50.0,Severe Cyclonic Storm,MEGH,2015
201599I,2015110709,12.7,58.8,55.0,Severe Cyclonic Storm,MEGH,2015
201599I,2015110712,12.8,58.4,60.0,Severe Cyclonic Storm,MEGH,2015
201599I,2015110715,12.7,57.9,65.0,Very Severe Cyclonic Storm,MEGH,2015
201599I,2015110718,12.8,57.3,70.0,Very Severe Cyclonic Storm,MEGH,2015
201599I,2015110721,12.7,56.7,80.0,Very Severe Cyclonic Storm,MEGH,2015
201599I,2015110800,12.7,56.1,85.0,Very Severe Cyclonic Storm,MEGH,2015
201599I,2015110803,12.7,55.5,90.0,Extremely Severe/Super Cyclone,MEGH,2015
201599I,2015110806,12.7,54.9,95.0,Extremely Severe/Super Cyclone,MEGH,2015
201599I,2015110809,12.7,54.2,95.0,Extremely Severe/Super Cyclone,MEGH,2015
201599I,2015110812,12.7,53.5,90.0,Extremely Severe/Super Cyclone,MEGH,2015
201599I,2015110815,12.6,52.8,90.0,Extremely Severe/Super Cyclone,MEGH,2015
201599I,2015110818,12.5,52.3,90.0,Extremely Severe/Super Cyclone,MEGH,2015
201599I,2015110821,12.4,51.6,90.0,Extremely Severe/Super Cyclone,MEGH,2015
201599I,2015110900,12.3,50.9,85.0,Very Severe Cyclonic Storm,MEGH,2015
201599I,2015110903,12.2,50.2,80.0,Very Severe Cyclonic Storm,MEGH,2015
201599I,2015110906,12.3,49.6,80.0,Very Severe Cyclonic Storm,MEGH,2015
201599I,2015110909,12.3,48.9,75.0,Very Severe Cyclonic Storm,MEGH,2015
201599I,2015110912,12.5,48.3,70.0,Very Severe Cyclonic Storm,MEGH,2015
201599I,2015110915,12.5,48.0,65.0,Very Severe Cyclonic Storm,MEGH,2015
201599I,2015110918,12.6,47.6,65.0,Very Severe Cyclonic Storm,MEGH,2015
201599I,2015110921,12.7,47.3,60.0,Severe Cyclonic Storm,MEGH,2015
201599I,2015111000,12.9,47.0,50.0,Severe Cyclonic Storm,MEGH,2015
201599I,2015111003,13.0,46.8,40.0,Cyclonic Storm,MEGH,2015
201599I,2015111006,13.3,46.6,30.0,Depression,MEGH,2015
201599I,2015111009,13.5,46.6,28.0,Depression,MEGH,2015
201599I,2015111012,13.7,46.6,25.0,Depression,MEGH,2015
201617I,2016051700,10.0,80.8,25.0,Depression,ROANU,2016
201617I,2016051703,10.5,81.0,25.0,Depression,ROANU,2016
201617I,2016051706,10.8,81.1,25.0,Depression,ROANU,2016
201617I,2016051709,11.2,81.1,25.0,Depression,ROANU,2016
201617I,2016051712,11.7,81.1,25.0,Depression,ROANU,2016
201617I,2016051715,12.1,81.1,25.0,Depression,ROANU,2016
201617I,2016051718,12.5,81.1,25.0,Depression,ROANU,2016
201617I,2016051721,12.8,81.2,25.0,Depression,ROANU,2016
201617I,2016051800,13.1,81.2,25.0,Depression,ROANU,2016
201617I,2016051803,13.4,81.3,30.0,Depression,ROANU,2016
201617I,2016051806,13.9,81.3,30.0,Depression,ROANU,2016
201617I,2016051809,14.2,81.3,30.0,Depression,ROANU,2016
201617I,2016051812,14.4,81.3,30.0,Depression,ROANU,2016
201617I,2016051815,14.5,81.3,30.0,Depression,ROANU,2016
201617I,2016051818,14.7,81.3,30.0,Depression,ROANU,2016
201617I,2016051821,14.9,81.4,33.0,Depression,ROANU,2016
201617I,2016051900,15.1,81.6,35.0,Cyclonic Storm,ROANU,2016
201617I,2016051903,15.4,81.8,35.0,Cyclonic Storm,ROANU,2016
201617I,2016051906,15.4,82.0,40.0,Cyclonic Storm,ROANU,2016
201617I,2016051909,15.5,82.2,40.0,Cyclonic Storm,ROANU,2016
201617I,2016051912,15.8,82.5,40.0,Cyclonic Storm,ROANU,2016
201617I,2016051915,16.1,82.8,40.0,Cyclonic Storm,ROANU,2016
201617I,2016051918,16.5,83.1,40.0,Cyclonic Storm,ROANU,2016
201617I,2016051921,16.9,83.5,40.0,Cyclonic Storm,ROANU,2016
201617I,2016052000,17.4,84.0,40.0,Cyclonic Storm,ROANU,2016
201617I,2016052003,18.1,84.7,40.0,Cyclonic Storm,ROANU,2016
201617I,2016052006,18.6,85.1,40.0,Cyclonic Storm,ROANU,2016
201617I,2016052009,18.9,85.6,40.0,Cyclonic Storm,ROANU,2016
201617I,2016052012,19.4,86.7,40.0,Cyclonic Storm,ROANU,2016
201617I,2016052015,19.8,87.3,40.0,Cyclonic Storm,ROANU,2016
201617I,2016052018,20.2,88.0,45.0,Cyclonic Storm,ROANU,2016
201617I,2016052021,20.5,88.7,45.0,Cyclonic Storm,ROANU,2016
201617I,2016052100,20.9,89.4,45.0,Cyclonic Storm,ROANU,2016
201617I,2016052103,21.4,90.4,45.0,Cyclonic Storm,ROANU,2016
201617I,2016052106,21.9,91.0,45.0,Cyclonic Storm,ROANU,2016
201617I,2016052109,22.6,91.5,45.0,Cyclonic Storm,ROANU,2016
201617I,2016052112,23.0,92.0,35.0,Cyclonic Storm,ROANU,2016
201617I,2016052115,23.5,93.0,30.0,Depression,ROANU,2016
201617I,2016052118,24.0,94.0,30.0,Depression,ROANU,2016
201617I,2016052121,24.3,94.5,25.0,Depression,ROANU,2016
201617I,2016052200,24.5,94.7,20.0,Depression,ROANU,2016
201623I,2016062606,21.7,67.8,25.0,Depression,UNNAMED,2016
201623I,2016062609,21.8,67.4,25.0,Depression,UNNAMED,2016
201623I,2016062612,21.8,67.1,25.0,Depression,UNNAMED,2016
201623I,2016062615,21.8,66.8,28.0,Depression,UNNAMED,2016
201623I,2016062618,21.9,66.5,30.0,Depression,UNNAMED,2016
201623I,2016062621,22.0,66.1,33.0,Depression,UNNAMED,2016
201623I,2016062700,22.0,65.6,35.0,Cyclonic Storm,UNNAMED,2016
201623I,2016062703,22.0,65.1,38.0,Cyclonic Storm,UNNAMED,2016
201623I,2016062706,21.9,64.7,40.0,Cyclonic Storm,UNNAMED,2016
201623I,2016062709,21.7,64.4,25.0,Depression,UNNAMED,2016
201623I,2016062712,21.6,64.1,25.0,Depression,UNNAMED,2016
201623I,2016062715,21.5,64.0,25.0,Depression,UNNAMED,2016
201623I,2016062718,21.5,64.0,25.0,Depression,UNNAMED,2016
201623I,2016062721,21.5,64.1,25.0,Depression,UNNAMED,2016
201623I,2016062800,21.5,63.9,25.0,Depression,UNNAMED,2016
201623I,2016062803,21.2,62.9,25.0,Depression,UNNAMED,2016
201623I,2016062806,21.2,62.7,25.0,Depression,UNNAMED,2016
201623I,2016062809,21.1,62.4,25.0,Depression,UNNAMED,2016
201623I,2016062812,20.8,62.3,25.0,Depression,UNNAMED,2016
201623I,2016062815,20.5,62.3,25.0,Depression,UNNAMED,2016
201623I,2016062818,20.3,62.4,25.0,Depression,UNNAMED,2016
201623I,2016062821,20.3,62.4,25.0,Depression,UNNAMED,2016
201623I,2016062900,20.3,62.3,25.0,Depression,UNNAMED,2016
201643I,2016080909,22.0,88.5,25.0,Depression,UNNAMED,2016
201643I,2016080912,22.0,88.5,25.0,Depression,UNNAMED,2016
201643I,2016080915,22.2,88.7,25.0,Depression,UNNAMED,2016
201643I,2016080918,22.5,89.0,25.0,Depression,UNNAMED,2016
201643I,2016080921,22.7,89.5,25.0,Depression,UNNAMED,2016
201643I,2016081000,22.8,89.7,25.0,Depression,UNNAMED,2016
201643I,2016081003,23.0,89.4,30.0,Depression,UNNAMED,2016
201643I,2016081006,23.1,89.3,30.0,Depression,UNNAMED,2016
201643I,2016081009,23.2,89.2,30.0,Depression,UNNAMED,2016
201643I,2016081012,23.4,89.1,30.0,Depression,UNNAMED,2016
201643I,2016081015,23.5,88.8,30.0,Depression,UNNAMED,2016
201643I,2016081018,23.6,88.5,30.0,Depression,UNNAMED,2016
201643I,2016081021,23.7,88.2,30.0,Depression,UNNAMED,2016
201643I,2016081100,23.8,87.8,30.0,Depression,UNNAMED,2016
201643I,2016081103,24.0,87.4,30.0,Depression,UNNAMED,2016
201643I,2016081106,24.0,87.0,25.0,Depression,UNNAMED,2016
201643I,2016081109,24.0,86.7,25.0,Depression,UNNAMED,2016
201643I,2016081112,24.0,86.5,25.0,Depression,UNNAMED,2016
201643I,2016081115,24.0,86.1,25.0,Depression,UNNAMED,2016
201643I,2016081118,24.0,85.7,25.0,Depression,UNNAMED,2016
201643I,2016081121,24.0,85.4,25.0,Depression,UNNAMED,2016
201643I,2016081200,24.0,85.0,25.0,Depression,UNNAMED,2016
201643I,2016081203,24.0,84.5,25.0,Depression,UNNAMED,2016
201643I,2016081206,24.0,84.5,25.0,Depression,UNNAMED,2016
201643I,2016081209,24.1,84.5,25.0,Depression,UNNAMED,2016
201643I,2016081212,24.2,84.5,25.0,Depression,UNNAMED,2016
201643I,2016081215,24.3,84.3,23.0,Depression,UNNAMED,2016
201643I,2016081218,24.4,84.0,20.0,Depression,UNNAMED,2016
201649I,2016081612,21.0,89.0,20.0,Depression,UNNAMED,2016
201649I,2016081615,21.1,88.9,20.0,Depression,UNNAMED,2016
201649I,2016081618,21.2,88.7,20.0,Depression,UNNAMED,2016
201649I,2016081621,21.3,88.5,20.0,Depression,UNNAMED,2016
201649I,2016081700,21.4,88.4,20.0,Depression,UNNAMED,2016
201649I,2016081703,21.5,88.5,20.0,Depression,UNNAMED,2016
201649I,2016081706,21.5,88.5,20.0,Depression,UNNAMED,2016
201649I,2016081709,21.7,88.4,23.0,Depression,UNNAMED,2016
201649I,2016081712,22.0,88.2,25.0,Depression,UNNAMED,2016
201649I,2016081715,22.4,87.6,25.0,Depression,UNNAMED,2016
201649I,2016081718,22.9,86.9,25.0,Depression,UNNAMED,2016
201649I,2016081721,23.3,86.3,25.0,Depression,UNNAMED,2016
201649I,2016081800,23.7,85.7,25.0,Depression,UNNAMED,2016
201649I,2016081803,24.0,85.0,25.0,Depression,UNNAMED,2016
201649I,2016081806,24.0,84.4,25.0,Depression,UNNAMED,2016
201649I,2016081809,24.0,83.9,25.0,Depression,UNNAMED,2016
201649I,2016081812,24.1,83.4,25.0,Depression,UNNAMED,2016
201649I,2016081815,24.2,83.0,25.0,Depression,UNNAMED,2016
201649I,2016081818,24.4,82.7,25.0,Depression,UNNAMED,2016
201649I,2016081821,24.5,82.3,25.0,Depression,UNNAMED,2016
201649I,2016081900,24.7,82.1,25.0,Depression,UNNAMED,2016
201649I,2016081903,25.0,82.3,25.0,Depression,UNNAMED,2016
201649I,2016081906,24.8,80.6,25.0,Depression,UNNAMED,2016
201649I,2016081909,24.7,79.5,25.0,Depression,UNNAMED,2016
201649I,2016081912,24.7,79.0,25.0,Depression,UNNAMED,2016
201649I,2016081915,24.7,78.6,25.0,Depression,UNNAMED,2016
201649I,2016081918,24.7,78.4,25.0,Depression,UNNAMED,2016
201649I,2016081921,24.7,78.1,25.0,Depression,UNNAMED,2016
201649I,2016082000,24.7,77.8,25.0,Depression,UNNAMED,2016
201649I,2016082003,24.8,77.5,25.0,Depression,UNNAMED,2016
201649I,2016082006,24.8,77.3,25.0,Depression,UNNAMED,2016
201649I,2016082009,24.8,77.3,23.0,Depression,UNNAMED,2016
201649I,2016082012,24.8,77.2,20.0,Depression,UNNAMED,2016
201649I,2016082015,24.9,76.9,18.0,Depression,UNNAMED,2016
201649I,2016082018,25.0,76.5,15.0,Depression,UNNAMED,2016
201682I,2016102100,13.5,88.5,25.0,Depression,KYANT,2016
201682I,2016102103,13.6,88.8,25.0,Depression,KYANT,2016
201682I,2016102106,13.7,89.3,25.0,Depression,KYANT,2016
201682I,2016102109,13.8,89.6,25.0,Depression,KYANT,2016
201682I,2016102112,13.9,89.8,25.0,Depression,KYANT,2016
201682I,2016102115,13.9,89.9,25.0,Depression,KYANT,2016
201682I,2016102118,13.9,89.9,25.0,Depression,KYANT,2016
201682I,2016102121,13.9,89.9,25.0,Depression,KYANT,2016
201682I,2016102200,13.9,90.1,25.0,Depression,KYANT,2016
201682I,2016102203,14.1,90.7,25.0,Depression,KYANT,2016
201682I,2016102206,14.5,91.4,25.0,Depression,KYANT,2016
201682I,2016102209,14.8,91.8,25.0,Depression,KYANT,2016
201682I,2016102212,14.9,92.1,25.0,Depression,KYANT,2016
201682I,2016102215,15.1,92.3,25.0,Depression,KYANT,2016
201682I,2016102218,15.3,92.5,25.0,Depression,KYANT,2016
201682I,2016102221,15.4,92.6,25.0,Depression,KYANT,2016
201682I,2016102300,15.5,92.8,25.0,Depression,KYANT,2016
201682I,2016102303,15.6,92.8,30.0,Depression,KYANT,2016
201682I,2016102306,15.6,92.8,30.0,Depression,KYANT,2016
201682I,2016102309,15.7,92.9,30.0,Depression,KYANT,2016
201682I,2016102312,15.8,93.0,30.0,Depression,KYANT,2016
201682I,2016102315,15.9,93.0,30.0,Depression,KYANT,2016
201682I,2016102318,16.0,93.1,30.0,Depression,KYANT,2016
201682I,2016102321,16.1,93.1,30.0,Depression,KYANT,2016
201682I,2016102400,16.3,93.1,30.0,Depression,KYANT,2016
201682I,2016102403,16.3,93.1,30.0,Depression,KYANT,2016
201682I,2016102406,16.5,93.1,30.0,Depression,KYANT,2016
201682I,2016102409,16.7,92.8,30.0,Depression,KYANT,2016
201682I,2016102412,16.7,92.5,30.0,Depression,KYANT,2016
201682I,2016102415,16.7,92.3,30.0,Depression,KYANT,2016
201682I,2016102418,16.7,92.2,30.0,Depression,KYANT,2016
201682I,2016102421,16.7,92.0,30.0,Depression,KYANT,2016
201682I,2016102500,16.8,91.7,30.0,Depression,KYANT,2016
201682I,2016102503,16.8,91.4,35.0,Cyclonic Storm,KYANT,2016
201682I,2016102506,16.8,91.1,35.0,Cyclonic Storm,KYANT,2016
201682I,2016102509,16.7,90.8,35.0,Cyclonic Storm,KYANT,2016
201682I,2016102512,16.8,90.6,35.0,Cyclonic Storm,KYANT,2016
201682I,2016102515,16.6,90.2,35.0,Cyclonic Storm,KYANT,2016
201682I,2016102518,16.6,89.8,35.0,Cyclonic Storm,KYANT,2016
201682I,2016102521,16.4,89.5,35.0,Cyclonic Storm,KYANT,2016
201682I,2016102600,16.4,89.0,40.0,Cyclonic Storm,KYANT,2016
201682I,2016102603,16.3,88.5,40.0,Cyclonic Storm,KYANT,2016
201682I,2016102606,16.3,87.9,40.0,Cyclonic Storm,KYANT,2016
201682I,2016102609,16.2,87.4,40.0,Cyclonic Storm,KYANT,2016
201682I,2016102612,16.2,87.0,40.0,Cyclonic Storm,KYANT,2016
201682I,2016102615,16.1,86.6,40.0,Cyclonic Storm,KYANT,2016
201682I,2016102618,16.0,86.3,35.0,Cyclonic Storm,KYANT,2016
201682I,2016102621,15.9,85.8,30.0,Depression,KYANT,2016
201682I,2016102700,15.8,85.4,30.0,Depression,KYANT,2016
201682I,2016102703,15.7,84.8,30.0,Depression,KYANT,2016
201682I,2016102706,15.7,84.4,30.0,Depression,KYANT,2016
201682I,2016102709,15.6,83.9,30.0,Depression,KYANT,2016
201682I,2016102712,15.6,83.6,30.0,Depression,KYANT,2016
201682I,2016102715,15.4,83.3,28.0,Depression,KYANT,2016
201682I,2016102718,15.3,83.0,25.0,Depression,KYANT,2016
201682I,2016102721,15.2,82.8,25.0,Depression,KYANT,2016
201682I,2016102800,15.1,82.6,25.0,Depression,KYANT,2016
201682I,2016102803,15.0,82.4,25.0,Depression,KYANT,2016
201682I,2016102806,14.9,82.1,25.0,Depression,KYANT,2016
201682I,2016102809,14.8,81.9,25.0,Depression,KYANT,2016
201682I,2016102812,14.6,81.7,25.0,Depression,KYANT,2016
201682I,2016102815,14.4,81.5,23.0,Depression,KYANT,2016
201682I,2016102818,14.3,81.3,20.0,Depression,KYANT,2016
201682I,2016102821,14.2,81.2,20.0,Depression,KYANT,2016
201682I,2016102900,14.2,81.2,20.0,Depression,KYANT,2016
201682I,2016102903,14.1,81.1,20.0,Depression,KYANT,2016
201682I,2016102906,14.0,81.0,20.0,Depression,KYANT,2016
201685I,2016110218,12.7,88.0,25.0,Depression,UNNAMED,2016
201685I,2016110221,12.8,87.5,25.0,Depression,UNNAMED,2016
201685I,2016110300,13.0,87.0,25.0,Depression,UNNAMED,2016
201685I,2016110303,13.4,86.5,25.0,Depression,UNNAMED,2016
201685I,2016110306,13.7,86.0,25.0,Depression,UNNAMED,2016
201685I,2016110309,14.0,85.7,25.0,Depression,UNNAMED,2016
201685I,2016110312,14.2,85.5,25.0,Depression,UNNAMED,2016
201685I,2016110315,14.4,85.2,25.0,Depression,UNNAMED,2016
201685I,2016110318,14.6,85.0,25.0,Depression,UNNAMED,2016
201685I,2016110321,15.0,84.9,25.0,Depression,UNNAMED,2016
201685I,2016110400,15.5,84.8,25.0,Depression,UNNAMED,2016
201685I,2016110403,16.0,84.7,25.0,Depression,UNNAMED,2016
201685I,2016110406,16.0,84.7,25.0,Depression,UNNAMED,2016
201685I,2016110409,16.1,84.7,25.0,Depression,UNNAMED,2016
201685I,2016110412,16.3,84.7,25.0,Depression,UNNAMED,2016
201685I,2016110415,16.6,84.8,25.0,Depression,UNNAMED,2016
201685I,2016110418,16.9,85.0,25.0,Depression,UNNAMED,2016
201685I,2016110421,17.2,85.4,25.0,Depression,UNNAMED,2016
201685I,2016110500,17.7,86.0,25.0,Depression,UNNAMED,2016
201685I,2016110503,18.3,87.0,25.0,Depression,UNNAMED,2016
201685I,2016110506,18.5,87.0,25.0,Depression,UNNAMED,2016
201685I,2016110509,18.7,87.7,25.0,Depression,UNNAMED,2016
201685I,2016110512,19.0,88.7,25.0,Depression,UNNAMED,2016
201685I,2016110515,19.2,89.1,25.0,Depression,UNNAMED,2016
201685I,2016110518,19.5,89.5,25.0,Depression,UNNAMED,2016
201685I,2016110521,20.0,90.3,25.0,Depression,UNNAMED,2016
201685I,2016110600,20.5,91.0,25.0,Depression,UNNAMED,2016
201685I,2016110603,21.0,91.5,25.0,Depression,UNNAMED,2016
201685I,2016110606,21.5,91.8,25.0,Depression,UNNAMED,2016
201685I,2016110609,21.6,91.9,25.0,Depression,UNNAMED,2016
201691I,2016112912,6.8,87.7,25.0,Depression,NADA,2016
201691I,2016112915,7.2,87.3,25.0,Depression,NADA,2016
201691I,2016112918,7.5,86.8,25.0,Depression,NADA,2016
201691I,2016112921,7.8,86.3,28.0,Depression,NADA,2016
201691I,2016113000,8.2,85.9,30.0,Depression,NADA,2016
201691I,2016113003,8.6,85.3,35.0,Cyclonic Storm,NADA,2016
201691I,2016113006,9.0,84.9,35.0,Cyclonic Storm,NADA,2016
201691I,2016113009,9.6,84.3,35.0,Cyclonic Storm,NADA,2016
201691I,2016113012,9.8,83.9,40.0,Cyclonic Storm,NADA,2016
201691I,2016113015,10.0,83.4,40.0,Cyclonic Storm,NADA,2016
201691I,2016113018,10.3,83.0,40.0,Cyclonic Storm,NADA,2016
201691I,2016113021,10.3,82.2,40.0,Cyclonic Storm,NADA,2016
201691I,2016120100,10.4,82.0,35.0,Cyclonic Storm,NADA,2016
201691I,2016120103,10.4,81.7,30.0,Depression,NADA,2016
201691I,2016120106,10.5,81.3,30.0,Depression,NADA,2016
201691I,2016120109,10.6,80.9,30.0,Depression,NADA,2016
201691I,2016120112,10.8,80.6,30.0,Depression,NADA,2016
201691I,2016120115,10.8,80.4,28.0,Depression,NADA,2016
201691I,2016120118,10.8,80.1,25.0,Depression,NADA,2016
201691I,2016120121,10.8,79.9,25.0,Depression,NADA,2016
201691I,2016120200,10.9,79.6,25.0,Depression,NADA,2016
201691I,2016120203,11.0,79.3,20.0,Depression,NADA,2016
201691I,2016120206,11.0,78.9,20.0,Depression,NADA,2016
201692I,2016120606,7.8,91.7,30.0,Depression,VARDAH,2016
201692I,2016120609,8.2,91.3,25.0,Depression,VARDAH,2016
201692I,2016120612,8.4,91.0,25.0,Depression,VARDAH,2016
201692I,2016120615,8.7,91.0,25.0,Depression,VARDAH,2016
201692I,2016120618,9.1,91.0,25.0,Depression,VARDAH,2016
201692I,2016120621,9.4,91.0,25.0,Depression,VARDAH,2016
201692I,2016120700,9.6,91.0,25.0,Depression,VARDAH,2016
201692I,2016120703,9.8,91.1,25.0,Depression,VARDAH,2016
201692I,2016120706,9.9,91.2,25.0,Depression,VARDAH,2016
201692I,2016120709,10.1,91.2,25.0,Depression,VARDAH,2016
201692I,2016120712,10.3,91.3,25.0,Depression,VARDAH,2016
201692I,2016120715,10.5,91.3,28.0,Depression,VARDAH,2016
201692I,2016120718,10.8,91.3,30.0,Depression,VARDAH,2016
201692I,2016120721,11.0,91.3,33.0,Depression,VARDAH,2016
201692I,2016120800,11.1,91.3,35.0,Cyclonic Storm,VARDAH,2016
201692I,2016120803,11.3,91.3,35.0,Cyclonic Storm,VARDAH,2016
201692I,2016120806,11.4,91.3,35.0,Cyclonic Storm,VARDAH,2016
201692I,2016120809,11.4,91.2,35.0,Cyclonic Storm,VARDAH,2016
201692I,2016120812,11.4,91.2,40.0,Cyclonic Storm,VARDAH,2016
201692I,2016120815,11.5,91.1,40.0,Cyclonic Storm,VARDAH,2016
201692I,2016120818,11.6,91.0,40.0,Cyclonic Storm,VARDAH,2016
201692I,2016120821,11.7,90.9,40.0,Cyclonic Storm,VARDAH,2016
201692I,2016120900,11.8,90.7,45.0,Cyclonic Storm,VARDAH,2016
201692I,2016120903,11.9,90.6,45.0,Cyclonic Storm,VARDAH,2016
201692I,2016120906,12.0,90.5,45.0,Cyclonic Storm,VARDAH,2016
201692I,2016120909,12.1,90.3,45.0,Cyclonic Storm,VARDAH,2016
201692I,2016120912,12.2,90.0,45.0,Cyclonic Storm,VARDAH,2016
201692I,2016120915,12.2,89.7,45.0,Cyclonic Storm,VARDAH,2016
201692I,2016120918,12.3,89.4,50.0,Severe Cyclonic Storm,VARDAH,2016
201692I,2016120921,12.5,88.8,55.0,Severe Cyclonic Storm,VARDAH,2016
201692I,2016121000,12.6,88.3,55.0,Severe Cyclonic Storm,VARDAH,2016
201692I,2016121003,12.7,87.8,55.0,Severe Cyclonic Storm,VARDAH,2016
201692I,2016121006,12.9,87.3,55.0,Severe Cyclonic Storm,VARDAH,2016
201692I,2016121009,13.0,86.7,60.0,Severe Cyclonic Storm,VARDAH,2016
201692I,2016121012,13.0,86.4,65.0,Very Severe Cyclonic Storm,VARDAH,2016
201692I,2016121015,13.1,85.9,65.0,Very Severe Cyclonic Storm,VARDAH,2016
201692I,2016121018,13.1,85.4,65.0,Very Severe Cyclonic Storm,VARDAH,2016
201692I,2016121021,13.0,85.1,65.0,Very Severe Cyclonic Storm,VARDAH,2016
201692I,2016121100,13.1,84.8,70.0,Very Severe Cyclonic Storm,VARDAH,2016
201692I,2016121103,13.0,84.4,70.0,Very Severe Cyclonic Storm,VARDAH,2016
201692I,2016121106,13.1,83.8,70.0,Very Severe Cyclonic Storm,VARDAH,2016
201692I,2016121109,13.1,83.4,70.0,Very Severe Cyclonic Storm,VARDAH,2016
201692I,2016121112,13.2,83.2,70.0,Very Severe Cyclonic Storm,VARDAH,2016
201692I,2016121115,13.2,82.7,70.0,Very Severe Cyclonic Storm,VARDAH,2016
201692I,2016121118,13.1,82.4,70.0,Very Severe Cyclonic Storm,VARDAH,2016
201692I,2016121121,13.2,82.0,70.0,Very Severe Cyclonic Storm,VARDAH,2016
201692I,2016121200,13.2,81.7,70.0,Very Severe Cyclonic Storm,VARDAH,2016
201692I,2016121203,13.2,81.3,70.0,Very Severe Cyclonic Storm,VARDAH,2016
201692I,2016121206,13.2,80.8,70.0,Very Severe Cyclonic Storm,VARDAH,2016
201692I,2016121209,13.2,80.3,60.0,Severe Cyclonic Storm,VARDAH,2016
201692I,2016121212,13.1,79.9,50.0,Severe Cyclonic Storm,VARDAH,2016
201692I,2016121215,13.1,79.4,40.0,Cyclonic Storm,VARDAH,2016
201692I,2016121218,13.0,78.9,30.0,Depression,VARDAH,2016
201692I,2016121221,13.0,78.4,25.0,Depression,VARDAH,2016
201692I,2016121300,13.0,77.8,20.0,Depression,VARDAH,2016
201692I,2016121303,13.0,77.4,28.0,Depression,VARDAH,2016
201692I,2016121306,13.0,77.0,25.0,Depression,VARDAH,2016
201692I,2016121309,13.0,76.5,25.0,Depression,VARDAH,2016
201692I,2016121312,13.1,76.0,25.0,Depression,VARDAH,2016
201692I,2016121315,13.2,75.6,23.0,Depression,VARDAH,2016
201692I,2016121318,13.2,75.1,20.0,Depression,VARDAH,2016
201692I,2016121321,13.2,74.5,20.0,Depression,VARDAH,2016
201692I,2016121400,13.2,74.0,20.0,Depression,VARDAH,2016
201692I,2016121403,13.2,73.6,20.0,Depression,VARDAH,2016
201692I,2016121406,13.1,73.2,20.0,Depression,VARDAH,2016
201692I,2016121409,13.0,72.9,23.0,Depression,VARDAH,2016
201692I,2016121412,12.9,72.6,25.0,Depression,VARDAH,2016
201692I,2016121415,12.8,72.2,25.0,Depression,VARDAH,2016
201692I,2016121418,12.6,71.8,25.0,Depression,VARDAH,2016
201692I,2016121421,12.4,71.4,25.0,Depression,VARDAH,2016
201692I,2016121500,12.2,71.0,25.0,Depression,VARDAH,2016
201692I,2016121503,12.0,70.6,25.0,Depression,VARDAH,2016
201692I,2016121506,11.8,70.2,25.0,Depression,VARDAH,2016
201692I,2016121509,11.6,69.9,25.0,Depression,VARDAH,2016
201692I,2016121512,11.4,69.5,25.0,Depression,VARDAH,2016
201692I,2016121515,11.2,69.0,25.0,Depression,VARDAH,2016
201692I,2016121518,11.1,68.5,25.0,Depression,VARDAH,2016
201692I,2016121521,11.1,68.0,28.0,Depression,VARDAH,2016
201692I,2016121600,11.2,67.5,30.0,Depression,VARDAH,2016
201692I,2016121603,11.2,66.9,30.0,Depression,VARDAH,2016
201692I,2016121606,11.2,66.4,30.0,Depression,VARDAH,2016
201692I,2016121609,11.2,65.9,30.0,Depression,VARDAH,2016
201692I,2016121612,11.2,65.4,30.0,Depression,VARDAH,2016
201692I,2016121615,11.2,64.9,30.0,Depression,VARDAH,2016
201692I,2016121618,11.1,64.2,30.0,Depression,VARDAH,2016
201692I,2016121621,11.0,63.1,25.0,Depression,VARDAH,2016
201692I,2016121700,11.1,62.1,25.0,Depression,VARDAH,2016
201692I,2016121703,11.2,61.4,25.0,Depression,VARDAH,2016
201692I,2016121706,11.0,60.8,25.0,Depression,VARDAH,2016
201692I,2016121709,10.8,60.3,25.0,Depression,VARDAH,2016
201692I,2016121712,10.6,59.8,25.0,Depression,VARDAH,2016
201692I,2016121715,10.2,59.1,25.0,Depression,VARDAH,2016
201692I,2016121718,9.8,58.3,25.0,Depression,VARDAH,2016
201692I,2016121721,9.5,57.4,20.0,Depression,VARDAH,2016
201692I,2016121800,9.4,56.8,35.0,Cyclonic Storm,VARDAH,2016
201692I,2016121803,9.3,56.1,35.0,Cyclonic Storm,VARDAH,2016
201692I,2016121806,9.3,55.4,35.0,Cyclonic Storm,VARDAH,2016
201692I,2016121809,9.3,54.6,35.0,Cyclonic Storm,VARDAH,2016
201692I,2016121812,9.3,53.7,35.0,Cyclonic Storm,VARDAH,2016
201692I,2016121815,9.3,52.9,35.0,Cyclonic Storm,VARDAH,2016
201692I,2016121818,9.2,52.1,35.0,Cyclonic Storm,VARDAH,2016
201692I,2016121821,9.1,51.5,30.0,Depression,VARDAH,2016
201692I,2016121900,8.9,51.0,25.0,Depression,VARDAH,2016
2017102I,2017112818,6.0,82.2,30.0,Depression,OCKHI,2017
2017102I,2017112821,5.9,82.0,30.0,Depression,OCKHI,2017
2017102I,2017112900,5.9,81.7,30.0,Depression,OCKHI,2017
2017102I,2017112903,6.0,81.4,25.0,Depression,OCKHI,2017
2017102I,2017112906,6.1,80.7,25.0,Depression,OCKHI,2017
2017102I,2017112909,6.2,80.1,25.0,Depression,OCKHI,2017
2017102I,2017112912,6.2,79.9,25.0,Depression,OCKHI,2017
2017102I,2017112915,6.3,79.5,25.0,Depression,OCKHI,2017
2017102I,2017112918,6.5,79.0,25.0,Depression,OCKHI,2017
2017102I,2017112921,6.7,78.5,30.0,Depression,OCKHI,2017
2017102I,2017113000,7.0,78.1,30.0,Depression,OCKHI,2017
2017102I,2017113003,7.5,77.4,35.0,Cyclonic Storm,OCKHI,2017
2017102I,2017113006,7.8,76.8,40.0,Cyclonic Storm,OCKHI,2017
2017102I,2017113009,7.9,76.3,45.0,Cyclonic Storm,OCKHI,2017
2017102I,2017113012,8.2,75.8,45.0,Cyclonic Storm,OCKHI,2017
2017102I,2017113015,8.3,75.4,45.0,Cyclonic Storm,OCKHI,2017
2017102I,2017113018,8.5,74.9,45.0,Cyclonic Storm,OCKHI,2017
2017102I,2017113021,8.6,74.5,45.0,Cyclonic Storm,OCKHI,2017
2017102I,2017120100,8.8,74.1,50.0,Severe Cyclonic Storm,OCKHI,2017
2017102I,2017120103,8.8,73.8,55.0,Severe Cyclonic Storm,OCKHI,2017
2017102I,2017120106,8.9,73.4,60.0,Severe Cyclonic Storm,OCKHI,2017
2017102I,2017120109,8.9,73.0,65.0,Very Severe Cyclonic Storm,OCKHI,2017
2017102I,2017120112,9.0,72.8,65.0,Very Severe Cyclonic Storm,OCKHI,2017
2017102I,2017120115,9.1,72.5,65.0,Very Severe Cyclonic Storm,OCKHI,2017
2017102I,2017120118,9.2,72.1,70.0,Very Severe Cyclonic Storm,OCKHI,2017
2017102I,2017120121,9.3,71.8,75.0,Very Severe Cyclonic Storm,OCKHI,2017
2017102I,2017120200,9.5,71.5,80.0,Very Severe Cyclonic Storm,OCKHI,2017
2017102I,2017120203,9.6,71.2,80.0,Very Severe Cyclonic Storm,OCKHI,2017
2017102I,2017120206,9.8,71.0,85.0,Very Severe Cyclonic Storm,OCKHI,2017
2017102I,2017120209,10.2,70.6,85.0,Very Severe Cyclonic Storm,OCKHI,2017
2017102I,2017120212,10.5,70.3,85.0,Very Severe Cyclonic Storm,OCKHI,2017
2017102I,2017120215,10.7,70.0,85.0,Very Severe Cyclonic Storm,OCKHI,2017
2017102I,2017120218,11.0,69.7,85.0,Very Severe Cyclonic Storm,OCKHI,2017
2017102I,2017120221,11.2,69.5,85.0,Very Severe Cyclonic Storm,OCKHI,2017
2017102I,2017120300,11.5,69.3,85.0,Very Severe Cyclonic Storm,OCKHI,2017
2017102I,2017120303,11.9,69.0,80.0,Very Severe Cyclonic Storm,OCKHI,2017
2017102I,2017120306,12.2,68.9,75.0,Very Severe Cyclonic Storm,OCKHI,2017
2017102I,2017120309,12.4,68.8,75.0,Very Severe Cyclonic Storm,OCKHI,2017
2017102I,2017120312,12.9,68.7,75.0,Very Severe Cyclonic Storm,OCKHI,2017
2017102I,2017120315,13.1,68.6,75.0,Very Severe Cyclonic Storm,OCKHI,2017
2017102I,2017120318,13.5,68.5,75.0,Very Severe Cyclonic Storm,OCKHI,2017
2017102I,2017120321,13.9,68.5,75.0,Very Severe Cyclonic Storm,OCKHI,2017
2017102I,2017120400,14.3,68.5,70.0,Very Severe Cyclonic Storm,OCKHI,2017
2017102I,2017120403,14.5,68.5,65.0,Very Severe Cyclonic Storm,OCKHI,2017
2017102I,2017120406,14.8,68.7,65.0,Very Severe Cyclonic Storm,OCKHI,2017
2017102I,2017120409,15.1,69.0,65.0,Very Severe Cyclonic Storm,OCKHI,2017
2017102I,2017120412,15.6,69.2,60.0,Severe Cyclonic Storm,OCKHI,2017
2017102I,2017120415,16.1,69.5,60.0,Severe Cyclonic Storm,OCKHI,2017
2017102I,2017120418,16.6,69.9,55.0,Severe Cyclonic Storm,OCKHI,2017
2017102I,2017120421,17.0,70.3,55.0,Severe Cyclonic Storm,OCKHI,2017
2017102I,2017120500,17.5,70.7,50.0,Severe Cyclonic Storm,OCKHI,2017
2017102I,2017120503,17.9,71.0,45.0,Cyclonic Storm,OCKHI,2017
2017102I,2017120506,18.2,71.2,40.0,Cyclonic Storm,OCKHI,2017
2017102I,2017120509,18.3,71.4,30.0,Depression,OCKHI,2017
2017102I,2017120512,18.5,71.5,30.0,Depression,OCKHI,2017
2017102I,2017120515,18.8,71.6,25.0,Depression,OCKHI,2017
2017102I,2017120518,19.2,71.9,20.0,Depression,OCKHI,2017
2017103I,2017120603,8.5,88.5,25.0,Depression,UNNAMED,2017
2017103I,2017120606,8.8,88.3,25.0,Depression,UNNAMED,2017
2017103I,2017120609,9.3,88.1,25.0,Depression,UNNAMED,2017
2017103I,2017120612,9.8,88.0,25.0,Depression,UNNAMED,2017
2017103I,2017120615,9.9,88.0,25.0,Depression,UNNAMED,2017
2017103I,2017120618,10.0,88.0,25.0,Depression,UNNAMED,2017
2017103I,2017120621,10.4,88.0,25.0,Depression,UNNAMED,2017
2017103I,2017120700,11.1,88.0,25.0,Depression,UNNAMED,2017
2017103I,2017120703,12.0,88.0,25.0,Depression,UNNAMED,2017
2017103I,2017120706,12.2,87.9,25.0,Depression,UNNAMED,2017
2017103I,2017120709,12.5,87.8,25.0,Depression,UNNAMED,2017
2017103I,2017120712,12.8,87.7,25.0,Depression,UNNAMED,2017
2017103I,2017120715,13.1,87.7,25.0,Depression,UNNAMED,2017
2017103I,2017120718,13.4,87.6,25.0,Depression,UNNAMED,2017
2017103I,2017120721,13.8,87.3,28.0,Depression,UNNAMED,2017
2017103I,2017120800,14.3,87.0,30.0,Depression,UNNAMED,2017
2017103I,2017120803,15.0,86.8,30.0,Depression,UNNAMED,2017
2017103I,2017120806,15.8,86.6,30.0,Depression,UNNAMED,2017
2017103I,2017120809,16.5,86.5,30.0,Depression,UNNAMED,2017
2017103I,2017120812,17.0,86.3,30.0,Depression,UNNAMED,2017
2017103I,2017120815,17.6,86.3,28.0,Depression,UNNAMED,2017
2017103I,2017120818,18.1,86.4,25.0,Depression,UNNAMED,2017
2017103I,2017120821,18.4,86.4,25.0,Depression,UNNAMED,2017
2017103I,2017120900,18.7,86.5,25.0,Depression,UNNAMED,2017
2017103I,2017120903,18.8,86.7,25.0,Depression,UNNAMED,2017
2017103I,2017120906,19.0,86.9,25.0,Depression,UNNAMED,2017
2017103I,2017120909,19.1,87.1,30.0,Depression,UNNAMED,2017
2017103I,2017120912,19.3,87.3,30.0,Depression,UNNAMED,2017
2017103I,2017120915,19.5,87.4,28.0,Depression,UNNAMED,2017
2017103I,2017120918,19.8,87.6,25.0,Depression,UNNAMED,2017
2017103I,2017120921,20.1,87.8,25.0,Depression,UNNAMED,2017
2017103I,2017121000,20.4,88.1,25.0,Depression,UNNAMED,2017
2017103I,2017121003,20.7,88.4,23.0,Depression,UNNAMED,2017
2017103I,2017121006,21.1,88.7,20.0,Depression,UNNAMED,2017
201718I,2017041400,8.2,85.3,25.0,Depression,MAARUTHA,2017
201718I,2017041403,8.8,85.7,25.0,Depression,MAARUTHA,2017
201718I,2017041406,9.4,86.1,25.0,Depression,MAARUTHA,2017
201718I,2017041409,10.0,86.5,25.0,Depression,MAARUTHA,2017
201718I,2017041412,10.5,86.9,25.0,Depression,MAARUTHA,2017
201718I,2017041415,10.9,87.3,25.0,Depression,MAARUTHA,2017
201718I,2017041418,11.3,87.6,25.0,Depression,MAARUTHA,2017
201718I,2017041421,11.8,88.0,28.0,Depression,MAARUTHA,2017
201718I,2017041500,12.2,88.3,25.0,Depression,MAARUTHA,2017
201718I,2017041503,12.7,88.7,25.0,Depression,MAARUTHA,2017
201718I,2017041506,13.3,89.2,25.0,Depression,MAARUTHA,2017
201718I,2017041509,13.8,89.7,30.0,Depression,MAARUTHA,2017
201718I,2017041512,14.3,90.2,30.0,Depression,MAARUTHA,2017
201718I,2017041515,14.7,90.7,33.0,Depression,MAARUTHA,2017
201718I,2017041518,15.1,91.1,35.0,Cyclonic Storm,MAARUTHA,2017
201718I,2017041521,15.4,91.3,40.0,Cyclonic Storm,MAARUTHA,2017
201718I,2017041600,16.0,92.0,40.0,Cyclonic Storm,MAARUTHA,2017
201718I,2017041603,16.6,92.5,40.0,Cyclonic Storm,MAARUTHA,2017
201718I,2017041606,17.2,92.9,40.0,Cyclonic Storm,MAARUTHA,2017
201718I,2017041609,17.7,93.2,40.0,Cyclonic Storm,MAARUTHA,2017
201718I,2017041612,18.1,93.6,40.0,Cyclonic Storm,MAARUTHA,2017
201718I,2017041615,18.5,93.9,40.0,Cyclonic Storm,MAARUTHA,2017
201718I,2017041618,18.8,94.3,40.0,Cyclonic Storm,MAARUTHA,2017
201718I,2017041621,19.3,94.8,30.0,Depression,MAARUTHA,2017
201718I,2017041700,19.8,95.4,20.0,Depression,MAARUTHA,2017
201727I,2017052706,13.9,87.4,25.0,Depression,MORA,2017
201727I,2017052709,13.8,87.9,28.0,Depression,MORA,2017
201727I,2017052712,13.8,88.4,30.0,Depression,MORA,2017
201727I,2017052715,13.8,88.8,33.0,Depression,MORA,2017
201727I,2017052718,13.9,89.2,35.0,Cyclonic Storm,MORA,2017
201727I,2017052721,14.0,89.6,35.0,Cyclonic Storm,MORA,2017
201727I,2017052800,14.2,89.7,25.0,Depression,MORA,2017
201727I,2017052803,14.7,90.1,25.0,Depression,MORA,2017
201727I,2017052806,15.1,90.5,25.0,Depression,MORA,2017
201727I,2017052809,15.5,90.7,30.0,Depression,MORA,2017
201727I,2017052812,15.8,90.9,30.0,Depression,MORA,2017
201727I,2017052815,16.0,91.0,35.0,Cyclonic Storm,MORA,2017
201727I,2017052818,16.3,91.1,35.0,Cyclonic Storm,MORA,2017
201727I,2017052821,16.6,91.2,40.0,Cyclonic Storm,MORA,2017
201727I,2017052900,17.0,91.3,45.0,Cyclonic Storm,MORA,2017
201727I,2017052903,17.3,91.3,45.0,Cyclonic Storm,MORA,2017
201727I,2017052906,17.8,91.5,45.0,Cyclonic Storm,MORA,2017
201727I,2017052909,18.2,91.6,45.0,Cyclonic Storm,MORA,2017
201727I,2017052912,18.7,91.6,50.0,Severe Cyclonic Storm,MORA,2017
201727I,2017052915,19.0,91.6,55.0,Severe Cyclonic Storm,MORA,2017
201727I,2017052918,19.8,91.7,55.0,Severe Cyclonic Storm,MORA,2017
201727I,2017052921,20.3,91.7,60.0,Severe Cyclonic Storm,MORA,2017
201727I,2017053000,21.0,91.9,60.0,Severe Cyclonic Storm,MORA,2017
201727I,2017053003,21.9,92.0,60.0,Severe Cyclonic Storm,MORA,2017
201727I,2017053006,23.0,92.0,55.0,Severe Cyclonic Storm,MORA,2017
201727I,2017053009,23.9,92.2,40.0,Cyclonic Storm,MORA,2017
201727I,2017053012,24.7,92.4,30.0,Depression,MORA,2017
201727I,2017053015,25.2,92.6,25.0,Depression,MORA,2017
201727I,2017053018,25.7,92.9,20.0,Depression,MORA,2017
201731I,2017061112,20.5,89.5,25.0,Depression,UNNAMED,2017
201731I,2017061115,21.0,89.7,25.0,Depression,UNNAMED,2017
201731I,2017061118,21.5,90.0,25.0,Depression,UNNAMED,2017
201731I,2017061121,22.0,90.3,28.0,Depression,UNNAMED,2017
201731I,2017061200,22.5,90.5,30.0,Depression,UNNAMED,2017
201731I,2017061203,23.0,90.5,30.0,Depression,UNNAMED,2017
201731I,2017061206,23.5,90.7,30.0,Depression,UNNAMED,2017
201731I,2017061209,23.8,90.8,30.0,Depression,UNNAMED,2017
201731I,2017061212,24.0,91.0,30.0,Depression,UNNAMED,2017
201731I,2017061215,24.2,91.2,28.0,Depression,UNNAMED,2017
201731I,2017061218,24.5,91.5,25.0,Depression,UNNAMED,2017
201743I,2017071800,19.0,86.0,25.0,Depression,UNNAMED,2017
201743I,2017071803,19.0,86.0,25.0,Depression,UNNAMED,2017
201743I,2017071806,19.5,85.5,25.0,Depression,UNNAMED,2017
201743I,2017071809,19.8,85.3,25.0,Depression,UNNAMED,2017
201743I,2017071812,19.9,85.3,25.0,Depression,UNNAMED,2017
201743I,2017071815,19.9,85.3,25.0,Depression,UNNAMED,2017
201743I,2017071818,19.9,85.3,25.0,Depression,UNNAMED,2017
201743I,2017071821,20.0,85.3,25.0,Depression,UNNAMED,2017
201743I,2017071900,20.1,85.2,25.0,Depression,UNNAMED,2017
201751I,2017072600,24.0,85.0,25.0,Depression,UNNAMED,2017
201751I,2017072603,24.0,85.0,25.0,Depression,UNNAMED,2017
201751I,2017072606,24.0,85.0,25.0,Depression,UNNAMED,2017
201751I,2017072609,24.0,85.0,23.0,Depression,UNNAMED,2017
201751I,2017072612,24.0,85.0,20.0,Depression,UNNAMED,2017
201751I,2017072615,24.0,85.0,20.0,Depression,UNNAMED,2017
201751I,2017072618,24.0,85.0,20.0,Depression,UNNAMED,2017
201751I,2017072621,24.0,85.0,20.0,Depression,UNNAMED,2017
201751I,2017072700,24.0,85.0,20.0,Depression,UNNAMED,2017
201785I,2017100900,22.4,88.4,25.0,Depression,UNNAMED,2017
201785I,2017100903,22.5,88.4,30.0,Depression,UNNAMED,2017
201785I,2017100906,22.6,88.3,30.0,Depression,UNNAMED,2017
201785I,2017100909,22.7,88.2,30.0,Depression,UNNAMED,2017
201785I,2017100912,22.9,88.1,30.0,Depression,UNNAMED,2017
201785I,2017100915,23.0,88.0,30.0,Depression,UNNAMED,2017
201785I,2017100918,23.1,87.8,30.0,Depression,UNNAMED,2017
201785I,2017100921,23.1,87.5,30.0,Depression,UNNAMED,2017
201785I,2017101000,23.2,87.1,30.0,Depression,UNNAMED,2017
201785I,2017101003,23.5,86.7,30.0,Depression,UNNAMED,2017
201785I,2017101006,23.8,86.6,25.0,Depression,UNNAMED,2017
201790I,2017101900,16.5,86.5,25.0,Depression,UNNAMED,2017
201790I,2017101903,16.8,86.5,25.0,Depression,UNNAMED,2017
201790I,2017101906,17.3,86.3,25.0,Depression,UNNAMED,2017
201790I,2017101909,18.4,86.3,25.0,Depression,UNNAMED,2017
201790I,2017101912,20.0,86.5,25.0,Depression,UNNAMED,2017
201795I,2017110721,11.2,99.8,23.0,Depression,UNNAMED,2017
201795I,2017110800,11.3,99.6,20.0,Depression,UNNAMED,2017
201798I,2017111503,15.0,83.0,25.0,Depression,UNNAMED,2017
201798I,2017111506,15.5,83.0,25.0,Depression,UNNAMED,2017
201798I,2017111509,15.9,83.1,25.0,Depression,UNNAMED,2017
201798I,2017111512,16.2,83.3,25.0,Depression,UNNAMED,2017
201798I,2017111515,16.6,83.5,25.0,Depression,UNNAMED,2017
201798I,2017111518,17.0,83.8,25.0,Depression,UNNAMED,2017
201798I,2017111521,17.3,84.0,25.0,Depression,UNNAMED,2017
201798I,2017111600,17.5,84.1,25.0,Depression,UNNAMED,2017
201798I,2017111603,17.7,84.3,25.0,Depression,UNNAMED,2017
201798I,2017111606,17.7,84.3,25.0,Depression,UNNAMED,2017
201798I,2017111609,17.9,84.6,25.0,Depression,UNNAMED,2017
201798I,2017111612,18.1,85.0,25.0,Depression,UNNAMED,2017
201798I,2017111615,18.3,85.3,25.0,Depression,UNNAMED,2017
201798I,2017111618,18.5,85.5,25.0,Depression,UNNAMED,2017
201798I,2017111621,18.5,85.6,25.0,Depression,UNNAMED,2017
201798I,2017111700,18.8,85.8,25.0,Depression,UNNAMED,2017
201798I,2017111703,19.5,86.3,25.0,Depression,UNNAMED,2017
2018108I,2018111003,11.7,92.5,25.0,Depression,GAJA,2018
2018108I,2018111006,12.0,92.0,25.0,Depression,GAJA,2018
2018108I,2018111009,12.3,91.4,28.0,Depression,GAJA,2018
2018108I,2018111012,12.7,90.7,30.0,Depression,GAJA,2018
2018108I,2018111015,12.9,90.2,30.0,Depression,GAJA,2018
2018108I,2018111018,13.1,89.8,30.0,Depression,GAJA,2018
2018108I,2018111021,13.2,89.5,33.0,Depression,GAJA,2018
2018108I,2018111100,13.4,89.2,35.0,Cyclonic Storm,GAJA,2018
2018108I,2018111103,13.4,88.8,35.0,Cyclonic Storm,GAJA,2018
2018108I,2018111106,13.4,88.5,40.0,Cyclonic Storm,GAJA,2018
2018108I,2018111109,13.4,88.0,40.0,Cyclonic Storm,GAJA,2018
2018108I,2018111112,13.3,87.7,40.0,Cyclonic Storm,GAJA,2018
2018108I,2018111115,13.2,87.5,40.0,Cyclonic Storm,GAJA,2018
2018108I,2018111118,13.1,87.3,40.0,Cyclonic Storm,GAJA,2018
2018108I,2018111121,13.1,87.2,40.0,Cyclonic Storm,GAJA,2018
2018108I,2018111200,12.9,87.2,40.0,Cyclonic Storm,GAJA,2018
2018108I,2018111203,12.7,87.2,40.0,Cyclonic Storm,GAJA,2018
2018108I,2018111206,12.6,87.3,40.0,Cyclonic Storm,GAJA,2018
2018108I,2018111209,12.7,87.3,40.0,Cyclonic Storm,GAJA,2018
2018108I,2018111212,12.8,87.6,40.0,Cyclonic Storm,GAJA,2018
2018108I,2018111215,13.0,87.6,40.0,Cyclonic Storm,GAJA,2018
2018108I,2018111218,13.3,87.6,45.0,Cyclonic Storm,GAJA,2018
2018108I,2018111221,13.4,87.4,45.0,Cyclonic Storm,GAJA,2018
2018108I,2018111300,13.6,87.2,40.0,Cyclonic Storm,GAJA,2018
2018108I,2018111303,13.6,87.0,40.0,Cyclonic Storm,GAJA,2018
2018108I,2018111306,13.7,86.6,40.0,Cyclonic Storm,GAJA,2018
2018108I,2018111309,13.6,86.3,40.0,Cyclonic Storm,GAJA,2018
2018108I,2018111312,13.5,86.1,40.0,Cyclonic Storm,GAJA,2018
2018108I,2018111315,13.4,85.9,40.0,Cyclonic Storm,GAJA,2018
2018108I,2018111318,13.3,85.7,40.0,Cyclonic Storm,GAJA,2018
2018108I,2018111321,13.2,85.5,40.0,Cyclonic Storm,GAJA,2018
2018108I,2018111400,13.1,85.4,40.0,Cyclonic Storm,GAJA,2018
2018108I,2018111403,13.0,85.2,40.0,Cyclonic Storm,GAJA,2018
2018108I,2018111406,12.8,85.0,45.0,Cyclonic Storm,GAJA,2018
2018108I,2018111409,12.6,84.7,45.0,Cyclonic Storm,GAJA,2018
2018108I,2018111412,12.4,84.4,45.0,Cyclonic Storm,GAJA,2018
2018108I,2018111415,12.2,84.2,45.0,Cyclonic Storm,GAJA,2018
2018108I,2018111418,12.0,83.9,45.0,Cyclonic Storm,GAJA,2018
2018108I,2018111421,11.8,83.5,45.0,Cyclonic Storm,GAJA,2018
2018108I,2018111500,11.5,83.1,45.0,Cyclonic Storm,GAJA,2018
2018108I,2018111503,11.4,82.7,50.0,Severe Cyclonic Storm,GAJA,2018
2018108I,2018111506,11.3,82.2,55.0,Severe Cyclonic Storm,GAJA,2018
2018108I,2018111509,11.1,81.6,55.0,Severe Cyclonic Storm,GAJA,2018
2018108I,2018111512,10.9,81.2,60.0,Severe Cyclonic Storm,GAJA,2018
2018108I,2018111515,10.7,80.7,65.0,Very Severe Cyclonic Storm,GAJA,2018
2018108I,2018111518,10.6,80.3,70.0,Very Severe Cyclonic Storm,GAJA,2018
2018108I,2018111521,10.5,79.7,70.0,Very Severe Cyclonic Storm,GAJA,2018
2018108I,2018111600,10.5,79.1,55.0,Severe Cyclonic Storm,GAJA,2018
2018108I,2018111603,10.4,78.5,45.0,Cyclonic Storm,GAJA,2018
2018108I,2018111606,10.5,77.6,30.0,Depression,GAJA,2018
2018108I,2018111609,10.3,76.9,28.0,Depression,GAJA,2018
2018108I,2018111612,10.0,76.3,25.0,Depression,GAJA,2018
2018108I,2018111615,9.9,75.8,25.0,Depression,GAJA,2018
2018108I,2018111618,9.8,75.3,25.0,Depression,GAJA,2018
2018108I,2018111621,9.7,74.7,28.0,Depression,GAJA,2018
2018108I,2018111700,9.7,74.2,30.0,Depression,GAJA,2018
2018108I,2018111703,9.7,73.5,30.0,Depression,GAJA,2018
2018108I,2018111706,9.8,73.0,30.0,Depression,GAJA,2018
2018108I,2018111709,9.9,72.4,30.0,Depression,GAJA,2018
2018108I,2018111712,10.0,71.8,30.0,Depression,GAJA,2018
2018108I,2018111715,10.1,71.2,30.0,Depression,GAJA,2018
2018108I,2018111718,10.2,70.7,30.0,Depression,GAJA,2018
2018108I,2018111721,10.3,70.2,30.0,Depression,GAJA,2018
2018108I,2018111800,10.4,69.8,30.0,Depression,GAJA,2018
2018108I,2018111803,10.5,69.5,30.0,Depression,GAJA,2018
2018108I,2018111806,10.5,69.1,30.0,Depression,GAJA,2018
2018108I,2018111809,10.6,68.8,30.0,Depression,GAJA,2018
2018108I,2018111812,10.6,68.5,30.0,Depression,GAJA,2018
2018108I,2018111815,10.6,68.0,30.0,Depression,GAJA,2018
2018108I,2018111818,10.7,67.5,30.0,Depression,GAJA,2018
2018108I,2018111821,10.7,67.1,30.0,Depression,GAJA,2018
2018108I,2018111900,10.8,66.6,30.0,Depression,GAJA,2018
2018108I,2018111903,10.9,66.3,30.0,Depression,GAJA,2018
2018108I,2018111906,11.0,65.8,25.0,Depression,GAJA,2018
2018108I,2018111909,11.2,65.4,25.0,Depression,GAJA,2018
2018108I,2018111912,11.2,65.0,25.0,Depression,GAJA,2018
2018112I,2018121300,6.5,88.7,25.0,Depression,PHETHAI,2018
2018112I,2018121303,6.7,88.6,25.0,Depression,PHETHAI,2018
2018112I,2018121306,6.8,88.5,25.0,Depression,PHETHAI,2018
2018112I,2018121309,7.0,88.4,25.0,Depression,PHETHAI,2018
2018112I,2018121312,7.2,88.3,25.0,Depression,PHETHAI,2018
2018112I,2018121315,7.4,88.2,28.0,Depression,PHETHAI,2018
2018112I,2018121318,7.5,88.0,30.0,Depression,PHETHAI,2018
2018112I,2018121321,7.7,87.8,30.0,Depression,PHETHAI,2018
2018112I,2018121400,7.9,87.6,30.0,Depression,PHETHAI,2018
2018112I,2018121403,8.1,87.5,30.0,Depression,PHETHAI,2018
2018112I,2018121406,8.2,87.4,30.0,Depression,PHETHAI,2018
2018112I,2018121409,8.2,87.1,30.0,Depression,PHETHAI,2018
2018112I,2018121412,8.3,86.8,30.0,Depression,PHETHAI,2018
2018112I,2018121415,8.5,86.5,30.0,Depression,PHETHAI,2018
2018112I,2018121418,8.7,86.3,30.0,Depression,PHETHAI,2018
2018112I,2018121421,8.8,86.0,30.0,Depression,PHETHAI,2018
2018112I,2018121500,9.0,85.7,30.0,Depression,PHETHAI,2018
2018112I,2018121503,9.3,85.4,30.0,Depression,PHETHAI,2018
2018112I,2018121506,9.5,85.3,30.0,Depression,PHETHAI,2018
2018112I,2018121509,9.9,85.1,33.0,Depression,PHETHAI,2018
2018112I,2018121512,10.2,84.9,35.0,Cyclonic Storm,PHETHAI,2018
2018112I,2018121515,10.5,84.7,35.0,Cyclonic Storm,PHETHAI,2018
2018112I,2018121518,10.8,84.6,35.0,Cyclonic Storm,PHETHAI,2018
2018112I,2018121521,11.0,84.4,35.0,Cyclonic Storm,PHETHAI,2018
2018112I,2018121600,11.3,84.3,40.0,Cyclonic Storm,PHETHAI,2018
2018112I,2018121603,11.8,84.1,45.0,Cyclonic Storm,PHETHAI,2018
2018112I,2018121606,12.3,83.9,45.0,Cyclonic Storm,PHETHAI,2018
2018112I,2018121609,12.4,83.5,50.0,Severe Cyclonic Storm,PHETHAI,2018
2018112I,2018121612,13.4,83.1,55.0,Severe Cyclonic Storm,PHETHAI,2018
2018112I,2018121615,13.8,82.8,55.0,Severe Cyclonic Storm,PHETHAI,2018
2018112I,2018121618,14.1,82.7,55.0,Severe Cyclonic Storm,PHETHAI,2018
2018112I,2018121621,14.5,82.4,55.0,Severe Cyclonic Storm,PHETHAI,2018
2018112I,2018121700,15.0,82.4,50.0,Severe Cyclonic Storm,PHETHAI,2018
2018112I,2018121703,15.5,82.3,45.0,Cyclonic Storm,PHETHAI,2018
2018112I,2018121706,16.0,82.3,45.0,Cyclonic Storm,PHETHAI,2018
2018112I,2018121709,16.5,82.3,40.0,Cyclonic Storm,PHETHAI,2018
2018112I,2018121712,16.8,82.5,30.0,Depression,PHETHAI,2018
2018112I,2018121715,17.4,82.6,30.0,Depression,PHETHAI,2018
2018112I,2018121718,17.8,82.8,25.0,Depression,PHETHAI,2018
2018117I,2019010412,8.3,99.8,45.0,Cyclonic Storm,PABUK,2018
2018117I,2019010415,8.4,99.3,45.0,Cyclonic Storm,PABUK,2018
2018117I,2019010418,8.5,98.9,45.0,Cyclonic Storm,PABUK,2018
2018117I,2019010421,8.7,98.7,45.0,Cyclonic Storm,PABUK,2018
2018117I,2019010500,8.8,98.5,40.0,Cyclonic Storm,PABUK,2018
2018117I,2019010503,9.1,98.2,40.0,Cyclonic Storm,PABUK,2018
2018117I,2019010506,9.3,98.0,40.0,Cyclonic Storm,PABUK,2018
2018117I,2019010509,9.5,97.7,40.0,Cyclonic Storm,PABUK,2018
2018117I,2019010512,9.8,97.4,40.0,Cyclonic Storm,PABUK,2018
2018117I,2019010515,10.1,96.9,40.0,Cyclonic Storm,PABUK,2018
2018117I,2019010518,10.4,96.4,35.0,Cyclonic Storm,PABUK,2018
2018117I,2019010521,10.5,95.9,35.0,Cyclonic Storm,PABUK,2018
2018117I,2019010600,10.7,95.3,35.0,Cyclonic Storm,PABUK,2018
2018117I,2019010603,10.8,94.4,35.0,Cyclonic Storm,PABUK,2018
2018117I,2019010606,11.0,93.6,30.0,Depression,PABUK,2018
2018117I,2019010609,11.1,92.9,30.0,Depression,PABUK,2018
2018117I,2019010612,11.3,92.4,30.0,Depression,PABUK,2018
2018117I,2019010615,11.5,92.0,30.0,Depression,PABUK,2018
2018117I,2019010618,11.7,91.7,30.0,Depression,PABUK,2018
2018117I,2019010621,12.0,91.2,28.0,Depression,PABUK,2018
2018117I,2019010700,12.3,91.0,25.0,Depression,PABUK,2018
2018117I,2019010703,12.5,91.1,25.0,Depression,PABUK,2018
2018117I,2019010706,12.6,91.4,25.0,Depression,PABUK,2018
2018117I,2019010709,12.9,92.0,25.0,Depression,PABUK,2018
2018117I,2019010712,13.1,92.0,25.0,Depression,PABUK,2018
2018117I,2019010715,13.1,92.0,23.0,Depression,PABUK,2018
2018117I,2019010718,13.1,92.0,20.0,Depression,PABUK,2018
201812I,2018031303,5.0,76.0,25.0,Depression,UNNAMED,2018
201812I,2018031306,5.5,75.8,25.0,Depression,UNNAMED,2018
201812I,2018031309,6.1,75.4,25.0,Depression,UNNAMED,2018
201812I,2018031312,6.5,75.0,25.0,Depression,UNNAMED,2018
201812I,2018031315,6.7,74.9,25.0,Depression,UNNAMED,2018
201812I,2018031318,6.7,74.8,25.0,Depression,UNNAMED,2018
201812I,2018031321,6.8,74.7,25.0,Depression,UNNAMED,2018
201812I,2018031400,7.0,74.5,25.0,Depression,UNNAMED,2018
201812I,2018031403,7.5,74.0,25.0,Depression,UNNAMED,2018
201812I,2018031406,8.0,73.5,25.0,Depression,UNNAMED,2018
201812I,2018031409,8.4,73.1,25.0,Depression,UNNAMED,2018
201812I,2018031412,8.7,72.8,25.0,Depression,UNNAMED,2018
201812I,2018031415,8.9,72.6,25.0,Depression,UNNAMED,2018
201812I,2018031418,9.1,72.5,25.0,Depression,UNNAMED,2018
201824I,2018051518,11.3,53.7,20.0,Depression,SAGAR,2018
201824I,2018051521,11.6,53.2,23.0,Depression,SAGAR,2018
201824I,2018051600,12.0,52.7,25.0,Depression,SAGAR,2018
201824I,2018051603,12.4,52.2,25.0,Depression,SAGAR,2018
201824I,2018051606,12.7,51.6,25.0,Depression,SAGAR,2018
201824I,2018051609,12.9,51.1,28.0,Depression,SAGAR,2018
201824I,2018051612,13.1,50.5,25.0,Depression,SAGAR,2018
201824I,2018051615,13.2,50.0,28.0,Depression,SAGAR,2018
201824I,2018051618,13.2,49.7,30.0,Depression,SAGAR,2018
201824I,2018051621,13.2,49.4,30.0,Depression,SAGAR,2018
201824I,2018051700,13.2,49.2,30.0,Depression,SAGAR,2018
201824I,2018051703,13.2,48.9,35.0,Cyclonic Storm,SAGAR,2018
201824I,2018051706,13.1,48.7,35.0,Cyclonic Storm,SAGAR,2018
201824I,2018051709,13.1,48.4,35.0,Cyclonic Storm,SAGAR,2018
201824I,2018051712,13.0,48.1,40.0,Cyclonic Storm,SAGAR,2018
201824I,2018051715,12.9,47.7,40.0,Cyclonic Storm,SAGAR,2018
201824I,2018051718,12.6,47.3,40.0,Cyclonic Storm,SAGAR,2018
201824I,2018051721,12.4,46.9,40.0,Cyclonic Storm,SAGAR,2018
201824I,2018051800,12.2,46.5,45.0,Cyclonic Storm,SAGAR,2018
201824I,2018051803,12.0,46.2,45.0,Cyclonic Storm,SAGAR,2018
201824I,2018051806,11.9,46.0,45.0,Cyclonic Storm,SAGAR,2018
201824I,2018051809,11.7,45.6,45.0,Cyclonic Storm,SAGAR,2018
201824I,2018051812,11.5,45.5,45.0,Cyclonic Storm,SAGAR,2018
201824I,2018051815,11.4,45.3,45.0,Cyclonic Storm,SAGAR,2018
201824I,2018051818,11.3,45.1,45.0,Cyclonic Storm,SAGAR,2018
201824I,2018051821,11.1,45.0,45.0,Cyclonic Storm,SAGAR,2018
201824I,2018051900,11.0,44.8,45.0,Cyclonic Storm,SAGAR,2018
201824I,2018051903,10.8,44.5,45.0,Cyclonic Storm,SAGAR,2018
201824I,2018051906,10.7,44.2,40.0,Cyclonic Storm,SAGAR,2018
201824I,2018051909,10.5,44.0,40.0,Cyclonic Storm,SAGAR,2018
201824I,2018051912,10.4,43.8,35.0,Cyclonic Storm,SAGAR,2018
201824I,2018051915,10.2,43.6,33.0,Depression,SAGAR,2018
201824I,2018051918,10.1,43.4,30.0,Depression,SAGAR,2018
201824I,2018051921,10.0,43.2,28.0,Depression,SAGAR,2018
201824I,2018052000,9.9,42.8,25.0,Depression,SAGAR,2018
201824I,2018052003,9.9,42.3,35.0,Cyclonic Storm,SAGAR,2018
201824I,2018052006,9.8,41.8,30.0,Depression,SAGAR,2018
201825I,2018052106,7.9,58.6,25.0,Depression,MEKUNU,2018
201825I,2018052109,8.1,58.4,25.0,Depression,MEKUNU,2018
201825I,2018052112,8.4,58.3,25.0,Depression,MEKUNU,2018
201825I,2018052115,8.5,58.1,25.0,Depression,MEKUNU,2018
201825I,2018052118,8.7,57.9,25.0,Depression,MEKUNU,2018
201825I,2018052121,8.9,57.7,25.0,Depression,MEKUNU,2018
201825I,2018052200,9.1,57.5,25.0,Depression,MEKUNU,2018
201825I,2018052203,9.3,57.3,30.0,Depression,MEKUNU,2018
201825I,2018052206,9.6,57.1,30.0,Depression,MEKUNU,2018
201825I,2018052209,9.9,56.9,33.0,Depression,MEKUNU,2018
201825I,2018052212,10.2,56.8,35.0,Cyclonic Storm,MEKUNU,2018
201825I,2018052215,10.5,56.6,35.0,Cyclonic Storm,MEKUNU,2018
201825I,2018052218,10.7,56.4,40.0,Cyclonic Storm,MEKUNU,2018
201825I,2018052221,10.8,56.2,40.0,Cyclonic Storm,MEKUNU,2018
201825I,2018052300,11.0,56.1,45.0,Cyclonic Storm,MEKUNU,2018
201825I,2018052303,11.2,56.0,55.0,Severe Cyclonic Storm,MEKUNU,2018
201825I,2018052306,11.4,56.1,60.0,Severe Cyclonic Storm,MEKUNU,2018
201825I,2018052309,11.7,56.0,65.0,Very Severe Cyclonic Storm,MEKUNU,2018
201825I,2018052312,12.0,56.0,65.0,Very Severe Cyclonic Storm,MEKUNU,2018
201825I,2018052315,12.3,55.9,70.0,Very Severe Cyclonic Storm,MEKUNU,2018
201825I,2018052318,12.5,55.8,70.0,Very Severe Cyclonic Storm,MEKUNU,2018
201825I,2018052321,12.8,55.7,70.0,Very Severe Cyclonic Storm,MEKUNU,2018
201825I,2018052400,13.0,55.7,70.0,Very Severe Cyclonic Storm,MEKUNU,2018
201825I,2018052403,13.3,55.5,75.0,Very Severe Cyclonic Storm,MEKUNU,2018
201825I,2018052406,13.7,55.5,80.0,Very Severe Cyclonic Storm,MEKUNU,2018
201825I,2018052409,14.0,55.4,80.0,Very Severe Cyclonic Storm,MEKUNU,2018
201825I,2018052412,14.3,55.3,80.0,Very Severe Cyclonic Storm,MEKUNU,2018
201825I,2018052415,14.6,55.2,80.0,Very Severe Cyclonic Storm,MEKUNU,2018
201825I,2018052418,14.9,54.9,80.0,Very Severe Cyclonic Storm,MEKUNU,2018
201825I,2018052421,15.1,54.7,80.0,Very Severe Cyclonic Storm,MEKUNU,2018
201825I,2018052500,15.2,54.6,85.0,Very Severe Cyclonic Storm,MEKUNU,2018
201825I,2018052503,15.4,54.6,90.0,Extremely Severe/Super Cyclone,MEKUNU,2018
201825I,2018052506,15.8,54.5,90.0,Extremely Severe/Super Cyclone,MEKUNU,2018
201825I,2018052509,16.1,54.4,90.0,Extremely Severe/Super Cyclone,MEKUNU,2018
201825I,2018052512,16.3,54.3,95.0,Extremely Severe/Super Cyclone,MEKUNU,2018
201825I,2018052515,16.5,54.1,95.0,Extremely Severe/Super Cyclone,MEKUNU,2018
201825I,2018052518,16.7,53.9,95.0,Extremely Severe/Super Cyclone,MEKUNU,2018
201825I,2018052521,17.0,53.6,90.0,Extremely Severe/Super Cyclone,MEKUNU,2018
201825I,2018052600,17.2,53.5,75.0,Very Severe Cyclonic Storm,MEKUNU,2018
201825I,2018052603,17.5,53.4,60.0,Severe Cyclonic Storm,MEKUNU,2018
201825I,2018052606,17.8,53.3,50.0,Severe Cyclonic Storm,MEKUNU,2018
201825I,2018052609,18.2,53.2,45.0,Cyclonic Storm,MEKUNU,2018
201825I,2018052612,18.5,53.1,40.0,Cyclonic Storm,MEKUNU,2018
201825I,2018052615,18.6,52.9,35.0,Cyclonic Storm,MEKUNU,2018
201825I,2018052618,18.8,52.7,30.0,Depression,MEKUNU,2018
201825I,2018052621,18.9,52.6,28.0,Depression,MEKUNU,2018
201825I,2018052700,19.0,52.4,25.0,Depression,MEKUNU,2018
201825I,2018052703,19.0,52.1,33.0,Depression,MEKUNU,2018
201825I,2018052706,19.0,52.0,30.0,Depression,MEKUNU,2018
201827I,2018052800,16.5,90.2,20.0,Depression,UNNAMED,2018
201827I,2018052803,16.7,90.4,23.0,Depression,UNNAMED,2018
201827I,2018052806,16.9,90.6,25.0,Depression,UNNAMED,2018
201827I,2018052809,17.1,90.8,25.0,Depression,UNNAMED,2018
201827I,2018052812,17.3,91.0,25.0,Depression,UNNAMED,2018
201827I,2018052815,17.5,91.2,28.0,Depression,UNNAMED,2018
201827I,2018052818,17.8,91.5,30.0,Depression,UNNAMED,2018
201827I,2018052821,18.0,91.7,33.0,Depression,UNNAMED,2018
201827I,2018052900,18.3,92.0,35.0,Cyclonic Storm,UNNAMED,2018
201827I,2018052903,18.5,92.3,38.0,Cyclonic Storm,UNNAMED,2018
201827I,2018052906,18.7,92.5,25.0,Depression,UNNAMED,2018
201827I,2018052909,19.0,92.9,28.0,Depression,UNNAMED,2018
201827I,2018052912,19.4,93.3,30.0,Depression,UNNAMED,2018
201827I,2018052915,19.7,93.6,30.0,Depression,UNNAMED,2018
201827I,2018052918,20.0,94.0,30.0,Depression,UNNAMED,2018
201827I,2018052921,20.6,94.7,28.0,Depression,UNNAMED,2018
201827I,2018053000,21.3,95.4,25.0,Depression,UNNAMED,2018
201827I,2018053003,21.8,95.8,20.0,Depression,UNNAMED,2018
201832I,2018061006,22.3,91.5,25.0,Depression,UNNAMED,2018
201832I,2018061009,22.5,91.5,25.0,Depression,UNNAMED,2018
201832I,2018061012,22.7,91.4,25.0,Depression,UNNAMED,2018
201832I,2018061015,22.9,91.4,23.0,Depression,UNNAMED,2018
201832I,2018061018,23.0,91.3,20.0,Depression,UNNAMED,2018
201846I,2018072103,21.0,88.0,25.0,Depression,UNNAMED,2018
201846I,2018072106,21.4,87.7,25.0,Depression,UNNAMED,2018
201846I,2018072109,21.5,87.6,30.0,Depression,UNNAMED,2018
201846I,2018072112,21.7,87.4,30.0,Depression,UNNAMED,2018
201846I,2018072115,21.9,87.2,28.0,Depression,UNNAMED,2018
201846I,2018072118,22.0,87.0,25.0,Depression,UNNAMED,2018
201846I,2018072121,22.0,87.0,25.0,Depression,UNNAMED,2018
201846I,2018072200,22.2,86.8,25.0,Depression,UNNAMED,2018
201846I,2018072203,22.6,86.2,25.0,Depression,UNNAMED,2018
201846I,2018072206,22.7,86.1,25.0,Depression,UNNAMED,2018
201846I,2018072209,22.8,85.7,25.0,Depression,UNNAMED,2018
201846I,2018072212,23.0,85.1,25.0,Depression,UNNAMED,2018
201846I,2018072215,23.2,84.8,23.0,Depression,UNNAMED,2018
201846I,2018072218,23.5,84.5,20.0,Depression,UNNAMED,2018
201846I,2018072221,23.7,84.3,20.0,Depression,UNNAMED,2018
201846I,2018072300,23.9,84.0,20.0,Depression,UNNAMED,2018
201859I,2018080709,21.5,87.5,25.0,Depression,UNNAMED,2018
201859I,2018080712,21.5,87.0,25.0,Depression,UNNAMED,2018
201859I,2018080715,21.5,86.5,25.0,Depression,UNNAMED,2018
201859I,2018080718,21.6,86.0,25.0,Depression,UNNAMED,2018
201859I,2018080721,21.7,85.3,23.0,Depression,UNNAMED,2018
201859I,2018080800,21.7,84.5,20.0,Depression,UNNAMED,2018
201865I,2018081503,20.0,86.0,25.0,Depression,UNNAMED,2018
201865I,2018081506,20.1,85.6,25.0,Depression,UNNAMED,2018
201865I,2018081509,20.2,85.3,25.0,Depression,UNNAMED,2018
201865I,2018081512,20.2,85.0,25.0,Depression,UNNAMED,2018
201865I,2018081515,20.2,84.6,25.0,Depression,UNNAMED,2018
201865I,2018081518,20.3,84.0,25.0,Depression,UNNAMED,2018
201865I,2018081521,20.4,83.1,25.0,Depression,UNNAMED,2018
201865I,2018081600,20.5,82.0,25.0,Depression,UNNAMED,2018
201865I,2018081603,20.6,81.0,20.0,Depression,UNNAMED,2018
201865I,2018081606,20.7,80.5,20.0,Depression,UNNAMED,2018
201865I,2018081609,20.9,79.4,20.0,Depression,UNNAMED,2018
201865I,2018081612,21.1,78.3,20.0,Depression,UNNAMED,2018
201865I,2018081615,21.1,77.9,20.0,Depression,UNNAMED,2018
201865I,2018081618,21.2,77.5,20.0,Depression,UNNAMED,2018
201865I,2018081621,21.4,76.8,20.0,Depression,UNNAMED,2018
201865I,2018081700,21.8,75.8,20.0,Depression,UNNAMED,2018
201875I,2018090600,21.8,88.0,25.0,Depression,UNNAMED,2018
201875I,2018090603,21.8,87.9,30.0,Depression,UNNAMED,2018
201875I,2018090606,21.8,87.6,30.0,Depression,UNNAMED,2018
201875I,2018090609,21.7,87.2,30.0,Depression,UNNAMED,2018
201875I,2018090612,21.7,86.8,30.0,Depression,UNNAMED,2018
201875I,2018090615,21.8,86.5,30.0,Depression,UNNAMED,2018
201875I,2018090618,21.9,86.0,30.0,Depression,UNNAMED,2018
201875I,2018090621,21.9,85.0,28.0,Depression,UNNAMED,2018
201875I,2018090700,22.2,84.0,25.0,Depression,UNNAMED,2018
201875I,2018090703,22.9,83.3,20.0,Depression,UNNAMED,2018
201884I,2018091915,17.2,89.0,25.0,Depression,DAYE,2018
201884I,2018091918,17.2,88.3,25.0,Depression,DAYE,2018
201884I,2018091921,17.2,87.8,25.0,Depression,DAYE,2018
201884I,2018092000,17.2,87.4,25.0,Depression,DAYE,2018
201884I,2018092003,17.3,87.1,30.0,Depression,DAYE,2018
201884I,2018092006,17.6,87.0,30.0,Depression,DAYE,2018
201884I,2018092009,17.9,86.6,30.0,Depression,DAYE,2018
201884I,2018092012,18.3,86.1,30.0,Depression,DAYE,2018
201884I,2018092015,18.6,85.8,35.0,Cyclonic Storm,DAYE,2018
201884I,2018092018,19.1,85.2,35.0,Cyclonic Storm,DAYE,2018
201884I,2018092021,19.4,84.4,35.0,Cyclonic Storm,DAYE,2018
201884I,2018092100,19.8,83.6,30.0,Depression,DAYE,2018
201884I,2018092103,20.1,82.5,30.0,Depression,DAYE,2018
201884I,2018092106,20.5,81.5,30.0,Depression,DAYE,2018
201884I,2018092109,20.9,80.7,28.0,Depression,DAYE,2018
201884I,2018092112,21.2,80.1,25.0,Depression,DAYE,2018
201884I,2018092115,21.4,79.5,25.0,Depression,DAYE,2018
201884I,2018092118,21.4,78.7,25.0,Depression,DAYE,2018
201884I,2018092121,21.8,77.8,25.0,Depression,DAYE,2018
201884I,2018092200,22.3,76.9,25.0,Depression,DAYE,2018
201884I,2018092203,22.9,76.3,20.0,Depression,DAYE,2018
201884I,2018092206,22.9,76.3,20.0,Depression,DAYE,2018
201895I,2018100518,11.2,68.9,20.0,Depression,LUBAN,2018
201895I,2018100521,11.1,68.4,20.0,Depression,LUBAN,2018
201895I,2018100600,11.0,67.9,20.0,Depression,LUBAN,2018
201895I,2018100603,11.0,67.5,23.0,Depression,LUBAN,2018
201895I,2018100606,11.0,67.1,25.0,Depression,LUBAN,2018
201895I,2018100609,11.0,66.9,25.0,Depression,LUBAN,2018
201895I,2018100612,11.1,66.8,25.0,Depression,LUBAN,2018
201895I,2018100615,11.2,66.6,25.0,Depression,LUBAN,2018
201895I,2018100618,11.4,66.4,25.0,Depression,LUBAN,2018
201895I,2018100621,11.4,66.2,25.0,Depression,LUBAN,2018
201895I,2018100700,11.5,66.0,25.0,Depression,LUBAN,2018
201895I,2018100703,11.7,65.7,25.0,Depression,LUBAN,2018
201895I,2018100706,11.8,65.3,25.0,Depression,LUBAN,2018
201895I,2018100709,11.8,64.8,30.0,Depression,LUBAN,2018
201895I,2018100712,12.0,64.3,30.0,Depression,LUBAN,2018
201895I,2018100715,12.0,63.9,30.0,Depression,LUBAN,2018
201895I,2018100718,12.0,63.5,30.0,Depression,LUBAN,2018
201895I,2018100721,12.0,63.0,33.0,Depression,LUBAN,2018
201895I,2018100800,12.1,62.5,35.0,Cyclonic Storm,LUBAN,2018
201895I,2018100803,12.1,62.1,40.0,Cyclonic Storm,LUBAN,2018
201895I,2018100806,12.2,61.9,40.0,Cyclonic Storm,LUBAN,2018
201895I,2018100809,12.3,61.6,45.0,Cyclonic Storm,LUBAN,2018
201895I,2018100812,12.4,61.3,45.0,Cyclonic Storm,LUBAN,2018
201895I,2018100815,12.5,61.1,45.0,Cyclonic Storm,LUBAN,2018
201895I,2018100818,12.6,60.9,45.0,Cyclonic Storm,LUBAN,2018
201895I,2018100821,12.7,60.6,45.0,Cyclonic Storm,LUBAN,2018
201895I,2018100900,12.8,60.5,45.0,Cyclonic Storm,LUBAN,2018
201895I,2018100903,12.9,60.4,45.0,Cyclonic Storm,LUBAN,2018
201895I,2018100906,13.0,60.4,45.0,Cyclonic Storm,LUBAN,2018
201895I,2018100909,13.1,60.3,50.0,Severe Cyclonic Storm,LUBAN,2018
201895I,2018100912,13.2,60.1,55.0,Severe Cyclonic Storm,LUBAN,2018
201895I,2018100915,13.4,59.8,55.0,Severe Cyclonic Storm,LUBAN,2018
201895I,2018100918,13.6,59.6,55.0,Severe Cyclonic Storm,LUBAN,2018
201895I,2018100921,13.7,59.3,60.0,Severe Cyclonic Storm,LUBAN,2018
201895I,2018101000,14.0,59.2,65.0,Very Severe Cyclonic Storm,LUBAN,2018
201895I,2018101003,14.1,59.1,65.0,Very Severe Cyclonic Storm,LUBAN,2018
201895I,2018101006,14.2,59.0,75.0,Very Severe Cyclonic Storm,LUBAN,2018
201895I,2018101009,14.4,58.7,75.0,Very Severe Cyclonic Storm,LUBAN,2018
201895I,2018101012,14.4,58.6,75.0,Very Severe Cyclonic Storm,LUBAN,2018
201895I,2018101015,14.5,58.5,75.0,Very Severe Cyclonic Storm,LUBAN,2018
201895I,2018101018,14.5,58.4,75.0,Very Severe Cyclonic Storm,LUBAN,2018
201895I,2018101021,14.5,58.4,75.0,Very Severe Cyclonic Storm,LUBAN,2018
201895I,2018101100,14.6,58.2,75.0,Very Severe Cyclonic Storm,LUBAN,2018
201895I,2018101103,14.4,58.0,70.0,Very Severe Cyclonic Storm,LUBAN,2018
201895I,2018101106,14.5,57.9,70.0,Very Severe Cyclonic Storm,LUBAN,2018
201895I,2018101109,14.5,57.9,70.0,Very Severe Cyclonic Storm,LUBAN,2018
201895I,2018101112,14.5,57.8,70.0,Very Severe Cyclonic Storm,LUBAN,2018
201895I,2018101115,14.5,57.8,70.0,Very Severe Cyclonic Storm,LUBAN,2018
201895I,2018101118,14.6,57.7,70.0,Very Severe Cyclonic Storm,LUBAN,2018
201895I,2018101121,14.7,57.7,65.0,Very Severe Cyclonic Storm,LUBAN,2018
201895I,2018101200,14.7,57.6,60.0,Severe Cyclonic Storm,LUBAN,2018
201895I,2018101203,14.6,57.5,55.0,Severe Cyclonic Storm,LUBAN,2018
201895I,2018101206,14.7,57.4,50.0,Severe Cyclonic Storm,LUBAN,2018
201895I,2018101209,14.6,57.2,50.0,Severe Cyclonic Storm,LUBAN,2018
201895I,2018101212,14.7,57.0,50.0,Severe Cyclonic Storm,LUBAN,2018
201895I,2018101215,14.7,56.8,50.0,Severe Cyclonic Storm,LUBAN,2018
201895I,2018101218,14.8,56.5,45.0,Cyclonic Storm,LUBAN,2018
201895I,2018101221,14.8,56.2,45.0,Cyclonic Storm,LUBAN,2018
201895I,2018101300,14.8,55.9,45.0,Cyclonic Storm,LUBAN,2018
201895I,2018101303,14.8,55.6,40.0,Cyclonic Storm,LUBAN,2018
201895I,2018101306,14.9,55.3,40.0,Cyclonic Storm,LUBAN,2018
201895I,2018101309,14.9,54.9,40.0,Cyclonic Storm,LUBAN,2018
201895I,2018101312,14.9,54.5,40.0,Cyclonic Storm,LUBAN,2018
201895I,2018101315,14.9,54.1,40.0,Cyclonic Storm,LUBAN,2018
201895I,2018101318,15.1,53.7,40.0,Cyclonic Storm,LUBAN,2018
201895I,2018101321,15.2,53.3,40.0,Cyclonic Storm,LUBAN,2018
201895I,2018101400,15.4,52.8,40.0,Cyclonic Storm,LUBAN,2018
201895I,2018101403,15.6,52.5,40.0,Cyclonic Storm,LUBAN,2018
201895I,2018101406,15.9,52.2,35.0,Cyclonic Storm,LUBAN,2018
201895I,2018101409,15.9,51.8,30.0,Depression,LUBAN,2018
201895I,2018101412,16.0,51.4,30.0,Depression,LUBAN,2018
201895I,2018101415,16.1,51.1,28.0,Depression,LUBAN,2018
201895I,2018101418,16.3,50.8,25.0,Depression,LUBAN,2018
201895I,2018101421,16.2,50.0,25.0,Depression,LUBAN,2018
201895I,2018101500,16.2,49.0,25.0,Depression,LUBAN,2018
201897I,2018100800,14.2,88.4,20.0,Depression,TITLI,2018
201897I,2018100803,14.1,88.4,25.0,Depression,TITLI,2018
201897I,2018100806,14.1,88.3,25.0,Depression,TITLI,2018
201897I,2018100809,14.2,88.1,25.0,Depression,TITLI,2018
201897I,2018100812,14.3,87.9,25.0,Depression,TITLI,2018
201897I,2018100815,14.4,87.7,28.0,Depression,TITLI,2018
201897I,2018100818,14.5,87.5,30.0,Depression,TITLI,2018
201897I,2018100821,14.6,87.3,30.0,Depression,TITLI,2018
201897I,2018100900,14.7,87.1,30.0,Depression,TITLI,2018
201897I,2018100903,14.7,86.9,30.0,Depression,TITLI,2018
201897I,2018100906,14.8,86.8,35.0,Cyclonic Storm,TITLI,2018
201897I,2018100909,14.9,86.7,35.0,Cyclonic Storm,TITLI,2018
201897I,2018100912,15.1,86.6,40.0,Cyclonic Storm,TITLI,2018
201897I,2018100915,15.3,86.5,40.0,Cyclonic Storm,TITLI,2018
201897I,2018100918,15.6,86.3,45.0,Cyclonic Storm,TITLI,2018
201897I,2018100921,15.8,86.1,50.0,Severe Cyclonic Storm,TITLI,2018
201897I,2018101000,16.1,86.0,55.0,Severe Cyclonic Storm,TITLI,2018
201897I,2018101003,16.5,85.9,60.0,Severe Cyclonic Storm,TITLI,2018
201897I,2018101006,17.0,85.6,70.0,Very Severe Cyclonic Storm,TITLI,2018
201897I,2018101009,17.3,85.4,75.0,Very Severe Cyclonic Storm,TITLI,2018
201897I,2018101012,17.6,85.3,80.0,Very Severe Cyclonic Storm,TITLI,2018
201897I,2018101015,17.8,85.1,80.0,Very Severe Cyclonic Storm,TITLI,2018
201897I,2018101018,18.3,85.0,80.0,Very Severe Cyclonic Storm,TITLI,2018
201897I,2018101021,18.6,84.6,80.0,Very Severe Cyclonic Storm,TITLI,2018
201897I,2018101100,18.8,84.4,80.0,Very Severe Cyclonic Storm,TITLI,2018
201897I,2018101103,18.9,84.1,65.0,Very Severe Cyclonic Storm,TITLI,2018
201897I,2018101106,19.2,83.9,60.0,Severe Cyclonic Storm,TITLI,2018
201897I,2018101109,19.4,83.8,50.0,Severe Cyclonic Storm,TITLI,2018
201897I,2018101112,19.7,83.8,45.0,Cyclonic Storm,TITLI,2018
201897I,2018101115,19.9,83.9,40.0,Cyclonic Storm,TITLI,2018
201897I,2018101118,20.1,84.2,30.0,Depression,TITLI,2018
201897I,2018101121,20.3,84.4,30.0,Depression,TITLI,2018
201897I,2018101200,20.5,84.7,30.0,Depression,TITLI,2018
201897I,2018101203,20.7,85.0,30.0,Depression,TITLI,2018
201897I,2018101206,20.9,85.3,30.0,Depression,TITLI,2018
201897I,2018101209,20.9,85.5,25.0,Depression,TITLI,2018
201897I,2018101212,21.2,86.1,25.0,Depression,TITLI,2018
201897I,2018101215,21.6,86.7,25.0,Depression,TITLI,2018
201897I,2018101218,21.9,87.2,25.0,Depression,TITLI,2018
201897I,2018101221,22.1,87.5,20.0,Depression,TITLI,2018
2019103I,2019113018,4.6,58.0,15.0,Depression,PAWAN,2019
2019103I,2019113021,4.7,57.8,15.0,Depression,PAWAN,2019
2019103I,2019120100,4.8,57.6,15.0,Depression,PAWAN,2019
2019103I,2019120103,4.9,57.5,15.0,Depression,PAWAN,2019
2019103I,2019120106,4.9,57.4,15.0,Depression,PAWAN,2019
2019103I,2019120109,4.9,57.3,18.0,Depression,PAWAN,2019
2019103I,2019120112,5.0,57.2,20.0,Depression,PAWAN,2019
2019103I,2019120115,5.1,57.1,20.0,Depression,PAWAN,2019
2019103I,2019120118,5.2,57.0,20.0,Depression,PAWAN,2019
2019103I,2019120121,5.3,56.9,23.0,Depression,PAWAN,2019
2019103I,2019120200,5.5,56.9,25.0,Depression,PAWAN,2019
2019103I,2019120203,5.7,56.9,28.0,Depression,PAWAN,2019
2019103I,2019120206,5.8,56.9,30.0,Depression,PAWAN,2019
2019103I,2019120209,5.9,56.9,30.0,Depression,PAWAN,2019
2019103I,2019120212,5.9,56.8,25.0,Depression,PAWAN,2019
2019103I,2019120215,6.0,56.8,25.0,Depression,PAWAN,2019
2019103I,2019120218,6.2,56.8,25.0,Depression,PAWAN,2019
2019103I,2019120221,6.3,56.8,28.0,Depression,PAWAN,2019
2019103I,2019120300,6.5,56.9,30.0,Depression,PAWAN,2019
2019103I,2019120303,6.7,56.9,30.0,Depression,PAWAN,2019
2019103I,2019120306,6.9,56.9,30.0,Depression,PAWAN,2019
2019103I,2019120309,7.0,56.9,30.0,Depression,PAWAN,2019
2019103I,2019120312,7.0,57.0,30.0,Depression,PAWAN,2019
2019103I,2019120315,7.0,57.0,30.0,Depression,PAWAN,2019
2019103I,2019120318,7.1,57.1,30.0,Depression,PAWAN,2019
2019103I,2019120321,7.2,57.1,30.0,Depression,PAWAN,2019
2019103I,2019120400,7.3,57.1,30.0,Depression,PAWAN,2019
2019103I,2019120403,7.4,57.1,30.0,Depression,PAWAN,2019
2019103I,2019120406,7.5,57.1,30.0,Depression,PAWAN,2019
2019103I,2019120409,7.6,57.0,30.0,Depression,PAWAN,2019
2019103I,2019120412,7.8,56.9,30.0,Depression,PAWAN,2019
2019103I,2019120415,8.1,56.9,30.0,Depression,PAWAN,2019
2019103I,2019120418,8.6,56.9,30.0,Depression,PAWAN,2019
2019103I,2019120421,9.0,56.7,33.0,Depression,PAWAN,2019
2019103I,2019120500,9.3,56.6,35.0,Cyclonic Storm,PAWAN,2019
2019103I,2019120503,9.3,56.4,35.0,Cyclonic Storm,PAWAN,2019
2019103I,2019120506,9.4,56.1,35.0,Cyclonic Storm,PAWAN,2019
2019103I,2019120509,9.3,55.4,35.0,Cyclonic Storm,PAWAN,2019
2019103I,2019120512,9.3,55.0,40.0,Cyclonic Storm,PAWAN,2019
2019103I,2019120515,9.1,54.7,35.0,Cyclonic Storm,PAWAN,2019
2019103I,2019120518,8.9,54.3,35.0,Cyclonic Storm,PAWAN,2019
2019103I,2019120521,8.6,53.9,35.0,Cyclonic Storm,PAWAN,2019
2019103I,2019120600,8.3,53.4,35.0,Cyclonic Storm,PAWAN,2019
2019103I,2019120603,8.1,53.1,35.0,Cyclonic Storm,PAWAN,2019
2019103I,2019120606,8.0,52.8,35.0,Cyclonic Storm,PAWAN,2019
2019103I,2019120609,7.9,52.5,35.0,Cyclonic Storm,PAWAN,2019
2019103I,2019120612,7.9,52.2,35.0,Cyclonic Storm,PAWAN,2019
2019103I,2019120615,7.8,51.6,35.0,Cyclonic Storm,PAWAN,2019
2019103I,2019120618,7.8,51.1,35.0,Cyclonic Storm,PAWAN,2019
2019103I,2019120621,7.7,50.6,35.0,Cyclonic Storm,PAWAN,2019
2019103I,2019120700,7.7,49.8,35.0,Cyclonic Storm,PAWAN,2019
2019103I,2019120703,7.6,49.4,30.0,Depression,PAWAN,2019
2019103I,2019120706,7.5,48.9,30.0,Depression,PAWAN,2019
2019103I,2019120709,7.4,48.5,25.0,Depression,PAWAN,2019
2019103I,2019120712,7.2,48.2,25.0,Depression,PAWAN,2019
2019103I,2019120715,7.1,47.8,23.0,Depression,PAWAN,2019
2019103I,2019120718,7.1,47.4,20.0,Depression,PAWAN,2019
2019105I,2019120212,10.7,72.3,15.0,Depression,UNNAMED,2019
2019105I,2019120215,11.2,72.0,18.0,Depression,UNNAMED,2019
2019105I,2019120218,11.6,71.7,20.0,Depression,UNNAMED,2019
2019105I,2019120221,12.0,71.3,25.0,Depression,UNNAMED,2019
2019105I,2019120300,12.4,71.0,30.0,Depression,UNNAMED,2019
2019105I,2019120303,12.6,70.8,33.0,Depression,UNNAMED,2019
2019105I,2019120306,12.8,70.6,35.0,Cyclonic Storm,UNNAMED,2019
2019105I,2019120309,13.1,70.4,38.0,Cyclonic Storm,UNNAMED,2019
2019105I,2019120312,13.3,70.2,40.0,Cyclonic Storm,UNNAMED,2019
2019105I,2019120315,13.4,69.8,45.0,Cyclonic Storm,UNNAMED,2019
2019105I,2019120318,13.4,69.9,25.0,Depression,UNNAMED,2019
2019105I,2019120321,13.8,70.0,28.0,Depression,UNNAMED,2019
2019105I,2019120400,14.2,69.9,30.0,Depression,UNNAMED,2019
2019105I,2019120403,14.7,69.5,30.0,Depression,UNNAMED,2019
2019105I,2019120406,14.8,69.1,30.0,Depression,UNNAMED,2019
2019105I,2019120409,14.8,68.7,30.0,Depression,UNNAMED,2019
2019105I,2019120412,14.9,68.4,30.0,Depression,UNNAMED,2019
2019105I,2019120415,14.9,68.3,30.0,Depression,UNNAMED,2019
2019105I,2019120418,15.0,68.3,30.0,Depression,UNNAMED,2019
2019105I,2019120421,15.1,68.2,28.0,Depression,UNNAMED,2019
2019105I,2019120500,15.2,68.0,25.0,Depression,UNNAMED,2019
2019105I,2019120503,15.4,67.6,25.0,Depression,UNNAMED,2019
2019105I,2019120506,15.6,67.2,20.0,Depression,UNNAMED,2019
2019105I,2019120509,15.9,66.7,23.0,Depression,UNNAMED,2019
2019105I,2019120512,16.1,66.2,20.0,Depression,UNNAMED,2019
2019105I,2019120515,16.1,65.7,20.0,Depression,UNNAMED,2019
2019105I,2019120518,16.1,65.3,20.0,Depression,UNNAMED,2019
2019105I,2019120521,16.1,65.0,20.0,Depression,UNNAMED,2019
2019105I,2019120600,16.0,64.7,20.0,Depression,UNNAMED,2019
2019105I,2019120603,15.9,64.3,18.0,Depression,UNNAMED,2019
2019105I,2019120606,15.9,63.8,15.0,Depression,UNNAMED,2019
2019107I,2019120809,9.4,62.2,25.0,Depression,UNNAMED,2019
2019107I,2019120812,9.6,61.6,25.0,Depression,UNNAMED,2019
2019107I,2019120815,9.8,61.2,25.0,Depression,UNNAMED,2019
2019107I,2019120818,10.0,61.0,25.0,Depression,UNNAMED,2019
2019107I,2019120821,10.2,60.7,28.0,Depression,UNNAMED,2019
2019107I,2019120900,10.4,60.4,30.0,Depression,UNNAMED,2019
2019107I,2019120903,10.5,60.0,30.0,Depression,UNNAMED,2019
2019107I,2019120906,10.6,59.4,30.0,Depression,UNNAMED,2019
2019107I,2019120909,10.6,59.0,28.0,Depression,UNNAMED,2019
2019107I,2019120912,10.6,58.5,25.0,Depression,UNNAMED,2019
2019107I,2019120915,10.6,57.8,25.0,Depression,UNNAMED,2019
2019107I,2019120918,10.6,57.0,25.0,Depression,UNNAMED,2019
2019107I,2019120921,10.6,56.3,25.0,Depression,UNNAMED,2019
2019107I,2019121000,10.6,55.7,25.0,Depression,UNNAMED,2019
2019107I,2019121003,10.6,55.2,25.0,Depression,UNNAMED,2019
201923I,2019042518,1.9,90.2,25.0,Depression,FANI,2019
201923I,2019042521,2.1,90.1,25.0,Depression,FANI,2019
201923I,2019042600,2.2,90.0,25.0,Depression,FANI,2019
201923I,2019042603,2.3,89.8,25.0,Depression,FANI,2019
201923I,2019042606,2.5,89.7,25.0,Depression,FANI,2019
201923I,2019042609,2.8,89.8,25.0,Depression,FANI,2019
201923I,2019042612,3.2,89.8,25.0,Depression,FANI,2019
201923I,2019042615,3.5,89.7,25.0,Depression,FANI,2019
201923I,2019042618,3.8,89.5,25.0,Depression,FANI,2019
201923I,2019042621,4.2,89.4,28.0,Depression,FANI,2019
201923I,2019042700,4.6,89.4,30.0,Depression,FANI,2019
201923I,2019042703,4.9,89.4,30.0,Depression,FANI,2019
201923I,2019042706,5.1,89.4,35.0,Cyclonic Storm,FANI,2019
201923I,2019042709,5.5,89.3,40.0,Cyclonic Storm,FANI,2019
201923I,2019042712,6.0,89.2,45.0,Cyclonic Storm,FANI,2019
201923I,2019042715,6.4,88.9,45.0,Cyclonic Storm,FANI,2019
201923I,2019042718,6.6,88.5,45.0,Cyclonic Storm,FANI,2019
201923I,2019042721,6.8,88.2,45.0,Cyclonic Storm,FANI,2019
201923I,2019042800,7.1,88.1,45.0,Cyclonic Storm,FANI,2019
201923I,2019042803,7.2,88.1,45.0,Cyclonic Storm,FANI,2019
201923I,2019042806,7.4,88.1,45.0,Cyclonic Storm,FANI,2019
201923I,2019042809,7.6,87.9,45.0,Cyclonic Storm,FANI,2019
201923I,2019042812,8.0,87.6,45.0,Cyclonic Storm,FANI,2019
201923I,2019042815,8.1,87.5,45.0,Cyclonic Storm,FANI,2019
201923I,2019042818,8.2,87.5,45.0,Cyclonic Storm,FANI,2019
201923I,2019042821,8.4,87.4,45.0,Cyclonic Storm,FANI,2019
201923I,2019042900,8.6,87.4,45.0,Cyclonic Storm,FANI,2019
201923I,2019042903,8.8,87.2,45.0,Cyclonic Storm,FANI,2019
201923I,2019042906,9.3,87.2,45.0,Cyclonic Storm,FANI,2019
201923I,2019042909,9.8,87.1,45.0,Cyclonic Storm,FANI,2019
201923I,2019042912,10.2,87.1,55.0,Severe Cyclonic Storm,FANI,2019
201923I,2019042915,10.5,86.9,55.0,Severe Cyclonic Storm,FANI,2019
201923I,2019042918,10.9,86.8,55.0,Severe Cyclonic Storm,FANI,2019
201923I,2019042921,11.3,86.6,65.0,Very Severe Cyclonic Storm,FANI,2019
201923I,2019043000,11.8,86.5,70.0,Very Severe Cyclonic Storm,FANI,2019
201923I,2019043003,12.3,86.2,75.0,Very Severe Cyclonic Storm,FANI,2019
201923I,2019043006,12.7,85.8,80.0,Very Severe Cyclonic Storm,FANI,2019
201923I,2019043009,13.0,85.3,85.0,Very Severe Cyclonic Storm,FANI,2019
201923I,2019043012,13.3,84.8,90.0,Extremely Severe/Super Cyclone,FANI,2019
201923I,2019043015,13.4,84.6,95.0,Extremely Severe/Super Cyclone,FANI,2019
201923I,2019043018,13.5,84.4,95.0,Extremely Severe/Super Cyclone,FANI,2019
201923I,2019043021,13.6,84.2,95.0,Extremely Severe/Super Cyclone,FANI,2019
201923I,2019050100,13.9,84.1,95.0,Extremely Severe/Super Cyclone,FANI,2019
201923I,2019050103,14.1,84.0,95.0,Extremely Severe/Super Cyclone,FANI,2019
201923I,2019050106,14.2,84.0,95.0,Extremely Severe/Super Cyclone,FANI,2019
201923I,2019050109,14.5,84.1,95.0,Extremely Severe/Super Cyclone,FANI,2019
201923I,2019050112,14.9,84.1,100.0,Extremely Severe/Super Cyclone,FANI,2019
201923I,2019050115,15.0,84.2,100.0,Extremely Severe/Super Cyclone,FANI,2019
201923I,2019050118,15.2,84.2,100.0,Extremely Severe/Super Cyclone,FANI,2019
201923I,2019050121,15.5,84.3,100.0,Extremely Severe/Super Cyclone,FANI,2019
201923I,2019050200,15.9,84.6,105.0,Extremely Severe/Super Cyclone,FANI,2019
201923I,2019050203,16.2,84.7,105.0,Extremely Severe/Super Cyclone,FANI,2019
201923I,2019050206,16.8,84.8,110.0,Extremely Severe/Super Cyclone,FANI,2019
201923I,2019050209,17.2,84.8,115.0,Extremely Severe/Super Cyclone,FANI,2019
201923I,2019050212,17.6,84.8,115.0,Extremely Severe/Super Cyclone,FANI,2019
201923I,2019050215,17.9,84.9,115.0,Extremely Severe/Super Cyclone,FANI,2019
201923I,2019050218,18.3,85.0,115.0,Extremely Severe/Super Cyclone,FANI,2019
201923I,2019050221,18.6,85.2,115.0,Extremely Severe/Super Cyclone,FANI,2019
201923I,2019050300,19.1,85.5,105.0,Extremely Severe/Super Cyclone,FANI,2019
201923I,2019050303,19.6,85.7,100.0,Extremely Severe/Super Cyclone,FANI,2019
201923I,2019050306,20.2,85.9,85.0,Very Severe Cyclonic Storm,FANI,2019
201923I,2019050309,20.7,86.1,75.0,Very Severe Cyclonic Storm,FANI,2019
201923I,2019050312,21.2,86.5,70.0,Very Severe Cyclonic Storm,FANI,2019
201923I,2019050315,21.6,86.9,60.0,Severe Cyclonic Storm,FANI,2019
201923I,2019050318,22.1,87.4,55.0,Severe Cyclonic Storm,FANI,2019
201923I,2019050321,22.6,88.1,50.0,Severe Cyclonic Storm,FANI,2019
201923I,2019050400,23.2,88.5,40.0,Cyclonic Storm,FANI,2019
201923I,2019050403,23.7,89.0,30.0,Depression,FANI,2019
201923I,2019050406,24.4,89.5,25.0,Depression,FANI,2019
201923I,2019050409,24.8,89.9,23.0,Depression,FANI,2019
201923I,2019050412,25.2,90.7,20.0,Depression,FANI,2019
201927I,2019060818,10.5,72.7,15.0,Depression,VAYU,2019
201927I,2019060821,10.2,72.3,18.0,Depression,VAYU,2019
201927I,2019060900,10.1,71.9,20.0,Depression,VAYU,2019
201927I,2019060903,10.2,71.6,20.0,Depression,VAYU,2019
201927I,2019060906,10.4,71.4,20.0,Depression,VAYU,2019
201927I,2019060909,10.6,71.2,23.0,Depression,VAYU,2019
201927I,2019060912,10.9,71.1,25.0,Depression,VAYU,2019
201927I,2019060915,11.2,71.1,28.0,Depression,VAYU,2019
201927I,2019060918,11.5,71.2,30.0,Depression,VAYU,2019
201927I,2019060921,11.8,71.1,30.0,Depression,VAYU,2019
201927I,2019061000,12.0,71.0,25.0,Depression,VAYU,2019
201927I,2019061003,12.4,70.9,25.0,Depression,VAYU,2019
201927I,2019061006,12.6,70.8,30.0,Depression,VAYU,2019
201927I,2019061009,12.9,70.8,30.0,Depression,VAYU,2019
201927I,2019061012,13.3,70.7,30.0,Depression,VAYU,2019
201927I,2019061015,13.6,70.6,33.0,Depression,VAYU,2019
201927I,2019061018,13.9,70.6,35.0,Cyclonic Storm,VAYU,2019
201927I,2019061021,14.2,70.6,35.0,Cyclonic Storm,VAYU,2019
201927I,2019061100,14.6,70.7,40.0,Cyclonic Storm,VAYU,2019
201927I,2019061103,14.9,70.7,40.0,Cyclonic Storm,VAYU,2019
201927I,2019061106,15.2,70.8,45.0,Cyclonic Storm,VAYU,2019
201927I,2019061109,15.6,70.8,45.0,Cyclonic Storm,VAYU,2019
201927I,2019061112,16.1,70.8,55.0,Severe Cyclonic Storm,VAYU,2019
201927I,2019061115,16.6,70.7,60.0,Severe Cyclonic Storm,VAYU,2019
201927I,2019061118,17.0,70.6,65.0,Very Severe Cyclonic Storm,VAYU,2019
201927I,2019061121,17.4,70.5,70.0,Very Severe Cyclonic Storm,VAYU,2019
201927I,2019061200,17.7,70.3,75.0,Very Severe Cyclonic Storm,VAYU,2019
201927I,2019061203,18.0,70.2,75.0,Very Severe Cyclonic Storm,VAYU,2019
201927I,2019061206,18.4,70.0,75.0,Very Severe Cyclonic Storm,VAYU,2019
201927I,2019061209,18.8,69.9,80.0,Very Severe Cyclonic Storm,VAYU,2019
201927I,2019061212,19.1,69.9,80.0,Very Severe Cyclonic Storm,VAYU,2019
201927I,2019061215,19.4,69.8,80.0,Very Severe Cyclonic Storm,VAYU,2019
201927I,2019061218,19.7,69.7,80.0,Very Severe Cyclonic Storm,VAYU,2019
201927I,2019061221,19.9,69.6,80.0,Very Severe Cyclonic Storm,VAYU,2019
201927I,2019061300,20.1,69.6,80.0,Very Severe Cyclonic Storm,VAYU,2019
201927I,2019061303,20.3,69.5,80.0,Very Severe Cyclonic Storm,VAYU,2019
201927I,2019061306,20.5,69.4,80.0,Very Severe Cyclonic Storm,VAYU,2019
201927I,2019061309,20.7,69.2,80.0,Very Severe Cyclonic Storm,VAYU,2019
201927I,2019061312,20.8,69.1,80.0,Very Severe Cyclonic Storm,VAYU,2019
201927I,2019061315,20.9,68.9,80.0,Very Severe Cyclonic Storm,VAYU,2019
201927I,2019061318,20.9,68.9,80.0,Very Severe Cyclonic Storm,VAYU,2019
201927I,2019061321,20.9,68.7,80.0,Very Severe Cyclonic Storm,VAYU,2019
201927I,2019061400,21.0,68.6,80.0,Very Severe Cyclonic Storm,VAYU,2019
201927I,2019061403,21.0,68.4,75.0,Very Severe Cyclonic Storm,VAYU,2019
201927I,2019061406,21.0,68.4,75.0,Very Severe Cyclonic Storm,VAYU,2019
201927I,2019061409,20.9,68.3,75.0,Very Severe Cyclonic Storm,VAYU,2019
201927I,2019061412,20.8,68.2,70.0,Very Severe Cyclonic Storm,VAYU,2019
201927I,2019061415,20.8,68.1,70.0,Very Severe Cyclonic Storm,VAYU,2019
201927I,2019061418,20.8,67.9,65.0,Very Severe Cyclonic Storm,VAYU,2019
201927I,2019061421,20.7,67.7,65.0,Very Severe Cyclonic Storm,VAYU,2019
201927I,2019061500,20.7,67.5,65.0,Very Severe Cyclonic Storm,VAYU,2019
201927I,2019061503,20.6,67.3,65.0,Very Severe Cyclonic Storm,VAYU,2019
201927I,2019061506,20.6,66.9,65.0,Very Severe Cyclonic Storm,VAYU,2019
201927I,2019061509,20.6,66.7,65.0,Very Severe Cyclonic Storm,VAYU,2019
201927I,2019061512,20.7,66.4,65.0,Very Severe Cyclonic Storm,VAYU,2019
201927I,2019061515,20.7,66.2,65.0,Very Severe Cyclonic Storm,VAYU,2019
201927I,2019061518,20.7,66.0,65.0,Very Severe Cyclonic Storm,VAYU,2019
201927I,2019061521,20.7,65.8,65.0,Very Severe Cyclonic Storm,VAYU,2019
201927I,2019061600,20.8,65.5,60.0,Severe Cyclonic Storm,VAYU,2019
201927I,2019061603,20.8,65.2,55.0,Severe Cyclonic Storm,VAYU,2019
201927I,2019061606,20.8,65.1,55.0,Severe Cyclonic Storm,VAYU,2019
201927I,2019061609,20.7,65.1,55.0,Severe Cyclonic Storm,VAYU,2019
201927I,2019061612,20.8,65.2,50.0,Severe Cyclonic Storm,VAYU,2019
201927I,2019061615,20.8,65.6,45.0,Cyclonic Storm,VAYU,2019
201927I,2019061618,21.1,66.1,40.0,Cyclonic Storm,VAYU,2019
201927I,2019061621,21.4,66.4,40.0,Cyclonic Storm,VAYU,2019
201927I,2019061700,21.7,66.6,35.0,Cyclonic Storm,VAYU,2019
201927I,2019061703,21.8,66.8,30.0,Depression,VAYU,2019
201927I,2019061706,21.9,67.0,30.0,Depression,VAYU,2019
201927I,2019061709,22.2,67.4,25.0,Depression,VAYU,2019
201927I,2019061712,22.5,67.9,20.0,Depression,VAYU,2019
201927I,2019061715,22.8,68.1,23.0,Depression,VAYU,2019
201927I,2019061718,23.1,68.3,20.0,Depression,VAYU,2019
201927I,2019061721,23.2,68.6,20.0,Depression,VAYU,2019
201927I,2019061800,23.2,69.0,20.0,Depression,VAYU,2019
201927I,2019061803,23.1,69.6,20.0,Depression,VAYU,2019
201927I,2019061806,23.0,70.2,20.0,Depression,VAYU,2019
201947I,2019080603,20.5,88.0,25.0,Depression,UNNAMED,2019
201947I,2019080606,20.5,88.0,25.0,Depression,UNNAMED,2019
201947I,2019080609,20.6,87.9,25.0,Depression,UNNAMED,2019
201947I,2019080612,20.7,87.8,25.0,Depression,UNNAMED,2019
201947I,2019080615,20.7,87.7,25.0,Depression,UNNAMED,2019
201947I,2019080618,20.8,87.6,25.0,Depression,UNNAMED,2019
201947I,2019080621,20.9,87.5,28.0,Depression,UNNAMED,2019
201947I,2019080700,21.0,87.4,30.0,Depression,UNNAMED,2019
201947I,2019080703,21.1,87.4,30.0,Depression,UNNAMED,2019
201947I,2019080706,21.2,87.2,30.0,Depression,UNNAMED,2019
201947I,2019080709,21.5,86.9,30.0,Depression,UNNAMED,2019
201947I,2019080712,21.9,86.5,30.0,Depression,UNNAMED,2019
201947I,2019080715,22.2,86.1,30.0,Depression,UNNAMED,2019
201947I,2019080718,22.4,85.6,30.0,Depression,UNNAMED,2019
201947I,2019080721,22.6,84.9,28.0,Depression,UNNAMED,2019
201947I,2019080800,22.8,84.0,25.0,Depression,UNNAMED,2019
201947I,2019080803,23.0,82.9,25.0,Depression,UNNAMED,2019
201947I,2019080806,23.4,81.9,25.0,Depression,UNNAMED,2019
201947I,2019080809,23.6,80.9,25.0,Depression,UNNAMED,2019
201947I,2019080812,23.6,80.2,25.0,Depression,UNNAMED,2019
201947I,2019080815,23.6,80.0,25.0,Depression,UNNAMED,2019
201947I,2019080818,23.6,79.8,25.0,Depression,UNNAMED,2019
201947I,2019080821,23.6,79.4,25.0,Depression,UNNAMED,2019
201947I,2019080900,23.6,78.6,25.0,Depression,UNNAMED,2019
201947I,2019080903,23.8,77.3,25.0,Depression,UNNAMED,2019
201947I,2019080906,24.0,76.1,25.0,Depression,UNNAMED,2019
201971I,2019092018,19.3,71.3,20.0,Depression,HIKAA:HIKKA,2019
201971I,2019092021,19.2,71.1,20.0,Depression,HIKAA:HIKKA,2019
201971I,2019092100,19.1,70.9,20.0,Depression,HIKAA:HIKKA,2019
201971I,2019092103,19.1,70.7,20.0,Depression,HIKAA:HIKKA,2019
201971I,2019092106,19.1,70.6,20.0,Depression,HIKAA:HIKKA,2019
201971I,2019092109,19.1,70.5,20.0,Depression,HIKAA:HIKKA,2019
201971I,2019092112,19.2,70.3,20.0,Depression,HIKAA:HIKKA,2019
201971I,2019092115,19.2,70.1,20.0,Depression,HIKAA:HIKKA,2019
201971I,2019092118,19.3,69.9,20.0,Depression,HIKAA:HIKKA,2019
201971I,2019092121,19.4,69.7,23.0,Depression,HIKAA:HIKKA,2019
201971I,2019092200,19.6,69.5,25.0,Depression,HIKAA:HIKKA,2019
201971I,2019092203,19.8,69.2,25.0,Depression,HIKAA:HIKKA,2019
201971I,2019092206,20.0,68.9,25.0,Depression,HIKAA:HIKKA,2019
201971I,2019092209,20.2,68.5,28.0,Depression,HIKAA:HIKKA,2019
201971I,2019092212,20.4,68.1,30.0,Depression,HIKAA:HIKKA,2019
201971I,2019092215,20.5,67.6,30.0,Depression,HIKAA:HIKKA,2019
201971I,2019092218,20.4,67.1,30.0,Depression,HIKAA:HIKKA,2019
201971I,2019092221,20.4,66.6,33.0,Depression,HIKAA:HIKKA,2019
201971I,2019092300,20.4,66.1,35.0,Cyclonic Storm,HIKAA:HIKKA,2019
201971I,2019092303,20.3,65.5,40.0,Cyclonic Storm,HIKAA:HIKKA,2019
201971I,2019092306,20.3,64.9,45.0,Cyclonic Storm,HIKAA:HIKKA,2019
201971I,2019092309,20.2,64.1,55.0,Severe Cyclonic Storm,HIKAA:HIKKA,2019
201971I,2019092312,20.2,63.6,55.0,Severe Cyclonic Storm,HIKAA:HIKKA,2019
201971I,2019092315,20.2,62.9,55.0,Severe Cyclonic Storm,HIKAA:HIKKA,2019
201971I,2019092318,20.2,62.3,60.0,Severe Cyclonic Storm,HIKAA:HIKKA,2019
201971I,2019092321,20.2,61.6,60.0,Severe Cyclonic Storm,HIKAA:HIKKA,2019
201971I,2019092400,20.1,61.0,70.0,Very Severe Cyclonic Storm,HIKAA:HIKKA,2019
201971I,2019092403,20.1,60.3,75.0,Very Severe Cyclonic Storm,HIKAA:HIKKA,2019
201971I,2019092406,20.0,59.6,75.0,Very Severe Cyclonic Storm,HIKAA:HIKKA,2019
201971I,2019092409,19.9,58.9,75.0,Very Severe Cyclonic Storm,HIKAA:HIKKA,2019
201971I,2019092412,19.8,58.3,75.0,Very Severe Cyclonic Storm,HIKAA:HIKKA,2019
201971I,2019092415,19.7,57.6,60.0,Severe Cyclonic Storm,HIKAA:HIKKA,2019
201971I,2019092418,19.7,57.1,55.0,Severe Cyclonic Storm,HIKAA:HIKKA,2019
201971I,2019092421,19.6,56.5,45.0,Cyclonic Storm,HIKAA:HIKKA,2019
201971I,2019092500,19.6,56.0,35.0,Cyclonic Storm,HIKAA:HIKKA,2019
201971I,2019092503,19.4,55.5,30.0,Depression,HIKAA:HIKKA,2019
201971I,2019092506,19.2,55.0,25.0,Depression,HIKAA:HIKKA,2019
201971I,2019092509,19.2,54.5,28.0,Depression,HIKAA:HIKKA,2019
201971I,2019092512,19.2,54.0,25.0,Depression,HIKAA:HIKKA,2019
201971I,2019092515,19.1,53.4,23.0,Depression,HIKAA:HIKKA,2019
201971I,2019092518,19.0,52.8,20.0,Depression,HIKAA:HIKKA,2019
201971I,2019092521,18.9,52.3,20.0,Depression,HIKAA:HIKKA,2019
201971I,2019092600,18.9,51.7,20.0,Depression,HIKAA:HIKKA,2019
201971I,2019092603,18.9,51.1,20.0,Depression,HIKAA:HIKKA,2019
201971I,2019092606,18.8,50.5,20.0,Depression,HIKAA:HIKKA,2019
201976I,2019092912,23.1,70.2,25.0,Depression,UNNAMED,2019
201976I,2019092915,23.1,70.2,25.0,Depression,UNNAMED,2019
201976I,2019092918,23.1,70.2,25.0,Depression,UNNAMED,2019
201976I,2019092921,23.1,70.3,25.0,Depression,UNNAMED,2019
201976I,2019093000,23.2,70.5,25.0,Depression,UNNAMED,2019
201976I,2019093003,23.4,70.7,25.0,Depression,UNNAMED,2019
201976I,2019093006,23.5,71.3,25.0,Depression,UNNAMED,2019
201976I,2019093009,23.5,71.6,25.0,Depression,UNNAMED,2019
201976I,2019093012,23.5,71.9,25.0,Depression,UNNAMED,2019
201976I,2019093015,23.6,72.2,25.0,Depression,UNNAMED,2019
201976I,2019093018,23.7,72.7,25.0,Depression,UNNAMED,2019
201976I,2019093021,23.8,73.3,25.0,Depression,UNNAMED,2019
201976I,2019100100,24.0,74.1,25.0,Depression,UNNAMED,2019
201987I,2019102218,14.7,66.4,20.0,Depression,KYAAR:KYARR,2019
201987I,2019102221,14.9,66.8,20.0,Depression,KYAAR:KYARR,2019
201987I,2019102300,15.1,67.2,20.0,Depression,KYAAR:KYARR,2019
201987I,2019102303,15.2,67.6,20.0,Depression,KYAAR:KYARR,2019
201987I,2019102306,15.3,68.1,20.0,Depression,KYAAR:KYARR,2019
201987I,2019102309,15.4,68.5,20.0,Depression,KYAAR:KYARR,2019
201987I,2019102312,15.5,69.0,20.0,Depression,KYAAR:KYARR,2019
201987I,2019102315,15.6,69.6,23.0,Depression,KYAAR:KYARR,2019
201987I,2019102318,15.6,70.1,25.0,Depression,KYAAR:KYARR,2019
201987I,2019102321,15.6,70.4,25.0,Depression,KYAAR:KYARR,2019
201987I,2019102400,15.5,70.5,25.0,Depression,KYAAR:KYARR,2019
201987I,2019102403,15.3,70.6,25.0,Depression,KYAAR:KYARR,2019
201987I,2019102406,15.2,70.7,25.0,Depression,KYAAR:KYARR,2019
201987I,2019102409,15.3,70.8,28.0,Depression,KYAAR:KYARR,2019
201987I,2019102412,15.5,71.0,30.0,Depression,KYAAR:KYARR,2019
201987I,2019102415,15.5,71.1,30.0,Depression,KYAAR:KYARR,2019
201987I,2019102418,15.6,71.3,30.0,Depression,KYAAR:KYARR,2019
201987I,2019102421,15.6,71.4,35.0,Cyclonic Storm,KYAAR:KYARR,2019
201987I,2019102500,15.8,71.6,40.0,Cyclonic Storm,KYAAR:KYARR,2019
201987I,2019102503,15.9,71.7,40.0,Cyclonic Storm,KYAAR:KYARR,2019
201987I,2019102506,16.0,71.8,45.0,Cyclonic Storm,KYAAR:KYARR,2019
201987I,2019102509,16.1,71.8,45.0,Cyclonic Storm,KYAAR:KYARR,2019
201987I,2019102512,16.3,71.8,50.0,Severe Cyclonic Storm,KYAAR:KYARR,2019
201987I,2019102515,16.3,71.7,55.0,Severe Cyclonic Storm,KYAAR:KYARR,2019
201987I,2019102518,16.5,71.5,55.0,Severe Cyclonic Storm,KYAAR:KYARR,2019
201987I,2019102521,16.5,71.1,60.0,Severe Cyclonic Storm,KYAAR:KYARR,2019
201987I,2019102600,16.6,70.8,65.0,Very Severe Cyclonic Storm,KYAAR:KYARR,2019
201987I,2019102603,16.6,70.4,65.0,Very Severe Cyclonic Storm,KYAAR:KYARR,2019
201987I,2019102606,16.6,70.0,75.0,Very Severe Cyclonic Storm,KYAAR:KYARR,2019
201987I,2019102609,16.6,69.7,80.0,Very Severe Cyclonic Storm,KYAAR:KYARR,2019
201987I,2019102612,16.7,69.4,85.0,Very Severe Cyclonic Storm,KYAAR:KYARR,2019
201987I,2019102615,16.7,69.1,90.0,Extremely Severe/Super Cyclone,KYAAR:KYARR,2019
201987I,2019102618,16.8,68.9,105.0,Extremely Severe/Super Cyclone,KYAAR:KYARR,2019
201987I,2019102621,16.9,68.5,110.0,Extremely Severe/Super Cyclone,KYAAR:KYARR,2019
201987I,2019102700,17.0,68.2,120.0,Extremely Severe/Super Cyclone,KYAAR:KYARR,2019
201987I,2019102703,17.1,67.8,125.0,Extremely Severe/Super Cyclone,KYAAR:KYARR,2019
201987I,2019102706,17.3,67.4,125.0,Extremely Severe/Super Cyclone,KYAAR:KYARR,2019
201987I,2019102709,17.4,67.1,130.0,Extremely Severe/Super Cyclone,KYAAR:KYARR,2019
201987I,2019102712,17.5,66.8,130.0,Extremely Severe/Super Cyclone,KYAAR:KYARR,2019
201987I,2019102715,17.6,66.5,130.0,Extremely Severe/Super Cyclone,KYAAR:KYARR,2019
201987I,2019102718,17.8,66.3,130.0,Extremely Severe/Super Cyclone,KYAAR:KYARR,2019
201987I,2019102721,18.0,65.8,125.0,Extremely Severe/Super Cyclone,KYAAR:KYARR,2019
201987I,2019102800,18.2,65.5,125.0,Extremely Severe/Super Cyclone,KYAAR:KYARR,2019
201987I,2019102803,18.2,65.1,125.0,Extremely Severe/Super Cyclone,KYAAR:KYARR,2019
201987I,2019102806,18.3,64.8,125.0,Extremely Severe/Super Cyclone,KYAAR:KYARR,2019
201987I,2019102809,18.4,64.5,125.0,Extremely Severe/Super Cyclone,KYAAR:KYARR,2019
201987I,2019102812,18.5,64.4,125.0,Extremely Severe/Super Cyclone,KYAAR:KYARR,2019
201987I,2019102815,18.7,64.1,125.0,Extremely Severe/Super Cyclone,KYAAR:KYARR,2019
201987I,2019102818,18.8,64.0,125.0,Extremely Severe/Super Cyclone,KYAAR:KYARR,2019
201987I,2019102821,18.9,63.8,125.0,Extremely Severe/Super Cyclone,KYAAR:KYARR,2019
201987I,2019102900,19.1,63.6,120.0,Extremely Severe/Super Cyclone,KYAAR:KYARR,2019
201987I,2019102903,19.2,63.4,115.0,Extremely Severe/Super Cyclone,KYAAR:KYARR,2019
201987I,2019102906,19.4,63.3,110.0,Extremely Severe/Super Cyclone,KYAAR:KYARR,2019
201987I,2019102909,19.5,63.1,105.0,Extremely Severe/Super Cyclone,KYAAR:KYARR,2019
201987I,2019102912,19.6,63.1,100.0,Extremely Severe/Super Cyclone,KYAAR:KYARR,2019
201987I,2019102915,19.6,62.9,100.0,Extremely Severe/Super Cyclone,KYAAR:KYARR,2019
201987I,2019102918,19.6,62.8,95.0,Extremely Severe/Super Cyclone,KYAAR:KYARR,2019
201987I,2019102921,19.6,62.5,90.0,Extremely Severe/Super Cyclone,KYAAR:KYARR,2019
201987I,2019103000,19.6,62.3,85.0,Very Severe Cyclonic Storm,KYAAR:KYARR,2019
201987I,2019103003,19.5,62.1,80.0,Very Severe Cyclonic Storm,KYAAR:KYARR,2019
201987I,2019103006,19.3,61.8,75.0,Very Severe Cyclonic Storm,KYAAR:KYARR,2019
201987I,2019103009,19.2,61.6,70.0,Very Severe Cyclonic Storm,KYAAR:KYARR,2019
201987I,2019103012,18.9,61.4,65.0,Very Severe Cyclonic Storm,KYAAR:KYARR,2019
201987I,2019103015,18.9,61.1,60.0,Severe Cyclonic Storm,KYAAR:KYARR,2019
201987I,2019103018,18.7,60.8,55.0,Severe Cyclonic Storm,KYAAR:KYARR,2019
201987I,2019103021,18.5,60.5,55.0,Severe Cyclonic Storm,KYAAR:KYARR,2019
201987I,2019103100,18.3,60.4,50.0,Severe Cyclonic Storm,KYAAR:KYARR,2019
201987I,2019103103,18.0,60.1,45.0,Cyclonic Storm,KYAAR:KYARR,2019
201987I,2019103106,17.7,60.0,40.0,Cyclonic Storm,KYAAR:KYARR,2019
201987I,2019103109,17.5,59.9,40.0,Cyclonic Storm,KYAAR:KYARR,2019
201987I,2019103112,17.4,59.9,35.0,Cyclonic Storm,KYAAR:KYARR,2019
201987I,2019103115,17.2,59.7,30.0,Depression,KYAAR:KYARR,2019
201987I,2019103118,16.9,59.6,30.0,Depression,KYAAR:KYARR,2019
201987I,2019103121,16.7,59.5,30.0,Depression,KYAAR:KYARR,2019
201987I,2019110100,16.5,59.3,25.0,Depression,KYAAR:KYARR,2019
201987I,2019110103,16.2,59.0,25.0,Depression,KYAAR:KYARR,2019
201987I,2019110106,16.0,58.6,25.0,Depression,KYAAR:KYARR,2019
201987I,2019110109,15.7,58.2,25.0,Depression,KYAAR:KYARR,2019
201987I,2019110112,15.4,57.6,25.0,Depression,KYAAR:KYARR,2019
201987I,2019110115,14.9,57.4,25.0,Depression,KYAAR:KYARR,2019
201987I,2019110118,14.4,57.1,25.0,Depression,KYAAR:KYARR,2019
201987I,2019110121,14.0,56.6,25.0,Depression,KYAAR:KYARR,2019
201987I,2019110200,13.8,56.1,25.0,Depression,KYAAR:KYARR,2019
201987I,2019110203,13.6,55.2,25.0,Depression,KYAAR:KYARR,2019
201987I,2019110206,13.3,54.3,25.0,Depression,KYAAR:KYARR,2019
201987I,2019110209,12.9,53.8,25.0,Depression,KYAAR:KYARR,2019
201987I,2019110212,12.6,53.0,20.0,Depression,KYAAR:KYARR,2019
201987I,2019110215,12.1,52.3,20.0,Depression,KYAAR:KYARR,2019
201987I,2019110218,11.1,51.9,20.0,Depression,KYAAR:KYARR,2019
201987I,2019110221,10.3,51.9,20.0,Depression,KYAAR:KYARR,2019
201987I,2019110300,9.8,52.1,20.0,Depression,KYAAR:KYARR,2019
201987I,2019110303,9.5,52.2,18.0,Depression,KYAAR:KYARR,2019
201987I,2019110306,9.2,52.2,15.0,Depression,KYAAR:KYARR,2019
201991I,2019102806,4.9,81.2,15.0,Depression,MAHA,2019
201991I,2019102809,4.9,80.6,15.0,Depression,MAHA,2019
201991I,2019102812,4.8,80.0,15.0,Depression,MAHA,2019
201991I,2019102815,4.7,79.4,15.0,Depression,MAHA,2019
201991I,2019102818,4.6,78.8,15.0,Depression,MAHA,2019
201991I,2019102821,4.5,78.1,18.0,Depression,MAHA,2019
201991I,2019102900,4.5,77.5,20.0,Depression,MAHA,2019
201991I,2019102903,4.7,77.1,23.0,Depression,MAHA,2019
201991I,2019102906,5.1,76.8,25.0,Depression,MAHA,2019
201991I,2019102909,5.5,76.8,25.0,Depression,MAHA,2019
201991I,2019102912,5.9,76.8,25.0,Depression,MAHA,2019
201991I,2019102915,6.3,76.7,28.0,Depression,MAHA,2019
201991I,2019102918,6.7,76.4,30.0,Depression,MAHA,2019
201991I,2019102921,7.1,76.0,30.0,Depression,MAHA,2019
201991I,2019103000,7.4,75.7,25.0,Depression,MAHA,2019
201991I,2019103003,8.0,75.1,25.0,Depression,MAHA,2019
201991I,2019103006,8.3,74.9,25.0,Depression,MAHA,2019
201991I,2019103009,8.7,74.5,30.0,Depression,MAHA,2019
201991I,2019103012,9.3,74.1,35.0,Cyclonic Storm,MAHA,2019
201991I,2019103015,9.8,73.8,40.0,Cyclonic Storm,MAHA,2019
201991I,2019103018,10.3,73.4,40.0,Cyclonic Storm,MAHA,2019
201991I,2019103021,10.7,73.3,40.0,Cyclonic Storm,MAHA,2019
201991I,2019103100,11.1,73.3,45.0,Cyclonic Storm,MAHA,2019
201991I,2019103103,11.6,73.1,45.0,Cyclonic Storm,MAHA,2019
201991I,2019103106,12.0,73.1,50.0,Severe Cyclonic Storm,MAHA,2019
201991I,2019103109,12.5,73.1,50.0,Severe Cyclonic Storm,MAHA,2019
201991I,2019103112,13.0,72.9,50.0,Severe Cyclonic Storm,MAHA,2019
201991I,2019103115,13.5,72.6,55.0,Severe Cyclonic Storm,MAHA,2019
201991I,2019103118,13.9,72.3,55.0,Severe Cyclonic Storm,MAHA,2019
201991I,2019103121,14.1,72.0,55.0,Severe Cyclonic Storm,MAHA,2019
201991I,2019110100,14.6,71.6,55.0,Severe Cyclonic Storm,MAHA,2019
201991I,2019110103,14.8,70.9,55.0,Severe Cyclonic Storm,MAHA,2019
201991I,2019110106,15.2,70.4,55.0,Severe Cyclonic Storm,MAHA,2019
201991I,2019110109,15.3,70.0,55.0,Severe Cyclonic Storm,MAHA,2019
201991I,2019110112,15.5,69.7,50.0,Severe Cyclonic Storm,MAHA,2019
201991I,2019110115,15.7,69.4,50.0,Severe Cyclonic Storm,MAHA,2019
201991I,2019110118,15.9,69.1,50.0,Severe Cyclonic Storm,MAHA,2019
201991I,2019110121,16.0,68.9,50.0,Severe Cyclonic Storm,MAHA,2019
201991I,2019110200,16.2,68.6,50.0,Severe Cyclonic Storm,MAHA,2019
201991I,2019110203,16.3,68.4,50.0,Severe Cyclonic Storm,MAHA,2019
201991I,2019110206,16.6,68.2,50.0,Severe Cyclonic Storm,MAHA,2019
201991I,2019110209,16.8,67.9,50.0,Severe Cyclonic Storm,MAHA,2019
201991I,2019110212,17.0,67.6,55.0,Severe Cyclonic Storm,MAHA,2019
201991I,2019110215,17.1,67.3,55.0,Severe Cyclonic Storm,MAHA,2019
201991I,2019110218,17.2,67.1,60.0,Severe Cyclonic Storm,MAHA,2019
201991I,2019110221,17.4,66.8,60.0,Severe Cyclonic Storm,MAHA,2019
201991I,2019110300,17.5,66.6,60.0,Severe Cyclonic Storm,MAHA,2019
201991I,2019110303,17.5,66.4,60.0,Severe Cyclonic Storm,MAHA,2019
201991I,2019110306,17.6,66.2,60.0,Severe Cyclonic Storm,MAHA,2019
201991I,2019110309,17.6,65.9,65.0,Very Severe Cyclonic Storm,MAHA,2019
201991I,2019110312,17.7,65.7,70.0,Very Severe Cyclonic Storm,MAHA,2019
201991I,2019110315,17.8,65.5,75.0,Very Severe Cyclonic Storm,MAHA,2019
201991I,2019110318,17.9,65.4,80.0,Very Severe Cyclonic Storm,MAHA,2019
201991I,2019110321,18.0,65.1,85.0,Very Severe Cyclonic Storm,MAHA,2019
201991I,2019110400,18.1,64.9,90.0,Extremely Severe/Super Cyclone,MAHA,2019
201991I,2019110403,18.3,64.6,90.0,Extremely Severe/Super Cyclone,MAHA,2019
201991I,2019110406,18.6,64.4,90.0,Extremely Severe/Super Cyclone,MAHA,2019
201991I,2019110409,18.7,64.2,95.0,Extremely Severe/Super Cyclone,MAHA,2019
201991I,2019110412,18.9,64.1,100.0,Extremely Severe/Super Cyclone,MAHA,2019
201991I,2019110415,19.2,63.9,100.0,Extremely Severe/Super Cyclone,MAHA,2019
201991I,2019110418,19.3,63.7,100.0,Extremely Severe/Super Cyclone,MAHA,2019
201991I,2019110421,19.4,63.6,100.0,Extremely Severe/Super Cyclone,MAHA,2019
201991I,2019110500,19.5,63.5,90.0,Extremely Severe/Super Cyclone,MAHA,2019
201991I,2019110503,19.6,63.5,85.0,Very Severe Cyclonic Storm,MAHA,2019
201991I,2019110506,19.7,63.6,80.0,Very Severe Cyclonic Storm,MAHA,2019
201991I,2019110509,19.7,63.7,80.0,Very Severe Cyclonic Storm,MAHA,2019
201991I,2019110512,19.8,64.0,70.0,Very Severe Cyclonic Storm,MAHA,2019
201991I,2019110515,19.8,64.3,70.0,Very Severe Cyclonic Storm,MAHA,2019
201991I,2019110518,19.8,64.8,70.0,Very Severe Cyclonic Storm,MAHA,2019
201991I,2019110521,19.8,65.3,70.0,Very Severe Cyclonic Storm,MAHA,2019
201991I,2019110600,19.8,65.6,60.0,Severe Cyclonic Storm,MAHA,2019
201991I,2019110603,19.7,66.0,55.0,Severe Cyclonic Storm,MAHA,2019
201991I,2019110606,19.7,66.4,50.0,Severe Cyclonic Storm,MAHA,2019
201991I,2019110609,19.6,66.9,50.0,Severe Cyclonic Storm,MAHA,2019
201991I,2019110612,19.6,67.5,45.0,Cyclonic Storm,MAHA,2019
201991I,2019110615,19.6,68.1,40.0,Cyclonic Storm,MAHA,2019
201991I,2019110618,19.6,68.5,40.0,Cyclonic Storm,MAHA,2019
201991I,2019110621,19.6,69.0,35.0,Cyclonic Storm,MAHA,2019
201991I,2019110700,19.7,69.6,30.0,Depression,MAHA,2019
201991I,2019110703,19.9,70.1,30.0,Depression,MAHA,2019
201991I,2019110706,20.1,70.4,25.0,Depression,MAHA,2019
201991I,2019110709,20.2,70.8,20.0,Depression,MAHA,2019
201991I,2019110712,20.2,71.3,25.0,Depression,MAHA,2019
201991I,2019110715,20.3,71.7,25.0,Depression,MAHA,2019
201991I,2019110718,20.4,72.0,25.0,Depression,MAHA,2019
201991I,2019110721,20.3,72.2,25.0,Depression,MAHA,2019
201991I,2019110800,20.2,72.3,25.0,Depression,MAHA,2019
201991I,2019110803,20.1,72.4,28.0,Depression,MAHA,2019
201991I,2019110806,20.1,72.5,30.0,Depression,MAHA,2019
201991I,2019110809,20.2,72.5,30.0,Depression,MAHA,2019
201991I,2019110812,20.3,72.5,30.0,Depression,MAHA,2019
201991I,2019110815,20.3,72.4,28.0,Depression,MAHA,2019
201991I,2019110818,20.3,72.3,25.0,Depression,MAHA,2019
201991I,2019110821,20.3,72.3,25.0,Depression,MAHA,2019
201991I,2019110900,20.2,72.3,25.0,Depression,MAHA,2019
201991I,2019110903,20.1,72.1,23.0,Depression,MAHA,2019
201991I,2019110906,19.9,71.9,20.0,Depression,MAHA,2019
201991I,2019110909,19.8,71.7,18.0,Depression,MAHA,2019
201991I,2019110912,19.8,71.4,15.0,Depression,MAHA,2019
201991I,2019110915,19.7,71.2,15.0,Depression,MAHA,2019
201991I,2019110918,19.5,70.9,15.0,Depression,MAHA,2019
201991I,2019110921,19.4,70.5,15.0,Depression,MAHA,2019
201991I,2019111000,19.3,70.1,15.0,Depression,MAHA,2019
201991I,2019111003,19.2,69.7,15.0,Depression,MAHA,2019
201991I,2019111006,19.2,69.3,15.0,Depression,MAHA,2019
201991I,2019111009,19.1,68.9,15.0,Depression,MAHA,2019
201991I,2019111012,19.0,68.5,15.0,Depression,MAHA,2019
201991I,2019111015,18.7,68.2,15.0,Depression,MAHA,2019
201991I,2019111018,18.4,67.9,15.0,Depression,MAHA,2019
201991I,2019111021,18.2,67.8,15.0,Depression,MAHA,2019
201991I,2019111100,18.1,67.7,15.0,Depression,MAHA,2019
201992I,2019110121,14.1,99.6,15.0,Depression,BULBUL:MATMO,2019
201992I,2019110200,14.0,99.3,15.0,Depression,BULBUL:MATMO,2019
201992I,2019110203,13.9,99.0,15.0,Depression,BULBUL:MATMO,2019
201992I,2019110206,13.8,98.8,15.0,Depression,BULBUL:MATMO,2019
201992I,2019110209,13.7,98.6,15.0,Depression,BULBUL:MATMO,2019
201992I,2019110212,13.6,98.3,15.0,Depression,BULBUL:MATMO,2019
201992I,2019110215,13.5,98.0,15.0,Depression,BULBUL:MATMO,2019
201992I,2019110218,13.4,97.6,15.0,Depression,BULBUL:MATMO,2019
201992I,2019110221,13.3,97.2,15.0,Depression,BULBUL:MATMO,2019
201992I,2019110300,13.3,96.7,15.0,Depression,BULBUL:MATMO,2019
201992I,2019110303,13.3,96.3,15.0,Depression,BULBUL:MATMO,2019
201992I,2019110306,13.3,96.0,15.0,Depression,BULBUL:MATMO,2019
201992I,2019110309,13.3,95.7,18.0,Depression,BULBUL:MATMO,2019
201992I,2019110312,13.3,95.4,20.0,Depression,BULBUL:MATMO,2019
201992I,2019110315,13.3,95.1,20.0,Depression,BULBUL:MATMO,2019
201992I,2019110318,13.2,94.8,20.0,Depression,BULBUL:MATMO,2019
201992I,2019110321,13.1,94.5,20.0,Depression,BULBUL:MATMO,2019
201992I,2019110400,13.0,94.1,20.0,Depression,BULBUL:MATMO,2019
201992I,2019110403,12.9,93.7,23.0,Depression,BULBUL:MATMO,2019
201992I,2019110406,12.8,93.2,25.0,Depression,BULBUL:MATMO,2019
201992I,2019110409,12.8,92.7,25.0,Depression,BULBUL:MATMO,2019
201992I,2019110412,12.8,92.3,25.0,Depression,BULBUL:MATMO,2019
201992I,2019110415,12.8,91.9,25.0,Depression,BULBUL:MATMO,2019
201992I,2019110418,12.8,91.6,25.0,Depression,BULBUL:MATMO,2019
201992I,2019110421,12.8,91.3,25.0,Depression,BULBUL:MATMO,2019
201992I,2019110500,12.9,91.1,20.0,Depression,BULBUL:MATMO,2019
201992I,2019110503,12.9,90.9,25.0,Depression,BULBUL:MATMO,2019
201992I,2019110506,12.9,90.6,25.0,Depression,BULBUL:MATMO,2019
201992I,2019110509,13.0,90.4,25.0,Depression,BULBUL:MATMO,2019
201992I,2019110512,13.1,90.1,25.0,Depression,BULBUL:MATMO,2019
201992I,2019110515,13.1,89.9,25.0,Depression,BULBUL:MATMO,2019
201992I,2019110518,13.1,89.8,25.0,Depression,BULBUL:MATMO,2019
201992I,2019110521,13.2,89.8,28.0,Depression,BULBUL:MATMO,2019
201992I,2019110600,13.3,89.8,30.0,Depression,BULBUL:MATMO,2019
201992I,2019110603,13.3,89.8,30.0,Depression,BULBUL:MATMO,2019
201992I,2019110606,13.3,89.7,30.0,Depression,BULBUL:MATMO,2019
201992I,2019110609,13.3,89.7,30.0,Depression,BULBUL:MATMO,2019
201992I,2019110612,13.4,89.7,30.0,Depression,BULBUL:MATMO,2019
201992I,2019110615,13.6,89.6,33.0,Depression,BULBUL:MATMO,2019
201992I,2019110618,13.9,89.6,35.0,Cyclonic Storm,BULBUL:MATMO,2019
201992I,2019110621,14.1,89.4,35.0,Cyclonic Storm,BULBUL:MATMO,2019
201992I,2019110700,14.4,89.3,35.0,Cyclonic Storm,BULBUL:MATMO,2019
201992I,2019110703,14.8,89.1,35.0,Cyclonic Storm,BULBUL:MATMO,2019
201992I,2019110706,15.2,88.7,40.0,Cyclonic Storm,BULBUL:MATMO,2019
201992I,2019110709,15.4,88.4,45.0,Cyclonic Storm,BULBUL:MATMO,2019
201992I,2019110712,15.8,88.2,45.0,Cyclonic Storm,BULBUL:MATMO,2019
201992I,2019110715,16.0,88.0,50.0,Severe Cyclonic Storm,BULBUL:MATMO,2019
201992I,2019110718,16.3,87.8,55.0,Severe Cyclonic Storm,BULBUL:MATMO,2019
201992I,2019110721,16.6,87.7,60.0,Severe Cyclonic Storm,BULBUL:MATMO,2019
201992I,2019110800,17.0,87.7,65.0,Very Severe Cyclonic Storm,BULBUL:MATMO,2019
201992I,2019110803,17.3,87.7,65.0,Very Severe Cyclonic Storm,BULBUL:MATMO,2019
201992I,2019110806,17.7,87.8,70.0,Very Severe Cyclonic Storm,BULBUL:MATMO,2019
201992I,2019110809,18.2,87.8,70.0,Very Severe Cyclonic Storm,BULBUL:MATMO,2019
201992I,2019110812,18.6,87.8,75.0,Very Severe Cyclonic Storm,BULBUL:MATMO,2019
201992I,2019110815,19.1,87.8,75.0,Very Severe Cyclonic Storm,BULBUL:MATMO,2019
201992I,2019110818,19.3,87.7,75.0,Very Severe Cyclonic Storm,BULBUL:MATMO,2019
201992I,2019110821,19.6,87.7,75.0,Very Severe Cyclonic Storm,BULBUL:MATMO,2019
201992I,2019110900,20.0,87.6,75.0,Very Severe Cyclonic Storm,BULBUL:MATMO,2019
201992I,2019110903,20.4,87.6,70.0,Very Severe Cyclonic Storm,BULBUL:MATMO,2019
201992I,2019110906,20.6,87.8,70.0,Very Severe Cyclonic Storm,BULBUL:MATMO,2019
201992I,2019110909,20.9,87.9,70.0,Very Severe Cyclonic Storm,BULBUL:MATMO,2019
201992I,2019110912,21.2,88.1,70.0,Very Severe Cyclonic Storm,BULBUL:MATMO,2019
201992I,2019110915,21.4,88.3,60.0,Severe Cyclonic Storm,BULBUL:MATMO,2019
201992I,2019110918,21.6,88.6,60.0,Severe Cyclonic Storm,BULBUL:MATMO,2019
201992I,2019110921,21.8,89.1,50.0,Severe Cyclonic Storm,BULBUL:MATMO,2019
201992I,2019111000,22.0,89.5,45.0,Cyclonic Storm,BULBUL:MATMO,2019
201992I,2019111003,22.2,89.8,40.0,Cyclonic Storm,BULBUL:MATMO,2019
201992I,2019111006,22.3,90.1,40.0,Cyclonic Storm,BULBUL:MATMO,2019
201992I,2019111009,22.4,90.3,30.0,Depression,BULBUL:MATMO,2019
201992I,2019111012,22.6,90.6,30.0,Depression,BULBUL:MATMO,2019
201992I,2019111015,22.6,90.8,30.0,Depression,BULBUL:MATMO,2019
201992I,2019111018,22.8,91.1,30.0,Depression,BULBUL:MATMO,2019
201992I,2019111021,22.9,91.3,25.0,Depression,BULBUL:MATMO,2019
201992I,2019111100,23.1,91.5,20.0,Depression,BULBUL:MATMO,2019
2020110I,2020112012,11.2,62.6,20.0,Depression,GATI,2020
2020110I,2020112015,11.0,62.2,23.0,Depression,GATI,2020
2020110I,2020112018,10.9,61.7,25.0,Depression,GATI,2020
2020110I,2020112021,11.1,61.2,25.0,Depression,GATI,2020
2020110I,2020112100,11.3,60.6,25.0,Depression,GATI,2020
2020110I,2020112103,11.3,59.7,30.0,Depression,GATI,2020
2020110I,2020112106,11.3,58.8,35.0,Cyclonic Storm,GATI,2020
2020110I,2020112109,11.3,57.9,33.0,Depression,GATI,2020
2020110I,2020112112,11.3,57.1,30.0,Depression,GATI,2020
2020110I,2020112115,11.1,56.2,33.0,Depression,GATI,2020
2020110I,2020112118,10.9,55.8,25.0,Depression,GATI,2020
2020110I,2020112121,10.9,55.2,28.0,Depression,GATI,2020
2020110I,2020112200,10.8,54.5,30.0,Depression,GATI,2020
2020110I,2020112203,10.6,53.5,40.0,Cyclonic Storm,GATI,2020
2020110I,2020112206,10.4,52.6,50.0,Severe Cyclonic Storm,GATI,2020
2020110I,2020112209,10.4,52.0,65.0,Very Severe Cyclonic Storm,GATI,2020
2020110I,2020112212,10.4,51.5,75.0,Very Severe Cyclonic Storm,GATI,2020
2020110I,2020112215,10.4,51.0,75.0,Very Severe Cyclonic Storm,GATI,2020
2020110I,2020112218,10.4,50.6,65.0,Very Severe Cyclonic Storm,GATI,2020
2020110I,2020112221,10.5,50.2,60.0,Severe Cyclonic Storm,GATI,2020
2020110I,2020112300,10.7,50.0,45.0,Cyclonic Storm,GATI,2020
2020110I,2020112303,10.9,49.6,35.0,Cyclonic Storm,GATI,2020
2020110I,2020112306,11.1,49.3,30.0,Depression,GATI,2020
2020110I,2020112309,11.3,48.9,30.0,Depression,GATI,2020
2020110I,2020112312,11.5,48.6,30.0,Depression,GATI,2020
2020110I,2020112315,11.7,48.0,30.0,Depression,GATI,2020
2020110I,2020112318,11.8,47.5,30.0,Depression,GATI,2020
2020110I,2020112321,11.7,47.1,28.0,Depression,GATI,2020
2020110I,2020112400,11.5,46.8,25.0,Depression,GATI,2020
2020110I,2020112403,11.2,46.6,20.0,Depression,GATI,2020
2020110I,2020112406,10.9,46.5,25.0,Depression,GATI,2020
2020110I,2020112409,10.7,46.4,20.0,Depression,GATI,2020
2020110I,2020112412,10.4,46.3,15.0,Depression,GATI,2020
2020111I,2020112206,7.8,86.1,20.0,Depression,NIVAR,2020
2020111I,2020112209,8.2,85.9,20.0,Depression,NIVAR,2020
2020111I,2020112212,8.5,85.6,20.0,Depression,NIVAR,2020
2020111I,2020112215,8.8,85.3,23.0,Depression,NIVAR,2020
2020111I,2020112218,9.0,85.1,25.0,Depression,NIVAR,2020
2020111I,2020112221,9.0,85.0,25.0,Depression,NIVAR,2020
2020111I,2020112300,9.3,84.6,25.0,Depression,NIVAR,2020
2020111I,2020112303,9.5,84.2,25.0,Depression,NIVAR,2020
2020111I,2020112306,9.6,84.0,25.0,Depression,NIVAR,2020
2020111I,2020112309,9.7,83.8,28.0,Depression,NIVAR,2020
2020111I,2020112312,9.9,83.6,30.0,Depression,NIVAR,2020
2020111I,2020112315,9.9,83.5,30.0,Depression,NIVAR,2020
2020111I,2020112318,10.0,83.5,30.0,Depression,NIVAR,2020
2020111I,2020112321,9.9,83.3,33.0,Depression,NIVAR,2020
2020111I,2020112400,9.8,83.2,35.0,Cyclonic Storm,NIVAR,2020
2020111I,2020112403,9.8,83.1,35.0,Cyclonic Storm,NIVAR,2020
2020111I,2020112406,9.8,83.0,40.0,Cyclonic Storm,NIVAR,2020
2020111I,2020112409,9.9,82.9,45.0,Cyclonic Storm,NIVAR,2020
2020111I,2020112412,10.0,82.8,45.0,Cyclonic Storm,NIVAR,2020
2020111I,2020112415,10.1,82.7,45.0,Cyclonic Storm,NIVAR,2020
2020111I,2020112418,10.2,82.6,50.0,Severe Cyclonic Storm,NIVAR,2020
2020111I,2020112421,10.4,82.4,55.0,Severe Cyclonic Storm,NIVAR,2020
2020111I,2020112500,10.6,82.2,60.0,Severe Cyclonic Storm,NIVAR,2020
2020111I,2020112503,10.8,81.8,60.0,Severe Cyclonic Storm,NIVAR,2020
2020111I,2020112506,11.1,81.4,60.0,Severe Cyclonic Storm,NIVAR,2020
2020111I,2020112509,11.3,81.1,65.0,Very Severe Cyclonic Storm,NIVAR,2020
2020111I,2020112512,11.5,80.9,65.0,Very Severe Cyclonic Storm,NIVAR,2020
2020111I,2020112515,11.8,80.6,65.0,Very Severe Cyclonic Storm,NIVAR,2020
2020111I,2020112518,12.0,80.4,65.0,Very Severe Cyclonic Storm,NIVAR,2020
2020111I,2020112521,12.2,80.1,60.0,Severe Cyclonic Storm,NIVAR,2020
2020111I,2020112600,12.5,80.0,50.0,Severe Cyclonic Storm,NIVAR,2020
2020111I,2020112603,12.7,79.7,40.0,Cyclonic Storm,NIVAR,2020
2020111I,2020112606,13.0,79.6,35.0,Cyclonic Storm,NIVAR,2020
2020111I,2020112609,13.3,79.6,30.0,Depression,NIVAR,2020
2020111I,2020112612,13.5,79.8,30.0,Depression,NIVAR,2020
2020111I,2020112615,13.6,80.0,25.0,Depression,NIVAR,2020
2020111I,2020112618,13.8,80.3,20.0,Depression,NIVAR,2020
2020111I,2020112621,13.8,80.6,33.0,Depression,NIVAR,2020
2020111I,2020112700,14.0,80.7,30.0,Depression,NIVAR,2020
2020111I,2020112703,14.2,80.6,28.0,Depression,NIVAR,2020
2020111I,2020112706,14.4,80.5,25.0,Depression,NIVAR,2020
2020111I,2020112709,14.7,80.3,23.0,Depression,NIVAR,2020
2020111I,2020112712,15.0,80.1,20.0,Depression,NIVAR,2020
2020113I,2020112912,6.4,90.4,10.0,Depression,BUREVI,2020
2020113I,2020112915,6.6,89.8,15.0,Depression,BUREVI,2020
2020113I,2020112918,6.9,89.1,20.0,Depression,BUREVI,2020
2020113I,2020112921,7.2,88.4,18.0,Depression,BUREVI,2020
2020113I,2020113000,7.5,87.8,20.0,Depression,BUREVI,2020
2020113I,2020113003,7.6,87.6,25.0,Depression,BUREVI,2020
2020113I,2020113006,7.6,87.4,25.0,Depression,BUREVI,2020
2020113I,2020113009,7.6,87.2,25.0,Depression,BUREVI,2020
2020113I,2020113012,7.5,87.1,25.0,Depression,BUREVI,2020
2020113I,2020113015,7.5,87.0,25.0,Depression,BUREVI,2020
2020113I,2020113018,7.5,86.8,25.0,Depression,BUREVI,2020
2020113I,2020113021,7.4,86.4,28.0,Depression,BUREVI,2020
2020113I,2020120100,7.4,86.1,30.0,Depression,BUREVI,2020
2020113I,2020120103,7.4,85.8,30.0,Depression,BUREVI,2020
2020113I,2020120106,7.5,85.4,30.0,Depression,BUREVI,2020
2020113I,2020120109,7.6,85.1,33.0,Depression,BUREVI,2020
2020113I,2020120112,7.7,84.9,35.0,Cyclonic Storm,BUREVI,2020
2020113I,2020120115,7.8,84.6,35.0,Cyclonic Storm,BUREVI,2020
2020113I,2020120118,8.0,84.3,35.0,Cyclonic Storm,BUREVI,2020
2020113I,2020120121,8.3,83.7,35.0,Cyclonic Storm,BUREVI,2020
2020113I,2020120200,8.5,83.3,40.0,Cyclonic Storm,BUREVI,2020
2020113I,2020120203,8.6,82.9,40.0,Cyclonic Storm,BUREVI,2020
2020113I,2020120206,8.7,82.6,45.0,Cyclonic Storm,BUREVI,2020
2020113I,2020120209,8.8,82.2,45.0,Cyclonic Storm,BUREVI,2020
2020113I,2020120212,8.8,81.9,45.0,Cyclonic Storm,BUREVI,2020
2020113I,2020120215,8.9,81.6,45.0,Cyclonic Storm,BUREVI,2020
2020113I,2020120218,9.0,81.2,45.0,Cyclonic Storm,BUREVI,2020
2020113I,2020120221,9.0,80.9,40.0,Cyclonic Storm,BUREVI,2020
2020113I,2020120300,9.0,80.5,40.0,Cyclonic Storm,BUREVI,2020
2020113I,2020120303,9.1,80.4,40.0,Cyclonic Storm,BUREVI,2020
2020113I,2020120306,9.3,80.1,40.0,Cyclonic Storm,BUREVI,2020
2020113I,2020120309,9.4,79.8,35.0,Cyclonic Storm,BUREVI,2020
2020113I,2020120312,9.4,79.6,30.0,Depression,BUREVI,2020
2020113I,2020120315,9.4,79.4,30.0,Depression,BUREVI,2020
2020113I,2020120318,9.3,79.3,30.0,Depression,BUREVI,2020
2020113I,2020120321,9.3,79.3,30.0,Depression,BUREVI,2020
2020113I,2020120400,9.2,79.3,30.0,Depression,BUREVI,2020
2020113I,2020120403,9.1,79.2,30.0,Depression,BUREVI,2020
2020113I,2020120406,9.2,79.3,30.0,Depression,BUREVI,2020
2020113I,2020120409,9.3,79.4,28.0,Depression,BUREVI,2020
2020113I,2020120412,9.4,79.4,25.0,Depression,BUREVI,2020
2020113I,2020120415,9.3,79.3,25.0,Depression,BUREVI,2020
2020113I,2020120418,9.2,79.2,25.0,Depression,BUREVI,2020
2020113I,2020120421,9.1,79.3,23.0,Depression,BUREVI,2020
2020113I,2020120500,9.1,79.4,20.0,Depression,BUREVI,2020
2020113I,2020120503,9.2,79.5,20.0,Depression,BUREVI,2020
2020113I,2020120506,9.5,80.1,20.0,Depression,BUREVI,2020
2020119I,2020122500,9.4,99.6,20.0,Depression,KROVANH,2020
2020119I,2020122503,9.7,98.9,20.0,Depression,KROVANH,2020
2020119I,2020122506,10.0,98.1,20.0,Depression,KROVANH,2020
2020119I,2020122509,10.6,97.3,18.0,Depression,KROVANH,2020
2020119I,2020122512,11.3,97.0,15.0,Depression,KROVANH,2020
202025I,2020051506,9.5,87.5,20.0,Depression,AMPHAN,2020
202025I,2020051509,9.5,87.2,25.0,Depression,AMPHAN,2020
202025I,2020051512,9.5,87.0,30.0,Depression,AMPHAN,2020
202025I,2020051515,9.5,86.8,30.0,Depression,AMPHAN,2020
202025I,2020051518,9.5,86.6,30.0,Depression,AMPHAN,2020
202025I,2020051521,9.6,86.5,33.0,Depression,AMPHAN,2020
202025I,2020051600,9.8,86.4,25.0,Depression,AMPHAN,2020
202025I,2020051603,10.1,86.2,25.0,Depression,AMPHAN,2020
202025I,2020051606,10.3,86.1,25.0,Depression,AMPHAN,2020
202025I,2020051609,10.5,86.1,30.0,Depression,AMPHAN,2020
202025I,2020051612,10.6,86.2,35.0,Cyclonic Storm,AMPHAN,2020
202025I,2020051615,10.8,86.1,40.0,Cyclonic Storm,AMPHAN,2020
202025I,2020051618,10.9,86.1,40.0,Cyclonic Storm,AMPHAN,2020
202025I,2020051621,11.1,86.1,45.0,Cyclonic Storm,AMPHAN,2020
202025I,2020051700,11.2,86.1,45.0,Cyclonic Storm,AMPHAN,2020
202025I,2020051703,11.3,86.1,50.0,Severe Cyclonic Storm,AMPHAN,2020
202025I,2020051706,11.5,86.2,55.0,Severe Cyclonic Storm,AMPHAN,2020
202025I,2020051709,11.6,86.2,65.0,Very Severe Cyclonic Storm,AMPHAN,2020
202025I,2020051712,11.9,86.2,70.0,Very Severe Cyclonic Storm,AMPHAN,2020
202025I,2020051715,12.5,86.4,75.0,Very Severe Cyclonic Storm,AMPHAN,2020
202025I,2020051718,12.5,86.4,80.0,Very Severe Cyclonic Storm,AMPHAN,2020
202025I,2020051721,12.9,86.5,90.0,Extremely Severe/Super Cyclone,AMPHAN,2020
202025I,2020051800,13.2,86.4,100.0,Extremely Severe/Super Cyclone,AMPHAN,2020
202025I,2020051803,13.3,86.2,115.0,Extremely Severe/Super Cyclone,AMPHAN,2020
202025I,2020051806,13.4,86.2,120.0,Extremely Severe/Super Cyclone,AMPHAN,2020
202025I,2020051809,13.7,86.2,120.0,Extremely Severe/Super Cyclone,AMPHAN,2020
202025I,2020051812,14.1,86.4,125.0,Extremely Severe/Super Cyclone,AMPHAN,2020
202025I,2020051815,14.5,86.5,125.0,Extremely Severe/Super Cyclone,AMPHAN,2020
202025I,2020051818,14.9,86.6,130.0,Extremely Severe/Super Cyclone,AMPHAN,2020
202025I,2020051821,15.2,86.7,130.0,Extremely Severe/Super Cyclone,AMPHAN,2020
202025I,2020051900,15.6,86.8,125.0,Extremely Severe/Super Cyclone,AMPHAN,2020
202025I,2020051903,16.0,86.9,120.0,Extremely Severe/Super Cyclone,AMPHAN,2020
202025I,2020051906,16.5,87.0,115.0,Extremely Severe/Super Cyclone,AMPHAN,2020
202025I,2020051909,16.9,87.0,110.0,Extremely Severe/Super Cyclone,AMPHAN,2020
202025I,2020051912,17.3,87.1,105.0,Extremely Severe/Super Cyclone,AMPHAN,2020
202025I,2020051915,17.9,87.1,100.0,Extremely Severe/Super Cyclone,AMPHAN,2020
202025I,2020051918,18.3,87.2,100.0,Extremely Severe/Super Cyclone,AMPHAN,2020
202025I,2020051921,18.7,87.3,100.0,Extremely Severe/Super Cyclone,AMPHAN,2020
202025I,2020052000,19.2,87.5,95.0,Extremely Severe/Super Cyclone,AMPHAN,2020
202025I,2020052003,19.8,87.7,95.0,Extremely Severe/Super Cyclone,AMPHAN,2020
202025I,2020052006,20.6,88.0,90.0,Extremely Severe/Super Cyclone,AMPHAN,2020
202025I,2020052009,21.4,88.1,90.0,Extremely Severe/Super Cyclone,AMPHAN,2020
202025I,2020052012,22.1,88.4,85.0,Very Severe Cyclonic Storm,AMPHAN,2020
202025I,2020052015,22.8,88.6,65.0,Very Severe Cyclonic Storm,AMPHAN,2020
202025I,2020052018,23.5,89.1,50.0,Severe Cyclonic Storm,AMPHAN,2020
202025I,2020052021,24.3,89.3,45.0,Cyclonic Storm,AMPHAN,2020
202025I,2020052100,24.6,89.6,40.0,Cyclonic Storm,AMPHAN,2020
202025I,2020052103,25.1,89.9,35.0,Cyclonic Storm,AMPHAN,2020
202025I,2020052106,25.4,90.1,30.0,Depression,AMPHAN,2020
202025I,2020052109,25.2,89.6,25.0,Depression,AMPHAN,2020
202025I,2020052112,25.4,89.6,20.0,Depression,AMPHAN,2020
202029I,2020052909,17.3,54.3,25.0,Depression,UNNAMED,2020
202029I,2020052912,17.3,54.3,25.0,Depression,UNNAMED,2020
202029I,2020052915,17.3,54.3,25.0,Depression,UNNAMED,2020
202029I,2020052918,17.3,54.3,25.0,Depression,UNNAMED,2020
202029I,2020052921,17.3,54.2,25.0,Depression,UNNAMED,2020
202029I,2020053000,17.3,54.2,25.0,Depression,UNNAMED,2020
202029I,2020053003,17.3,54.2,25.0,Depression,UNNAMED,2020
202029I,2020053006,17.2,54.0,25.0,Depression,UNNAMED,2020
202029I,2020053009,17.2,54.0,25.0,Depression,UNNAMED,2020
202029I,2020053012,17.2,54.0,25.0,Depression,UNNAMED,2020
202029I,2020053015,17.2,54.0,25.0,Depression,UNNAMED,2020
202029I,2020053018,17.2,54.0,25.0,Depression,UNNAMED,2020
202029I,2020053021,17.1,53.9,25.0,Depression,UNNAMED,2020
202029I,2020053100,17.1,53.8,25.0,Depression,UNNAMED,2020
202029I,2020053103,17.1,53.8,25.0,Depression,UNNAMED,2020
202029I,2020053106,17.0,53.5,25.0,Depression,UNNAMED,2020
202029I,2020053109,16.9,53.3,25.0,Depression,UNNAMED,2020
202029I,2020053112,16.9,53.1,25.0,Depression,UNNAMED,2020
202029I,2020053115,16.9,53.0,25.0,Depression,UNNAMED,2020
202029I,2020053118,16.8,52.9,25.0,Depression,UNNAMED,2020
202031I,2020053118,12.9,72.2,20.0,Depression,NISARGA,2020
202031I,2020053121,12.9,72.0,20.0,Depression,NISARGA,2020
202031I,2020060100,13.0,71.6,25.0,Depression,NISARGA,2020
202031I,2020060103,13.1,71.4,25.0,Depression,NISARGA,2020
202031I,2020060106,13.4,71.2,25.0,Depression,NISARGA,2020
202031I,2020060109,13.7,71.1,25.0,Depression,NISARGA,2020
202031I,2020060112,14.0,71.1,25.0,Depression,NISARGA,2020
202031I,2020060115,14.2,71.2,25.0,Depression,NISARGA,2020
202031I,2020060118,14.4,71.2,25.0,Depression,NISARGA,2020
202031I,2020060121,14.7,71.2,28.0,Depression,NISARGA,2020
202031I,2020060200,15.0,71.3,30.0,Depression,NISARGA,2020
202031I,2020060203,15.3,71.3,30.0,Depression,NISARGA,2020
202031I,2020060206,15.7,71.3,35.0,Cyclonic Storm,NISARGA,2020
202031I,2020060209,16.0,71.3,35.0,Cyclonic Storm,NISARGA,2020
202031I,2020060212,16.3,71.4,40.0,Cyclonic Storm,NISARGA,2020
202031I,2020060215,16.2,71.5,40.0,Cyclonic Storm,NISARGA,2020
202031I,2020060218,16.8,71.6,40.0,Cyclonic Storm,NISARGA,2020
202031I,2020060221,17.0,71.9,45.0,Cyclonic Storm,NISARGA,2020
202031I,2020060300,17.3,72.1,50.0,Severe Cyclonic Storm,NISARGA,2020
202031I,2020060303,17.6,72.4,55.0,Severe Cyclonic Storm,NISARGA,2020
202031I,2020060306,18.1,72.9,60.0,Severe Cyclonic Storm,NISARGA,2020
202031I,2020060309,18.5,73.2,55.0,Severe Cyclonic Storm,NISARGA,2020
202031I,2020060312,19.1,73.7,40.0,Cyclonic Storm,NISARGA,2020
202031I,2020060315,19.6,74.0,30.0,Depression,NISARGA,2020
202031I,2020060318,20.0,74.7,30.0,Depression,NISARGA,2020
202031I,2020060321,20.3,75.3,28.0,Depression,NISARGA,2020
202031I,2020060400,20.9,76.0,25.0,Depression,NISARGA,2020
202031I,2020060403,21.5,76.8,20.0,Depression,NISARGA,2020
202031I,2020060406,22.2,77.6,20.0,Depression,NISARGA,2020
202090I,2020101100,15.3,86.5,20.0,Depression,UNNAMED,2020
202090I,2020101103,15.4,86.2,25.0,Depression,UNNAMED,2020
202090I,2020101106,15.4,85.8,25.0,Depression,UNNAMED,2020
202090I,2020101109,15.4,85.5,25.0,Depression,UNNAMED,2020
202090I,2020101112,15.5,85.4,25.0,Depression,UNNAMED,2020
202090I,2020101115,15.5,85.3,25.0,Depression,UNNAMED,2020
202090I,2020101118,15.6,85.2,25.0,Depression,UNNAMED,2020
202090I,2020101121,15.7,85.1,25.0,Depression,UNNAMED,2020
202090I,2020101200,15.7,85.0,25.0,Depression,UNNAMED,2020
202090I,2020101203,15.7,85.0,30.0,Depression,UNNAMED,2020
202090I,2020101206,15.9,84.8,30.0,Depression,UNNAMED,2020
202090I,2020101209,16.0,84.7,30.0,Depression,UNNAMED,2020
202090I,2020101212,16.1,84.6,30.0,Depression,UNNAMED,2020
202090I,2020101215,16.3,84.1,30.0,Depression,UNNAMED,2020
202090I,2020101218,16.5,83.4,30.0,Depression,UNNAMED,2020
202090I,2020101221,16.7,82.9,30.0,Depression,UNNAMED,2020
202090I,2020101300,16.9,82.5,30.0,Depression,UNNAMED,2020
202090I,2020101303,17.0,82.1,30.0,Depression,UNNAMED,2020
202090I,2020101306,17.3,81.5,25.0,Depression,UNNAMED,2020
202090I,2020101309,17.4,81.0,25.0,Depression,UNNAMED,2020
202090I,2020101312,17.5,80.5,25.0,Depression,UNNAMED,2020
202090I,2020101315,17.6,80.0,25.0,Depression,UNNAMED,2020
202090I,2020101318,17.6,79.5,25.0,Depression,UNNAMED,2020
202090I,2020101321,17.7,78.8,23.0,Depression,UNNAMED,2020
202090I,2020101400,17.7,78.1,20.0,Depression,UNNAMED,2020
202090I,2020101403,17.7,77.5,20.0,Depression,UNNAMED,2020
202090I,2020101406,17.7,77.0,20.0,Depression,UNNAMED,2020
202094I,2020101703,17.8,69.0,20.0,Depression,UNNAMED,2020
202094I,2020101706,17.8,68.2,20.0,Depression,UNNAMED,2020
202094I,2020101709,17.8,67.8,23.0,Depression,UNNAMED,2020
202094I,2020101712,17.8,67.5,25.0,Depression,UNNAMED,2020
202094I,2020101715,17.8,67.1,25.0,Depression,UNNAMED,2020
202094I,2020101718,17.8,66.8,25.0,Depression,UNNAMED,2020
202094I,2020101721,17.8,66.7,25.0,Depression,UNNAMED,2020
202094I,2020101800,17.8,66.4,25.0,Depression,UNNAMED,2020
202094I,2020101803,17.8,65.8,20.0,Depression,UNNAMED,2020
202094I,2020101806,17.8,65.3,20.0,Depression,UNNAMED,2020
202094I,2020101809,17.8,65.0,20.0,Depression,UNNAMED,2020
202094I,2020101812,17.8,64.8,20.0,Depression,UNNAMED,2020
202094I,2020101815,17.8,64.6,20.0,Depression,UNNAMED,2020
202094I,2020101818,17.8,64.3,20.0,Depression,UNNAMED,2020
202098I,2020102203,18.7,87.0,20.0,Depression,UNNAMED,2020
202098I,2020102206,19.0,87.0,25.0,Depression,UNNAMED,2020
202098I,2020102209,19.4,87.1,25.0,Depression,UNNAMED,2020
202098I,2020102212,19.7,87.3,25.0,Depression,UNNAMED,2020
202098I,2020102215,19.9,87.4,25.0,Depression,UNNAMED,2020
202098I,2020102218,20.2,87.6,25.0,Depression,UNNAMED,2020
202098I,2020102221,20.7,87.9,25.0,Depression,UNNAMED,2020
202098I,2020102300,21.2,88.2,25.0,Depression,UNNAMED,2020
202098I,2020102303,21.4,88.4,25.0,Depression,UNNAMED,2020
202098I,2020102306,21.7,88.5,25.0,Depression,UNNAMED,2020
202098I,2020102309,22.5,89.1,25.0,Depression,UNNAMED,2020
202098I,2020102312,23.3,89.5,20.0,Depression,UNNAMED,2020
202098I,2020102315,23.8,89.7,20.0,Depression,UNNAMED,2020
202098I,2020102318,24.0,89.9,20.0,Depression,UNNAMED,2020
2021102I,2021113018,8.4,96.3,20.0,Depression,JAWAD,2021
2021102I,2021113021,8.0,96.1,20.0,Depression,JAWAD,2021
2021102I,2021120100,7.8,95.7,20.0,Depression,JAWAD,2021
2021102I,2021120103,7.8,94.9,20.0,Depression,JAWAD,2021
2021102I,2021120106,8.0,94.0,20.0,Depression,JAWAD,2021
2021102I,2021120109,8.1,93.4,20.0,Depression,JAWAD,2021
2021102I,2021120112,8.2,92.9,20.0,Depression,JAWAD,2021
2021102I,2021120115,8.5,92.3,23.0,Depression,JAWAD,2021
2021102I,2021120118,8.9,91.8,25.0,Depression,JAWAD,2021
2021102I,2021120121,9.2,91.3,25.0,Depression,JAWAD,2021
2021102I,2021120200,9.6,90.8,25.0,Depression,JAWAD,2021
2021102I,2021120203,10.0,90.1,25.0,Depression,JAWAD,2021
2021102I,2021120206,10.5,89.3,25.0,Depression,JAWAD,2021
2021102I,2021120209,11.0,88.7,25.0,Depression,JAWAD,2021
2021102I,2021120212,11.4,88.4,25.0,Depression,JAWAD,2021
2021102I,2021120215,11.8,87.9,25.0,Depression,JAWAD,2021
2021102I,2021120218,12.2,87.3,25.0,Depression,JAWAD,2021
2021102I,2021120221,12.9,86.7,28.0,Depression,JAWAD,2021
2021102I,2021120300,13.6,86.2,30.0,Depression,JAWAD,2021
2021102I,2021120303,14.0,85.9,30.0,Depression,JAWAD,2021
2021102I,2021120306,14.4,85.6,35.0,Cyclonic Storm,JAWAD,2021
2021102I,2021120309,14.7,85.3,35.0,Cyclonic Storm,JAWAD,2021
2021102I,2021120312,15.0,85.1,40.0,Cyclonic Storm,JAWAD,2021
2021102I,2021120315,15.2,85.0,40.0,Cyclonic Storm,JAWAD,2021
2021102I,2021120318,15.5,84.9,40.0,Cyclonic Storm,JAWAD,2021
2021102I,2021120321,15.7,84.9,40.0,Cyclonic Storm,JAWAD,2021
2021102I,2021120400,16.0,84.8,40.0,Cyclonic Storm,JAWAD,2021
2021102I,2021120403,16.2,84.8,40.0,Cyclonic Storm,JAWAD,2021
2021102I,2021120406,16.3,84.9,35.0,Cyclonic Storm,JAWAD,2021
2021102I,2021120409,16.5,84.9,35.0,Cyclonic Storm,JAWAD,2021
2021102I,2021120412,16.8,85.1,30.0,Depression,JAWAD,2021
2021102I,2021120415,17.1,85.1,30.0,Depression,JAWAD,2021
2021102I,2021120418,17.3,85.3,30.0,Depression,JAWAD,2021
2021102I,2021120421,17.4,85.4,30.0,Depression,JAWAD,2021
2021102I,2021120500,17.7,85.7,30.0,Depression,JAWAD,2021
2021102I,2021120503,18.3,85.8,30.0,Depression,JAWAD,2021
2021102I,2021120506,18.7,86.1,30.0,Depression,JAWAD,2021
2021102I,2021120509,19.0,86.3,25.0,Depression,JAWAD,2021
2021102I,2021120512,19.5,86.7,25.0,Depression,JAWAD,2021
2021102I,2021120515,20.0,87.0,25.0,Depression,JAWAD,2021
2021102I,2021120518,20.7,87.2,25.0,Depression,JAWAD,2021
2021102I,2021120521,21.2,87.4,18.0,Depression,JAWAD,2021
2021102I,2021120600,21.5,87.7,15.0,Depression,JAWAD,2021
2021102I,2021120603,21.9,88.1,13.0,Depression,JAWAD,2021
2021102I,2021120606,22.3,88.5,10.0,Depression,JAWAD,2021
202121I,2021040200,11.0,96.3,25.0,Depression,UNNAMED,2021
202121I,2021040203,11.0,96.3,25.0,Depression,UNNAMED,2021
202121I,2021040206,11.2,96.4,25.0,Depression,UNNAMED,2021
202121I,2021040209,11.5,96.6,25.0,Depression,UNNAMED,2021
202121I,2021040212,11.8,96.8,25.0,Depression,UNNAMED,2021
202121I,2021040215,12.0,97.0,25.0,Depression,UNNAMED,2021
202121I,2021040218,12.3,97.2,25.0,Depression,UNNAMED,2021
202121I,2021040221,12.7,97.4,25.0,Depression,UNNAMED,2021
202121I,2021040300,13.0,97.5,25.0,Depression,UNNAMED,2021
202121I,2021040303,13.2,97.6,20.0,Depression,UNNAMED,2021
202130I,2021051306,10.0,70.9,20.0,Depression,TAUKTAE,2021
202130I,2021051309,10.1,71.1,23.0,Depression,TAUKTAE,2021
202130I,2021051312,10.2,71.3,25.0,Depression,TAUKTAE,2021
202130I,2021051315,10.3,71.4,25.0,Depression,TAUKTAE,2021
202130I,2021051318,10.5,71.5,25.0,Depression,TAUKTAE,2021
202130I,2021051321,10.7,71.6,28.0,Depression,TAUKTAE,2021
202130I,2021051400,10.9,71.8,30.0,Depression,TAUKTAE,2021
202130I,2021051403,11.0,72.0,25.0,Depression,TAUKTAE,2021
202130I,2021051406,11.2,72.2,25.0,Depression,TAUKTAE,2021
202130I,2021051409,11.5,72.4,30.0,Depression,TAUKTAE,2021
202130I,2021051412,11.7,72.6,30.0,Depression,TAUKTAE,2021
202130I,2021051415,12.0,72.7,33.0,Depression,TAUKTAE,2021
202130I,2021051418,12.3,72.8,35.0,Cyclonic Storm,TAUKTAE,2021
202130I,2021051421,12.4,72.8,40.0,Cyclonic Storm,TAUKTAE,2021
202130I,2021051500,12.8,72.9,40.0,Cyclonic Storm,TAUKTAE,2021
202130I,2021051503,13.0,72.9,40.0,Cyclonic Storm,TAUKTAE,2021
202130I,2021051506,13.3,73.0,45.0,Cyclonic Storm,TAUKTAE,2021
202130I,2021051509,13.6,73.0,45.0,Cyclonic Storm,TAUKTAE,2021
202130I,2021051512,13.9,73.0,55.0,Severe Cyclonic Storm,TAUKTAE,2021
202130I,2021051515,14.2,72.9,55.0,Severe Cyclonic Storm,TAUKTAE,2021
202130I,2021051518,14.5,72.8,60.0,Severe Cyclonic Storm,TAUKTAE,2021
202130I,2021051521,14.7,72.8,60.0,Severe Cyclonic Storm,TAUKTAE,2021
202130I,2021051600,15.0,72.8,65.0,Very Severe Cyclonic Storm,TAUKTAE,2021
202130I,2021051603,15.4,72.8,70.0,Very Severe Cyclonic Storm,TAUKTAE,2021
202130I,2021051606,15.8,72.8,70.0,Very Severe Cyclonic Storm,TAUKTAE,2021
202130I,2021051609,16.3,72.7,70.0,Very Severe Cyclonic Storm,TAUKTAE,2021
202130I,2021051612,16.8,72.5,75.0,Very Severe Cyclonic Storm,TAUKTAE,2021
202130I,2021051615,17.3,72.3,80.0,Very Severe Cyclonic Storm,TAUKTAE,2021
202130I,2021051618,17.7,72.0,85.0,Very Severe Cyclonic Storm,TAUKTAE,2021
202130I,2021051621,18.0,71.8,90.0,Extremely Severe/Super Cyclone,TAUKTAE,2021
202130I,2021051700,18.4,71.7,100.0,Extremely Severe/Super Cyclone,TAUKTAE,2021
202130I,2021051703,18.8,71.6,100.0,Extremely Severe/Super Cyclone,TAUKTAE,2021
202130I,2021051706,19.3,71.5,100.0,Extremely Severe/Super Cyclone,TAUKTAE,2021
202130I,2021051709,19.6,71.4,100.0,Extremely Severe/Super Cyclone,TAUKTAE,2021
202130I,2021051712,20.1,71.4,95.0,Extremely Severe/Super Cyclone,TAUKTAE,2021
202130I,2021051715,20.5,71.3,90.0,Extremely Severe/Super Cyclone,TAUKTAE,2021
202130I,2021051718,20.9,71.2,85.0,Very Severe Cyclonic Storm,TAUKTAE,2021
202130I,2021051721,21.2,71.2,75.0,Very Severe Cyclonic Storm,TAUKTAE,2021
202130I,2021051800,21.5,71.2,65.0,Very Severe Cyclonic Storm,TAUKTAE,2021
202130I,2021051803,21.7,71.3,55.0,Severe Cyclonic Storm,TAUKTAE,2021
202130I,2021051806,22.1,71.6,45.0,Cyclonic Storm,TAUKTAE,2021
202130I,2021051809,22.6,71.7,40.0,Cyclonic Storm,TAUKTAE,2021
202130I,2021051812,23.2,72.1,35.0,Cyclonic Storm,TAUKTAE,2021
202130I,2021051815,23.7,72.5,30.0,Depression,TAUKTAE,2021
202130I,2021051818,24.1,73.1,30.0,Depression,TAUKTAE,2021
202130I,2021051821,24.4,73.4,28.0,Depression,TAUKTAE,2021
202130I,2021051900,24.6,73.6,25.0,Depression,TAUKTAE,2021
202130I,2021051903,24.9,73.7,20.0,Depression,TAUKTAE,2021
202130I,2021051906,25.8,74.8,20.0,Depression,TAUKTAE,2021
202132I,2021052300,15.5,90.0,20.0,Depression,YAAS,2021
202132I,2021052303,15.4,89.9,23.0,Depression,YAAS,2021
202132I,2021052306,15.6,89.8,25.0,Depression,YAAS,2021
202132I,2021052309,15.6,89.7,25.0,Depression,YAAS,2021
202132I,2021052312,15.7,89.6,25.0,Depression,YAAS,2021
202132I,2021052315,15.8,89.5,28.0,Depression,YAAS,2021
202132I,2021052318,15.8,89.5,30.0,Depression,YAAS,2021
202132I,2021052321,16.0,89.6,33.0,Depression,YAAS,2021
202132I,2021052400,16.1,89.8,35.0,Cyclonic Storm,YAAS,2021
202132I,2021052403,16.5,89.7,40.0,Cyclonic Storm,YAAS,2021
202132I,2021052406,16.6,89.6,40.0,Cyclonic Storm,YAAS,2021
202132I,2021052409,16.9,89.6,40.0,Cyclonic Storm,YAAS,2021
202132I,2021052412,17.2,89.4,45.0,Cyclonic Storm,YAAS,2021
202132I,2021052415,17.4,89.2,45.0,Cyclonic Storm,YAAS,2021
202132I,2021052418,17.6,89.0,50.0,Severe Cyclonic Storm,YAAS,2021
202132I,2021052421,17.8,88.9,55.0,Severe Cyclonic Storm,YAAS,2021
202132I,2021052500,18.1,88.6,55.0,Severe Cyclonic Storm,YAAS,2021
202132I,2021052503,18.4,88.4,55.0,Severe Cyclonic Storm,YAAS,2021
202132I,2021052506,18.8,88.2,60.0,Severe Cyclonic Storm,YAAS,2021
202132I,2021052509,19.1,88.2,60.0,Severe Cyclonic Storm,YAAS,2021
202132I,2021052512,19.5,88.2,65.0,Very Severe Cyclonic Storm,YAAS,2021
202132I,2021052515,19.9,88.0,65.0,Very Severe Cyclonic Storm,YAAS,2021
202132I,2021052518,20.3,87.8,70.0,Very Severe Cyclonic Storm,YAAS,2021
202132I,2021052521,20.4,87.7,75.0,Very Severe Cyclonic Storm,YAAS,2021
202132I,2021052600,20.6,87.6,75.0,Very Severe Cyclonic Storm,YAAS,2021
202132I,2021052603,21.1,87.2,75.0,Very Severe Cyclonic Storm,YAAS,2021
202132I,2021052606,21.5,86.9,75.0,Very Severe Cyclonic Storm,YAAS,2021
202132I,2021052609,21.7,86.6,55.0,Severe Cyclonic Storm,YAAS,2021
202132I,2021052612,21.9,86.5,45.0,Cyclonic Storm,YAAS,2021
202132I,2021052615,22.2,86.1,40.0,Cyclonic Storm,YAAS,2021
202132I,2021052618,22.5,85.8,30.0,Depression,YAAS,2021
202132I,2021052621,22.8,85.7,30.0,Depression,YAAS,2021
202132I,2021052700,23.1,85.7,30.0,Depression,YAAS,2021
202132I,2021052703,23.3,85.7,30.0,Depression,YAAS,2021
202132I,2021052706,23.6,85.6,25.0,Depression,YAAS,2021
202132I,2021052709,23.9,85.5,25.0,Depression,YAAS,2021
202132I,2021052712,24.3,85.3,25.0,Depression,YAAS,2021
202132I,2021052715,24.5,85.1,25.0,Depression,YAAS,2021
202132I,2021052718,24.7,84.8,25.0,Depression,YAAS,2021
202175I,2021091212,20.3,87.4,25.0,Depression,UNNAMED,2021
202175I,2021091215,20.4,87.2,25.0,Depression,UNNAMED,2021
202175I,2021091218,20.4,87.1,25.0,Depression,UNNAMED,2021
202175I,2021091221,20.5,87.1,28.0,Depression,UNNAMED,2021
202175I,2021091300,20.6,87.0,30.0,Depression,UNNAMED,2021
202175I,2021091303,20.9,86.5,30.0,Depression,UNNAMED,2021
202175I,2021091306,21.1,86.2,30.0,Depression,UNNAMED,2021
202175I,2021091309,21.3,85.9,30.0,Depression,UNNAMED,2021
202175I,2021091312,21.4,85.5,30.0,Depression,UNNAMED,2021
202175I,2021091315,21.5,85.2,30.0,Depression,UNNAMED,2021
202175I,2021091318,21.6,84.8,30.0,Depression,UNNAMED,2021
202175I,2021091321,21.8,84.2,30.0,Depression,UNNAMED,2021
202175I,2021091400,22.0,83.6,30.0,Depression,UNNAMED,2021
202175I,2021091403,22.1,83.4,25.0,Depression,UNNAMED,2021
202175I,2021091406,22.4,83.0,25.0,Depression,UNNAMED,2021
202175I,2021091409,22.6,82.7,25.0,Depression,UNNAMED,2021
202175I,2021091412,22.7,82.5,25.0,Depression,UNNAMED,2021
202175I,2021091415,22.8,82.3,25.0,Depression,UNNAMED,2021
202175I,2021091418,23.0,82.0,25.0,Depression,UNNAMED,2021
202183I,2021092318,18.4,94.1,25.0,Depression,GULAB:SHAHEEN-GU,2021
202183I,2021092321,18.2,93.7,28.0,Depression,GULAB:SHAHEEN-GU,2021
202183I,2021092400,18.1,93.3,30.0,Depression,GULAB:SHAHEEN-GU,2021
202183I,2021092403,18.2,92.9,30.0,Depression,GULAB:SHAHEEN-GU,2021
202183I,2021092406,18.3,92.4,30.0,Depression,GULAB:SHAHEEN-GU,2021
202183I,2021092409,18.3,91.9,30.0,Depression,GULAB:SHAHEEN-GU,2021
202183I,2021092412,18.3,91.4,25.0,Depression,GULAB:SHAHEEN-GU,2021
202183I,2021092415,18.3,90.9,25.0,Depression,GULAB:SHAHEEN-GU,2021
202183I,2021092418,18.3,90.5,25.0,Depression,GULAB:SHAHEEN-GU,2021
202183I,2021092421,18.3,90.1,28.0,Depression,GULAB:SHAHEEN-GU,2021
202183I,2021092500,18.3,89.8,30.0,Depression,GULAB:SHAHEEN-GU,2021
202183I,2021092503,18.3,89.4,30.0,Depression,GULAB:SHAHEEN-GU,2021
202183I,2021092506,18.3,88.9,30.0,Depression,GULAB:SHAHEEN-GU,2021
202183I,2021092509,18.3,88.6,33.0,Depression,GULAB:SHAHEEN-GU,2021
202183I,2021092512,18.3,88.5,35.0,Cyclonic Storm,GULAB:SHAHEEN-GU,2021
202183I,2021092515,18.2,88.4,35.0,Cyclonic Storm,GULAB:SHAHEEN-GU,2021
202183I,2021092518,18.3,88.2,35.0,Cyclonic Storm,GULAB:SHAHEEN-GU,2021
202183I,2021092521,18.3,87.7,35.0,Cyclonic Storm,GULAB:SHAHEEN-GU,2021
202183I,2021092600,18.3,87.3,40.0,Cyclonic Storm,GULAB:SHAHEEN-GU,2021
202183I,2021092603,18.4,86.5,40.0,Cyclonic Storm,GULAB:SHAHEEN-GU,2021
202183I,2021092606,18.5,86.0,45.0,Cyclonic Storm,GULAB:SHAHEEN-GU,2021
202183I,2021092609,18.4,85.3,45.0,Cyclonic Storm,GULAB:SHAHEEN-GU,2021
202183I,2021092612,18.4,84.6,45.0,Cyclonic Storm,GULAB:SHAHEEN-GU,2021
202183I,2021092615,18.3,83.9,45.0,Cyclonic Storm,GULAB:SHAHEEN-GU,2021
202183I,2021092618,18.3,83.4,35.0,Cyclonic Storm,GULAB:SHAHEEN-GU,2021
202183I,2021092621,18.2,82.9,30.0,Depression,GULAB:SHAHEEN-GU,2021
202183I,2021092700,18.2,82.6,30.0,Depression,GULAB:SHAHEEN-GU,2021
202183I,2021092703,18.2,82.2,30.0,Depression,GULAB:SHAHEEN-GU,2021
202183I,2021092706,18.5,81.7,30.0,Depression,GULAB:SHAHEEN-GU,2021
202183I,2021092709,18.6,80.8,28.0,Depression,GULAB:SHAHEEN-GU,2021
202183I,2021092712,18.8,80.0,25.0,Depression,GULAB:SHAHEEN-GU,2021
202183I,2021092715,18.9,79.5,25.0,Depression,GULAB:SHAHEEN-GU,2021
202183I,2021092718,19.1,79.2,25.0,Depression,GULAB:SHAHEEN-GU,2021
202183I,2021092721,19.2,78.8,25.0,Depression,GULAB:SHAHEEN-GU,2021
202183I,2021092800,19.5,78.3,25.0,Depression,GULAB:SHAHEEN-GU,2021
202183I,2021092803,19.8,77.8,20.0,Depression,GULAB:SHAHEEN-GU,2021
202183I,2021092806,20.1,77.5,15.0,Depression,GULAB:SHAHEEN-GU,2021
202183I,2021092809,20.3,77.0,15.0,Depression,GULAB:SHAHEEN-GU,2021
202183I,2021092812,20.5,76.5,15.0,Depression,GULAB:SHAHEEN-GU,2021
202183I,2021092815,20.7,75.9,15.0,Depression,GULAB:SHAHEEN-GU,2021
202183I,2021092818,20.9,75.3,15.0,Depression,GULAB:SHAHEEN-GU,2021
202183I,2021092821,21.2,74.7,18.0,Depression,GULAB:SHAHEEN-GU,2021
202183I,2021092900,21.5,74.1,20.0,Depression,GULAB:SHAHEEN-GU,2021
202183I,2021092903,21.9,73.3,23.0,Depression,GULAB:SHAHEEN-GU,2021
202183I,2021092906,22.2,72.6,25.0,Depression,GULAB:SHAHEEN-GU,2021
202183I,2021092909,22.4,72.0,25.0,Depression,GULAB:SHAHEEN-GU,2021
202183I,2021092912,22.6,71.5,25.0,Depression,GULAB:SHAHEEN-GU,2021
202183I,2021092915,22.7,70.8,25.0,Depression,GULAB:SHAHEEN-GU,2021
202183I,2021092918,22.7,70.1,25.0,Depression,GULAB:SHAHEEN-GU,2021
202183I,2021092921,22.7,69.6,28.0,Depression,GULAB:SHAHEEN-GU,2021
202183I,2021093000,22.6,69.3,25.0,Depression,GULAB:SHAHEEN-GU,2021
202183I,2021093003,22.6,68.7,25.0,Depression,GULAB:SHAHEEN-GU,2021
202183I,2021093006,22.6,68.3,25.0,Depression,GULAB:SHAHEEN-GU,2021
202183I,2021093009,22.8,67.7,25.0,Depression,GULAB:SHAHEEN-GU,2021
202183I,2021093012,22.9,67.2,25.0,Depression,GULAB:SHAHEEN-GU,2021
202183I,2021093015,22.9,66.8,28.0,Depression,GULAB:SHAHEEN-GU,2021
202183I,2021093018,23.0,66.4,30.0,Depression,GULAB:SHAHEEN-GU,2021
202183I,2021093021,23.0,65.9,33.0,Depression,GULAB:SHAHEEN-GU,2021
202183I,2021100100,23.1,65.4,35.0,Cyclonic Storm,GULAB:SHAHEEN-GU,2021
202183I,2021100103,23.1,64.9,40.0,Cyclonic Storm,GULAB:SHAHEEN-GU,2021
202183I,2021100106,23.2,64.6,45.0,Cyclonic Storm,GULAB:SHAHEEN-GU,2021
202183I,2021100109,23.3,64.2,45.0,Cyclonic Storm,GULAB:SHAHEEN-GU,2021
202183I,2021100112,23.5,63.9,55.0,Severe Cyclonic Storm,GULAB:SHAHEEN-GU,2021
202183I,2021100115,23.6,63.5,55.0,Severe Cyclonic Storm,GULAB:SHAHEEN-GU,2021
202183I,2021100118,23.7,63.2,60.0,Severe Cyclonic Storm,GULAB:SHAHEEN-GU,2021
202183I,2021100121,23.8,62.8,60.0,Severe Cyclonic Storm,GULAB:SHAHEEN-GU,2021
202183I,2021100200,23.8,62.5,60.0,Severe Cyclonic Storm,GULAB:SHAHEEN-GU,2021
202183I,2021100203,24.0,62.1,60.0,Severe Cyclonic Storm,GULAB:SHAHEEN-GU,2021
202183I,2021100206,24.1,61.7,60.0,Severe Cyclonic Storm,GULAB:SHAHEEN-GU,2021
202183I,2021100209,24.2,61.3,60.0,Severe Cyclonic Storm,GULAB:SHAHEEN-GU,2021
202183I,2021100212,24.4,60.9,60.0,Severe Cyclonic Storm,GULAB:SHAHEEN-GU,2021
202183I,2021100215,24.4,60.5,60.0,Severe Cyclonic Storm,GULAB:SHAHEEN-GU,2021
202183I,2021100218,24.3,60.1,60.0,Severe Cyclonic Storm,GULAB:SHAHEEN-GU,2021
202183I,2021100221,24.3,59.7,60.0,Severe Cyclonic Storm,GULAB:SHAHEEN-GU,2021
202183I,2021100300,24.2,59.5,60.0,Severe Cyclonic Storm,GULAB:SHAHEEN-GU,2021
202183I,2021100303,24.1,59.1,60.0,Severe Cyclonic Storm,GULAB:SHAHEEN-GU,2021
202183I,2021100306,24.1,58.8,60.0,Severe Cyclonic Storm,GULAB:SHAHEEN-GU,2021
202183I,2021100309,24.1,58.4,60.0,Severe Cyclonic Storm,GULAB:SHAHEEN-GU,2021
202183I,2021100312,24.0,58.1,60.0,Severe Cyclonic Storm,GULAB:SHAHEEN-GU,2021
202183I,2021100315,24.0,57.8,60.0,Severe Cyclonic Storm,GULAB:SHAHEEN-GU,2021
202183I,2021100318,23.9,57.6,55.0,Severe Cyclonic Storm,GULAB:SHAHEEN-GU,2021
202183I,2021100321,23.8,57.3,55.0,Severe Cyclonic Storm,GULAB:SHAHEEN-GU,2021
202183I,2021100400,23.7,56.9,40.0,Cyclonic Storm,GULAB:SHAHEEN-GU,2021
202183I,2021100403,23.5,56.5,30.0,Depression,GULAB:SHAHEEN-GU,2021
202183I,2021100406,23.4,56.1,20.0,Depression,GULAB:SHAHEEN-GU,2021
202187I,2021100703,14.0,67.5,25.0,Depression,UNNAMED,2021
202187I,2021100706,14.2,67.2,25.0,Depression,UNNAMED,2021
202187I,2021100709,14.3,67.1,25.0,Depression,UNNAMED,2021
202187I,2021100712,14.3,67.0,25.0,Depression,UNNAMED,2021
202187I,2021100715,14.4,66.9,25.0,Depression,UNNAMED,2021
202187I,2021100718,14.5,66.8,25.0,Depression,UNNAMED,2021
202187I,2021100721,14.5,66.7,25.0,Depression,UNNAMED,2021
202187I,2021100800,14.6,66.6,25.0,Depression,UNNAMED,2021
202187I,2021100803,14.7,66.4,25.0,Depression,UNNAMED,2021
202187I,2021100806,14.7,66.2,25.0,Depression,UNNAMED,2021
202187I,2021100809,14.7,66.0,25.0,Depression,UNNAMED,2021
202187I,2021100812,14.6,65.9,25.0,Depression,UNNAMED,2021
202187I,2021100815,14.5,65.8,25.0,Depression,UNNAMED,2021
202187I,2021100818,14.5,65.8,25.0,Depression,UNNAMED,2021
202197I,2021110806,7.4,90.1,15.0,Depression,UNNAMED,2021
202197I,2021110809,7.7,89.8,15.0,Depression,UNNAMED,2021
202197I,2021110812,8.0,89.4,15.0,Depression,UNNAMED,2021
202197I,2021110815,8.1,89.0,15.0,Depression,UNNAMED,2021
202197I,2021110818,8.2,88.6,15.0,Depression,UNNAMED,2021
202197I,2021110821,8.4,88.2,15.0,Depression,UNNAMED,2021
202197I,2021110900,8.5,87.9,15.0,Depression,UNNAMED,2021
202197I,2021110903,8.6,87.8,15.0,Depression,UNNAMED,2021
202197I,2021110906,8.7,87.8,15.0,Depression,UNNAMED,2021
202197I,2021110909,8.8,87.7,18.0,Depression,UNNAMED,2021
202197I,2021110912,9.0,87.5,20.0,Depression,UNNAMED,2021
202197I,2021110915,9.3,87.3,20.0,Depression,UNNAMED,2021
202197I,2021110918,9.6,86.9,20.0,Depression,UNNAMED,2021
202197I,2021110921,9.8,86.5,20.0,Depression,UNNAMED,2021
202197I,2021111000,9.9,85.9,20.0,Depression,UNNAMED,2021
202197I,2021111003,10.1,85.1,20.0,Depression,UNNAMED,2021
202197I,2021111006,10.3,84.2,20.0,Depression,UNNAMED,2021
202197I,2021111009,10.5,83.5,23.0,Depression,UNNAMED,2021
202197I,2021111012,10.8,83.1,25.0,Depression,UNNAMED,2021
202197I,2021111015,11.4,82.6,25.0,Depression,UNNAMED,2021
202197I,2021111018,11.9,82.1,25.0,Depression,UNNAMED,2021
202197I,2021111021,12.1,81.8,25.0,Depression,UNNAMED,2021
202197I,2021111100,12.3,81.6,25.0,Depression,UNNAMED,2021
202197I,2021111103,12.5,81.2,25.0,Depression,UNNAMED,2021
202197I,2021111106,12.8,80.8,25.0,Depression,UNNAMED,2021
202197I,2021111109,12.9,80.4,25.0,Depression,UNNAMED,2021
202197I,2021111112,13.0,80.1,25.0,Depression,UNNAMED,2021
202197I,2021111115,12.9,79.4,23.0,Depression,UNNAMED,2021
202197I,2021111118,12.9,78.5,20.0,Depression,UNNAMED,2021
202198I,2021111803,11.0,82.3,25.0,Depression,UNNAMED,2021
202198I,2021111806,11.2,81.7,25.0,Depression,UNNAMED,2021
202198I,2021111809,11.5,81.2,25.0,Depression,UNNAMED,2021
202198I,2021111812,11.8,80.9,25.0,Depression,UNNAMED,2021
202198I,2021111815,12.0,80.7,25.0,Depression,UNNAMED,2021
202198I,2021111818,12.2,80.5,25.0,Depression,UNNAMED,2021
202198I,2021111821,12.3,80.3,25.0,Depression,UNNAMED,2021
202198I,2021111900,12.5,80.0,25.0,Depression,UNNAMED,2021
202198I,2021111903,12.7,79.7,20.0,Depression,UNNAMED,2021
2022107I,2022112000,10.0,85.5,25.0,Depression,UNNAMED,2022
2022107I,2022112003,10.0,85.5,25.0,Depression,UNNAMED,2022
2022107I,2022112006,10.3,85.3,25.0,Depression,UNNAMED,2022
2022107I,2022112009,10.6,85.1,25.0,Depression,UNNAMED,2022
2022107I,2022112012,10.9,85.0,25.0,Depression,UNNAMED,2022
2022107I,2022112015,11.2,84.8,25.0,Depression,UNNAMED,2022
2022107I,2022112018,11.4,84.6,25.0,Depression,UNNAMED,2022
2022107I,2022112021,11.7,84.4,25.0,Depression,UNNAMED,2022
2022107I,2022112100,11.9,84.2,25.0,Depression,UNNAMED,2022
2022107I,2022112103,12.1,84.0,25.0,Depression,UNNAMED,2022
2022107I,2022112106,12.6,83.4,25.0,Depression,UNNAMED,2022
2022107I,2022112109,12.8,82.6,25.0,Depression,UNNAMED,2022
2022107I,2022112112,12.9,82.0,25.0,Depression,UNNAMED,2022
2022107I,2022112115,13.0,81.8,25.0,Depression,UNNAMED,2022
2022107I,2022112118,13.0,81.7,25.0,Depression,UNNAMED,2022
2022107I,2022112121,13.0,81.6,25.0,Depression,UNNAMED,2022
2022107I,2022112200,13.1,81.4,25.0,Depression,UNNAMED,2022
2022108I,2022120400,5.3,99.7,15.0,Depression,MANDOUS,2022
2022108I,2022120403,5.5,99.4,15.0,Depression,MANDOUS,2022
2022108I,2022120406,5.7,99.0,15.0,Depression,MANDOUS,2022
2022108I,2022120409,5.9,98.5,18.0,Depression,MANDOUS,2022
2022108I,2022120412,6.1,98.1,20.0,Depression,MANDOUS,2022
2022108I,2022120415,6.3,97.9,20.0,Depression,MANDOUS,2022
2022108I,2022120418,6.6,97.7,20.0,Depression,MANDOUS,2022
2022108I,2022120421,6.9,97.5,20.0,Depression,MANDOUS,2022
2022108I,2022120500,7.2,97.2,20.0,Depression,MANDOUS,2022
2022108I,2022120503,7.3,96.5,20.0,Depression,MANDOUS,2022
2022108I,2022120506,7.3,95.7,20.0,Depression,MANDOUS,2022
2022108I,2022120509,7.4,95.0,18.0,Depression,MANDOUS,2022
2022108I,2022120512,7.5,94.1,15.0,Depression,MANDOUS,2022
2022108I,2022120515,7.8,92.8,18.0,Depression,MANDOUS,2022
2022108I,2022120518,8.0,91.6,20.0,Depression,MANDOUS,2022
2022108I,2022120521,8.0,90.8,23.0,Depression,MANDOUS,2022
2022108I,2022120600,8.0,90.2,25.0,Depression,MANDOUS,2022
2022108I,2022120603,8.0,89.5,28.0,Depression,MANDOUS,2022
2022108I,2022120606,8.1,88.7,30.0,Depression,MANDOUS,2022
2022108I,2022120609,8.3,87.8,33.0,Depression,MANDOUS,2022
2022108I,2022120612,8.4,87.2,25.0,Depression,MANDOUS,2022
2022108I,2022120615,8.4,86.9,25.0,Depression,MANDOUS,2022
2022108I,2022120618,8.5,86.7,25.0,Depression,MANDOUS,2022
2022108I,2022120621,8.5,86.5,28.0,Depression,MANDOUS,2022
2022108I,2022120700,8.6,86.3,30.0,Depression,MANDOUS,2022
2022108I,2022120703,8.7,85.9,30.0,Depression,MANDOUS,2022
2022108I,2022120706,8.8,85.7,30.0,Depression,MANDOUS,2022
2022108I,2022120709,8.8,85.4,30.0,Depression,MANDOUS,2022
2022108I,2022120712,9.0,85.1,30.0,Depression,MANDOUS,2022
2022108I,2022120715,9.1,84.9,33.0,Depression,MANDOUS,2022
2022108I,2022120718,9.2,84.7,35.0,Cyclonic Storm,MANDOUS,2022
2022108I,2022120721,9.3,84.5,35.0,Cyclonic Storm,MANDOUS,2022
2022108I,2022120800,9.4,84.3,40.0,Cyclonic Storm,MANDOUS,2022
2022108I,2022120803,9.5,84.0,40.0,Cyclonic Storm,MANDOUS,2022
2022108I,2022120806,9.8,83.6,45.0,Cyclonic Storm,MANDOUS,2022
2022108I,2022120809,9.9,83.2,45.0,Cyclonic Storm,MANDOUS,2022
2022108I,2022120812,10.2,82.9,50.0,Severe Cyclonic Storm,MANDOUS,2022
2022108I,2022120815,10.4,82.5,50.0,Severe Cyclonic Storm,MANDOUS,2022
2022108I,2022120818,10.6,82.2,50.0,Severe Cyclonic Storm,MANDOUS,2022
2022108I,2022120821,10.7,82.0,50.0,Severe Cyclonic Storm,MANDOUS,2022
2022108I,2022120900,11.0,81.8,50.0,Severe Cyclonic Storm,MANDOUS,2022
2022108I,2022120903,11.1,81.6,45.0,Cyclonic Storm,MANDOUS,2022
2022108I,2022120906,11.4,81.4,45.0,Cyclonic Storm,MANDOUS,2022
2022108I,2022120909,11.7,81.2,45.0,Cyclonic Storm,MANDOUS,2022
2022108I,2022120912,12.0,81.0,40.0,Cyclonic Storm,MANDOUS,2022
2022108I,2022120915,12.3,80.7,40.0,Cyclonic Storm,MANDOUS,2022
2022108I,2022120918,12.6,80.4,35.0,Cyclonic Storm,MANDOUS,2022
2022108I,2022120921,12.8,80.1,35.0,Cyclonic Storm,MANDOUS,2022
2022108I,2022121000,12.8,79.8,30.0,Depression,MANDOUS,2022
2022108I,2022121003,12.8,79.6,30.0,Depression,MANDOUS,2022
2022108I,2022121006,12.9,79.4,25.0,Depression,MANDOUS,2022
2022108I,2022121009,12.9,79.1,20.0,Depression,MANDOUS,2022
2022108I,2022121012,12.9,78.8,15.0,Depression,MANDOUS,2022
2022111I,2022121212,12.0,74.2,15.0,Depression,UNNAMED,2022
2022111I,2022121215,12.1,73.9,18.0,Depression,UNNAMED,2022
2022111I,2022121218,12.3,73.6,20.0,Depression,UNNAMED,2022
2022111I,2022121221,12.5,73.3,23.0,Depression,UNNAMED,2022
2022111I,2022121300,12.6,73.1,25.0,Depression,UNNAMED,2022
2022111I,2022121303,12.7,72.8,28.0,Depression,UNNAMED,2022
2022111I,2022121306,12.8,72.6,30.0,Depression,UNNAMED,2022
2022111I,2022121309,12.9,72.4,33.0,Depression,UNNAMED,2022
2022111I,2022121312,13.0,72.1,35.0,Cyclonic Storm,UNNAMED,2022
2022111I,2022121315,13.1,71.8,35.0,Cyclonic Storm,UNNAMED,2022
2022111I,2022121318,13.2,71.5,35.0,Cyclonic Storm,UNNAMED,2022
2022111I,2022121321,13.2,71.2,43.0,Cyclonic Storm,UNNAMED,2022
2022111I,2022121400,13.3,70.8,50.0,Severe Cyclonic Storm,UNNAMED,2022
2022111I,2022121403,13.4,70.4,50.0,Severe Cyclonic Storm,UNNAMED,2022
2022111I,2022121406,13.5,70.0,50.0,Severe Cyclonic Storm,UNNAMED,2022
2022111I,2022121409,13.6,69.6,25.0,Depression,UNNAMED,2022
2022111I,2022121412,13.7,69.3,25.0,Depression,UNNAMED,2022
2022111I,2022121415,13.7,68.9,25.0,Depression,UNNAMED,2022
2022111I,2022121418,13.8,68.6,25.0,Depression,UNNAMED,2022
2022111I,2022121421,13.8,68.4,28.0,Depression,UNNAMED,2022
2022111I,2022121500,13.9,68.1,30.0,Depression,UNNAMED,2022
2022111I,2022121503,13.9,67.7,30.0,Depression,UNNAMED,2022
2022111I,2022121506,13.9,67.4,30.0,Depression,UNNAMED,2022
2022111I,2022121509,14.0,67.0,30.0,Depression,UNNAMED,2022
2022111I,2022121512,14.1,66.7,30.0,Depression,UNNAMED,2022
2022111I,2022121515,14.0,66.2,30.0,Depression,UNNAMED,2022
2022111I,2022121518,13.9,65.7,30.0,Depression,UNNAMED,2022
2022111I,2022121521,13.9,65.4,30.0,Depression,UNNAMED,2022
2022111I,2022121600,13.9,65.1,30.0,Depression,UNNAMED,2022
2022111I,2022121603,13.9,64.7,30.0,Depression,UNNAMED,2022
2022111I,2022121606,13.9,64.3,30.0,Depression,UNNAMED,2022
2022111I,2022121609,14.0,63.9,28.0,Depression,UNNAMED,2022
2022111I,2022121612,14.1,63.6,25.0,Depression,UNNAMED,2022
2022111I,2022121615,14.1,63.2,25.0,Depression,UNNAMED,2022
2022111I,2022121618,14.1,62.9,25.0,Depression,UNNAMED,2022
2022111I,2022121621,14.1,62.6,25.0,Depression,UNNAMED,2022
2022111I,2022121700,14.0,62.3,25.0,Depression,UNNAMED,2022
2022111I,2022121703,14.0,62.0,25.0,Depression,UNNAMED,2022
2022111I,2022121706,13.9,61.6,25.0,Depression,UNNAMED,2022
2022111I,2022121709,13.8,61.3,25.0,Depression,UNNAMED,2022
2022111I,2022121712,13.7,60.9,25.0,Depression,UNNAMED,2022
2022111I,2022121715,13.6,60.3,25.0,Depression,UNNAMED,2022
2022111I,2022121718,13.6,59.7,25.0,Depression,UNNAMED,2022
2022111I,2022121721,13.5,59.1,25.0,Depression,UNNAMED,2022
2022111I,2022121800,13.5,58.6,25.0,Depression,UNNAMED,2022
2022111I,2022121803,13.5,58.1,25.0,Depression,UNNAMED,2022
2022111I,2022121806,13.4,57.5,25.0,Depression,UNNAMED,2022
2022111I,2022121809,13.3,56.9,25.0,Depression,UNNAMED,2022
2022111I,2022121812,13.1,56.4,25.0,Depression,UNNAMED,2022
2022111I,2022121815,12.6,56.0,25.0,Depression,UNNAMED,2022
2022111I,2022121818,12.0,55.8,25.0,Depression,UNNAMED,2022
2022111I,2022121821,11.7,55.6,23.0,Depression,UNNAMED,2022
2022111I,2022121900,11.6,55.4,20.0,Depression,UNNAMED,2022
2022113I,2022122203,9.0,85.0,25.0,Depression,UNNAMED,2022
2022113I,2022122206,9.5,84.8,25.0,Depression,UNNAMED,2022
2022113I,2022122209,9.7,84.6,25.0,Depression,UNNAMED,2022
2022113I,2022122212,9.8,84.5,25.0,Depression,UNNAMED,2022
2022113I,2022122215,10.0,84.3,25.0,Depression,UNNAMED,2022
2022113I,2022122218,10.1,84.2,25.0,Depression,UNNAMED,2022
2022113I,2022122221,10.1,84.2,25.0,Depression,UNNAMED,2022
2022113I,2022122300,10.1,84.2,25.0,Depression,UNNAMED,2022
2022113I,2022122303,10.1,84.2,25.0,Depression,UNNAMED,2022
2022113I,2022122306,10.4,84.8,25.0,Depression,UNNAMED,2022
2022113I,2022122309,10.6,85.2,25.0,Depression,UNNAMED,2022
2022113I,2022122312,10.6,85.4,25.0,Depression,UNNAMED,2022
2022113I,2022122315,10.5,85.5,25.0,Depression,UNNAMED,2022
2022113I,2022122318,10.4,85.3,25.0,Depression,UNNAMED,2022
2022113I,2022122321,10.6,84.9,25.0,Depression,UNNAMED,2022
2022113I,2022122400,10.8,84.5,25.0,Depression,UNNAMED,2022
2022113I,2022122403,10.7,84.2,25.0,Depression,UNNAMED,2022
2022113I,2022122406,10.4,83.7,25.0,Depression,UNNAMED,2022
2022113I,2022122409,10.0,83.3,25.0,Depression,UNNAMED,2022
2022113I,2022122412,9.7,83.0,25.0,Depression,UNNAMED,2022
2022113I,2022122415,9.5,82.7,25.0,Depression,UNNAMED,2022
2022113I,2022122418,9.3,82.5,25.0,Depression,UNNAMED,2022
2022113I,2022122421,9.2,82.3,25.0,Depression,UNNAMED,2022
2022113I,2022122500,9.0,82.2,25.0,Depression,UNNAMED,2022
2022113I,2022122503,8.8,82.0,25.0,Depression,UNNAMED,2022
2022113I,2022122506,8.5,81.6,25.0,Depression,UNNAMED,2022
202216I,2022030300,6.5,84.9,25.0,Depression,UNNAMED,2022
202216I,2022030303,6.5,84.4,25.0,Depression,UNNAMED,2022
202216I,2022030306,6.8,84.0,25.0,Depression,UNNAMED,2022
202216I,2022030309,7.2,83.8,25.0,Depression,UNNAMED,2022
202216I,2022030312,7.7,83.7,25.0,Depression,UNNAMED,2022
202216I,2022030315,8.0,83.5,25.0,Depression,UNNAMED,2022
202216I,2022030318,8.2,83.4,25.0,Depression,UNNAMED,2022
202216I,2022030321,8.4,83.2,25.0,Depression,UNNAMED,2022
202216I,2022030400,8.7,83.2,25.0,Depression,UNNAMED,2022
202216I,2022030403,9.1,83.1,25.0,Depression,UNNAMED,2022
202216I,2022030406,9.5,83.1,25.0,Depression,UNNAMED,2022
202216I,2022030409,9.9,83.1,28.0,Depression,UNNAMED,2022
202216I,2022030412,10.3,83.2,30.0,Depression,UNNAMED,2022
202216I,2022030415,10.6,83.3,30.0,Depression,UNNAMED,2022
202216I,2022030418,10.9,83.4,30.0,Depression,UNNAMED,2022
202216I,2022030421,11.1,83.3,30.0,Depression,UNNAMED,2022
202216I,2022030500,11.3,83.3,30.0,Depression,UNNAMED,2022
202216I,2022030503,11.5,83.2,30.0,Depression,UNNAMED,2022
202216I,2022030506,11.6,83.1,30.0,Depression,UNNAMED,2022
202216I,2022030509,11.6,83.1,30.0,Depression,UNNAMED,2022
202216I,2022030512,11.5,83.0,30.0,Depression,UNNAMED,2022
202216I,2022030515,11.4,82.8,28.0,Depression,UNNAMED,2022
202216I,2022030518,11.3,82.7,25.0,Depression,UNNAMED,2022
202216I,2022030521,11.1,82.6,25.0,Depression,UNNAMED,2022
202216I,2022030600,11.0,82.4,25.0,Depression,UNNAMED,2022
202216I,2022030603,10.9,82.1,25.0,Depression,UNNAMED,2022
202216I,2022030606,10.9,81.8,25.0,Depression,UNNAMED,2022
202216I,2022030609,10.9,81.4,23.0,Depression,UNNAMED,2022
202216I,2022030612,10.8,81.0,20.0,Depression,UNNAMED,2022
202216I,2022030615,10.8,80.6,20.0,Depression,UNNAMED,2022
202216I,2022030618,10.7,80.3,20.0,Depression,UNNAMED,2022
202220I,2022032000,9.8,92.5,25.0,Depression,UNNAMED,2022
202220I,2022032003,10.1,92.6,25.0,Depression,UNNAMED,2022
202220I,2022032006,10.4,92.9,25.0,Depression,UNNAMED,2022
202220I,2022032009,10.7,93.1,25.0,Depression,UNNAMED,2022
202220I,2022032012,10.9,93.2,25.0,Depression,UNNAMED,2022
202220I,2022032015,11.1,93.3,25.0,Depression,UNNAMED,2022
202220I,2022032018,11.3,93.4,25.0,Depression,UNNAMED,2022
202220I,2022032021,11.6,93.6,28.0,Depression,UNNAMED,2022
202220I,2022032100,11.9,93.7,30.0,Depression,UNNAMED,2022
202220I,2022032103,12.3,93.8,30.0,Depression,UNNAMED,2022
202220I,2022032106,12.6,93.9,30.0,Depression,UNNAMED,2022
202220I,2022032109,12.9,94.0,30.0,Depression,UNNAMED,2022
202220I,2022032112,13.3,94.0,30.0,Depression,UNNAMED,2022
202220I,2022032115,13.6,94.0,30.0,Depression,UNNAMED,2022
202220I,2022032118,14.0,94.0,30.0,Depression,UNNAMED,2022
202220I,2022032121,14.5,94.1,30.0,Depression,UNNAMED,2022
202220I,2022032200,14.9,94.2,30.0,Depression,UNNAMED,2022
202220I,2022032203,15.2,94.2,30.0,Depression,UNNAMED,2022
202220I,2022032206,15.8,94.2,30.0,Depression,UNNAMED,2022
202220I,2022032209,16.3,94.3,30.0,Depression,UNNAMED,2022
202220I,2022032212,16.6,94.4,25.0,Depression,UNNAMED,2022
202220I,2022032215,17.0,94.5,25.0,Depression,UNNAMED,2022
202220I,2022032218,17.6,94.5,25.0,Depression,UNNAMED,2022
202220I,2022032221,18.3,94.5,23.0,Depression,UNNAMED,2022
202220I,2022032300,19.0,94.6,20.0,Depression,UNNAMED,2022
202231I,2022050512,7.1,94.5,15.0,Depression,ASANI,2022
202231I,2022050515,7.2,94.2,15.0,Depression,ASANI,2022
202231I,2022050518,7.4,94.0,15.0,Depression,ASANI,2022
202231I,2022050521,7.6,93.8,18.0,Depression,ASANI,2022
202231I,2022050600,7.7,93.6,20.0,Depression,ASANI,2022
202231I,2022050603,7.8,93.4,20.0,Depression,ASANI,2022
202231I,2022050606,7.9,93.3,20.0,Depression,ASANI,2022
202231I,2022050609,8.0,93.1,23.0,Depression,ASANI,2022
202231I,2022050612,8.2,92.9,25.0,Depression,ASANI,2022
202231I,2022050615,8.3,92.7,28.0,Depression,ASANI,2022
202231I,2022050618,8.5,92.4,30.0,Depression,ASANI,2022
202231I,2022050621,8.9,91.9,33.0,Depression,ASANI,2022
202231I,2022050700,9.2,91.5,35.0,Cyclonic Storm,ASANI,2022
202231I,2022050703,9.3,91.3,38.0,Cyclonic Storm,ASANI,2022
202231I,2022050706,9.4,91.2,25.0,Depression,ASANI,2022
202231I,2022050709,9.7,90.8,28.0,Depression,ASANI,2022
202231I,2022050712,10.1,90.5,30.0,Depression,ASANI,2022
202231I,2022050715,10.4,90.2,30.0,Depression,ASANI,2022
202231I,2022050718,10.7,90.0,30.0,Depression,ASANI,2022
202231I,2022050721,10.9,89.6,33.0,Depression,ASANI,2022
202231I,2022050800,11.2,89.3,35.0,Cyclonic Storm,ASANI,2022
202231I,2022050803,11.5,88.9,40.0,Cyclonic Storm,ASANI,2022
202231I,2022050806,11.9,88.6,45.0,Cyclonic Storm,ASANI,2022
202231I,2022050809,12.1,88.2,45.0,Cyclonic Storm,ASANI,2022
202231I,2022050812,12.5,88.0,50.0,Severe Cyclonic Storm,ASANI,2022
202231I,2022050815,12.8,87.6,50.0,Severe Cyclonic Storm,ASANI,2022
202231I,2022050818,13.1,87.4,55.0,Severe Cyclonic Storm,ASANI,2022
202231I,2022050821,13.5,86.9,55.0,Severe Cyclonic Storm,ASANI,2022
202231I,2022050900,13.8,86.5,55.0,Severe Cyclonic Storm,ASANI,2022
202231I,2022050903,14.0,86.2,55.0,Severe Cyclonic Storm,ASANI,2022
202231I,2022050906,14.3,85.9,55.0,Severe Cyclonic Storm,ASANI,2022
202231I,2022050909,14.4,85.6,55.0,Severe Cyclonic Storm,ASANI,2022
202231I,2022050912,14.6,85.3,55.0,Severe Cyclonic Storm,ASANI,2022
202231I,2022050915,14.7,85.0,55.0,Severe Cyclonic Storm,ASANI,2022
202231I,2022050918,14.8,84.7,55.0,Severe Cyclonic Storm,ASANI,2022
202231I,2022050921,14.9,84.4,55.0,Severe Cyclonic Storm,ASANI,2022
202231I,2022051000,15.0,84.1,55.0,Severe Cyclonic Storm,ASANI,2022
202231I,2022051003,15.1,83.6,55.0,Severe Cyclonic Storm,ASANI,2022
202231I,2022051006,15.2,83.3,55.0,Severe Cyclonic Storm,ASANI,2022
202231I,2022051009,15.2,82.9,55.0,Severe Cyclonic Storm,ASANI,2022
202231I,2022051012,15.4,82.6,50.0,Severe Cyclonic Storm,ASANI,2022
202231I,2022051015,15.4,82.2,50.0,Severe Cyclonic Storm,ASANI,2022
202231I,2022051018,15.6,82.0,50.0,Severe Cyclonic Storm,ASANI,2022
202231I,2022051021,15.7,81.8,45.0,Cyclonic Storm,ASANI,2022
202231I,2022051100,15.8,81.7,45.0,Cyclonic Storm,ASANI,2022
202231I,2022051103,15.9,81.6,45.0,Cyclonic Storm,ASANI,2022
202231I,2022051106,16.0,81.5,40.0,Cyclonic Storm,ASANI,2022
202231I,2022051109,16.0,81.4,40.0,Cyclonic Storm,ASANI,2022
202231I,2022051112,16.1,81.3,30.0,Depression,ASANI,2022
202231I,2022051115,16.0,81.1,30.0,Depression,ASANI,2022
202231I,2022051118,15.9,80.9,30.0,Depression,ASANI,2022
202231I,2022051121,15.8,80.6,28.0,Depression,ASANI,2022
202231I,2022051200,15.6,80.4,25.0,Depression,ASANI,2022
202231I,2022051203,15.2,80.2,23.0,Depression,ASANI,2022
202231I,2022051206,15.1,80.1,20.0,Depression,ASANI,2022
202231I,2022051209,15.0,80.1,20.0,Depression,ASANI,2022
202231I,2022051212,15.0,80.2,20.0,Depression,ASANI,2022
202231I,2022051215,14.8,80.2,20.0,Depression,ASANI,2022
202231I,2022051218,14.7,80.3,20.0,Depression,ASANI,2022
202231I,2022051221,14.7,80.6,20.0,Depression,ASANI,2022
202231I,2022051300,14.7,81.0,20.0,Depression,ASANI,2022
202231I,2022051303,14.7,81.3,20.0,Depression,ASANI,2022
202231I,2022051306,14.8,81.5,20.0,Depression,ASANI,2022
202234I,2022052003,16.3,97.3,25.0,Depression,UNNAMED,2022
202234I,2022052006,16.4,97.4,25.0,Depression,UNNAMED,2022
202234I,2022052009,16.8,97.6,25.0,Depression,UNNAMED,2022
202234I,2022052012,17.1,97.8,25.0,Depression,UNNAMED,2022
202234I,2022052015,17.3,97.9,25.0,Depression,UNNAMED,2022
202234I,2022052018,17.4,98.0,25.0,Depression,UNNAMED,2022
202245I,2022071603,21.6,69.0,25.0,Depression,UNNAMED,2022
202245I,2022071606,21.9,68.9,25.0,Depression,UNNAMED,2022
202245I,2022071609,22.0,68.8,25.0,Depression,UNNAMED,2022
202245I,2022071612,22.1,68.8,25.0,Depression,UNNAMED,2022
202245I,2022071615,22.3,68.8,25.0,Depression,UNNAMED,2022
202245I,2022071618,22.6,68.7,25.0,Depression,UNNAMED,2022
202245I,2022071621,22.7,68.6,25.0,Depression,UNNAMED,2022
202245I,2022071700,22.8,68.5,25.0,Depression,UNNAMED,2022
202245I,2022071703,23.0,68.2,25.0,Depression,UNNAMED,2022
202245I,2022071706,23.2,67.8,25.0,Depression,UNNAMED,2022
202245I,2022071709,23.3,67.6,25.0,Depression,UNNAMED,2022
202245I,2022071712,23.4,67.4,25.0,Depression,UNNAMED,2022
202245I,2022071715,23.4,66.9,23.0,Depression,UNNAMED,2022
202245I,2022071718,23.4,66.3,20.0,Depression,UNNAMED,2022
202254I,2022080903,20.8,85.6,25.0,Depression,UNNAMED,2022
202254I,2022080906,20.8,85.3,25.0,Depression,UNNAMED,2022
202254I,2022080909,21.0,84.8,25.0,Depression,UNNAMED,2022
202254I,2022080912,21.2,84.2,25.0,Depression,UNNAMED,2022
202254I,2022080915,21.4,83.7,23.0,Depression,UNNAMED,2022
202254I,2022080918,21.5,83.3,20.0,Depression,UNNAMED,2022
202256I,2022081118,22.1,67.2,20.0,Depression,UNNAMED,2022
202256I,2022081121,22.0,66.9,25.0,Depression,UNNAMED,2022
202256I,2022081200,21.8,66.6,30.0,Depression,UNNAMED,2022
202256I,2022081203,21.8,66.4,25.0,Depression,UNNAMED,2022
202256I,2022081206,21.9,66.1,25.0,Depression,UNNAMED,2022
202256I,2022081209,22.0,65.6,25.0,Depression,UNNAMED,2022
202256I,2022081212,22.1,65.2,25.0,Depression,UNNAMED,2022
202256I,2022081215,22.2,64.9,25.0,Depression,UNNAMED,2022
202256I,2022081218,22.3,64.6,25.0,Depression,UNNAMED,2022
202256I,2022081221,22.2,64.2,25.0,Depression,UNNAMED,2022
202256I,2022081300,22.0,63.9,25.0,Depression,UNNAMED,2022
202256I,2022081303,21.8,63.6,25.0,Depression,UNNAMED,2022
202256I,2022081306,21.6,63.6,20.0,Depression,UNNAMED,2022
202256I,2022081309,21.5,64.0,30.0,Depression,UNNAMED,2022
202256I,2022081312,21.6,64.7,30.0,Depression,UNNAMED,2022
202256I,2022081315,21.8,65.4,28.0,Depression,UNNAMED,2022
202256I,2022081318,22.2,66.1,25.0,Depression,UNNAMED,2022
202256I,2022081321,22.6,66.4,23.0,Depression,UNNAMED,2022
202256I,2022081400,23.1,66.6,20.0,Depression,UNNAMED,2022
202256I,2022081403,23.5,66.8,20.0,Depression,UNNAMED,2022
202258I,2022081403,21.7,87.8,25.0,Depression,UNNAMED,2022
202258I,2022081406,21.8,87.5,25.0,Depression,UNNAMED,2022
202258I,2022081409,22.0,86.9,25.0,Depression,UNNAMED,2022
202258I,2022081412,22.1,86.0,25.0,Depression,UNNAMED,2022
202258I,2022081415,22.2,85.0,25.0,Depression,UNNAMED,2022
202258I,2022081418,22.2,84.0,25.0,Depression,UNNAMED,2022
202258I,2022081421,22.3,83.4,25.0,Depression,UNNAMED,2022
202258I,2022081500,22.4,82.8,25.0,Depression,UNNAMED,2022
202258I,2022081503,22.6,82.0,25.0,Depression,UNNAMED,2022
202258I,2022081506,22.8,81.1,25.0,Depression,UNNAMED,2022
202258I,2022081509,23.1,80.4,25.0,Depression,UNNAMED,2022
202258I,2022081512,23.3,79.8,25.0,Depression,UNNAMED,2022
202258I,2022081515,23.4,79.4,25.0,Depression,UNNAMED,2022
202258I,2022081518,23.6,79.0,25.0,Depression,UNNAMED,2022
202258I,2022081521,23.9,78.4,25.0,Depression,UNNAMED,2022
202258I,2022081600,24.3,77.6,25.0,Depression,UNNAMED,2022
202258I,2022081603,24.7,76.5,25.0,Depression,UNNAMED,2022
202258I,2022081606,24.9,76.1,20.0,Depression,UNNAMED,2022
202259I,2022081712,18.0,95.0,30.0,Depression,UNNAMED,2022
202259I,2022081715,18.3,94.5,30.0,Depression,UNNAMED,2022
202259I,2022081718,18.5,94.1,30.0,Depression,UNNAMED,2022
202259I,2022081721,18.7,93.7,30.0,Depression,UNNAMED,2022
202259I,2022081800,18.9,93.2,30.0,Depression,UNNAMED,2022
202259I,2022081803,19.2,92.7,33.0,Depression,UNNAMED,2022
202259I,2022081806,19.5,92.2,35.0,Cyclonic Storm,UNNAMED,2022
202259I,2022081809,19.9,91.4,35.0,Cyclonic Storm,UNNAMED,2022
202259I,2022081812,20.2,90.7,35.0,Cyclonic Storm,UNNAMED,2022
202259I,2022081815,20.3,90.5,35.0,Cyclonic Storm,UNNAMED,2022
202259I,2022081818,20.4,90.3,35.0,Cyclonic Storm,UNNAMED,2022
202259I,2022081821,20.7,89.8,38.0,Cyclonic Storm,UNNAMED,2022
202259I,2022081900,20.9,89.4,25.0,Depression,UNNAMED,2022
202259I,2022081903,21.0,89.2,25.0,Depression,UNNAMED,2022
202259I,2022081906,21.2,88.9,30.0,Depression,UNNAMED,2022
202259I,2022081909,21.4,88.6,30.0,Depression,UNNAMED,2022
202259I,2022081912,21.6,88.1,30.0,Depression,UNNAMED,2022
202259I,2022081915,21.9,87.6,30.0,Depression,UNNAMED,2022
202259I,2022081918,22.2,87.0,30.0,Depression,UNNAMED,2022
202259I,2022081921,22.4,86.4,30.0,Depression,UNNAMED,2022
202259I,2022082000,22.6,85.9,30.0,Depression,UNNAMED,2022
202259I,2022082003,22.7,85.4,30.0,Depression,UNNAMED,2022
202259I,2022082006,22.9,84.7,30.0,Depression,UNNAMED,2022
202259I,2022082009,23.1,84.1,30.0,Depression,UNNAMED,2022
202259I,2022082012,23.3,83.6,30.0,Depression,UNNAMED,2022
202259I,2022082015,23.4,83.2,30.0,Depression,UNNAMED,2022
202259I,2022082018,23.5,82.9,30.0,Depression,UNNAMED,2022
202259I,2022082021,23.6,82.6,28.0,Depression,UNNAMED,2022
202259I,2022082100,23.7,82.2,25.0,Depression,UNNAMED,2022
202259I,2022082103,23.8,81.7,25.0,Depression,UNNAMED,2022
202259I,2022082106,24.0,81.2,25.0,Depression,UNNAMED,2022
202259I,2022082109,24.1,80.8,25.0,Depression,UNNAMED,2022
202259I,2022082112,24.2,80.5,25.0,Depression,UNNAMED,2022
202259I,2022082115,24.3,80.1,25.0,Depression,UNNAMED,2022
202259I,2022082118,24.3,79.8,25.0,Depression,UNNAMED,2022
202259I,2022082121,24.3,79.5,25.0,Depression,UNNAMED,2022
202259I,2022082200,24.3,79.1,25.0,Depression,UNNAMED,2022
202259I,2022082203,24.3,78.4,25.0,Depression,UNNAMED,2022
202259I,2022082206,24.4,77.8,25.0,Depression,UNNAMED,2022
202259I,2022082209,24.4,77.5,25.0,Depression,UNNAMED,2022
202259I,2022082212,24.4,77.4,25.0,Depression,UNNAMED,2022
202259I,2022082215,24.5,77.0,23.0,Depression,UNNAMED,2022
202259I,2022082218,24.6,76.6,20.0,Depression,UNNAMED,2022
202259I,2022082221,24.7,76.3,20.0,Depression,UNNAMED,2022
202259I,2022082300,24.8,76.2,20.0,Depression,UNNAMED,2022
202270I,2022091100,19.5,84.7,25.0,Depression,UNNAMED,2022
202270I,2022091103,19.7,84.0,25.0,Depression,UNNAMED,2022
202270I,2022091106,19.8,83.3,25.0,Depression,UNNAMED,2022
202270I,2022091109,19.9,82.4,25.0,Depression,UNNAMED,2022
202270I,2022091112,19.9,81.7,25.0,Depression,UNNAMED,2022
202270I,2022091115,20.0,81.4,25.0,Depression,UNNAMED,2022
202270I,2022091118,20.1,81.2,25.0,Depression,UNNAMED,2022
202270I,2022091121,20.4,81.0,23.0,Depression,UNNAMED,2022
202270I,2022091200,20.8,80.8,20.0,Depression,UNNAMED,2022
202299I,2022102118,12.6,93.3,15.0,Depression,SITRANG,2022
202299I,2022102121,12.9,92.9,20.0,Depression,SITRANG,2022
202299I,2022102200,13.2,92.5,25.0,Depression,SITRANG,2022
202299I,2022102203,13.4,92.1,25.0,Depression,SITRANG,2022
202299I,2022102206,13.9,91.4,25.0,Depression,SITRANG,2022
202299I,2022102209,14.2,90.9,25.0,Depression,SITRANG,2022
202299I,2022102212,14.4,90.5,25.0,Depression,SITRANG,2022
202299I,2022102215,14.7,90.0,25.0,Depression,SITRANG,2022
202299I,2022102218,15.0,89.5,25.0,Depression,SITRANG,2022
202299I,2022102221,15.2,89.1,28.0,Depression,SITRANG,2022
202299I,2022102300,15.4,88.7,30.0,Depression,SITRANG,2022
202299I,2022102303,15.5,88.3,30.0,Depression,SITRANG,2022
202299I,2022102306,15.6,88.1,30.0,Depression,SITRANG,2022
202299I,2022102309,15.8,88.1,33.0,Depression,SITRANG,2022
202299I,2022102312,16.2,88.1,35.0,Cyclonic Storm,SITRANG,2022
202299I,2022102315,16.6,88.4,35.0,Cyclonic Storm,SITRANG,2022
202299I,2022102318,17.1,88.6,35.0,Cyclonic Storm,SITRANG,2022
202299I,2022102321,17.5,88.8,40.0,Cyclonic Storm,SITRANG,2022
202299I,2022102400,18.0,89.0,40.0,Cyclonic Storm,SITRANG,2022
202299I,2022102403,18.7,89.3,45.0,Cyclonic Storm,SITRANG,2022
202299I,2022102406,19.4,89.6,45.0,Cyclonic Storm,SITRANG,2022
202299I,2022102409,20.0,89.9,45.0,Cyclonic Storm,SITRANG,2022
202299I,2022102412,20.8,90.1,45.0,Cyclonic Storm,SITRANG,2022
202299I,2022102415,21.8,90.4,45.0,Cyclonic Storm,SITRANG,2022
202299I,2022102418,23.8,90.9,40.0,Cyclonic Storm,SITRANG,2022
202299I,2022102421,24.3,91.0,30.0,Depression,SITRANG,2022
202299I,2022102500,24.5,91.1,25.0,Depression,SITRANG,2022
202306I,2023013003,7.7,87.2,25.0,Depression,UNNAMED,2023
202306I,2023013006,7.9,86.6,25.0,Depression,UNNAMED,2023
202306I,2023013009,8.0,86.2,25.0,Depression,UNNAMED,2023
202306I,2023013012,8.0,86.0,25.0,Depression,UNNAMED,2023
202306I,2023013015,8.1,85.6,25.0,Depression,UNNAMED,2023
202306I,2023013018,8.1,85.3,25.0,Depression,UNNAMED,2023
202306I,2023013021,8.1,85.1,25.0,Depression,UNNAMED,2023
202306I,2023013100,8.2,84.8,25.0,Depression,UNNAMED,2023
202306I,2023013103,8.4,84.3,25.0,Depression,UNNAMED,2023
202306I,2023013106,8.6,83.9,25.0,Depression,UNNAMED,2023
202306I,2023013109,8.7,83.7,25.0,Depression,UNNAMED,2023
202306I,2023013112,8.6,83.5,25.0,Depression,UNNAMED,2023
202306I,2023013115,8.5,83.2,25.0,Depression,UNNAMED,2023
202306I,2023013118,8.3,82.9,25.0,Depression,UNNAMED,2023
202306I,2023013121,8.2,82.8,25.0,Depression,UNNAMED,2023
202306I,2023020100,8.2,82.7,25.0,Depression,UNNAMED,2023
202306I,2023020103,8.2,82.5,25.0,Depression,UNNAMED,2023
202306I,2023020106,8.2,82.5,25.0,Depression,UNNAMED,2023
202306I,2023020109,8.2,82.4,25.0,Depression,UNNAMED,2023
202306I,2023020112,8.2,82.3,25.0,Depression,UNNAMED,2023
202306I,2023020115,8.2,82.2,25.0,Depression,UNNAMED,2023
202306I,2023020118,8.1,82.1,25.0,Depression,UNNAMED,2023
202306I,2023020121,7.9,81.8,25.0,Depression,UNNAMED,2023
202306I,2023020200,7.6,81.4,25.0,Depression,UNNAMED,2023
202306I,2023020203,7.2,81.1,20.0,Depression,UNNAMED,2023
202306I,2023020206,6.8,80.8,20.0,Depression,UNNAMED,2023
202306I,2023020209,6.5,80.5,20.0,Depression,UNNAMED,2023
202306I,2023020212,6.3,80.3,20.0,Depression,UNNAMED,2023
202319I,2023050818,7.7,91.4,25.0,Depression,MOCHA,2023
202319I,2023050821,7.6,91.1,25.0,Depression,MOCHA,2023
202319I,2023050900,7.6,90.7,25.0,Depression,MOCHA,2023
202319I,2023050903,7.6,90.1,25.0,Depression,MOCHA,2023
202319I,2023050906,7.6,89.6,25.0,Depression,MOCHA,2023
202319I,2023050909,7.7,89.3,25.0,Depression,MOCHA,2023
202319I,2023050912,7.9,89.3,25.0,Depression,MOCHA,2023
202319I,2023050915,8.1,89.2,25.0,Depression,MOCHA,2023
202319I,2023050918,8.3,89.1,25.0,Depression,MOCHA,2023
202319I,2023050921,8.3,89.1,28.0,Depression,MOCHA,2023
202319I,2023051000,8.5,89.0,30.0,Depression,MOCHA,2023
202319I,2023051003,8.8,88.7,30.0,Depression,MOCHA,2023
202319I,2023051006,9.3,88.5,30.0,Depression,MOCHA,2023
202319I,2023051009,9.7,88.4,30.0,Depression,MOCHA,2023
202319I,2023051012,10.1,88.4,30.0,Depression,MOCHA,2023
202319I,2023051015,10.4,88.3,30.0,Depression,MOCHA,2023
202319I,2023051018,10.8,88.3,30.0,Depression,MOCHA,2023
202319I,2023051021,11.0,88.2,33.0,Depression,MOCHA,2023
202319I,2023051100,11.2,88.1,35.0,Cyclonic Storm,MOCHA,2023
202319I,2023051103,11.3,88.1,35.0,Cyclonic Storm,MOCHA,2023
202319I,2023051106,11.6,88.1,45.0,Cyclonic Storm,MOCHA,2023
202319I,2023051109,11.8,88.0,45.0,Cyclonic Storm,MOCHA,2023
202319I,2023051112,12.1,88.1,50.0,Severe Cyclonic Storm,MOCHA,2023
202319I,2023051115,12.4,88.1,50.0,Severe Cyclonic Storm,MOCHA,2023
202319I,2023051118,12.8,88.1,50.0,Severe Cyclonic Storm,MOCHA,2023
202319I,2023051121,13.0,88.1,60.0,Severe Cyclonic Storm,MOCHA,2023
202319I,2023051200,13.3,88.1,65.0,Very Severe Cyclonic Storm,MOCHA,2023
202319I,2023051203,13.7,88.2,65.0,Very Severe Cyclonic Storm,MOCHA,2023
202319I,2023051206,14.0,88.3,75.0,Very Severe Cyclonic Storm,MOCHA,2023
202319I,2023051209,14.3,88.4,85.0,Very Severe Cyclonic Storm,MOCHA,2023
202319I,2023051212,14.6,88.6,85.0,Very Severe Cyclonic Storm,MOCHA,2023
202319I,2023051215,14.8,88.7,90.0,Extremely Severe/Super Cyclone,MOCHA,2023
202319I,2023051218,15.0,88.9,100.0,Extremely Severe/Super Cyclone,MOCHA,2023
202319I,2023051221,15.1,89.0,100.0,Extremely Severe/Super Cyclone,MOCHA,2023
202319I,2023051300,15.4,89.1,100.0,Extremely Severe/Super Cyclone,MOCHA,2023
202319I,2023051303,15.7,89.5,100.0,Extremely Severe/Super Cyclone,MOCHA,2023
202319I,2023051306,16.0,90.0,105.0,Extremely Severe/Super Cyclone,MOCHA,2023
202319I,2023051309,16.4,90.3,105.0,Extremely Severe/Super Cyclone,MOCHA,2023
202319I,2023051312,16.9,90.8,110.0,Extremely Severe/Super Cyclone,MOCHA,2023
202319I,2023051315,17.4,91.0,110.0,Extremely Severe/Super Cyclone,MOCHA,2023
202319I,2023051318,17.9,91.2,115.0,Extremely Severe/Super Cyclone,MOCHA,2023
202319I,2023051321,18.3,91.4,115.0,Extremely Severe/Super Cyclone,MOCHA,2023
202319I,2023051400,18.7,91.7,115.0,Extremely Severe/Super Cyclone,MOCHA,2023
202319I,2023051403,19.3,92.1,110.0,Extremely Severe/Super Cyclone,MOCHA,2023
202319I,2023051406,19.9,92.6,100.0,Extremely Severe/Super Cyclone,MOCHA,2023
202319I,2023051409,20.4,92.9,90.0,Extremely Severe/Super Cyclone,MOCHA,2023
202319I,2023051412,21.1,93.3,75.0,Very Severe Cyclonic Storm,MOCHA,2023
202319I,2023051415,22.1,94.1,60.0,Severe Cyclonic Storm,MOCHA,2023
202319I,2023051418,23.3,95.2,50.0,Severe Cyclonic Storm,MOCHA,2023
202319I,2023051421,24.3,96.1,35.0,Cyclonic Storm,MOCHA,2023
202319I,2023051500,25.1,97.8,25.0,Depression,MOCHA,2023
202323I,2023060500,10.3,66.7,25.0,Depression,BIPARJOY,2023
202323I,2023060503,10.5,66.6,25.0,Depression,BIPARJOY,2023
202323I,2023060506,10.7,66.5,25.0,Depression,BIPARJOY,2023
202323I,2023060509,10.8,66.4,25.0,Depression,BIPARJOY,2023
202323I,2023060512,11.0,66.3,25.0,Depression,BIPARJOY,2023
202323I,2023060515,11.2,66.2,28.0,Depression,BIPARJOY,2023
202323I,2023060518,11.4,66.1,30.0,Depression,BIPARJOY,2023
202323I,2023060521,11.5,66.0,35.0,Cyclonic Storm,BIPARJOY,2023
202323I,2023060600,11.5,66.0,25.0,Depression,BIPARJOY,2023
202323I,2023060603,11.7,66.0,25.0,Depression,BIPARJOY,2023
202323I,2023060606,11.9,65.9,30.0,Depression,BIPARJOY,2023
202323I,2023060609,12.0,66.0,33.0,Depression,BIPARJOY,2023
202323I,2023060612,12.2,66.0,35.0,Cyclonic Storm,BIPARJOY,2023
202323I,2023060615,12.3,66.0,35.0,Cyclonic Storm,BIPARJOY,2023
202323I,2023060618,12.5,66.1,40.0,Cyclonic Storm,BIPARJOY,2023
202323I,2023060621,12.5,66.2,45.0,Cyclonic Storm,BIPARJOY,2023
202323I,2023060700,12.6,66.3,55.0,Severe Cyclonic Storm,BIPARJOY,2023
202323I,2023060703,12.8,66.3,60.0,Severe Cyclonic Storm,BIPARJOY,2023
202323I,2023060706,13.0,66.4,65.0,Very Severe Cyclonic Storm,BIPARJOY,2023
202323I,2023060709,13.2,66.3,65.0,Very Severe Cyclonic Storm,BIPARJOY,2023
202323I,2023060712,13.3,66.2,65.0,Very Severe Cyclonic Storm,BIPARJOY,2023
202323I,2023060715,13.4,66.2,65.0,Very Severe Cyclonic Storm,BIPARJOY,2023
202323I,2023060718,13.6,66.1,70.0,Very Severe Cyclonic Storm,BIPARJOY,2023
202323I,2023060721,13.6,66.0,70.0,Very Severe Cyclonic Storm,BIPARJOY,2023
202323I,2023060800,13.8,66.1,75.0,Very Severe Cyclonic Storm,BIPARJOY,2023
202323I,2023060803,13.9,66.0,75.0,Very Severe Cyclonic Storm,BIPARJOY,2023
202323I,2023060806,14.0,66.0,75.0,Very Severe Cyclonic Storm,BIPARJOY,2023
202323I,2023060809,14.2,66.0,75.0,Very Severe Cyclonic Storm,BIPARJOY,2023
202323I,2023060812,14.3,66.0,75.0,Very Severe Cyclonic Storm,BIPARJOY,2023
202323I,2023060815,14.4,66.0,75.0,Very Severe Cyclonic Storm,BIPARJOY,2023
202323I,2023060818,14.6,66.1,75.0,Very Severe Cyclonic Storm,BIPARJOY,2023
202323I,2023060821,14.6,66.1,75.0,Very Severe Cyclonic Storm,BIPARJOY,2023
202323I,2023060900,14.8,66.3,75.0,Very Severe Cyclonic Storm,BIPARJOY,2023
202323I,2023060903,14.8,66.5,70.0,Very Severe Cyclonic Storm,BIPARJOY,2023
202323I,2023060906,15.0,66.8,70.0,Very Severe Cyclonic Storm,BIPARJOY,2023
202323I,2023060909,15.3,67.0,70.0,Very Severe Cyclonic Storm,BIPARJOY,2023
202323I,2023060912,15.6,67.2,65.0,Very Severe Cyclonic Storm,BIPARJOY,2023
202323I,2023060915,15.9,67.3,65.0,Very Severe Cyclonic Storm,BIPARJOY,2023
202323I,2023060918,16.2,67.4,70.0,Very Severe Cyclonic Storm,BIPARJOY,2023
202323I,2023060921,16.3,67.4,70.0,Very Severe Cyclonic Storm,BIPARJOY,2023
202323I,2023061000,16.5,67.4,75.0,Very Severe Cyclonic Storm,BIPARJOY,2023
202323I,2023061003,16.6,67.3,75.0,Very Severe Cyclonic Storm,BIPARJOY,2023
202323I,2023061006,16.7,67.3,75.0,Very Severe Cyclonic Storm,BIPARJOY,2023
202323I,2023061009,16.9,67.4,80.0,Very Severe Cyclonic Storm,BIPARJOY,2023
202323I,2023061012,17.2,67.3,80.0,Very Severe Cyclonic Storm,BIPARJOY,2023
202323I,2023061015,17.4,67.3,80.0,Very Severe Cyclonic Storm,BIPARJOY,2023
202323I,2023061018,17.5,67.4,85.0,Very Severe Cyclonic Storm,BIPARJOY,2023
202323I,2023061021,17.6,67.4,85.0,Very Severe Cyclonic Storm,BIPARJOY,2023
202323I,2023061100,17.8,67.6,90.0,Extremely Severe/Super Cyclone,BIPARJOY,2023
202323I,2023061103,18.0,67.7,90.0,Extremely Severe/Super Cyclone,BIPARJOY,2023
202323I,2023061106,18.3,67.8,90.0,Extremely Severe/Super Cyclone,BIPARJOY,2023
202323I,2023061109,18.5,67.8,90.0,Extremely Severe/Super Cyclone,BIPARJOY,2023
202323I,2023061112,18.7,67.8,90.0,Extremely Severe/Super Cyclone,BIPARJOY,2023
202323I,2023061115,18.8,67.8,90.0,Extremely Severe/Super Cyclone,BIPARJOY,2023
202323I,2023061118,18.9,67.8,90.0,Extremely Severe/Super Cyclone,BIPARJOY,2023
202323I,2023061121,19.0,67.7,90.0,Extremely Severe/Super Cyclone,BIPARJOY,2023
202323I,2023061200,19.2,67.7,90.0,Extremely Severe/Super Cyclone,BIPARJOY,2023
202323I,2023061203,19.4,67.6,90.0,Extremely Severe/Super Cyclone,BIPARJOY,2023
202323I,2023061206,19.7,67.5,90.0,Extremely Severe/Super Cyclone,BIPARJOY,2023
202323I,2023061209,19.8,67.4,90.0,Extremely Severe/Super Cyclone,BIPARJOY,2023
202323I,2023061212,19.9,67.3,90.0,Extremely Severe/Super Cyclone,BIPARJOY,2023
202323I,2023061215,20.0,67.2,90.0,Extremely Severe/Super Cyclone,BIPARJOY,2023
202323I,2023061218,20.2,67.2,85.0,Very Severe Cyclonic Storm,BIPARJOY,2023
202323I,2023061221,20.4,67.2,85.0,Very Severe Cyclonic Storm,BIPARJOY,2023
202323I,2023061300,20.7,67.0,85.0,Very Severe Cyclonic Storm,BIPARJOY,2023
202323I,2023061303,20.9,66.9,85.0,Very Severe Cyclonic Storm,BIPARJOY,2023
202323I,2023061306,21.0,66.8,85.0,Very Severe Cyclonic Storm,BIPARJOY,2023
202323I,2023061309,21.1,66.5,85.0,Very Severe Cyclonic Storm,BIPARJOY,2023
202323I,2023061312,21.2,66.5,85.0,Very Severe Cyclonic Storm,BIPARJOY,2023
202323I,2023061315,21.3,66.4,85.0,Very Severe Cyclonic Storm,BIPARJOY,2023
202323I,2023061318,21.5,66.4,85.0,Very Severe Cyclonic Storm,BIPARJOY,2023
202323I,2023061321,21.5,66.3,85.0,Very Severe Cyclonic Storm,BIPARJOY,2023
202323I,2023061400,21.6,66.3,80.0,Very Severe Cyclonic Storm,BIPARJOY,2023
202323I,2023061403,21.6,66.3,80.0,Very Severe Cyclonic Storm,BIPARJOY,2023
202323I,2023061406,21.6,66.4,80.0,Very Severe Cyclonic Storm,BIPARJOY,2023
202323I,2023061409,21.7,66.6,80.0,Very Severe Cyclonic Storm,BIPARJOY,2023
202323I,2023061412,21.9,66.7,75.0,Very Severe Cyclonic Storm,BIPARJOY,2023
202323I,2023061415,22.1,66.8,70.0,Very Severe Cyclonic Storm,BIPARJOY,2023
202323I,2023061418,22.2,66.8,70.0,Very Severe Cyclonic Storm,BIPARJOY,2023
202323I,2023061421,22.3,66.8,70.0,Very Severe Cyclonic Storm,BIPARJOY,2023
202323I,2023061500,22.3,67.0,70.0,Very Severe Cyclonic Storm,BIPARJOY,2023
202323I,2023061503,22.5,67.1,70.0,Very Severe Cyclonic Storm,BIPARJOY,2023
202323I,2023061506,22.6,67.3,65.0,Very Severe Cyclonic Storm,BIPARJOY,2023
202323I,2023061509,22.7,67.7,65.0,Very Severe Cyclonic Storm,BIPARJOY,2023
202323I,2023061512,22.8,68.1,65.0,Very Severe Cyclonic Storm,BIPARJOY,2023
202323I,2023061515,23.1,68.4,65.0,Very Severe Cyclonic Storm,BIPARJOY,2023
202323I,2023061518,23.3,68.6,60.0,Severe Cyclonic Storm,BIPARJOY,2023
202323I,2023061521,23.4,68.8,50.0,Severe Cyclonic Storm,BIPARJOY,2023
202323I,2023061600,23.5,69.1,50.0,Severe Cyclonic Storm,BIPARJOY,2023
202323I,2023061603,23.5,69.4,45.0,Cyclonic Storm,BIPARJOY,2023
202323I,2023061606,23.7,69.7,40.0,Cyclonic Storm,BIPARJOY,2023
202323I,2023061609,23.9,70.0,40.0,Cyclonic Storm,BIPARJOY,2023
202323I,2023061612,24.2,70.4,35.0,Cyclonic Storm,BIPARJOY,2023
202323I,2023061615,24.5,70.7,35.0,Cyclonic Storm,BIPARJOY,2023
202323I,2023061618,24.6,70.9,30.0,Depression,BIPARJOY,2023
202323I,2023061621,24.7,71.0,30.0,Depression,BIPARJOY,2023
202323I,2023061700,24.8,71.2,30.0,Depression,BIPARJOY,2023
202323I,2023061703,25.0,71.5,30.0,Depression,BIPARJOY,2023
202323I,2023061706,25.3,71.9,30.0,Depression,BIPARJOY,2023
202323I,2023061709,25.5,72.2,28.0,Depression,BIPARJOY,2023
202323I,2023061712,25.6,72.5,25.0,Depression,BIPARJOY,2023
202323I,2023061715,25.7,72.7,25.0,Depression,BIPARJOY,2023
202323I,2023061718,25.8,72.8,25.0,Depression,BIPARJOY,2023
202323I,2023061721,25.9,73.0,25.0,Depression,BIPARJOY,2023
202323I,2023061800,26.0,73.3,25.0,Depression,BIPARJOY,2023
202323I,2023061803,26.2,73.8,25.0,Depression,BIPARJOY,2023
202323I,2023061806,26.3,74.0,25.0,Depression,BIPARJOY,2023
202323I,2023061809,26.3,74.3,23.0,Depression,BIPARJOY,2023
202323I,2023061812,26.3,74.7,20.0,Depression,BIPARJOY,2023
202323I,2023061815,26.3,74.9,20.0,Depression,BIPARJOY,2023
202323I,2023061818,26.3,75.2,20.0,Depression,BIPARJOY,2023
202323I,2023061821,26.3,75.6,20.0,Depression,BIPARJOY,2023
202323I,2023061900,26.3,76.0,20.0,Depression,BIPARJOY,2023
202325I,2023060812,19.5,92.1,30.0,Depression,UNNAMED,2023
202325I,2023060815,19.5,91.9,33.0,Depression,UNNAMED,2023
202325I,2023060818,19.6,91.7,35.0,Cyclonic Storm,UNNAMED,2023
202325I,2023060821,19.7,91.6,38.0,Cyclonic Storm,UNNAMED,2023
202325I,2023060900,19.8,91.5,40.0,Cyclonic Storm,UNNAMED,2023
202325I,2023060903,19.9,91.5,40.0,Cyclonic Storm,UNNAMED,2023
202325I,2023060906,19.9,91.5,40.0,Cyclonic Storm,UNNAMED,2023
202325I,2023060909,19.9,91.5,43.0,Cyclonic Storm,UNNAMED,2023
202325I,2023060912,20.0,91.5,45.0,Cyclonic Storm,UNNAMED,2023
202325I,2023060915,20.0,91.5,40.0,Cyclonic Storm,UNNAMED,2023
202325I,2023060918,20.2,91.6,35.0,Cyclonic Storm,UNNAMED,2023
202325I,2023060921,20.6,91.7,33.0,Depression,UNNAMED,2023
202325I,2023061000,21.0,91.8,30.0,Depression,UNNAMED,2023
202325I,2023061003,21.4,91.7,28.0,Depression,UNNAMED,2023
202325I,2023061006,21.8,91.4,25.0,Depression,UNNAMED,2023
202336I,2023073012,19.0,90.0,25.0,Depression,UNNAMED,2023
202336I,2023073015,18.8,90.2,28.0,Depression,UNNAMED,2023
202336I,2023073018,18.7,90.5,30.0,Depression,UNNAMED,2023
202336I,2023073021,18.6,90.8,30.0,Depression,UNNAMED,2023
202336I,2023073100,18.6,91.0,30.0,Depression,UNNAMED,2023
202336I,2023073103,18.6,91.2,30.0,Depression,UNNAMED,2023
202336I,2023073106,18.6,91.3,30.0,Depression,UNNAMED,2023
202336I,2023073109,18.7,91.6,33.0,Depression,UNNAMED,2023
202336I,2023073112,19.0,91.8,35.0,Cyclonic Storm,UNNAMED,2023
202336I,2023073115,19.5,91.9,38.0,Cyclonic Storm,UNNAMED,2023
202336I,2023073118,19.9,92.0,40.0,Cyclonic Storm,UNNAMED,2023
202336I,2023073121,19.8,92.1,40.0,Cyclonic Storm,UNNAMED,2023
202336I,2023080100,20.0,91.9,25.0,Depression,UNNAMED,2023
202336I,2023080103,20.9,91.3,30.0,Depression,UNNAMED,2023
202336I,2023080106,21.6,90.7,30.0,Depression,UNNAMED,2023
202336I,2023080109,22.0,90.2,30.0,Depression,UNNAMED,2023
202336I,2023080112,22.3,89.7,30.0,Depression,UNNAMED,2023
202336I,2023080115,22.6,89.3,30.0,Depression,UNNAMED,2023
202336I,2023080118,22.8,88.8,30.0,Depression,UNNAMED,2023
202336I,2023080121,22.9,88.1,30.0,Depression,UNNAMED,2023
202336I,2023080200,23.1,87.4,30.0,Depression,UNNAMED,2023
202336I,2023080203,23.2,86.9,30.0,Depression,UNNAMED,2023
202336I,2023080206,23.3,86.2,30.0,Depression,UNNAMED,2023
202336I,2023080209,23.3,85.6,28.0,Depression,UNNAMED,2023
202336I,2023080212,23.3,85.1,25.0,Depression,UNNAMED,2023
202336I,2023080215,23.3,84.6,25.0,Depression,UNNAMED,2023
202336I,2023080218,23.3,84.1,25.0,Depression,UNNAMED,2023
202336I,2023080221,23.3,83.7,25.0,Depression,UNNAMED,2023
202336I,2023080300,23.4,83.4,25.0,Depression,UNNAMED,2023
202336I,2023080303,23.5,83.1,25.0,Depression,UNNAMED,2023
202336I,2023080306,23.5,83.1,20.0,Depression,UNNAMED,2023
202368I,2023093003,15.9,72.8,25.0,Depression,UNNAMED,2023
202368I,2023093006,16.4,73.1,25.0,Depression,UNNAMED,2023
202368I,2023093009,16.6,73.2,25.0,Depression,UNNAMED,2023
202368I,2023093012,16.6,73.2,25.0,Depression,UNNAMED,2023
202368I,2023093015,16.7,73.3,25.0,Depression,UNNAMED,2023
202368I,2023093018,16.8,73.5,25.0,Depression,UNNAMED,2023
202368I,2023093021,16.9,73.7,25.0,Depression,UNNAMED,2023
202368I,2023100100,17.0,74.0,25.0,Depression,UNNAMED,2023
202375I,2023101906,10.7,62.6,15.0,Depression,TEJ,2023
202375I,2023101909,10.4,62.5,18.0,Depression,TEJ,2023
202375I,2023101912,10.2,62.4,20.0,Depression,TEJ,2023
202375I,2023101915,10.0,62.4,23.0,Depression,TEJ,2023
202375I,2023101918,9.9,62.3,25.0,Depression,TEJ,2023
202375I,2023101921,9.7,62.2,28.0,Depression,TEJ,2023
202375I,2023102000,9.5,62.1,30.0,Depression,TEJ,2023
202375I,2023102003,9.3,61.8,25.0,Depression,TEJ,2023
202375I,2023102006,9.3,61.6,25.0,Depression,TEJ,2023
202375I,2023102009,9.3,61.3,28.0,Depression,TEJ,2023
202375I,2023102012,9.4,61.1,30.0,Depression,TEJ,2023
202375I,2023102015,9.5,60.7,30.0,Depression,TEJ,2023
202375I,2023102018,9.6,60.3,30.0,Depression,TEJ,2023
202375I,2023102021,9.7,59.7,33.0,Depression,TEJ,2023
202375I,2023102100,9.9,59.2,35.0,Cyclonic Storm,TEJ,2023
202375I,2023102103,10.1,58.7,45.0,Cyclonic Storm,TEJ,2023
202375I,2023102106,10.3,58.3,50.0,Severe Cyclonic Storm,TEJ,2023
202375I,2023102109,10.3,57.8,50.0,Severe Cyclonic Storm,TEJ,2023
202375I,2023102112,10.7,57.4,55.0,Severe Cyclonic Storm,TEJ,2023
202375I,2023102115,11.1,57.0,65.0,Very Severe Cyclonic Storm,TEJ,2023
202375I,2023102118,11.4,56.6,75.0,Very Severe Cyclonic Storm,TEJ,2023
202375I,2023102121,11.7,56.1,80.0,Very Severe Cyclonic Storm,TEJ,2023
202375I,2023102200,12.1,55.9,85.0,Very Severe Cyclonic Storm,TEJ,2023
202375I,2023102203,12.4,55.4,95.0,Extremely Severe/Super Cyclone,TEJ,2023
202375I,2023102206,12.7,55.1,95.0,Extremely Severe/Super Cyclone,TEJ,2023
202375I,2023102209,13.0,54.7,95.0,Extremely Severe/Super Cyclone,TEJ,2023
202375I,2023102212,13.4,54.4,95.0,Extremely Severe/Super Cyclone,TEJ,2023
202375I,2023102215,13.6,54.1,95.0,Extremely Severe/Super Cyclone,TEJ,2023
202375I,2023102218,13.9,53.9,95.0,Extremely Severe/Super Cyclone,TEJ,2023
202375I,2023102221,14.1,53.5,95.0,Extremely Severe/Super Cyclone,TEJ,2023
202375I,2023102300,14.3,53.4,90.0,Extremely Severe/Super Cyclone,TEJ,2023
202375I,2023102303,14.6,53.1,85.0,Very Severe Cyclonic Storm,TEJ,2023
202375I,2023102306,14.9,52.9,80.0,Very Severe Cyclonic Storm,TEJ,2023
202375I,2023102309,15.1,52.7,80.0,Very Severe Cyclonic Storm,TEJ,2023
202375I,2023102312,15.4,52.7,75.0,Very Severe Cyclonic Storm,TEJ,2023
202375I,2023102315,15.6,52.5,70.0,Very Severe Cyclonic Storm,TEJ,2023
202375I,2023102318,15.8,52.3,70.0,Very Severe Cyclonic Storm,TEJ,2023
202375I,2023102321,15.8,52.3,65.0,Very Severe Cyclonic Storm,TEJ,2023
202375I,2023102400,15.9,52.3,60.0,Severe Cyclonic Storm,TEJ,2023
202375I,2023102403,15.8,51.9,50.0,Severe Cyclonic Storm,TEJ,2023
202375I,2023102406,15.9,51.6,40.0,Cyclonic Storm,TEJ,2023
202375I,2023102409,16.1,51.4,30.0,Depression,TEJ,2023
202375I,2023102412,16.4,51.3,25.0,Depression,TEJ,2023
202378I,2023102006,12.4,88.6,15.0,Depression,HAMOON,2023
202378I,2023102009,12.6,88.5,15.0,Depression,HAMOON,2023
202378I,2023102012,12.7,88.4,15.0,Depression,HAMOON,2023
202378I,2023102015,12.7,88.2,15.0,Depression,HAMOON,2023
202378I,2023102018,12.8,88.0,15.0,Depression,HAMOON,2023
202378I,2023102021,13.0,87.8,15.0,Depression,HAMOON,2023
202378I,2023102100,13.2,87.5,15.0,Depression,HAMOON,2023
202378I,2023102103,13.4,87.3,18.0,Depression,HAMOON,2023
202378I,2023102106,13.6,87.1,20.0,Depression,HAMOON,2023
202378I,2023102109,14.1,86.5,23.0,Depression,HAMOON,2023
202378I,2023102112,14.6,86.0,25.0,Depression,HAMOON,2023
202378I,2023102115,15.0,85.8,25.0,Depression,HAMOON,2023
202378I,2023102118,15.1,86.0,25.0,Depression,HAMOON,2023
202378I,2023102121,15.2,86.1,25.0,Depression,HAMOON,2023
202378I,2023102200,15.2,86.2,25.0,Depression,HAMOON,2023
202378I,2023102203,15.3,86.2,25.0,Depression,HAMOON,2023
202378I,2023102206,15.5,86.3,25.0,Depression,HAMOON,2023
202378I,2023102209,15.7,86.4,25.0,Depression,HAMOON,2023
202378I,2023102212,15.9,86.6,30.0,Depression,HAMOON,2023
202378I,2023102215,16.2,86.7,30.0,Depression,HAMOON,2023
202378I,2023102218,16.2,86.8,30.0,Depression,HAMOON,2023
202378I,2023102221,16.4,86.8,30.0,Depression,HAMOON,2023
202378I,2023102300,16.8,86.9,30.0,Depression,HAMOON,2023
202378I,2023102303,17.1,86.9,30.0,Depression,HAMOON,2023
202378I,2023102306,17.5,87.0,30.0,Depression,HAMOON,2023
202378I,2023102309,17.9,87.2,30.0,Depression,HAMOON,2023
202378I,2023102312,18.4,87.4,35.0,Cyclonic Storm,HAMOON,2023
202378I,2023102315,18.8,87.8,40.0,Cyclonic Storm,HAMOON,2023
202378I,2023102318,19.2,88.2,40.0,Cyclonic Storm,HAMOON,2023
202378I,2023102321,19.4,88.6,50.0,Severe Cyclonic Storm,HAMOON,2023
202378I,2023102400,19.7,89.0,55.0,Severe Cyclonic Storm,HAMOON,2023
202378I,2023102403,20.0,89.6,65.0,Very Severe Cyclonic Storm,HAMOON,2023
202378I,2023102406,20.3,90.2,65.0,Very Severe Cyclonic Storm,HAMOON,2023
202378I,2023102409,20.7,90.8,65.0,Very Severe Cyclonic Storm,HAMOON,2023
202378I,2023102412,21.0,91.2,55.0,Severe Cyclonic Storm,HAMOON,2023
202378I,2023102415,20.9,91.0,55.0,Severe Cyclonic Storm,HAMOON,2023
202378I,2023102418,20.9,90.8,50.0,Severe Cyclonic Storm,HAMOON,2023
202378I,2023102421,21.5,91.5,45.0,Cyclonic Storm,HAMOON,2023
202378I,2023102500,22.2,92.2,35.0,Cyclonic Storm,HAMOON,2023
202378I,2023102503,22.5,92.4,30.0,Depression,HAMOON,2023
202378I,2023102506,22.7,92.5,25.0,Depression,HAMOON,2023
202384I,2023111306,9.9,94.1,15.0,Depression,MIDHILI,2023
202384I,2023111309,10.4,93.9,18.0,Depression,MIDHILI,2023
202384I,2023111312,10.9,93.4,20.0,Depression,MIDHILI,2023
202384I,2023111315,11.4,92.6,20.0,Depression,MIDHILI,2023
202384I,2023111318,11.8,91.7,20.0,Depression,MIDHILI,2023
202384I,2023111321,12.1,91.1,20.0,Depression,MIDHILI,2023
202384I,2023111400,12.4,90.6,20.0,Depression,MIDHILI,2023
202384I,2023111403,12.7,90.0,20.0,Depression,MIDHILI,2023
202384I,2023111406,12.9,89.4,20.0,Depression,MIDHILI,2023
202384I,2023111409,13.2,88.6,20.0,Depression,MIDHILI,2023
202384I,2023111412,13.4,87.9,20.0,Depression,MIDHILI,2023
202384I,2023111415,13.5,87.4,20.0,Depression,MIDHILI,2023
202384I,2023111418,13.6,87.1,20.0,Depression,MIDHILI,2023
202384I,2023111421,13.6,86.7,20.0,Depression,MIDHILI,2023
202384I,2023111500,13.8,86.5,20.0,Depression,MIDHILI,2023
202384I,2023111503,14.3,86.6,25.0,Depression,MIDHILI,2023
202384I,2023111506,14.8,86.7,25.0,Depression,MIDHILI,2023
202384I,2023111509,15.1,86.7,25.0,Depression,MIDHILI,2023
202384I,2023111512,15.4,86.7,25.0,Depression,MIDHILI,2023
202384I,2023111515,15.7,86.6,25.0,Depression,MIDHILI,2023
202384I,2023111518,16.1,86.7,25.0,Depression,MIDHILI,2023
202384I,2023111521,16.6,86.8,28.0,Depression,MIDHILI,2023
202384I,2023111600,17.2,87.0,30.0,Depression,MIDHILI,2023
202384I,2023111603,17.5,87.1,30.0,Depression,MIDHILI,2023
202384I,2023111606,17.9,87.3,30.0,Depression,MIDHILI,2023
202384I,2023111609,18.3,87.5,30.0,Depression,MIDHILI,2023
202384I,2023111612,18.6,87.6,30.0,Depression,MIDHILI,2023
202384I,2023111615,18.8,87.9,30.0,Depression,MIDHILI,2023
202384I,2023111618,19.2,88.1,30.0,Depression,MIDHILI,2023
202384I,2023111621,19.6,88.3,33.0,Depression,MIDHILI,2023
202384I,2023111700,20.2,88.7,35.0,Cyclonic Storm,MIDHILI,2023
202384I,2023111703,20.8,89.2,40.0,Cyclonic Storm,MIDHILI,2023
202384I,2023111706,21.4,89.7,45.0,Cyclonic Storm,MIDHILI,2023
202384I,2023111709,22.1,90.3,50.0,Severe Cyclonic Storm,MIDHILI,2023
202384I,2023111712,23.0,91.0,40.0,Cyclonic Storm,MIDHILI,2023
202384I,2023111715,23.3,91.2,35.0,Cyclonic Storm,MIDHILI,2023
202384I,2023111718,23.4,91.4,30.0,Depression,MIDHILI,2023
202384I,2023111721,23.5,91.5,25.0,Depression,MIDHILI,2023
202384I,2023111800,23.7,91.7,20.0,Depression,MIDHILI,2023
202387I,2023113006,7.5,88.0,15.0,Depression,MICHAUNG,2023
202387I,2023113009,7.9,87.6,15.0,Depression,MICHAUNG,2023
202387I,2023113012,8.2,87.2,15.0,Depression,MICHAUNG,2023
202387I,2023113015,8.3,86.8,15.0,Depression,MICHAUNG,2023
202387I,2023113018,8.4,86.4,15.0,Depression,MICHAUNG,2023
202387I,2023113021,8.5,86.0,15.0,Depression,MICHAUNG,2023
202387I,2023120100,8.8,85.8,20.0,Depression,MICHAUNG,2023
202387I,2023120103,9.0,85.6,20.0,Depression,MICHAUNG,2023
202387I,2023120106,9.2,85.4,25.0,Depression,MICHAUNG,2023
202387I,2023120109,9.5,85.3,25.0,Depression,MICHAUNG,2023
202387I,2023120112,9.7,85.1,25.0,Depression,MICHAUNG,2023
202387I,2023120115,9.8,85.0,25.0,Depression,MICHAUNG,2023
202387I,2023120118,9.9,84.8,25.0,Depression,MICHAUNG,2023
202387I,2023120121,9.9,84.5,28.0,Depression,MICHAUNG,2023
202387I,2023120200,10.1,84.1,30.0,Depression,MICHAUNG,2023
202387I,2023120203,10.2,83.8,30.0,Depression,MICHAUNG,2023
202387I,2023120206,10.3,83.6,30.0,Depression,MICHAUNG,2023
202387I,2023120209,10.4,83.5,30.0,Depression,MICHAUNG,2023
202387I,2023120212,10.5,83.5,30.0,Depression,MICHAUNG,2023
202387I,2023120215,10.7,83.3,30.0,Depression,MICHAUNG,2023
202387I,2023120218,10.8,83.1,30.0,Depression,MICHAUNG,2023
202387I,2023120221,11.0,83.0,33.0,Depression,MICHAUNG,2023
202387I,2023120300,11.3,82.9,35.0,Cyclonic Storm,MICHAUNG,2023
202387I,2023120303,11.5,82.7,35.0,Cyclonic Storm,MICHAUNG,2023
202387I,2023120306,11.9,82.5,35.0,Cyclonic Storm,MICHAUNG,2023
202387I,2023120309,12.1,82.4,35.0,Cyclonic Storm,MICHAUNG,2023
202387I,2023120312,12.3,82.3,35.0,Cyclonic Storm,MICHAUNG,2023
202387I,2023120315,12.5,82.1,40.0,Cyclonic Storm,MICHAUNG,2023
202387I,2023120318,12.8,81.8,45.0,Cyclonic Storm,MICHAUNG,2023
202387I,2023120321,12.9,81.6,45.0,Cyclonic Storm,MICHAUNG,2023
202387I,2023120400,13.1,81.4,45.0,Cyclonic Storm,MICHAUNG,2023
202387I,2023120403,13.3,81.1,50.0,Severe Cyclonic Storm,MICHAUNG,2023
202387I,2023120406,13.5,80.9,50.0,Severe Cyclonic Storm,MICHAUNG,2023
202387I,2023120409,13.7,80.7,50.0,Severe Cyclonic Storm,MICHAUNG,2023
202387I,2023120412,14.0,80.6,55.0,Severe Cyclonic Storm,MICHAUNG,2023
202387I,2023120415,14.2,80.4,55.0,Severe Cyclonic Storm,MICHAUNG,2023
202387I,2023120418,14.4,80.3,55.0,Severe Cyclonic Storm,MICHAUNG,2023
202387I,2023120421,14.6,80.2,55.0,Severe Cyclonic Storm,MICHAUNG,2023
202387I,2023120500,14.9,80.1,50.0,Severe Cyclonic Storm,MICHAUNG,2023
202387I,2023120503,15.2,80.1,50.0,Severe Cyclonic Storm,MICHAUNG,2023
202387I,2023120506,15.6,80.2,50.0,Severe Cyclonic Storm,MICHAUNG,2023
202387I,2023120509,15.8,80.2,50.0,Severe Cyclonic Storm,MICHAUNG,2023
202387I,2023120512,16.0,80.2,40.0,Cyclonic Storm,MICHAUNG,2023
202387I,2023120515,16.4,80.3,35.0,Cyclonic Storm,MICHAUNG,2023
202387I,2023120518,16.9,80.4,30.0,Depression,MICHAUNG,2023
202387I,2023120521,17.1,80.5,25.0,Depression,MICHAUNG,2023
202387I,2023120600,17.3,80.6,20.0,Depression,MICHAUNG,2023
202387I,2023120603,17.7,80.8,28.0,Depression,MICHAUNG,2023
202387I,2023120606,18.3,81.1,25.0,Depression,MICHAUNG,2023
2024100I,2024122012,13.7,83.5,20.0,Depression,UNNAMED,2024
2024100I,2024122015,13.8,83.6,23.0,Depression,UNNAMED,2024
2024100I,2024122018,13.9,83.7,25.0,Depression,UNNAMED,2024
2024100I,2024122021,13.9,83.9,25.0,Depression,UNNAMED,2024
2024100I,2024122100,13.9,84.2,25.0,Depression,UNNAMED,2024
2024100I,2024122103,14.0,84.5,25.0,Depression,UNNAMED,2024
2024100I,2024122106,14.1,84.6,20.0,Depression,UNNAMED,2024
202423I,2024052312,13.6,86.6,15.0,Depression,REMAL,2024
202423I,2024052315,13.9,87.2,15.0,Depression,REMAL,2024
202423I,2024052318,14.3,87.7,15.0,Depression,REMAL,2024
202423I,2024052321,14.7,88.2,18.0,Depression,REMAL,2024
202423I,2024052400,15.2,88.6,25.0,Depression,REMAL,2024
202423I,2024052403,15.5,89.0,25.0,Depression,REMAL,2024
202423I,2024052406,15.9,89.3,25.0,Depression,REMAL,2024
202423I,2024052409,16.1,89.4,25.0,Depression,REMAL,2024
202423I,2024052412,16.4,89.6,25.0,Depression,REMAL,2024
202423I,2024052415,16.7,89.7,25.0,Depression,REMAL,2024
202423I,2024052418,17.0,89.9,25.0,Depression,REMAL,2024
202423I,2024052421,17.2,89.9,28.0,Depression,REMAL,2024
202423I,2024052500,17.6,90.0,30.0,Depression,REMAL,2024
202423I,2024052503,17.9,89.8,30.0,Depression,REMAL,2024
202423I,2024052506,18.2,89.6,30.0,Depression,REMAL,2024
202423I,2024052509,18.4,89.5,33.0,Depression,REMAL,2024
202423I,2024052512,18.7,89.3,35.0,Cyclonic Storm,REMAL,2024
202423I,2024052515,18.9,89.2,35.0,Cyclonic Storm,REMAL,2024
202423I,2024052518,19.2,89.2,40.0,Cyclonic Storm,REMAL,2024
202423I,2024052521,19.4,89.2,45.0,Cyclonic Storm,REMAL,2024
202423I,2024052600,19.6,89.2,50.0,Severe Cyclonic Storm,REMAL,2024
202423I,2024052603,19.9,89.1,50.0,Severe Cyclonic Storm,REMAL,2024
202423I,2024052606,20.3,89.1,50.0,Severe Cyclonic Storm,REMAL,2024
202423I,2024052609,20.6,89.1,55.0,Severe Cyclonic Storm,REMAL,2024
202423I,2024052612,21.2,89.1,60.0,Severe Cyclonic Storm,REMAL,2024
202423I,2024052614,21.5,89.0,60.0,Severe Cyclonic Storm,REMAL,2024
202423I,2024052615,21.6,89.0,60.0,Severe Cyclonic Storm,REMAL,2024
202423I,2024052618,22.0,88.9,60.0,Severe Cyclonic Storm,REMAL,2024
202423I,2024052621,22.2,88.9,55.0,Severe Cyclonic Storm,REMAL,2024
202423I,2024052700,22.6,89.0,45.0,Cyclonic Storm,REMAL,2024
202423I,2024052703,22.8,89.1,40.0,Cyclonic Storm,REMAL,2024
202423I,2024052706,23.1,89.1,35.0,Cyclonic Storm,REMAL,2024
202423I,2024052709,23.3,89.3,35.0,Cyclonic Storm,REMAL,2024
202423I,2024052712,23.6,89.6,35.0,Cyclonic Storm,REMAL,2024
202423I,2024052715,23.8,90.1,30.0,Depression,REMAL,2024
202423I,2024052718,24.1,90.5,30.0,Depression,REMAL,2024
202423I,2024052721,24.3,90.8,25.0,Depression,REMAL,2024
202423I,2024052800,24.5,91.1,20.0,Depression,REMAL,2024
202423I,2024052803,24.7,91.5,20.0,Depression,REMAL,2024
202423I,2024052806,25.1,91.8,20.0,Depression,REMAL,2024
202432I,2024071903,19.1,86.2,25.0,Depression,UNNAMED,2024
202432I,2024071906,19.2,86.0,25.0,Depression,UNNAMED,2024
202432I,2024071909,19.3,85.8,25.0,Depression,UNNAMED,2024
202432I,2024071912,19.4,85.7,25.0,Depression,UNNAMED,2024
202432I,2024071915,19.5,85.6,25.0,Depression,UNNAMED,2024
202432I,2024071918,19.5,85.6,25.0,Depression,UNNAMED,2024
202432I,2024071921,19.6,85.5,25.0,Depression,UNNAMED,2024
202432I,2024072000,19.6,85.5,25.0,Depression,UNNAMED,2024
202432I,2024072003,19.6,85.5,25.0,Depression,UNNAMED,2024
202432I,2024072006,19.7,85.4,25.0,Depression,UNNAMED,2024
202437I,2024080212,24.2,85.2,20.0,Depression,UNNAMED,2024
202437I,2024080215,24.2,85.0,20.0,Depression,UNNAMED,2024
202437I,2024080218,24.2,84.9,20.0,Depression,UNNAMED,2024
202437I,2024080221,24.2,84.8,23.0,Depression,UNNAMED,2024
202437I,2024080300,24.3,84.6,25.0,Depression,UNNAMED,2024
202437I,2024080303,24.4,84.4,30.0,Depression,UNNAMED,2024
202437I,2024080306,24.5,84.2,30.0,Depression,UNNAMED,2024
202437I,2024080309,24.7,83.7,30.0,Depression,UNNAMED,2024
202437I,2024080312,24.8,83.0,30.0,Depression,UNNAMED,2024
202437I,2024080315,24.8,82.2,30.0,Depression,UNNAMED,2024
202437I,2024080318,24.8,81.5,30.0,Depression,UNNAMED,2024
202437I,2024080321,24.8,81.2,30.0,Depression,UNNAMED,2024
202437I,2024080400,24.9,81.0,30.0,Depression,UNNAMED,2024
202437I,2024080403,25.0,80.7,30.0,Depression,UNNAMED,2024
202437I,2024080406,25.3,79.6,30.0,Depression,UNNAMED,2024
202437I,2024080409,25.6,78.9,30.0,Depression,UNNAMED,2024
202437I,2024080412,25.8,78.4,30.0,Depression,UNNAMED,2024
202437I,2024080415,25.9,78.0,30.0,Depression,UNNAMED,2024
202437I,2024080418,26.0,77.6,30.0,Depression,UNNAMED,2024
202437I,2024080421,26.1,76.9,28.0,Depression,UNNAMED,2024
202437I,2024080500,26.3,76.2,25.0,Depression,UNNAMED,2024
202437I,2024080503,26.5,75.6,25.0,Depression,UNNAMED,2024
202437I,2024080506,26.8,75.2,25.0,Depression,UNNAMED,2024
202437I,2024080509,27.2,74.4,23.0,Depression,UNNAMED,2024
202437I,2024080512,27.6,73.5,20.0,Depression,UNNAMED,2024
202437I,2024080515,28.2,72.7,20.0,Depression,UNNAMED,2024
202437I,2024080518,28.8,72.0,20.0,Depression,UNNAMED,2024
202450I,2024082500,24.5,77.3,20.0,Depression,ASNA,2024
202450I,2024082503,24.6,76.9,20.0,Depression,ASNA,2024
202450I,2024082506,24.6,76.5,20.0,Depression,ASNA,2024
202450I,2024082509,24.5,76.1,23.0,Depression,ASNA,2024
202450I,2024082512,24.4,75.6,25.0,Depression,ASNA,2024
202450I,2024082515,24.3,75.1,28.0,Depression,ASNA,2024
202450I,2024082518,24.3,74.7,30.0,Depression,ASNA,2024
202450I,2024082521,24.3,74.4,30.0,Depression,ASNA,2024
202450I,2024082600,24.2,74.2,30.0,Depression,ASNA,2024
202450I,2024082603,24.1,74.0,30.0,Depression,ASNA,2024
202450I,2024082606,23.8,73.6,30.0,Depression,ASNA,2024
202450I,2024082609,23.7,73.3,30.0,Depression,ASNA,2024
202450I,2024082612,23.8,73.0,30.0,Depression,ASNA,2024
202450I,2024082615,23.8,72.7,30.0,Depression,ASNA,2024
202450I,2024082618,23.8,72.4,30.0,Depression,ASNA,2024
202450I,2024082621,23.8,72.3,30.0,Depression,ASNA,2024
202450I,2024082700,23.8,72.2,30.0,Depression,ASNA,2024
202450I,2024082703,23.8,72.0,30.0,Depression,ASNA,2024
202450I,2024082706,23.7,71.7,30.0,Depression,ASNA,2024
202450I,2024082709,23.7,71.3,30.0,Depression,ASNA,2024
202450I,2024082712,23.8,70.9,30.0,Depression,ASNA,2024
202450I,2024082715,23.9,70.6,30.0,Depression,ASNA,2024
202450I,2024082718,24.0,70.4,30.0,Depression,ASNA,2024
202450I,2024082721,24.0,70.1,30.0,Depression,ASNA,2024
202450I,2024082800,24.0,70.0,30.0,Depression,ASNA,2024
202450I,2024082803,24.0,69.8,30.0,Depression,ASNA,2024
202450I,2024082806,23.9,69.8,30.0,Depression,ASNA,2024
202450I,2024082809,23.8,69.8,30.0,Depression,ASNA,2024
202450I,2024082812,23.8,69.8,30.0,Depression,ASNA,2024
202450I,2024082815,23.8,69.8,30.0,Depression,ASNA,2024
202450I,2024082818,23.8,69.7,30.0,Depression,ASNA,2024
202450I,2024082821,23.8,69.6,30.0,Depression,ASNA,2024
202450I,2024082900,23.8,69.5,30.0,Depression,ASNA,2024
202450I,2024082903,23.7,69.4,30.0,Depression,ASNA,2024
202450I,2024082906,23.7,69.5,30.0,Depression,ASNA,2024
202450I,2024082909,23.6,69.4,30.0,Depression,ASNA,2024
202450I,2024082912,23.6,69.3,30.0,Depression,ASNA,2024
202450I,2024082915,23.5,69.2,30.0,Depression,ASNA,2024
202450I,2024082918,23.5,69.0,30.0,Depression,ASNA,2024
202450I,2024082921,23.4,68.7,30.0,Depression,ASNA,2024
202450I,2024083000,23.3,68.5,30.0,Depression,ASNA,2024
202450I,2024083003,23.3,68.2,30.0,Depression,ASNA,2024
202450I,2024083006,23.4,68.0,35.0,Cyclonic Storm,ASNA,2024
202450I,2024083009,23.4,67.5,35.0,Cyclonic Storm,ASNA,2024
202450I,2024083012,23.4,67.1,35.0,Cyclonic Storm,ASNA,2024
202450I,2024083015,23.5,66.9,35.0,Cyclonic Storm,ASNA,2024
202450I,2024083018,23.6,66.4,35.0,Cyclonic Storm,ASNA,2024
202450I,2024083021,23.5,66.1,35.0,Cyclonic Storm,ASNA,2024
202450I,2024083100,23.5,65.7,40.0,Cyclonic Storm,ASNA,2024
202450I,2024083103,23.5,65.2,40.0,Cyclonic Storm,ASNA,2024
202450I,2024083106,23.5,64.9,40.0,Cyclonic Storm,ASNA,2024
202450I,2024083109,23.4,64.4,40.0,Cyclonic Storm,ASNA,2024
202450I,2024083112,23.5,64.2,40.0,Cyclonic Storm,ASNA,2024
202450I,2024083115,23.4,63.7,40.0,Cyclonic Storm,ASNA,2024
202450I,2024083118,23.4,63.5,40.0,Cyclonic Storm,ASNA,2024
202450I,2024083121,23.3,63.0,40.0,Cyclonic Storm,ASNA,2024
202450I,2024090100,23.1,62.6,40.0,Cyclonic Storm,ASNA,2024
202450I,2024090103,22.9,62.3,35.0,Cyclonic Storm,ASNA,2024
202450I,2024090106,22.7,62.1,35.0,Cyclonic Storm,ASNA,2024
202450I,2024090109,22.5,61.9,35.0,Cyclonic Storm,ASNA,2024
202450I,2024090112,22.2,61.8,30.0,Depression,ASNA,2024
202450I,2024090115,21.9,61.7,30.0,Depression,ASNA,2024
202450I,2024090118,21.7,61.6,30.0,Depression,ASNA,2024
202450I,2024090121,21.4,61.5,25.0,Depression,ASNA,2024
202450I,2024090200,21.2,61.4,20.0,Depression,ASNA,2024
202450I,2024090203,20.9,61.2,20.0,Depression,ASNA,2024
202450I,2024090206,20.6,61.1,25.0,Depression,ASNA,2024
202450I,2024090209,20.4,61.0,25.0,Depression,ASNA,2024
202450I,2024090212,20.2,61.0,25.0,Depression,ASNA,2024
202450I,2024090215,19.9,60.9,23.0,Depression,ASNA,2024
202450I,2024090218,19.7,60.9,20.0,Depression,ASNA,2024
202450I,2024090221,19.7,60.9,18.0,Depression,ASNA,2024
202450I,2024090300,19.8,60.8,15.0,Depression,ASNA,2024
202450I,2024090303,19.9,60.7,15.0,Depression,ASNA,2024
202450I,2024090306,19.9,60.7,15.0,Depression,ASNA,2024
202452I,2024083100,17.5,84.6,25.0,Depression,UNNAMED,2024
202452I,2024083103,17.7,84.5,25.0,Depression,UNNAMED,2024
202452I,2024083106,17.9,84.3,25.0,Depression,UNNAMED,2024
202452I,2024083109,18.0,84.1,25.0,Depression,UNNAMED,2024
202452I,2024083112,18.1,84.0,25.0,Depression,UNNAMED,2024
202452I,2024083115,18.1,83.9,25.0,Depression,UNNAMED,2024
202452I,2024083118,18.2,83.8,25.0,Depression,UNNAMED,2024
202452I,2024083121,18.3,83.5,25.0,Depression,UNNAMED,2024
202452I,2024090100,18.5,83.0,25.0,Depression,UNNAMED,2024
202452I,2024090103,18.7,82.4,25.0,Depression,UNNAMED,2024
202452I,2024090106,18.7,82.1,20.0,Depression,UNNAMED,2024
202452I,2024090109,18.8,81.7,20.0,Depression,UNNAMED,2024
202452I,2024090112,19.0,81.2,20.0,Depression,UNNAMED,2024
202452I,2024090115,19.2,80.8,20.0,Depression,UNNAMED,2024
202452I,2024090118,19.3,80.4,20.0,Depression,UNNAMED,2024
202452I,2024090121,19.5,80.2,20.0,Depression,UNNAMED,2024
202452I,2024090200,19.6,80.0,20.0,Depression,UNNAMED,2024
202452I,2024090203,19.7,79.7,20.0,Depression,UNNAMED,2024
202452I,2024090206,19.8,79.5,20.0,Depression,UNNAMED,2024
202455I,2024090800,17.9,87.0,25.0,Depression,UNNAMED,2024
202455I,2024090803,18.2,86.8,25.0,Depression,UNNAMED,2024
202455I,2024090806,18.4,86.7,25.0,Depression,UNNAMED,2024
202455I,2024090809,18.5,86.5,25.0,Depression,UNNAMED,2024
202455I,2024090812,18.6,86.4,25.0,Depression,UNNAMED,2024
202455I,2024090815,18.7,86.3,28.0,Depression,UNNAMED,2024
202455I,2024090818,18.9,86.3,30.0,Depression,UNNAMED,2024
202455I,2024090821,19.1,86.2,30.0,Depression,UNNAMED,2024
202455I,2024090900,19.3,86.2,30.0,Depression,UNNAMED,2024
202455I,2024090903,19.6,86.2,30.0,Depression,UNNAMED,2024
202455I,2024090906,20.0,86.0,30.0,Depression,UNNAMED,2024
202455I,2024090909,20.4,85.6,30.0,Depression,UNNAMED,2024
202455I,2024090912,20.8,85.1,30.0,Depression,UNNAMED,2024
202455I,2024090915,21.1,84.8,28.0,Depression,UNNAMED,2024
202455I,2024090918,21.3,84.4,25.0,Depression,UNNAMED,2024
202455I,2024090921,21.5,83.9,25.0,Depression,UNNAMED,2024
202455I,2024091000,21.7,83.3,25.0,Depression,UNNAMED,2024
202455I,2024091003,21.8,82.8,25.0,Depression,UNNAMED,2024
202455I,2024091006,21.9,82.1,25.0,Depression,UNNAMED,2024
202458I,2024091103,24.0,80.0,20.0,Depression,UNNAMED,2024
202458I,2024091106,24.2,79.9,20.0,Depression,UNNAMED,2024
202458I,2024091109,24.5,79.8,23.0,Depression,UNNAMED,2024
202458I,2024091112,25.0,79.6,25.0,Depression,UNNAMED,2024
202458I,2024091115,25.6,78.9,25.0,Depression,UNNAMED,2024
202458I,2024091118,26.2,78.2,25.0,Depression,UNNAMED,2024
202458I,2024091121,26.5,78.1,25.0,Depression,UNNAMED,2024
202458I,2024091200,26.7,78.3,25.0,Depression,UNNAMED,2024
202458I,2024091203,27.0,78.5,25.0,Depression,UNNAMED,2024
202458I,2024091206,27.3,78.7,25.0,Depression,UNNAMED,2024
202458I,2024091209,27.4,78.9,23.0,Depression,UNNAMED,2024
202458I,2024091212,27.5,79.1,20.0,Depression,UNNAMED,2024
202458I,2024091215,27.6,79.3,20.0,Depression,UNNAMED,2024
202458I,2024091218,27.7,79.5,20.0,Depression,UNNAMED,2024
202458I,2024091221,27.9,79.5,20.0,Depression,UNNAMED,2024
202458I,2024091300,28.2,79.3,20.0,Depression,UNNAMED,2024
202461I,2024091312,22.0,90.8,20.0,Depression,UNNAMED,2024
202461I,2024091315,22.2,90.6,23.0,Depression,UNNAMED,2024
202461I,2024091318,22.3,90.4,25.0,Depression,UNNAMED,2024
202461I,2024091321,22.4,90.1,28.0,Depression,UNNAMED,2024
202461I,2024091400,22.5,89.6,30.0,Depression,UNNAMED,2024
202461I,2024091403,22.7,88.8,30.0,Depression,UNNAMED,2024
202461I,2024091406,22.4,88.3,30.0,Depression,UNNAMED,2024
202461I,2024091409,22.3,88.3,30.0,Depression,UNNAMED,2024
202461I,2024091412,22.4,88.5,30.0,Depression,UNNAMED,2024
202461I,2024091415,22.5,88.6,30.0,Depression,UNNAMED,2024
202461I,2024091418,22.6,88.5,30.0,Depression,UNNAMED,2024
202461I,2024091421,22.6,88.3,30.0,Depression,UNNAMED,2024
202461I,2024091500,22.6,88.0,30.0,Depression,UNNAMED,2024
202461I,2024091503,22.6,87.8,30.0,Depression,UNNAMED,2024
202461I,2024091506,22.7,87.6,30.0,Depression,UNNAMED,2024
202461I,2024091509,22.8,87.5,30.0,Depression,UNNAMED,2024
202461I,2024091512,22.8,87.4,30.0,Depression,UNNAMED,2024
202461I,2024091515,22.8,87.3,30.0,Depression,UNNAMED,2024
202461I,2024091518,22.9,87.2,30.0,Depression,UNNAMED,2024
202461I,2024091521,22.9,87.1,30.0,Depression,UNNAMED,2024
202461I,2024091600,23.0,87.0,30.0,Depression,UNNAMED,2024
202461I,2024091603,23.1,86.7,30.0,Depression,UNNAMED,2024
202461I,2024091606,23.2,86.4,30.0,Depression,UNNAMED,2024
202461I,2024091609,23.3,85.8,30.0,Depression,UNNAMED,2024
202461I,2024091612,23.3,85.2,30.0,Depression,UNNAMED,2024
202461I,2024091615,23.3,84.8,30.0,Depression,UNNAMED,2024
202461I,2024091618,23.4,84.6,30.0,Depression,UNNAMED,2024
202461I,2024091621,23.5,84.4,28.0,Depression,UNNAMED,2024
202461I,2024091700,23.6,84.2,25.0,Depression,UNNAMED,2024
202461I,2024091703,23.7,83.7,25.0,Depression,UNNAMED,2024
202461I,2024091706,23.7,82.7,20.0,Depression,UNNAMED,2024
202461I,2024091709,23.8,81.9,20.0,Depression,UNNAMED,2024
202461I,2024091712,24.0,81.3,20.0,Depression,UNNAMED,2024
202461I,2024091715,24.1,80.8,20.0,Depression,UNNAMED,2024
202461I,2024091718,24.2,80.3,20.0,Depression,UNNAMED,2024
202479I,2024101312,15.6,65.0,20.0,Depression,UNNAMED,2024
202479I,2024101315,15.6,64.8,20.0,Depression,UNNAMED,2024
202479I,2024101318,15.7,64.7,20.0,Depression,UNNAMED,2024
202479I,2024101321,15.8,64.6,20.0,Depression,UNNAMED,2024
202479I,2024101400,15.8,64.5,20.0,Depression,UNNAMED,2024
202479I,2024101403,15.8,64.3,25.0,Depression,UNNAMED,2024
202479I,2024101406,16.0,64.0,25.0,Depression,UNNAMED,2024
202479I,2024101409,16.1,63.0,25.0,Depression,UNNAMED,2024
202479I,2024101412,16.1,62.0,25.0,Depression,UNNAMED,2024
202479I,2024101415,16.1,61.6,25.0,Depression,UNNAMED,2024
202479I,2024101418,16.1,61.5,25.0,Depression,UNNAMED,2024
202479I,2024101421,16.0,61.3,23.0,Depression,UNNAMED,2024
202479I,2024101500,16.1,61.0,20.0,Depression,UNNAMED,2024
202479I,2024101503,16.8,60.5,20.0,Depression,UNNAMED,2024
202479I,2024101506,17.5,59.8,20.0,Depression,UNNAMED,2024
202479I,2024101509,18.0,59.2,20.0,Depression,UNNAMED,2024
202479I,2024101512,18.3,58.8,20.0,Depression,UNNAMED,2024
202480I,2024101512,11.4,84.4,20.0,Depression,UNNAMED,2024
202480I,2024101515,11.6,84.2,20.0,Depression,UNNAMED,2024
202480I,2024101518,11.8,84.0,20.0,Depression,UNNAMED,2024
202480I,2024101521,11.9,83.7,20.0,Depression,UNNAMED,2024
202480I,2024101600,12.1,83.4,20.0,Depression,UNNAMED,2024
202480I,2024101603,12.3,83.0,25.0,Depression,UNNAMED,2024
202480I,2024101606,12.5,82.7,25.0,Depression,UNNAMED,2024
202480I,2024101609,12.7,82.3,25.0,Depression,UNNAMED,2024
202480I,2024101612,12.9,81.9,25.0,Depression,UNNAMED,2024
202480I,2024101615,13.1,81.4,25.0,Depression,UNNAMED,2024
202480I,2024101618,13.4,80.8,25.0,Depression,UNNAMED,2024
202484I,2024102106,15.3,92.1,20.0,Depression,DANA,2024
202484I,2024102109,15.2,92.1,20.0,Depression,DANA,2024
202484I,2024102112,15.2,92.1,20.0,Depression,DANA,2024
202484I,2024102115,15.2,92.1,20.0,Depression,DANA,2024
202484I,2024102118,15.2,92.0,20.0,Depression,DANA,2024
202484I,2024102121,15.1,92.0,20.0,Depression,DANA,2024
202484I,2024102200,15.2,91.9,20.0,Depression,DANA,2024
202484I,2024102203,15.2,91.8,20.0,Depression,DANA,2024
202484I,2024102206,15.3,91.6,25.0,Depression,DANA,2024
202484I,2024102209,15.3,91.5,28.0,Depression,DANA,2024
202484I,2024102212,15.4,91.4,30.0,Depression,DANA,2024
202484I,2024102215,15.5,91.1,30.0,Depression,DANA,2024
202484I,2024102218,15.6,90.7,30.0,Depression,DANA,2024
202484I,2024102221,15.8,90.3,33.0,Depression,DANA,2024
202484I,2024102300,16.1,89.9,35.0,Cyclonic Storm,DANA,2024
202484I,2024102303,16.4,89.6,35.0,Cyclonic Storm,DANA,2024
202484I,2024102306,16.7,89.3,40.0,Cyclonic Storm,DANA,2024
202484I,2024102309,16.9,89.1,45.0,Cyclonic Storm,DANA,2024
202484I,2024102312,17.3,89.0,45.0,Cyclonic Storm,DANA,2024
202484I,2024102315,17.6,88.8,45.0,Cyclonic Storm,DANA,2024
202484I,2024102318,18.0,88.7,50.0,Severe Cyclonic Storm,DANA,2024
202484I,2024102321,18.3,88.4,50.0,Severe Cyclonic Storm,DANA,2024
202484I,2024102400,18.7,88.2,55.0,Severe Cyclonic Storm,DANA,2024
202484I,2024102403,19.0,88.0,55.0,Severe Cyclonic Storm,DANA,2024
202484I,2024102406,19.3,87.8,55.0,Severe Cyclonic Storm,DANA,2024
202484I,2024102409,19.5,87.6,60.0,Severe Cyclonic Storm,DANA,2024
202484I,2024102412,19.8,87.5,60.0,Severe Cyclonic Storm,DANA,2024
202484I,2024102415,20.1,87.3,60.0,Severe Cyclonic Storm,DANA,2024
202484I,2024102418,20.5,87.1,55.0,Severe Cyclonic Storm,DANA,2024
202484I,2024102421,20.7,87.0,55.0,Severe Cyclonic Storm,DANA,2024
202484I,2024102500,20.9,86.9,50.0,Severe Cyclonic Storm,DANA,2024
202484I,2024102503,21.1,86.8,45.0,Cyclonic Storm,DANA,2024
202484I,2024102506,21.2,86.7,35.0,Cyclonic Storm,DANA,2024
202484I,2024102509,21.3,86.6,30.0,Depression,DANA,2024
202484I,2024102512,21.3,86.5,30.0,Depression,DANA,2024
202484I,2024102515,21.3,86.4,28.0,Depression,DANA,2024
202484I,2024102518,21.3,86.4,25.0,Depression,DANA,2024
202484I,2024102521,21.2,86.5,25.0,Depression,DANA,2024
202484I,2024102600,21.2,86.4,20.0,Depression,DANA,2024
202498I,2024112318,3.6,88.9,25.0,Depression,FENGAL,2024
202498I,2024112321,3.7,88.3,23.0,Depression,FENGAL,2024
202498I,2024112400,3.7,87.8,20.0,Depression,FENGAL,2024
202498I,2024112403,3.7,87.3,20.0,Depression,FENGAL,2024
202498I,2024112406,3.8,86.8,20.0,Depression,FENGAL,2024
202498I,2024112409,3.9,86.2,20.0,Depression,FENGAL,2024
202498I,2024112412,4.0,85.6,20.0,Depression,FENGAL,2024
202498I,2024112415,4.1,85.1,23.0,Depression,FENGAL,2024
202498I,2024112418,4.2,84.7,25.0,Depression,FENGAL,2024
202498I,2024112421,4.3,84.3,28.0,Depression,FENGAL,2024
202498I,2024112500,4.3,83.9,30.0,Depression,FENGAL,2024
202498I,2024112503,4.4,83.9,20.0,Depression,FENGAL,2024
202498I,2024112506,4.6,83.6,20.0,Depression,FENGAL,2024
202498I,2024112509,4.9,83.4,23.0,Depression,FENGAL,2024
202498I,2024112512,5.2,83.3,25.0,Depression,FENGAL,2024
202498I,2024112515,5.4,83.1,25.0,Depression,FENGAL,2024
202498I,2024112518,5.6,83.1,25.0,Depression,FENGAL,2024
202498I,2024112521,5.8,83.1,25.0,Depression,FENGAL,2024
202498I,2024112600,6.1,83.1,25.0,Depression,FENGAL,2024
202498I,2024112603,6.4,82.9,30.0,Depression,FENGAL,2024
202498I,2024112606,6.8,82.9,30.0,Depression,FENGAL,2024
202498I,2024112609,7.1,82.8,30.0,Depression,FENGAL,2024
202498I,2024112612,7.3,82.8,30.0,Depression,FENGAL,2024
202498I,2024112615,7.5,82.7,30.0,Depression,FENGAL,2024
202498I,2024112618,7.8,82.6,30.0,Depression,FENGAL,2024
202498I,2024112621,8.1,82.5,30.0,Depression,FENGAL,2024
202498I,2024112700,8.3,82.4,30.0,Depression,FENGAL,2024
202498I,2024112703,8.5,82.3,30.0,Depression,FENGAL,2024
202498I,2024112706,8.7,82.3,30.0,Depression,FENGAL,2024
202498I,2024112709,8.8,82.2,30.0,Depression,FENGAL,2024
202498I,2024112712,8.8,82.3,30.0,Depression,FENGAL,2024
202498I,2024112715,8.9,82.5,30.0,Depression,FENGAL,2024
202498I,2024112718,9.0,82.7,30.0,Depression,FENGAL,2024
202498I,2024112721,9.1,82.7,30.0,Depression,FENGAL,2024
202498I,2024112800,9.2,82.8,30.0,Depression,FENGAL,2024
202498I,2024112803,9.2,83.0,30.0,Depression,FENGAL,2024
202498I,2024112806,9.3,83.2,30.0,Depression,FENGAL,2024
202498I,2024112809,9.4,83.3,30.0,Depression,FENGAL,2024
202498I,2024112812,9.6,83.4,30.0,Depression,FENGAL,2024
202498I,2024112815,9.9,83.5,30.0,Depression,FENGAL,2024
202498I,2024112818,10.2,83.5,30.0,Depression,FENGAL,2024
202498I,2024112821,10.5,83.2,30.0,Depression,FENGAL,2024
202498I,2024112900,10.7,82.9,30.0,Depression,FENGAL,2024
202498I,2024112903,10.9,82.7,30.0,Depression,FENGAL,2024
202498I,2024112906,11.2,82.6,30.0,Depression,FENGAL,2024
202498I,2024112909,11.4,82.3,35.0,Cyclonic Storm,FENGAL,2024
202498I,2024112912,11.7,82.1,35.0,Cyclonic Storm,FENGAL,2024
202498I,2024112915,11.9,81.8,35.0,Cyclonic Storm,FENGAL,2024
202498I,2024112918,12.1,81.8,35.0,Cyclonic Storm,FENGAL,2024
202498I,2024112921,12.2,81.6,40.0,Cyclonic Storm,FENGAL,2024
202498I,2024113000,12.4,81.3,45.0,Cyclonic Storm,FENGAL,2024
202498I,2024113003,12.4,81.0,45.0,Cyclonic Storm,FENGAL,2024
202498I,2024113006,12.3,80.9,45.0,Cyclonic Storm,FENGAL,2024
202498I,2024113009,12.3,80.7,45.0,Cyclonic Storm,FENGAL,2024
202498I,2024113012,12.3,80.5,40.0,Cyclonic Storm,FENGAL,2024
202498I,2024113015,12.2,80.3,40.0,Cyclonic Storm,FENGAL,2024
202498I,2024113018,12.1,80.1,40.0,Cyclonic Storm,FENGAL,2024
202498I,2024113021,12.1,80.0,35.0,Cyclonic Storm,FENGAL,2024
202498I,2024120100,12.1,79.9,35.0,Cyclonic Storm,FENGAL,2024
202498I,2024120103,12.0,79.8,35.0,Cyclonic Storm,FENGAL,2024
202498I,2024120106,12.1,79.8,30.0,Depression,FENGAL,2024
202498I,2024120109,12.1,79.7,28.0,Depression,FENGAL,2024
202498I,2024120112,12.1,79.5,25.0,Depression,FENGAL,2024
202498I,2024120115,12.1,79.4,25.0,Depression,FENGAL,2024
202498I,2024120118,12.2,79.3,25.0,Depression,FENGAL,2024
202498I,2024120121,12.1,79.2,23.0,Depression,FENGAL,2024
202498I,2024120200,12.1,79.1,20.0,Depression,FENGAL,2024
202498I,2024120203,12.1,78.9,20.0,Depression,FENGAL,2024
202498I,2024120206,12.2,78.6,20.0,Depression,FENGAL,2024
202498I,2024120209,12.3,78.3,20.0,Depression,FENGAL,2024
202498I,2024120212,12.5,77.9,20.0,Depression,FENGAL,2024
202498I,2024120215,12.7,77.5,18.0,Depression,FENGAL,2024
202498I,2024120218,12.9,76.9,15.0,Depression,FENGAL,2024
202498I,2024120221,13.0,76.3,15.0,Depression,FENGAL,2024
202498I,2024120300,13.1,75.5,15.0,Depression,FENGAL,2024
202498I,2024120303,13.2,74.6,18.0,Depression,FENGAL,2024
202498I,2024120306,13.3,73.7,20.0,Depression,FENGAL,2024
202498I,2024120309,13.5,72.7,20.0,Depression,FENGAL,2024
202498I,2024120312,13.5,71.8,20.0,Depression,FENGAL,2024
202498I,2024120315,13.2,71.4,20.0,Depression,FENGAL,2024
202498I,2024120318,12.8,71.2,20.0,Depression,FENGAL,2024
202498I,2024120321,12.5,71.0,20.0,Depression,FENGAL,2024
202498I,2024120400,12.3,70.9,20.0,Depression,FENGAL,2024
202498I,2024120403,12.2,70.7,20.0,Depression,FENGAL,2024
202498I,2024120406,12.0,70.4,20.0,Depression,FENGAL,2024
202498I,2024120409,11.7,70.1,18.0,Depression,FENGAL,2024
202498I,2024120412,11.2,69.9,15.0,Depression,FENGAL,2024
2025105I,2025102200,8.6,67.6,20.0,Depression,UNNAMED,2025
2025105I,2025102203,8.9,67.4,20.0,Depression,UNNAMED,2025
2025105I,2025102206,9.0,67.0,20.0,Depression,UNNAMED,2025
2025105I,2025102209,9.1,67.1,20.0,Depression,UNNAMED,2025
2025105I,2025102212,9.3,67.4,20.0,Depression,UNNAMED,2025
2025105I,2025102215,9.4,67.5,20.0,Depression,UNNAMED,2025
2025105I,2025102218,9.5,67.6,20.0,Depression,UNNAMED,2025
2025105I,2025102221,9.5,67.6,20.0,Depression,UNNAMED,2025
2025105I,2025102300,9.6,67.7,20.0,Depression,UNNAMED,2025
2025105I,2025102303,9.8,67.8,20.0,Depression,UNNAMED,2025
2025105I,2025102306,10.1,68.0,20.0,Depression,UNNAMED,2025
2025105I,2025102309,10.5,68.7,20.0,Depression,UNNAMED,2025
2025105I,2025102312,11.0,69.4,20.0,Depression,UNNAMED,2025
2025105I,2025102315,11.5,69.8,20.0,Depression,UNNAMED,2025
2025105I,2025102318,12.0,70.0,20.0,Depression,UNNAMED,2025
2025105I,2025102321,12.6,70.3,20.0,Depression,UNNAMED,2025
2025105I,2025102400,13.3,70.5,20.0,Depression,UNNAMED,2025
2025105I,2025102403,14.0,70.6,20.0,Depression,UNNAMED,2025
2025105I,2025102406,14.4,70.7,20.0,Depression,UNNAMED,2025
2025105I,2025102409,14.8,70.7,20.0,Depression,UNNAMED,2025
2025105I,2025102412,15.2,70.7,20.0,Depression,UNNAMED,2025
2025105I,2025102415,15.7,70.7,20.0,Depression,UNNAMED,2025
2025105I,2025102418,16.1,70.7,20.0,Depression,UNNAMED,2025
2025105I,2025102421,16.3,70.5,20.0,Depression,UNNAMED,2025
2025105I,2025102500,16.4,70.4,20.0,Depression,UNNAMED,2025
2025105I,2025102503,16.5,70.4,20.0,Depression,UNNAMED,2025
2025105I,2025102506,16.6,69.2,20.0,Depression,UNNAMED,2025
2025105I,2025102509,16.6,68.4,20.0,Depression,UNNAMED,2025
2025105I,2025102512,16.6,68.0,20.0,Depression,UNNAMED,2025
2025105I,2025102515,16.6,67.5,20.0,Depression,UNNAMED,2025
2025105I,2025102518,16.6,67.2,20.0,Depression,UNNAMED,2025
2025105I,2025102521,16.6,67.0,20.0,Depression,UNNAMED,2025
2025105I,2025102600,16.5,66.8,20.0,Depression,UNNAMED,2025
2025105I,2025102603,16.0,66.5,20.0,Depression,UNNAMED,2025
2025105I,2025102606,15.5,66.4,20.0,Depression,UNNAMED,2025
2025105I,2025102609,15.2,66.4,20.0,Depression,UNNAMED,2025
2025105I,2025102612,15.1,66.4,20.0,Depression,UNNAMED,2025
2025105I,2025102615,15.0,66.4,20.0,Depression,UNNAMED,2025
2025105I,2025102618,15.1,66.5,20.0,Depression,UNNAMED,2025
2025105I,2025102621,15.6,66.6,23.0,Depression,UNNAMED,2025
2025105I,2025102700,16.1,66.8,25.0,Depression,UNNAMED,2025
2025105I,2025102703,16.4,66.9,25.0,Depression,UNNAMED,2025
2025105I,2025102706,16.6,67.2,25.0,Depression,UNNAMED,2025
2025105I,2025102709,16.7,67.3,25.0,Depression,UNNAMED,2025
2025105I,2025102712,16.7,67.3,25.0,Depression,UNNAMED,2025
2025105I,2025102715,16.7,67.3,25.0,Depression,UNNAMED,2025
2025105I,2025102718,16.7,67.3,25.0,Depression,UNNAMED,2025
2025105I,2025102721,16.8,67.6,25.0,Depression,UNNAMED,2025
2025105I,2025102800,17.0,67.8,25.0,Depression,UNNAMED,2025
2025105I,2025102803,17.1,67.8,25.0,Depression,UNNAMED,2025
2025105I,2025102806,17.2,68.0,25.0,Depression,UNNAMED,2025
2025105I,2025102809,17.3,68.2,25.0,Depression,UNNAMED,2025
2025105I,2025102812,17.4,68.5,25.0,Depression,UNNAMED,2025
2025105I,2025102815,17.6,68.8,25.0,Depression,UNNAMED,2025
2025105I,2025102818,17.7,69.0,25.0,Depression,UNNAMED,2025
2025105I,2025102821,17.8,69.1,25.0,Depression,UNNAMED,2025
2025105I,2025102900,17.9,69.2,25.0,Depression,UNNAMED,2025
2025105I,2025102903,17.9,69.2,25.0,Depression,UNNAMED,2025
2025105I,2025102906,18.0,69.1,25.0,Depression,UNNAMED,2025
2025105I,2025102909,18.0,69.0,25.0,Depression,UNNAMED,2025
2025105I,2025102912,17.9,69.0,25.0,Depression,UNNAMED,2025
2025105I,2025102915,17.9,68.9,25.0,Depression,UNNAMED,2025
2025105I,2025102918,17.9,68.8,25.0,Depression,UNNAMED,2025
2025105I,2025102921,17.9,68.5,25.0,Depression,UNNAMED,2025
2025105I,2025103000,17.9,68.2,25.0,Depression,UNNAMED,2025
2025105I,2025103003,17.9,68.2,25.0,Depression,UNNAMED,2025
2025105I,2025103006,17.9,68.2,25.0,Depression,UNNAMED,2025
2025105I,2025103009,18.0,68.2,25.0,Depression,UNNAMED,2025
2025105I,2025103012,18.1,68.2,25.0,Depression,UNNAMED,2025
2025105I,2025103015,18.2,68.2,25.0,Depression,UNNAMED,2025
2025105I,2025103018,18.3,68.2,25.0,Depression,UNNAMED,2025
2025105I,2025103021,18.4,68.3,25.0,Depression,UNNAMED,2025
2025105I,2025103100,18.6,68.4,25.0,Depression,UNNAMED,2025
2025105I,2025103103,18.9,68.5,25.0,Depression,UNNAMED,2025
2025105I,2025103106,18.9,68.5,25.0,Depression,UNNAMED,2025
2025105I,2025103109,19.0,68.7,25.0,Depression,UNNAMED,2025
2025105I,2025103112,19.2,69.0,25.0,Depression,UNNAMED,2025
2025105I,2025103115,19.3,69.3,23.0,Depression,UNNAMED,2025
2025105I,2025103118,19.4,69.6,20.0,Depression,UNNAMED,2025
2025107I,2025102500,10.8,89.0,20.0,Depression,MONTHA,2025
2025107I,2025102503,10.8,88.8,25.0,Depression,MONTHA,2025
2025107I,2025102506,10.8,88.6,25.0,Depression,MONTHA,2025
2025107I,2025102509,10.8,88.4,25.0,Depression,MONTHA,2025
2025107I,2025102512,10.9,88.1,25.0,Depression,MONTHA,2025
2025107I,2025102515,10.9,87.9,25.0,Depression,MONTHA,2025
2025107I,2025102518,11.0,87.7,25.0,Depression,MONTHA,2025
2025107I,2025102521,11.0,87.5,28.0,Depression,MONTHA,2025
2025107I,2025102600,11.1,87.3,30.0,Depression,MONTHA,2025
2025107I,2025102603,11.2,87.1,30.0,Depression,MONTHA,2025
2025107I,2025102606,11.3,86.9,30.0,Depression,MONTHA,2025
2025107I,2025102609,11.4,86.8,30.0,Depression,MONTHA,2025
2025107I,2025102612,11.4,86.4,30.0,Depression,MONTHA,2025
2025107I,2025102615,11.3,86.0,33.0,Depression,MONTHA,2025
2025107I,2025102618,11.4,85.6,35.0,Cyclonic Storm,MONTHA,2025
2025107I,2025102621,11.9,85.4,35.0,Cyclonic Storm,MONTHA,2025
2025107I,2025102700,12.4,85.3,35.0,Cyclonic Storm,MONTHA,2025
2025107I,2025102703,12.6,84.8,40.0,Cyclonic Storm,MONTHA,2025
2025107I,2025102706,12.7,84.4,40.0,Cyclonic Storm,MONTHA,2025
2025107I,2025102709,13.0,84.1,40.0,Cyclonic Storm,MONTHA,2025
2025107I,2025102712,13.3,84.0,45.0,Cyclonic Storm,MONTHA,2025
2025107I,2025102715,13.7,83.8,45.0,Cyclonic Storm,MONTHA,2025
2025107I,2025102718,14.1,83.5,45.0,Cyclonic Storm,MONTHA,2025
2025107I,2025102721,14.4,83.3,45.0,Cyclonic Storm,MONTHA,2025
2025107I,2025102800,14.6,83.1,50.0,Severe Cyclonic Storm,MONTHA,2025
2025107I,2025102803,14.8,82.9,50.0,Severe Cyclonic Storm,MONTHA,2025
2025107I,2025102806,15.2,82.6,50.0,Severe Cyclonic Storm,MONTHA,2025
2025107I,2025102809,15.6,82.4,50.0,Severe Cyclonic Storm,MONTHA,2025
2025107I,2025102812,15.9,82.1,50.0,Severe Cyclonic Storm,MONTHA,2025
2025107I,2025102815,16.0,81.8,50.0,Severe Cyclonic Storm,MONTHA,2025
2025107I,2025102818,16.1,81.5,50.0,Severe Cyclonic Storm,MONTHA,2025
2025107I,2025102821,16.4,81.4,40.0,Cyclonic Storm,MONTHA,2025
2025107I,2025102900,17.0,81.3,35.0,Cyclonic Storm,MONTHA,2025
2025107I,2025102903,17.3,81.2,30.0,Depression,MONTHA,2025
2025107I,2025102906,17.7,81.1,30.0,Depression,MONTHA,2025
2025107I,2025102909,18.2,81.0,28.0,Depression,MONTHA,2025
2025107I,2025102912,18.7,80.9,25.0,Depression,MONTHA,2025
2025107I,2025102915,19.2,80.8,23.0,Depression,MONTHA,2025
2025107I,2025102918,19.6,80.7,20.0,Depression,MONTHA,2025
2025112I,2025112503,5.4,99.7,20.0,Depression,SENYAR,2025
2025112I,2025112506,5.3,99.5,20.0,Depression,SENYAR,2025
2025112I,2025112509,5.2,99.3,23.0,Depression,SENYAR,2025
2025112I,2025112512,5.0,99.0,25.0,Depression,SENYAR,2025
2025112I,2025112515,4.9,98.7,28.0,Depression,SENYAR,2025
2025112I,2025112518,4.9,98.4,30.0,Depression,SENYAR,2025
2025112I,2025112521,4.9,98.1,35.0,Cyclonic Storm,SENYAR,2025
2025112I,2025112600,4.8,98.0,40.0,Cyclonic Storm,SENYAR,2025
2025112I,2025112603,4.5,97.9,40.0,Cyclonic Storm,SENYAR,2025
2025112I,2025112606,4.3,98.0,40.0,Cyclonic Storm,SENYAR,2025
2025112I,2025112609,4.1,98.1,40.0,Cyclonic Storm,SENYAR,2025
2025112I,2025112612,4.0,98.4,35.0,Cyclonic Storm,SENYAR,2025
2025112I,2025112615,3.8,98.9,35.0,Cyclonic Storm,SENYAR,2025
2025112I,2025112618,3.7,99.4,35.0,Cyclonic Storm,SENYAR,2025
2025112I,2025112621,3.7,99.7,35.0,Cyclonic Storm,SENYAR,2025
2025112I,2025112700,3.6,100.0,30.0,Depression,SENYAR,2025
2025113I,2025112618,5.9,82.6,25.0,Depression,DITWAH,2025
2025113I,2025112621,6.0,82.6,28.0,Depression,DITWAH,2025
2025113I,2025112700,6.4,81.9,30.0,Depression,DITWAH,2025
2025113I,2025112703,6.7,81.9,30.0,Depression,DITWAH,2025
2025113I,2025112706,7.0,82.0,35.0,Cyclonic Storm,DITWAH,2025
2025113I,2025112709,7.3,81.9,35.0,Cyclonic Storm,DITWAH,2025
2025113I,2025112712,7.6,81.7,35.0,Cyclonic Storm,DITWAH,2025
2025113I,2025112715,7.8,81.5,35.0,Cyclonic Storm,DITWAH,2025
2025113I,2025112718,7.9,81.3,35.0,Cyclonic Storm,DITWAH,2025
2025113I,2025112721,8.0,81.2,35.0,Cyclonic Storm,DITWAH,2025
2025113I,2025112800,8.1,81.1,35.0,Cyclonic Storm,DITWAH,2025
2025113I,2025112803,8.2,81.0,35.0,Cyclonic Storm,DITWAH,2025
2025113I,2025112806,8.3,81.0,35.0,Cyclonic Storm,DITWAH,2025
2025113I,2025112809,8.5,81.0,35.0,Cyclonic Storm,DITWAH,2025
2025113I,2025112812,8.6,80.9,35.0,Cyclonic Storm,DITWAH,2025
2025113I,2025112815,8.8,80.8,35.0,Cyclonic Storm,DITWAH,2025
2025113I,2025112818,9.0,80.8,35.0,Cyclonic Storm,DITWAH,2025
2025113I,2025112821,9.2,80.8,35.0,Cyclonic Storm,DITWAH,2025
2025113I,2025112900,9.4,80.8,35.0,Cyclonic Storm,DITWAH,2025
2025113I,2025112903,9.6,80.8,40.0,Cyclonic Storm,DITWAH,2025
2025113I,2025112906,9.9,80.8,40.0,Cyclonic Storm,DITWAH,2025
2025113I,2025112909,10.1,80.7,40.0,Cyclonic Storm,DITWAH,2025
2025113I,2025112912,10.3,80.7,40.0,Cyclonic Storm,DITWAH,2025
2025113I,2025112915,10.4,80.7,40.0,Cyclonic Storm,DITWAH,2025
2025113I,2025112918,10.6,80.7,40.0,Cyclonic Storm,DITWAH,2025
2025113I,2025112921,10.8,80.7,40.0,Cyclonic Storm,DITWAH,2025
2025113I,2025113000,11.0,80.7,40.0,Cyclonic Storm,DITWAH,2025
2025113I,2025113003,11.2,80.7,40.0,Cyclonic Storm,DITWAH,2025
2025113I,2025113006,11.4,80.7,35.0,Cyclonic Storm,DITWAH,2025
2025113I,2025113009,11.6,80.7,35.0,Cyclonic Storm,DITWAH,2025
2025113I,2025113012,11.7,80.8,30.0,Depression,DITWAH,2025
2025113I,2025113015,11.9,81.0,30.0,Depression,DITWAH,2025
2025113I,2025113018,12.0,81.2,30.0,Depression,DITWAH,2025
2025113I,2025113021,12.3,81.2,30.0,Depression,DITWAH,2025
2025113I,2025120100,12.6,81.2,30.0,Depression,DITWAH,2025
2025113I,2025120103,12.7,81.0,30.0,Depression,DITWAH,2025
2025113I,2025120106,12.9,80.9,30.0,Depression,DITWAH,2025
2025113I,2025120109,13.0,80.9,30.0,Depression,DITWAH,2025
2025113I,2025120112,12.9,80.9,30.0,Depression,DITWAH,2025
2025113I,2025120115,12.8,80.8,30.0,Depression,DITWAH,2025
2025113I,2025120118,12.7,80.7,30.0,Depression,DITWAH,2025
2025113I,2025120121,12.7,80.6,28.0,Depression,DITWAH,2025
2025113I,2025120200,12.6,80.6,25.0,Depression,DITWAH,2025
2025113I,2025120203,12.5,80.7,25.0,Depression,DITWAH,2025
2025113I,2025120206,12.4,80.7,25.0,Depression,DITWAH,2025
2025113I,2025120209,12.3,80.6,25.0,Depression,DITWAH,2025
2025113I,2025120212,12.3,80.4,25.0,Depression,DITWAH,2025
2025113I,2025120215,12.2,80.3,23.0,Depression,DITWAH,2025
2025113I,2025120218,12.1,80.2,20.0,Depression,DITWAH,2025
202528I,2025052400,17.0,73.0,25.0,Depression,UNNAMED,2025
202528I,2025052403,17.0,73.2,25.0,Depression,UNNAMED,2025
202528I,2025052406,17.0,73.3,25.0,Depression,UNNAMED,2025
202528I,2025052409,17.1,73.7,25.0,Depression,UNNAMED,2025
202528I,2025052412,17.2,74.3,25.0,Depression,UNNAMED,2025
202528I,2025052415,17.3,74.8,25.0,Depression,UNNAMED,2025
202528I,2025052418,17.4,75.3,25.0,Depression,UNNAMED,2025
202530I,2025052900,20.8,88.3,25.0,Depression,UNNAMED,2025
202530I,2025052903,21.3,88.3,30.0,Depression,UNNAMED,2025
202530I,2025052906,22.0,88.4,30.0,Depression,UNNAMED,2025
202530I,2025052909,22.2,88.5,30.0,Depression,UNNAMED,2025
202530I,2025052912,22.2,88.6,30.0,Depression,UNNAMED,2025
202530I,2025052915,22.5,88.9,30.0,Depression,UNNAMED,2025
202530I,2025052918,23.0,89.2,30.0,Depression,UNNAMED,2025
202530I,2025052921,23.6,89.3,28.0,Depression,UNNAMED,2025
202530I,2025053000,24.1,89.4,25.0,Depression,UNNAMED,2025
202530I,2025053003,24.3,89.6,20.0,Depression,UNNAMED,2025
202530I,2025053006,25.1,90.2,20.0,Depression,UNNAMED,2025
202546I,2025071406,23.0,88.8,20.0,Depression,UNNAMED,2025
202546I,2025071409,23.2,88.6,20.0,Depression,UNNAMED,2025
202546I,2025071412,23.3,88.4,20.0,Depression,UNNAMED,2025
202546I,2025071415,23.4,88.3,20.0,Depression,UNNAMED,2025
202546I,2025071418,23.5,88.0,20.0,Depression,UNNAMED,2025
202546I,2025071421,23.7,87.4,20.0,Depression,UNNAMED,2025
202546I,2025071500,24.0,86.7,20.0,Depression,UNNAMED,2025
202547I,2025071503,27.4,75.4,20.0,Depression,UNNAMED,2025
202547I,2025071506,27.7,75.0,20.0,Depression,UNNAMED,2025
202547I,2025071509,28.4,74.3,20.0,Depression,UNNAMED,2025
202547I,2025071512,29.0,73.7,20.0,Depression,UNNAMED,2025
202547I,2025071515,29.2,73.5,20.0,Depression,UNNAMED,2025
202547I,2025071518,29.2,73.5,20.0,Depression,UNNAMED,2025
202550I,2025071700,25.2,81.8,25.0,Depression,UNNAMED,2025
202550I,2025071703,25.2,81.5,25.0,Depression,UNNAMED,2025
202550I,2025071706,25.3,81.2,25.0,Depression,UNNAMED,2025
202550I,2025071709,25.4,80.8,25.0,Depression,UNNAMED,2025
202550I,2025071712,25.6,80.3,25.0,Depression,UNNAMED,2025
202550I,2025071715,25.7,80.0,25.0,Depression,UNNAMED,2025
202550I,2025071718,25.8,79.8,25.0,Depression,UNNAMED,2025
202550I,2025071721,26.1,79.4,25.0,Depression,UNNAMED,2025
202550I,2025071800,26.3,79.0,25.0,Depression,UNNAMED,2025
202550I,2025071803,26.4,78.5,25.0,Depression,UNNAMED,2025
202550I,2025071806,26.4,78.0,25.0,Depression,UNNAMED,2025
202550I,2025071809,26.7,77.6,25.0,Depression,UNNAMED,2025
202550I,2025071812,27.0,77.2,25.0,Depression,UNNAMED,2025
202550I,2025071815,27.1,76.9,25.0,Depression,UNNAMED,2025
202550I,2025071818,27.2,76.5,25.0,Depression,UNNAMED,2025
202550I,2025071821,27.3,75.8,25.0,Depression,UNNAMED,2025
202550I,2025071900,27.4,75.1,25.0,Depression,UNNAMED,2025
202550I,2025071903,27.5,74.6,20.0,Depression,UNNAMED,2025
202550I,2025071906,27.5,74.2,20.0,Depression,UNNAMED,2025
202550I,2025071909,27.5,73.9,20.0,Depression,UNNAMED,2025
202550I,2025071912,27.5,73.7,20.0,Depression,UNNAMED,2025
202550I,2025071915,27.5,73.4,20.0,Depression,UNNAMED,2025
202550I,2025071918,27.5,73.0,20.0,Depression,UNNAMED,2025
202555I,2025072500,21.4,89.5,25.0,Depression,UNNAMED,2025
202555I,2025072503,21.7,88.8,25.0,Depression,UNNAMED,2025
202555I,2025072506,22.0,88.4,25.0,Depression,UNNAMED,2025
202555I,2025072509,22.3,87.9,25.0,Depression,UNNAMED,2025
202555I,2025072512,22.6,87.4,25.0,Depression,UNNAMED,2025
202555I,2025072515,22.8,87.0,25.0,Depression,UNNAMED,2025
202555I,2025072518,23.0,86.6,25.0,Depression,UNNAMED,2025
202555I,2025072521,23.2,85.9,25.0,Depression,UNNAMED,2025
202555I,2025072600,23.3,85.0,25.0,Depression,UNNAMED,2025
202555I,2025072603,23.3,84.0,20.0,Depression,UNNAMED,2025
202555I,2025072606,23.3,82.3,20.0,Depression,UNNAMED,2025
202555I,2025072609,23.3,81.7,20.0,Depression,UNNAMED,2025
202555I,2025072612,23.3,81.7,20.0,Depression,UNNAMED,2025
202555I,2025072615,23.3,81.5,20.0,Depression,UNNAMED,2025
202555I,2025072618,23.3,81.0,20.0,Depression,UNNAMED,2025
202570I,2025081812,18.9,85.0,20.0,Depression,UNNAMED,2025
202570I,2025081815,19.0,84.9,20.0,Depression,UNNAMED,2025
202570I,2025081818,19.0,84.9,20.0,Depression,UNNAMED,2025
202570I,2025081821,19.1,85.0,20.0,Depression,UNNAMED,2025
202570I,2025081900,19.3,84.8,20.0,Depression,UNNAMED,2025
202570I,2025081903,19.8,84.0,20.0,Depression,UNNAMED,2025
202570I,2025081906,20.0,83.3,20.0,Depression,UNNAMED,2025
202579I,2025090618,25.0,72.5,25.0,Depression,UNNAMED,2025
202579I,2025090621,24.6,72.4,25.0,Depression,UNNAMED,2025
202579I,2025090700,24.3,72.2,25.0,Depression,UNNAMED,2025
202579I,2025090703,24.2,71.8,25.0,Depression,UNNAMED,2025
202579I,2025090706,24.3,71.4,30.0,Depression,UNNAMED,2025
202579I,2025090709,24.4,71.2,30.0,Depression,UNNAMED,2025
202579I,2025090712,24.5,71.2,30.0,Depression,UNNAMED,2025
202579I,2025090715,24.5,71.1,30.0,Depression,UNNAMED,2025
202579I,2025090718,24.6,71.0,30.0,Depression,UNNAMED,2025
202579I,2025090721,24.7,70.9,30.0,Depression,UNNAMED,2025
202579I,2025090800,24.8,70.7,30.0,Depression,UNNAMED,2025
202579I,2025090803,25.0,70.5,30.0,Depression,UNNAMED,2025
202579I,2025090806,25.3,70.2,30.0,Depression,UNNAMED,2025
202579I,2025090809,25.6,69.8,30.0,Depression,UNNAMED,2025
202579I,2025090812,25.8,69.5,30.0,Depression,UNNAMED,2025
202579I,2025090815,25.9,69.2,28.0,Depression,UNNAMED,2025
202579I,2025090818,25.9,69.0,25.0,Depression,UNNAMED,2025
202579I,2025090821,25.9,68.9,25.0,Depression,UNNAMED,2025
202579I,2025090900,25.8,68.7,25.0,Depression,UNNAMED,2025
202579I,2025090903,25.4,68.4,25.0,Depression,UNNAMED,2025
202579I,2025090906,25.2,68.2,25.0,Depression,UNNAMED,2025
202579I,2025090909,25.1,68.0,25.0,Depression,UNNAMED,2025
202579I,2025090912,25.0,67.7,25.0,Depression,UNNAMED,2025
202579I,2025090915,24.9,67.4,25.0,Depression,UNNAMED,2025
202579I,2025090918,24.9,67.1,25.0,Depression,UNNAMED,2025
202579I,2025090921,24.8,66.7,25.0,Depression,UNNAMED,2025
202579I,2025091000,24.8,66.3,25.0,Depression,UNNAMED,2025
202579I,2025091003,24.8,65.8,25.0,Depression,UNNAMED,2025
202579I,2025091006,24.8,65.3,25.0,Depression,UNNAMED,2025
202579I,2025091009,24.8,64.8,25.0,Depression,UNNAMED,2025
202579I,2025091012,24.8,64.4,25.0,Depression,UNNAMED,2025
202579I,2025091015,24.8,64.0,23.0,Depression,UNNAMED,2025
202579I,2025091018,24.8,63.5,20.0,Depression,UNNAMED,2025
202589I,2025092612,19.3,86.1,25.0,Depression,UNNAMED,2025
202589I,2025092615,19.3,85.8,25.0,Depression,UNNAMED,2025
202589I,2025092618,19.3,85.5,25.0,Depression,UNNAMED,2025
202589I,2025092621,19.3,85.2,25.0,Depression,UNNAMED,2025
202589I,2025092700,19.3,84.8,25.0,Depression,UNNAMED,2025
202589I,2025092703,19.3,84.2,25.0,Depression,UNNAMED,2025
202589I,2025092706,19.3,83.4,25.0,Depression,UNNAMED,2025
202589I,2025092709,19.4,82.5,23.0,Depression,UNNAMED,2025
202589I,2025092712,19.7,81.5,20.0,Depression,UNNAMED,2025
202589I,2025092715,20.0,80.5,20.0,Depression,UNNAMED,2025
202589I,2025092718,20.3,79.5,20.0,Depression,UNNAMED,2025
202589I,2025092721,20.4,78.3,20.0,Depression,UNNAMED,2025
202589I,2025092800,20.3,77.0,20.0,Depression,UNNAMED,2025
202593I,2025100106,15.9,86.5,25.0,Depression,UNNAMED,2025
202593I,2025100109,16.3,86.4,25.0,Depression,UNNAMED,2025
202593I,2025100112,16.6,86.3,25.0,Depression,UNNAMED,2025
202593I,2025100115,16.7,86.1,28.0,Depression,UNNAMED,2025
202593I,2025100118,16.8,85.8,30.0,Depression,UNNAMED,2025
202593I,2025100121,17.0,85.6,30.0,Depression,UNNAMED,2025
202593I,2025100200,17.4,85.4,30.0,Depression,UNNAMED,2025
202593I,2025100203,17.9,85.2,30.0,Depression,UNNAMED,2025
202593I,2025100206,18.6,85.1,30.0,Depression,UNNAMED,2025
202593I,2025100209,19.1,84.9,30.0,Depression,UNNAMED,2025
202593I,2025100212,19.4,84.8,30.0,Depression,UNNAMED,2025
202593I,2025100215,19.6,84.6,30.0,Depression,UNNAMED,2025
202593I,2025100218,19.8,84.4,30.0,Depression,UNNAMED,2025
202593I,2025100221,19.9,84.3,28.0,Depression,UNNAMED,2025
202593I,2025100300,20.2,84.1,25.0,Depression,UNNAMED,2025
202593I,2025100303,20.7,83.7,25.0,Depression,UNNAMED,2025
202593I,2025100306,21.2,83.6,25.0,Depression,UNNAMED,2025
202594I,2025100112,22.0,68.3,25.0,Depression,SHAKHTI,2025
202594I,2025100115,21.8,68.3,25.0,Depression,SHAKHTI,2025
202594I,2025100118,21.5,68.2,25.0,Depression,SHAKHTI,2025
202594I,2025100121,21.2,68.1,25.0,Depression,SHAKHTI,2025
202594I,2025100200,21.0,68.0,25.0,Depression,SHAKHTI,2025
202594I,2025100203,20.8,67.9,25.0,Depression,SHAKHTI,2025
202594I,2025100206,20.8,67.9,25.0,Depression,SHAKHTI,2025
202594I,2025100209,20.8,67.9,25.0,Depression,SHAKHTI,2025
202594I,2025100212,20.8,67.9,25.0,Depression,SHAKHTI,2025
202594I,2025100215,20.8,67.8,28.0,Depression,SHAKHTI,2025
202594I,2025100218,20.8,67.7,30.0,Depression,SHAKHTI,2025
202594I,2025100221,21.0,67.5,30.0,Depression,SHAKHTI,2025
202594I,2025100300,21.4,67.2,30.0,Depression,SHAKHTI,2025
202594I,2025100303,21.6,67.0,30.0,Depression,SHAKHTI,2025
202594I,2025100306,21.8,66.8,35.0,Cyclonic Storm,SHAKHTI,2025
202594I,2025100309,21.9,66.6,35.0,Cyclonic Storm,SHAKHTI,2025
202594I,2025100312,22.0,66.4,40.0,Cyclonic Storm,SHAKHTI,2025
202594I,2025100315,22.1,66.2,40.0,Cyclonic Storm,SHAKHTI,2025
202594I,2025100318,22.1,65.8,45.0,Cyclonic Storm,SHAKHTI,2025
202594I,2025100321,22.1,65.4,45.0,Cyclonic Storm,SHAKHTI,2025
202594I,2025100400,22.1,64.8,50.0,Severe Cyclonic Storm,SHAKHTI,2025
202594I,2025100403,22.1,64.4,55.0,Severe Cyclonic Storm,SHAKHTI,2025
202594I,2025100406,21.9,64.1,55.0,Severe Cyclonic Storm,SHAKHTI,2025
202594I,2025100409,21.7,63.8,55.0,Severe Cyclonic Storm,SHAKHTI,2025
202594I,2025100412,21.4,63.5,55.0,Severe Cyclonic Storm,SHAKHTI,2025
202594I,2025100415,21.3,63.0,55.0,Severe Cyclonic Storm,SHAKHTI,2025
202594I,2025100418,21.2,62.6,55.0,Severe Cyclonic Storm,SHAKHTI,2025
202594I,2025100421,21.1,62.0,55.0,Severe Cyclonic Storm,SHAKHTI,2025
202594I,2025100500,21.0,61.5,60.0,Severe Cyclonic Storm,SHAKHTI,2025
202594I,2025100503,20.8,61.3,60.0,Severe Cyclonic Storm,SHAKHTI,2025
202594I,2025100506,20.6,61.3,60.0,Severe Cyclonic Storm,SHAKHTI,2025
202594I,2025100509,20.3,61.0,60.0,Severe Cyclonic Storm,SHAKHTI,2025
202594I,2025100512,20.1,60.6,55.0,Severe Cyclonic Storm,SHAKHTI,2025
202594I,2025100515,19.8,60.4,55.0,Severe Cyclonic Storm,SHAKHTI,2025
202594I,2025100518,19.7,60.4,50.0,Severe Cyclonic Storm,SHAKHTI,2025
202594I,2025100521,19.7,60.5,50.0,Severe Cyclonic Storm,SHAKHTI,2025
202594I,2025100600,19.8,60.6,45.0,Cyclonic Storm,SHAKHTI,2025
202594I,2025100603,19.8,60.5,45.0,Cyclonic Storm,SHAKHTI,2025
202594I,2025100606,19.8,60.4,40.0,Cyclonic Storm,SHAKHTI,2025
202594I,2025100609,19.7,60.3,40.0,Cyclonic Storm,SHAKHTI,2025
202594I,2025100612,19.6,60.2,35.0,Cyclonic Storm,SHAKHTI,2025
202594I,2025100615,19.6,60.1,35.0,Cyclonic Storm,SHAKHTI,2025
202594I,2025100618,19.5,60.1,30.0,Depression,SHAKHTI,2025
202594I,2025100621,19.4,60.2,30.0,Depression,SHAKHTI,2025
202594I,2025100700,19.2,60.3,30.0,Depression,SHAKHTI,2025
202594I,2025100703,19.0,60.5,25.0,Depression,SHAKHTI,2025
202594I,2025100706,18.9,60.7,20.0,Depression,SHAKHTI,2025
202673I,2026092218,17.6,84.8,35.0,Cyclonic Storm,UNNAMED,2026
202673I,2026092221,17.6,84.9,37.0,Cyclonic Storm,UNNAMED,2026
202673I,2026092300,17.6,84.9,39.0,Cyclonic Storm,UNNAMED,2026
202673I,2026092303,17.7,84.8,42.0,Cyclonic Storm,UNNAMED,2026
202673I,2026092306,17.8,84.6,45.0,Cyclonic Storm,UNNAMED,2026
202673I,2026092309,17.8,84.3,45.0,Cyclonic Storm,UNNAMED,2026
202673I,2026092312,17.8,84.0,45.0,Cyclonic Storm,UNNAMED,2026
202673I,2026092315,17.8,83.8,42.0,Cyclonic Storm,UNNAMED,2026
202673I,2026092318,17.8,83.7,39.0,Cyclonic Storm,UNNAMED,2026
202673I,2026092321,17.9,83.7,37.0,Cyclonic Storm,UNNAMED,2026
202673I,2026092400,18.1,83.7,35.0,Cyclonic Storm,UNNAMED,2026
